sensor_id,timestamp,humidity_percent,temperature_c,rainfall_mm
SEN047,2026-08-28 05:30:00,46.0,20.0,43.8
SEN034,,55.0,29.61111111111111,1.88
SEN020,,,18.9,19.9
SEN035,,49.0,22.11111111111111,23.114
SEN048,,81.0,,43.9
SEN035,2026-03-17 05:30:00,47.0,,28.9
SEN013,,43.0,23.88888888888889,32.4
SEN040,,92.0,33.611111111111114,
SEN027,,36.0,22.1,-48.1
SEN034,,51.0,,
SEN031,,38.0,16.6,32.4
SEN045,,41.0,39.0,42.1
SEN011,,32.0,29.9,16.2
SEN004,,35.0,19.388888888888893,42.3
SEN020,,,22.88888888888889,16.0
SEN026,,80.0,39.111111111111114,13.7
SEN020,,39.0,19.777777777777775,-42.0
SEN047,,53.0,29.8,45.0
SEN035,,52.0,,-7.3
UNKNOWN,,75.0,29.1,34.3
SEN032,,38.0,31.3,6.2
SEN046,,86.0,30.0,1.6
SEN021,,80.0,,-15.9
SEN042,,63.0,36.611111111111114,5.842
SEN042,,89.0,15.722222222222221,
SEN043,,44.0,37.8,
SEN042,,38.0,33.4,0.78
SEN013,,56.0,28.3,12.4
SEN021,,78.0,,32.5
SEN049,,80.0,33.6,7.2
SEN006,,82.0,21.7,7.2
SEN041,,33.0,28.22222222222222,-26.3
SEN035,,48.0,,28.4
SEN050,,40.0,20.500000000000004,21.5
SEN002,,73.0,35.111111111111114,-40.2
SEN007,,62.0,23.1,1.84
SEN005,,80.0,33.0,40.132
SEN029,,94.0,28.000000000000004,17.018
SEN022,,60.0,21.38888888888889,14.477999999999998
SEN015,,87.0,25.777777777777782,14.9
SEN012,,94.0,15.5,1.28
SEN029,,69.0,21.888888888888893,
SEN043,,76.0,33.6,27.4
SEN023,,50.0,18.4,43.18
SEN038,,92.0,23.7,45.5
SEN010,,80.0,22.5,11.4
UNKNOWN,,,30.9,1.01
SEN003,,47.0,26.611111111111114,29.4
SEN046,,36.0,29.3,-15.0
SEN016,,89.0,26.7,5.2
SEN034,,59.0,39.9,27.432
SEN002,,57.0,22.7,48.767999999999994
SEN017,,77.0,19.6,-2.7
UNKNOWN,,52.0,23.388888888888886,10.6
UNKNOWN,,59.0,23.1,25.145999999999997
SEN043,,44.0,38.72222222222222,1.778
SEN035,,32.0,38.6,3.7
SEN047,,84.0,21.5,19.2
SEN004,,85.0,,4.3
SEN041,,37.0,,43.18
SEN020,,94.0,,33.019999999999996
SEN030,,72.0,19.8,-19.7
SEN023,,58.0,35.8,28.0
SEN009,,81.0,24.8,0.8
SEN044,,82.0,17.27777777777778,16.4
SEN041,,91.0,29.38888888888889,1.96
SEN027,,55.0,,17.8
SEN040,,72.0,28.0,0.72
UNKNOWN,,82.0,25.0,0.5
SEN002,,59.0,30.5,7.2
SEN015,,80.0,31.27777777777778,0.61
SEN001,,94.0,,16.5
SEN007,2026-03-08 05:30:00,90.0,21.9,-2.4
SEN023,,49.0,32.0,36.5
SEN001,,75.0,37.611111111111114,25.6
SEN031,,90.0,24.1,20.7
SEN004,,63.0,30.0,
SEN028,,58.0,38.72222222222222,39.116
UNKNOWN,,67.0,,0.6
SEN010,,53.0,17.2,-46.5
UNKNOWN,,,37.888888888888886,18.6
SEN014,,39.0,35.22222222222222,41.3
SEN005,,68.0,24.9,12.191999999999998
SEN010,,50.0,,26.0
SEN036,,,18.72222222222222,3.7
SEN021,,93.0,21.5,12.7
SEN024,,69.0,,41.4
SEN041,,92.0,30.5,17.7
SEN039,,94.0,,49.3
SEN023,,68.0,33.8,-14.9
SEN008,,74.0,16.8,
SEN029,,,,0.8
SEN041,,86.0,16.0,-10.9
UNKNOWN,,39.0,16.2,8.889999999999999
SEN007,,65.0,34.4,24.5
SEN033,,78.0,,19.812
SEN039,,87.0,24.777777777777775,-9.8
SEN038,,56.0,39.5,0.75
SEN048,,80.0,28.111111111111107,
SEN020,,38.0,23.0,28.701999999999995
SEN011,,,39.5,13.3
SEN024,,71.0,29.88888888888889,18.541999999999998
SEN014,,49.0,32.111111111111114,32.7
SEN009,,85.0,25.3,12.7
SEN008,,44.0,37.388888888888886,1.65
SEN035,,54.0,34.111111111111114,36.6
SEN034,,41.0,26.8,25.0
SEN035,,84.0,22.2,28.1
SEN030,,35.0,36.5,0.27
SEN035,,62.0,26.38888888888889,1.0
SEN044,,78.0,39.0,-43.4
SEN035,,84.0,,41.2
SEN008,,80.0,29.5,18.9
SEN007,,76.0,16.9,26.9
SEN040,,81.0,29.7,16.256
SEN047,,92.0,25.611111111111107,-6.4
SEN024,,90.0,15.777777777777779,37.1
SEN004,2026-06-01 05:30:00,69.0,32.2,-34.2
SEN016,,94.0,16.77777777777778,-5.0
SEN003,,66.0,27.88888888888889,
SEN032,,89.0,,24.1
SEN025,,73.0,35.0,1.72
SEN011,,,36.5,20.3
SEN036,,76.0,,45.4
SEN041,,31.0,20.500000000000004,-19.1
SEN010,,93.0,23.2,25.1
SEN019,,94.0,16.27777777777778,25.0
SEN030,,40.0,30.4,23.8
SEN033,,66.0,21.0,6.2
SEN013,,49.0,20.0,24.1
SEN033,,33.0,23.77777777777778,-38.8
UNKNOWN,,50.0,21.999999999999996,18.3
SEN025,,62.0,21.611111111111114,-46.7
SEN009,,31.0,20.7,47.7
SEN032,,45.0,23.22222222222222,36.4
SEN015,,43.0,31.5,3.5
SEN029,,76.0,20.500000000000004,
SEN022,,89.0,37.3,46.2
SEN020,,,19.9,35.1
SEN041,,87.0,28.88888888888889,36.57599999999999
SEN023,,91.0,35.888888888888886,1.016
SEN040,,32.0,33.7,49.7
SEN001,,79.0,28.000000000000004,15.239999999999998
SEN034,,69.0,,-0.9
SEN018,,89.0,38.0,34.7
SEN019,,74.0,17.5,33.019999999999996
SEN036,,59.0,16.0,-28.3
SEN014,,46.0,28.9,1.89
SEN048,,77.0,29.11111111111111,4.6
SEN044,,43.0,32.888888888888886,10.413999999999998
SEN010,,51.0,23.3,-31.7
SEN006,,33.0,36.0,-9.3
SEN021,,82.0,27.38888888888889,37.6
SEN017,,88.0,35.111111111111114,35.2
SEN038,,54.0,39.0,47.4
SEN047,,41.0,21.722222222222218,3.302
SEN044,,,23.111111111111107,41.8
SEN005,,85.0,,20.8
SEN031,,59.0,34.5,49.9
SEN015,,61.0,39.72222222222222,22.6
SEN025,,54.0,32.5,1.7
SEN039,,85.0,31.6,
SEN037,,65.0,26.27777777777778,10.1
SEN001,,40.0,26.6,40.9
SEN013,,40.0,16.22222222222222,-39.9
SEN010,,93.0,,4.4
SEN017,,52.0,25.6,-7.8
SEN027,,90.0,29.72222222222222,6.5
SEN020,,93.0,25.1,17.7
SEN020,,95.0,16.5,0.06
SEN030,,89.0,27.722222222222225,33.1
SEN016,,95.0,,25.8
SEN007,,33.0,21.5,46.736
SEN009,,87.0,17.9,0.24
SEN003,,46.0,36.888888888888886,24.6
SEN024,,32.0,16.9,-26.7
SEN034,,33.0,26.3,15.493999999999998
SEN012,,30.0,29.7,8.6
SEN028,,45.0,39.1,46.6
SEN016,,90.0,,48.7
SEN012,,31.0,15.4,-25.3
SEN048,,77.0,35.5,0.73
SEN041,,35.0,,20.9
SEN011,,56.0,39.3,42.9
SEN012,,83.0,21.7,31.75
SEN043,,85.0,,1.016
SEN029,,48.0,26.38888888888889,14.2
SEN036,,30.0,33.22222222222222,3.6
SEN034,,95.0,16.22222222222222,39.5
SEN003,,35.0,30.72222222222222,31.5
SEN016,,64.0,,35.0
SEN017,,54.0,,27.8
SEN006,,53.0,24.5,46.99
SEN026,,48.0,15.777777777777779,30.2
SEN042,,32.0,20.11111111111111,36.6
SEN049,,76.0,18.22222222222222,1.23
SEN050,,30.0,30.38888888888889,-41.0
SEN015,,73.0,20.777777777777782,35.0
SEN010,,60.0,39.8,10.9
SEN024,,86.0,,3.302
SEN043,,54.0,24.0,15.5
SEN022,,73.0,19.2,41.5
UNKNOWN,,32.0,39.4,
SEN005,,58.0,33.4,-36.1
SEN013,,69.0,20.4,37.4
SEN032,,47.0,25.1,0.7
SEN023,,63.0,20.8,24.9
SEN035,,42.0,24.5,9.4
SEN008,,74.0,25.0,49.4
SEN022,,69.0,35.72222222222222,-9.3
SEN004,,73.0,18.000000000000004,16.2
SEN010,,,32.5,15.9
SEN012,,66.0,,13.4
SEN033,,86.0,30.27777777777778,48.513999999999996
SEN018,,,37.27777777777778,-36.7
SEN025,,63.0,21.722222222222218,42.8
SEN019,,59.0,38.9,1.13
SEN009,,68.0,39.2,
SEN042,,40.0,30.2,-9.0
SEN016,,68.0,,33.6
UNKNOWN,,45.0,33.77777777777778,
SEN007,,89.0,,24.3
SEN025,,91.0,32.72222222222222,23.4
SEN020,,94.0,,16.1
SEN049,,33.0,37.9,38.354
SEN017,,40.0,22.1,27.2
SEN003,,92.0,34.111111111111114,1.75
SEN026,,43.0,20.777777777777782,29.1
SEN013,,67.0,32.9,34.2
SEN040,,54.0,31.22222222222222,-4.1
SEN016,,95.0,33.27777777777778,8.8
SEN009,,71.0,31.0,
SEN027,,90.0,29.9,15.3
SEN016,,62.0,24.0,0.8
SEN001,,93.0,28.5,44.4
SEN017,,53.0,23.388888888888886,39.9
SEN017,,62.0,21.0,43.2
SEN017,,72.0,32.72222222222222,2.7
UNKNOWN,,,,16.4
SEN014,,74.0,,18.3
SEN002,,88.0,23.000000000000004,22.352
SEN046,,68.0,28.5,30.1
SEN003,,40.0,27.9,-6.4
SEN016,,54.0,16.8,12.2
SEN011,,67.0,24.3,
UNKNOWN,,75.0,18.9,-31.4
SEN012,,38.0,37.5,11.6
SEN024,,94.0,36.111111111111114,1.45
SEN001,,64.0,31.0,48.00599999999999
SEN004,,59.0,24.27777777777778,37.7
SEN007,,,34.3,
SEN025,,47.0,28.8,31.8
SEN035,,48.0,17.5,8.4
SEN006,,74.0,35.77777777777778,0.1
SEN040,,37.0,,47.2
SEN024,,81.0,36.3,25.3
SEN023,,61.0,16.22222222222222,-6.3
SEN041,,65.0,23.61111111111111,41.3
SEN019,,83.0,22.4,0.2
SEN016,,,39.1,28.9
SEN046,,61.0,40.0,31.3
SEN021,,47.0,27.3,28.7
SEN046,,93.0,25.3,5.08
SEN024,,33.0,18.8,
SEN044,,66.0,,44.8
SEN028,,41.0,36.72222222222222,32.257999999999996
SEN003,,58.0,38.1,43.7
SEN013,,39.0,27.38888888888889,20.1
SEN042,,68.0,20.2,7.6
SEN046,,91.0,35.7,0.16
SEN030,,54.0,39.22222222222222,9.1
SEN019,,90.0,20.888888888888886,33.9
SEN044,,,34.9,20.6
UNKNOWN,,56.0,32.9,-7.5
SEN046,,51.0,15.5,3.6
SEN007,,37.0,16.77777777777778,-45.7
SEN033,,,36.72222222222222,19.304
SEN001,,76.0,34.7,38.9
SEN004,,49.0,32.6,2.1
SEN003,,44.0,,21.2
SEN033,,54.0,33.6,44.6
SEN046,,53.0,21.9,0.73
SEN003,,,25.27777777777778,-31.3
SEN017,,86.0,,10.668
SEN048,,40.0,37.4,9.5
SEN007,,40.0,33.6,1.7
SEN031,,63.0,32.888888888888886,-14.7
SEN023,,55.0,29.27777777777778,46.9
UNKNOWN,,42.0,30.0,44.8
SEN015,,49.0,38.1,
SEN045,,,,28.448
SEN032,,68.0,35.5,1.37
SEN005,,58.0,,
SEN017,,30.0,30.77777777777778,2.54
SEN040,,86.0,,8.2
SEN023,,83.0,28.111111111111107,13.716
SEN004,,78.0,16.7,
SEN014,,46.0,25.1,18.1
SEN013,,60.0,,0.09
SEN047,,47.0,38.7,9.3
SEN036,,63.0,,0.7619999999999999
SEN032,,80.0,23.77777777777778,10.7
SEN036,,36.0,,15.5
SEN035,,46.0,,-13.4
SEN017,,89.0,30.8,42.2
SEN022,,69.0,,45.4
SEN019,,79.0,28.1,38.6
SEN007,,57.0,17.72222222222222,14.477999999999998
SEN031,,68.0,,19.2
SEN033,,36.0,15.61111111111111,45.4
SEN016,,,37.77777777777778,1.4
SEN039,,,20.4,16.6
SEN007,,40.0,34.77777777777778,6.6
UNKNOWN,,51.0,22.722222222222225,16.6
SEN037,,70.0,,8.1
SEN025,,,28.72222222222222,22.3
SEN048,,47.0,36.4,49.2
SEN048,,69.0,26.4,18.7
SEN048,,35.0,33.6,7.2
SEN034,,75.0,19.499999999999996,-13.6
SEN008,,82.0,30.5,21.3
SEN002,,81.0,15.5,-30.8
SEN007,,64.0,,14.4
SEN049,,56.0,38.5,10.7
SEN028,,48.0,,1.28
SEN023,,36.0,18.277777777777782,40.4
SEN008,,,18.3,37.8
SEN046,,89.0,17.2,-7.9
SEN023,,84.0,25.0,49.0
SEN007,,70.0,22.5,5.4
SEN028,,45.0,28.111111111111107,45.4
SEN031,,88.0,18.3,0.98
SEN041,,77.0,,1.46
SEN010,,52.0,35.5,0.52
SEN006,,79.0,,17.525999999999996
SEN021,,,35.5,32.0
SEN005,,47.0,30.22222222222222,46.482
SEN002,,88.0,19.3,5.842
SEN030,,55.0,33.72222222222222,49.0
SEN032,,58.0,16.38888888888889,28.0
SEN006,,71.0,33.5,44.196
SEN046,,53.0,15.4,0.85
SEN017,,46.0,25.500000000000004,45.9
SEN007,,72.0,23.4,2.032
SEN048,,43.0,32.0,5.5
SEN017,,44.0,25.3,1.23
SEN001,,46.0,29.6,21.8
SEN044,,39.0,21.3,1.9
UNKNOWN,,40.0,19.3,1.0
SEN032,,82.0,32.27777777777778,0.59
SEN048,,54.0,27.9,0.69
SEN027,,,20.7,35.2
SEN006,,52.0,,22.352
SEN007,,64.0,17.4,8.0
SEN013,,70.0,35.888888888888886,18.8
SEN003,,66.0,,45.72
SEN019,,82.0,23.8,13.3
SEN016,,51.0,29.5,20.4
SEN033,,83.0,19.88888888888889,
SEN002,,38.0,32.888888888888886,30.7
SEN043,,66.0,20.500000000000004,21.5
SEN002,,62.0,27.22222222222222,37.8
SEN045,,,22.8,
SEN029,,48.0,15.1,0.35
SEN029,,,,10.9
UNKNOWN,,44.0,25.500000000000004,37.337999999999994
SEN018,,90.0,39.4,30.3
SEN021,,84.0,15.61111111111111,11.3
SEN033,,83.0,24.61111111111111,-49.4
SEN020,,45.0,,
SEN044,,42.0,,45.211999999999996
SEN040,,67.0,30.38888888888889,37.0
SEN023,,87.0,37.611111111111114,42.7
SEN008,,52.0,26.22222222222222,-10.7
SEN016,,78.0,21.5,30.3
SEN029,,42.0,34.5,36.5
SEN002,,39.0,30.4,49.022
SEN024,,61.0,22.8,-22.7
SEN005,,67.0,,22.5
SEN018,,72.0,23.3,-48.6
UNKNOWN,,43.0,16.0,1.72
SEN049,,55.0,16.5,17.7
SEN048,,55.0,38.3,
SEN016,,47.0,16.27777777777778,
SEN028,,83.0,35.5,6.1
SEN018,,56.0,35.611111111111114,26.162
SEN049,,51.0,38.72222222222222,28.5
SEN029,,70.0,20.3,29.9
SEN032,,40.0,31.2,39.624
SEN009,,52.0,15.88888888888889,22.352
SEN034,,44.0,32.4,20.9
SEN049,,72.0,20.777777777777782,13.97
SEN005,,81.0,28.22222222222222,43.18
SEN002,,51.0,35.9,
SEN033,,53.0,18.0,1.72
SEN014,,38.0,,
SEN035,,88.0,31.27777777777778,18.3
SEN029,,35.0,30.8,27.8
SEN012,,31.0,33.22222222222222,45.0
SEN037,,,35.9,15.3
SEN005,,,38.388888888888886,-0.4
SEN014,,48.0,21.888888888888893,27.2
SEN029,,45.0,30.88888888888889,11.1
SEN007,,41.0,,29.4
SEN048,,55.0,32.27777777777778,47.4
SEN040,,60.0,31.9,3.0
SEN045,,86.0,,15.239999999999998
SEN034,,81.0,38.5,16.4
SEN009,,83.0,,8.3
SEN004,,61.0,32.72222222222222,48.767999999999994
SEN017,,59.0,38.22222222222222,2.7
SEN029,,54.0,,50.038
SEN016,,73.0,27.5,-44.3
SEN018,,40.0,21.5,23.1
SEN017,,88.0,38.7,6.5
SEN033,,81.0,31.5,16.2
SEN027,,66.0,32.6,24.1
SEN010,,43.0,38.388888888888886,33.0
SEN008,,64.0,34.0,1.05
SEN002,,72.0,,14.1
SEN030,,,,-11.2
SEN041,,47.0,17.77777777777778,40.5
SEN027,,78.0,32.0,35.3
SEN007,,74.0,23.0,12.3
SEN011,,51.0,36.111111111111114,1.3
SEN040,,64.0,23.3,15.8
SEN006,,51.0,21.8,8.3
SEN041,,78.0,26.4,26.9
SEN046,,,34.0,7.0
SEN038,,45.0,38.0,30.3
SEN024,,54.0,38.611111111111114,48.8
SEN025,,83.0,,37.6
SEN006,,45.0,22.2,0.1
SEN005,,,15.88888888888889,
SEN045,,41.0,18.72222222222222,1.89
SEN020,,87.0,24.8,32.0
SEN021,,,26.4,28.2
SEN026,,,18.77777777777778,-4.6
SEN031,,82.0,37.72222222222222,0.27
SEN014,,33.0,38.0,37.592
SEN047,,72.0,24.1,37.5
UNKNOWN,2026-09-06 05:30:00,86.0,,4.826
SEN034,,45.0,34.27777777777778,17.8
SEN037,,42.0,25.1,23.875999999999998
SEN024,,85.0,23.5,24.0
SEN026,2026-01-30 05:30:00,,26.8,4.5
SEN018,,87.0,33.3,27.2
SEN035,,,,47.4
SEN043,,32.0,33.1,-36.0
SEN031,,32.0,28.111111111111107,24.6
SEN019,,66.0,15.3,39.4
SEN040,,,24.4,14.731999999999998
UNKNOWN,,50.0,31.38888888888889,35.1
SEN003,,38.0,31.27777777777778,-49.5
SEN028,,47.0,27.722222222222225,1.66
SEN024,,,34.22222222222222,36.8
SEN032,,77.0,34.4,35.2
SEN027,,60.0,30.3,9.2
SEN032,,73.0,37.888888888888886,26.2
UNKNOWN,,89.0,30.72222222222222,31.8
SEN001,,92.0,21.0,24.383999999999997
SEN004,,63.0,,19.2
SEN014,,89.0,34.4,1.65
SEN008,,86.0,24.3,26.669999999999998
SEN022,,57.0,,17.0
SEN024,,,26.611111111111114,3.2
SEN035,,42.0,18.111111111111107,42.5
SEN033,,64.0,,
UNKNOWN,,51.0,32.7,13.5
SEN030,,88.0,15.61111111111111,47.1
SEN031,,51.0,,-19.7
SEN004,,64.0,,1.7
SEN050,,69.0,36.72222222222222,0.65
SEN042,,60.0,37.111111111111114,9.7
SEN034,,83.0,25.0,42.1
SEN013,,95.0,29.0,17.2
SEN048,,77.0,24.222222222222218,9.1
SEN050,,82.0,33.388888888888886,19.3
SEN002,2026-02-28 05:30:00,57.0,20.3,43.18
SEN002,,66.0,23.6,6.0
SEN005,,69.0,28.72222222222222,13.208
SEN007,,92.0,22.77777777777778,28.955999999999996
SEN037,,57.0,19.222222222222218,-36.1
SEN015,,59.0,36.2,35.7
SEN024,,88.0,27.5,17.8
SEN024,,90.0,24.9,21.081999999999997
SEN034,,80.0,32.888888888888886,37.0
SEN026,,47.0,32.388888888888886,24.3
SEN050,,75.0,22.8,33.7
SEN034,,81.0,27.8,32.1
SEN050,,80.0,38.1,45.5
SEN042,,40.0,15.38888888888889,1.3
SEN048,,57.0,25.500000000000004,36.8
SEN019,,52.0,17.11111111111111,48.513999999999996
SEN008,,,35.6,-43.7
SEN030,,59.0,27.4,49.0
SEN025,,,,17.525999999999996
SEN006,,70.0,29.38888888888889,13.3
SEN004,,,32.388888888888886,6.2
SEN014,,51.0,28.388888888888886,26.7
SEN026,,51.0,38.5,31.241999999999997
SEN025,,92.0,21.9,34.5
SEN005,,42.0,39.5,3.302
SEN018,,31.0,38.8,26.6
SEN050,,81.0,16.61111111111111,38.1
SEN010,,89.0,31.22222222222222,8.889999999999999
SEN023,,76.0,31.4,-37.3
SEN005,,65.0,18.000000000000004,1.86
SEN042,,,39.5,0.25
SEN022,,65.0,15.722222222222221,40.7
SEN005,,61.0,35.3,45.466
SEN045,,32.0,34.5,-11.8
SEN011,,33.0,,2.7
SEN040,,54.0,25.11111111111111,33.7
SEN006,2026-02-03 05:30:00,55.0,29.77777777777778,0.59
SEN012,,81.0,38.0,1.89
SEN011,,38.0,,47.9
SEN013,2026-07-03 05:30:00,,19.5,-41.0
SEN028,,82.0,37.388888888888886,36.7
SEN006,,34.0,21.7,49.2
SEN023,,77.0,15.7,1.1
SEN021,,79.0,22.9,0.67
SEN036,,57.0,17.2,
SEN022,,91.0,27.8,29.7
SEN042,,91.0,27.5,16.3
SEN032,,75.0,26.38888888888889,21.2
UNKNOWN,,54.0,29.4,45.6
SEN037,,75.0,31.27777777777778,0.35
SEN017,,45.0,27.277777777777775,0.96
SEN036,,34.0,22.0,1.5
SEN011,,41.0,21.22222222222222,35.05199999999999
SEN015,,65.0,32.3,38.1
SEN006,,88.0,27.11111111111111,33.3
SEN014,,,31.8,
SEN032,,93.0,21.611111111111114,-12.2
SEN019,,79.0,20.72222222222222,0.13
SEN035,,43.0,36.3,44.4
SEN006,,,30.5,23.3
SEN017,,40.0,39.611111111111114,21.4
SEN012,2026-08-13 05:30:00,61.0,28.277777777777782,23.5
SEN037,,75.0,32.27777777777778,-32.1
SEN013,,88.0,,41.4
SEN006,,65.0,27.1,11.2
SEN004,,58.0,21.6,7.2
SEN034,,33.0,,0.35
SEN008,,50.0,28.1,9.8
SEN038,,31.0,,18.2
SEN031,,,31.0,1.81
SEN045,,46.0,35.72222222222222,22.605999999999998
SEN024,,60.0,35.72222222222222,-46.7
SEN007,,87.0,32.8,40.132
SEN029,,83.0,31.0,44.958
SEN028,,66.0,25.4,18.287999999999997
SEN005,,56.0,20.6,0.99
SEN032,,60.0,32.7,0.8
SEN009,,66.0,37.7,13.3
SEN045,2026-08-08 05:30:00,81.0,38.0,21.6
SEN033,,93.0,33.111111111111114,5.6
SEN027,,73.0,31.38888888888889,12.7
SEN010,,91.0,26.5,20.2
SEN006,,,38.0,27.4
SEN020,,64.0,33.7,-15.7
UNKNOWN,,68.0,21.722222222222218,41.2
SEN009,,,20.3,-26.6
SEN038,,39.0,20.3,15.493999999999998
SEN040,,35.0,35.5,44.6
SEN042,2026-02-12 05:30:00,35.0,31.8,49.275999999999996
SEN002,,46.0,,
SEN041,,92.0,24.8,49.6
SEN049,,39.0,30.6,7.7
SEN013,,49.0,39.9,14.1
SEN017,,50.0,30.0,-0.1
SEN018,,80.0,22.88888888888889,41.6
SEN032,,30.0,27.7,4.8
SEN005,,37.0,37.3,19.2
SEN009,,84.0,20.8,40.9
SEN030,,80.0,24.5,0.9
SEN021,,89.0,15.8,16.256
SEN012,,31.0,,1.19
UNKNOWN,,77.0,21.0,9.3
SEN005,,68.0,33.611111111111114,47.8
SEN022,,68.0,15.61111111111111,18.5
SEN029,,32.0,,14.7
SEN004,,59.0,38.2,
SEN032,,,18.88888888888889,
SEN046,,85.0,21.27777777777778,7.9
SEN045,,31.0,35.5,0.5
SEN007,,81.0,19.9,30.225999999999996
SEN028,,69.0,,33.0
UNKNOWN,,44.0,38.1,7.9
SEN044,,50.0,27.5,25.5
SEN030,,36.0,25.72222222222222,47.244
SEN033,,66.0,36.6,3.3
SEN045,,93.0,19.8,28.7
SEN022,,89.0,16.6,26.3
SEN023,,72.0,24.111111111111114,49.9
SEN050,,82.0,31.27777777777778,26.924
SEN036,,33.0,27.5,12.1
SEN042,,77.0,,7.5
SEN025,,83.0,32.6,7.6
SEN010,,59.0,39.1,17.8
SEN015,,88.0,35.6,46.482
SEN026,,,,17.018
SEN016,,77.0,22.77777777777778,15.3
SEN049,,90.0,22.11111111111111,45.2
SEN021,,81.0,17.61111111111111,32.2
UNKNOWN,,53.0,,19.8
SEN014,,37.0,21.0,0.4
SEN026,,59.0,30.9,34.9
SEN027,,63.0,34.0,34.7
SEN010,,39.0,37.6,47.498
SEN016,,,32.8,7.9
SEN019,,65.0,,
SEN028,,67.0,30.9,0.95
SEN023,,63.0,36.388888888888886,34.8
SEN041,,50.0,24.0,8.636000000000001
SEN007,,78.0,16.5,40.6
UNKNOWN,,67.0,33.9,49.9
SEN039,,86.0,,0.58
SEN017,,65.0,18.2,-11.6
SEN033,,54.0,32.7,29.5
SEN020,,85.0,,13.1
SEN014,,49.0,17.38888888888889,26.669999999999998
SEN025,,51.0,28.9,33.3
SEN015,,82.0,,15.7
SEN032,,84.0,39.1,2.1
SEN031,,,23.111111111111107,0.78
SEN017,,34.0,27.9,23.1
SEN028,,55.0,33.1,-12.3
UNKNOWN,,62.0,19.61111111111111,14.0
SEN001,,40.0,23.3,22.6
SEN022,,59.0,23.277777777777782,18.034
SEN026,,67.0,19.3,16.256
SEN042,,71.0,23.61111111111111,8.1
SEN007,,67.0,33.8,27.9
SEN015,,67.0,24.777777777777775,28.7
SEN016,,,21.22222222222222,20.0
SEN039,,50.0,23.77777777777778,0.69
SEN035,,42.0,26.722222222222218,18.5
SEN003,,53.0,,42.3
SEN033,,30.0,33.8,49.275999999999996
SEN048,,85.0,32.1,25.6
SEN028,,52.0,29.4,20.5
SEN033,,70.0,32.5,39.0
SEN003,,70.0,17.72222222222222,21.8
SEN028,,,25.611111111111107,18.3
SEN029,,73.0,16.0,9.3
SEN022,,65.0,28.7,38.1
SEN011,,,32.111111111111114,41.2
SEN008,,61.0,25.0,15.5
UNKNOWN,,87.0,31.2,42.672
SEN011,,43.0,29.8,-12.5
SEN006,,51.0,15.88888888888889,-1.4
SEN005,,64.0,,2.0
SEN015,,46.0,,33.8
SEN050,,63.0,,
SEN037,,,31.5,5.588
SEN046,,,17.4,-48.7
SEN010,,66.0,15.2,24.0
SEN004,,78.0,,12.8
UNKNOWN,,31.0,16.38888888888889,42.7
SEN014,,55.0,26.27777777777778,46.99
UNKNOWN,,95.0,22.61111111111111,1.93
SEN017,,95.0,23.61111111111111,1.7
SEN017,,,36.7,47.9
SEN028,,69.0,24.7,45.211999999999996
SEN041,,74.0,31.8,-15.9
SEN009,,36.0,29.3,1.1
SEN041,,58.0,33.27777777777778,8.3
SEN022,,92.0,21.27777777777778,43.7
SEN006,,,20.11111111111111,15.4
SEN042,,78.0,26.2,-48.9
SEN017,,37.0,28.8,27.2
SEN027,,77.0,22.5,21.1
SEN031,,79.0,36.22222222222222,26.6
SEN005,,,15.277777777777779,26.416
SEN009,,89.0,33.8,24.4
SEN018,,69.0,35.22222222222222,19.6
SEN010,,,35.6,43.6
SEN007,,36.0,,47.244
SEN008,,44.0,23.5,22.0
SEN041,,95.0,25.11111111111111,48.6
SEN016,,63.0,27.4,9.7
UNKNOWN,,30.0,20.9,0.26
SEN041,,82.0,25.38888888888889,0.93
SEN018,,60.0,20.3,6.095999999999999
SEN044,,85.0,,0.7619999999999999
SEN021,,,28.9,4.7
SEN011,,39.0,35.77777777777778,0.89
SEN003,,,33.4,1.12
SEN021,,60.0,,0.56
SEN031,,92.0,34.111111111111114,33.6
SEN014,,66.0,24.111111111111114,30.479999999999997
SEN032,,68.0,30.5,15.9
SEN032,,54.0,23.388888888888886,14.4
SEN013,,32.0,33.0,29.5
SEN011,,,17.0,29.209999999999997
SEN002,,68.0,,22.9
SEN009,,87.0,17.8,47.4
SEN013,,37.0,15.2,47.7
SEN013,,41.0,39.388888888888886,-18.2
SEN023,,,35.27777777777778,46.3
SEN029,,32.0,31.27777777777778,42.4
UNKNOWN,,81.0,24.88888888888889,-37.9
SEN016,,72.0,19.1,45.3
SEN005,,42.0,26.2,21.081999999999997
UNKNOWN,,92.0,17.5,6.2
SEN039,,85.0,,1.0
SEN006,,48.0,30.4,32.7
SEN005,,50.0,,32.5
SEN020,,42.0,26.77777777777778,-6.5
SEN007,,67.0,39.5,47.6
SEN013,,57.0,28.9,15.2
SEN017,,59.0,34.27777777777778,-43.0
SEN043,,45.0,39.22222222222222,38.9
SEN005,,76.0,,34.8
UNKNOWN,,36.0,,10.7
SEN024,,88.0,32.1,-39.1
SEN048,,73.0,33.77777777777778,14.5
SEN013,,39.0,22.5,-1.9
SEN045,,68.0,30.9,1.7
SEN009,,,29.77777777777778,1.33
SEN015,,33.0,16.2,26.9
SEN032,,89.0,35.2,21.2
SEN027,,64.0,20.7,14.5
SEN039,,66.0,27.277777777777775,23.3
SEN034,,64.0,,1.1
SEN017,,70.0,25.8,32.3
SEN026,,,35.388888888888886,40.64
SEN041,,74.0,38.5,40.386
SEN002,,64.0,17.8,14.4
SEN008,,,15.5,12.5
SEN001,,50.0,32.4,0.98
SEN034,,51.0,,-4.5
SEN027,,,20.72222222222222,33.6
SEN038,,,31.22222222222222,26.6
SEN024,,31.0,39.8,45.4
SEN044,,43.0,,4.5
SEN048,,64.0,,28.3
SEN019,,78.0,18.111111111111107,-28.4
SEN040,,38.0,27.8,28.0
SEN032,,49.0,25.6,
SEN034,,34.0,21.888888888888893,19.0
SEN028,,74.0,34.8,-9.3
SEN047,,,,6.1
UNKNOWN,,71.0,,5.3
SEN004,,93.0,,26.6
SEN044,,85.0,38.0,22.86
SEN019,,44.0,27.6,12.6
SEN012,,,24.111111111111114,-27.2
SEN022,,92.0,22.7,0.14
SEN045,,75.0,27.6,47.8
SEN014,,42.0,39.9,19.304
SEN045,,82.0,33.2,-48.3
SEN014,,56.0,16.0,16.7
SEN044,,93.0,17.5,2.2859999999999996
SEN046,,72.0,16.38888888888889,1.2
UNKNOWN,,46.0,34.8,2.3
SEN029,,33.0,27.9,14.2
SEN001,,80.0,29.27777777777778,48.7
SEN024,,75.0,16.8,27.0
SEN003,,44.0,37.72222222222222,43.0
UNKNOWN,,44.0,17.38888888888889,26.7
SEN029,,88.0,19.2,40.1
SEN040,,66.0,25.38888888888889,-41.9
SEN017,,30.0,16.61111111111111,15.748
SEN029,,58.0,,-8.3
SEN047,,34.0,15.5,37.337999999999994
SEN017,,70.0,35.5,7.9
SEN015,,55.0,23.111111111111107,26.8
SEN005,,74.0,27.7,39.6
SEN023,,73.0,25.777777777777782,49.4
UNKNOWN,,64.0,24.777777777777775,8.4
SEN038,,34.0,26.77777777777778,25.1
SEN036,,80.0,20.7,-26.8
SEN047,,40.0,,
SEN045,,37.0,33.611111111111114,45.9
UNKNOWN,,81.0,22.7,13.2
SEN029,,,29.61111111111111,26.0
SEN012,,53.0,26.5,7.2
UNKNOWN,,50.0,,39.37
SEN021,,87.0,,22.6
UNKNOWN,,36.0,34.111111111111114,-9.1
SEN018,,92.0,33.0,47.7
SEN010,2026-05-30 05:30:00,,37.22222222222222,35.6
SEN008,,60.0,,22.1
SEN050,,46.0,,0.57
SEN030,,82.0,35.5,44.0
SEN024,,82.0,28.1,0.81
SEN031,,73.0,37.4,29.5
SEN047,,30.0,28.0,
SEN034,,86.0,36.0,-1.1
SEN001,,75.0,29.5,42.9
SEN042,,51.0,18.7,34.29
SEN044,,60.0,37.7,5.9
SEN036,,42.0,24.6,42.925999999999995
SEN037,,78.0,21.0,35.1
SEN020,,48.0,,9.143999999999998
SEN028,,66.0,34.388888888888886,-35.4
SEN014,,50.0,,27.9
SEN041,,33.0,23.3,-20.8
SEN022,,93.0,28.4,48.3
SEN006,,61.0,24.1,28.8
SEN014,,35.0,,1.83
SEN043,,,17.27777777777778,34.4
SEN050,,33.0,15.5,31.5
SEN017,,92.0,36.388888888888886,-32.5
SEN036,,63.0,38.77777777777778,1.56
SEN006,,52.0,36.8,25.654
SEN040,,71.0,,47.3
SEN036,,77.0,23.9,28.7
SEN012,,44.0,36.388888888888886,31.496
SEN014,,93.0,17.11111111111111,27.9
SEN025,,41.0,19.499999999999996,2.794
SEN002,,,35.388888888888886,35.5
SEN032,,84.0,38.388888888888886,36.0
SEN010,,39.0,15.1,24.9
SEN012,,74.0,,34.798
SEN025,,71.0,37.0,46.6
SEN042,,70.0,23.000000000000004,14.1
SEN033,,31.0,18.0,-14.1
UNKNOWN,,90.0,,4.4
SEN028,,66.0,29.2,-11.1
SEN037,,89.0,24.6,46.3
SEN013,,94.0,34.4,48.5
SEN018,,49.0,29.7,8.5
SEN014,,37.0,29.88888888888889,30.7
SEN005,,42.0,16.11111111111111,44.7
SEN003,,53.0,18.22222222222222,10.0
SEN050,,50.0,15.38888888888889,50.038
SEN024,,89.0,,48.3
SEN037,,,27.7,8.1
SEN009,,,16.6,31.2
SEN036,,,,41.7
SEN047,,77.0,37.5,0.508
SEN018,,37.0,33.72222222222222,39.624
SEN029,2026-07-20 05:30:00,39.0,24.8,11.2
UNKNOWN,,75.0,30.3,36.57599999999999
SEN001,,,20.222222222222225,5.5
SEN046,,43.0,35.0,35.7
SEN050,,50.0,35.22222222222222,11.8
SEN050,,31.0,,36.321999999999996
SEN004,,48.0,27.2,27.7
SEN002,,44.0,16.9,35.2
SEN009,,91.0,,-27.4
SEN038,2026-04-14 05:30:00,39.0,25.500000000000004,-49.0
SEN045,,69.0,15.38888888888889,45.6
SEN002,,47.0,37.7,34.4
SEN041,,51.0,26.22222222222222,37.0
SEN012,,45.0,30.7,18.796
SEN010,,57.0,29.27777777777778,13.7
SEN011,,40.0,29.3,20.4
SEN027,,71.0,37.72222222222222,-28.1
SEN019,,86.0,28.1,1.778
SEN021,,72.0,33.77777777777778,4.826
SEN044,,55.0,29.7,5.2
SEN013,,33.0,25.1,27.6
SEN007,,49.0,34.1,42.3
SEN010,,52.0,36.1,32.766
SEN035,,82.0,37.8,17.4
SEN007,,44.0,31.22222222222222,43.1
SEN024,,78.0,31.22222222222222,23.7
SEN022,,84.0,36.7,1.93
SEN039,,38.0,20.888888888888886,3.0
SEN014,,86.0,26.7,32.004
SEN011,,71.0,,34.3
SEN038,,83.0,20.0,6.2
SEN043,,41.0,25.0,49.1
SEN038,,75.0,15.6,46.482
SEN045,,66.0,39.5,0.1
SEN038,,72.0,24.88888888888889,9.2
SEN044,,85.0,,22.0
SEN025,,91.0,25.8,-10.4
SEN038,,86.0,28.72222222222222,23.1
SEN010,,85.0,28.111111111111107,35.81399999999999
SEN034,,95.0,16.0,7.112
SEN013,,44.0,34.8,48.2
SEN005,,94.0,,38.0
SEN040,,58.0,24.72222222222222,4.0
SEN040,,88.0,15.38888888888889,20.6
SEN046,,32.0,25.0,1.62
SEN047,2026-03-26 05:30:00,39.0,32.9,48.5
SEN009,,89.0,15.4,21.1
SEN016,,74.0,23.9,33.6
SEN002,,42.0,32.6,23.2
SEN018,,95.0,35.1,45.8
SEN004,,87.0,37.27777777777778,15.1
SEN048,,,15.777777777777779,23.1
SEN002,,82.0,33.8,41.7
SEN013,,37.0,29.0,28.3
SEN050,,51.0,27.22222222222222,47.1
SEN016,,50.0,35.5,0.31
SEN026,,54.0,18.000000000000004,1.778
SEN018,,41.0,17.72222222222222,20.8
SEN046,,71.0,15.5,43.9
SEN020,,93.0,,47.6
SEN032,,56.0,31.0,-22.8
SEN017,,58.0,26.999999999999996,48.6
SEN046,,40.0,26.27777777777778,28.194000000000003
SEN023,,90.0,39.27777777777778,36.0
SEN036,,34.0,34.72222222222222,14.4
SEN038,,39.0,33.5,13.3
SEN003,,89.0,25.8,44.4
SEN020,,86.0,27.8,15.7
SEN040,,52.0,33.7,-25.8
SEN043,,53.0,30.7,48.0
SEN018,,42.0,,-38.1
SEN015,,55.0,24.499999999999996,11.7
SEN045,,93.0,36.7,1.6
SEN003,,66.0,26.3,8.9
SEN006,,41.0,29.72222222222222,44.1
SEN014,,68.0,26.11111111111111,33.7
SEN012,,59.0,24.777777777777775,49.275999999999996
SEN040,,78.0,31.5,34.7
SEN007,,67.0,39.8,48.4
SEN008,,,19.777777777777775,12.191999999999998
SEN018,,87.0,,22.86
SEN004,,95.0,34.1,42.8
SEN015,,94.0,23.72222222222222,28.8
SEN027,,79.0,15.9,35.4
SEN021,,59.0,36.72222222222222,22.1
SEN022,,40.0,33.9,6.604
SEN046,,67.0,,10.16
SEN043,,60.0,25.0,12.953999999999999
SEN004,,,36.72222222222222,26.416
UNKNOWN,,,22.38888888888889,38.2
SEN026,,93.0,30.72222222222222,12.0
SEN018,,48.0,20.38888888888889,49.5
SEN026,,61.0,,-34.3
SEN008,,88.0,24.499999999999996,44.1
SEN034,,35.0,39.5,8.128
UNKNOWN,,53.0,,30.8
SEN013,,31.0,27.1,25.3
SEN014,,67.0,22.7,18.8
SEN015,,35.0,,29.8
SEN032,,37.0,26.0,49.529999999999994
SEN041,,88.0,19.2,27.2
SEN025,,47.0,,47.9
SEN016,,39.0,32.5,6.6
SEN044,,36.0,38.2,12.0
SEN008,,44.0,32.888888888888886,22.7
SEN014,,94.0,37.0,16.0
SEN040,,92.0,15.8,46.6
SEN043,,72.0,26.5,30.7
SEN030,,50.0,30.0,13.6
SEN043,,33.0,25.5,46.0
SEN038,,93.0,30.0,38.1
SEN021,,,18.4,11.6
SEN042,,67.0,,-30.8
SEN031,,73.0,28.0,46.736
SEN011,,43.0,29.2,45.211999999999996
SEN042,,76.0,25.8,29.8
SEN048,,32.0,33.0,37.7
SEN004,,84.0,37.72222222222222,3.6
SEN030,,,,3.556
SEN026,,62.0,35.9,39.1
SEN017,,65.0,21.888888888888893,36.9
SEN048,,51.0,19.111111111111114,19.812
SEN010,,56.0,33.27777777777778,31.8
SEN039,,84.0,19.777777777777775,45.72
SEN050,,60.0,29.6,39.9
SEN016,,43.0,38.1,1.41
SEN034,,58.0,37.5,15.5
SEN026,,93.0,34.4,27.7
UNKNOWN,,70.0,25.11111111111111,15.493999999999998
SEN021,,43.0,,40.8
SEN001,,61.0,38.22222222222222,24.7
SEN006,,77.0,33.5,34.7
SEN040,,67.0,38.0,-8.4
SEN003,,38.0,20.0,37.5
SEN042,,49.0,,17.9
SEN035,,40.0,15.5,4.0
SEN008,,47.0,,0.13
SEN023,,59.0,23.88888888888889,17.272000000000002
SEN040,,40.0,30.9,1.4
SEN030,,39.0,,46.2
SEN025,,65.0,31.9,22.7
SEN007,,91.0,16.2,41.5
SEN016,,76.0,36.27777777777778,38.4
SEN029,,84.0,29.22222222222222,28.701999999999995
SEN016,,69.0,32.77777777777778,37.592
SEN001,,,38.6,41.9
SEN016,,52.0,15.38888888888889,36.9
SEN050,,56.0,17.77777777777778,0.07
SEN038,,36.0,24.72222222222222,35.5
SEN043,,,37.7,1.92
SEN028,,76.0,33.9,0.2
SEN036,,69.0,31.11111111111111,11.9
SEN030,,83.0,35.8,1.6
SEN020,,79.0,16.0,14.5
SEN006,,50.0,35.8,1.27
SEN016,,58.0,27.3,12.6
SEN029,,41.0,30.11111111111111,11.5
SEN017,,94.0,20.6,-38.2
SEN014,,77.0,15.5,34.6
SEN043,,,31.4,49.9
SEN050,,32.0,31.5,0.3
SEN044,,69.0,20.72222222222222,1.34
SEN047,,,37.611111111111114,10.0
SEN034,,42.0,16.38888888888889,42.3
SEN022,,49.0,27.6,1.32
SEN029,,31.0,16.27777777777778,-13.1
SEN015,,53.0,36.5,21.8
SEN012,,67.0,28.388888888888886,30.4
SEN013,,67.0,34.6,14.3
SEN019,,53.0,29.0,-41.0
SEN033,,65.0,26.999999999999996,19.9
SEN033,,81.0,29.77777777777778,-30.5
SEN026,,,38.6,-2.4
SEN015,,69.0,29.77777777777778,37.9
SEN006,,85.0,16.1,9.2
SEN043,,,17.0,14.9
SEN011,,72.0,36.7,43.3
SEN038,,67.0,,16.3
SEN007,,84.0,15.9,25.9
SEN042,,62.0,24.0,-19.0
SEN038,,36.0,24.2,49.0
SEN036,,69.0,17.1,22.3
UNKNOWN,,32.0,,32.004
SEN021,,40.0,24.3,17.525999999999996
SEN001,,35.0,33.7,1.34
SEN022,,91.0,,44.196
SEN014,,81.0,23.000000000000004,
SEN002,,,32.0,1.03
SEN050,,48.0,31.9,22.098
SEN014,,,,41.7
SEN004,,79.0,34.1,25.8
SEN014,,87.0,31.7,3.8
SEN042,,79.0,,-26.9
UNKNOWN,,32.0,16.3,28.0
SEN024,,84.0,38.4,19.7
SEN030,,33.0,39.8,19.5
SEN027,,94.0,22.1,48.4
SEN038,,62.0,19.2,24.13
SEN030,,37.0,26.8,-29.9
SEN001,,,17.77777777777778,-31.6
SEN005,,62.0,35.888888888888886,0.14
SEN042,,,29.8,3.5
UNKNOWN,,68.0,,27.7
SEN004,,70.0,,43.687999999999995
SEN045,,30.0,30.9,47.4
SEN013,,75.0,30.72222222222222,48.513999999999996
SEN010,,86.0,18.22222222222222,14.5
SEN011,,86.0,29.22222222222222,32.1
UNKNOWN,,59.0,27.6,37.2
SEN021,,83.0,20.6,44.704
SEN049,,74.0,15.5,1.34
SEN011,,92.0,21.888888888888893,-0.9
SEN001,,91.0,32.611111111111114,11.6
SEN040,,85.0,17.4,16.7
SEN009,,,24.777777777777775,47.498
SEN004,,,39.0,8.5
SEN011,,37.0,36.4,14.224
SEN047,,,29.8,-0.2
SEN002,,53.0,23.5,15.239999999999998
SEN002,,46.0,,13.1
SEN028,,60.0,28.111111111111107,48.4
SEN044,,57.0,16.61111111111111,42.3
SEN026,,35.0,37.5,30.4
SEN025,,,,29.1
SEN028,,77.0,33.6,27.6
SEN024,,51.0,32.7,31.75
SEN042,,53.0,19.3,30.479999999999997
SEN031,,46.0,36.2,25.3
SEN002,,39.0,38.611111111111114,9.4
SEN022,,93.0,26.1,40.894
SEN031,,76.0,18.3,45.8
SEN025,,52.0,28.6,31.8
SEN015,,31.0,30.72222222222222,-15.4
SEN029,,88.0,29.0,27.686
SEN017,,41.0,21.9,35.3
SEN003,,62.0,,-18.7
UNKNOWN,,,,28.955999999999996
SEN027,,34.0,,32.1
SEN032,,80.0,,22.7
SEN021,,47.0,15.9,12.0
SEN019,,72.0,34.72222222222222,-21.7
SEN034,,67.0,22.7,27.8
SEN035,,,27.9,24.383999999999997
SEN018,,42.0,20.72222222222222,21.2
SEN026,,86.0,27.6,41.0
SEN015,,63.0,,5.8
SEN022,2026-04-07 05:30:00,74.0,15.9,28.4
SEN050,,40.0,16.2,18.034
SEN046,,40.0,23.4,36.83
SEN014,,91.0,26.5,49.8
UNKNOWN,2026-06-23 05:30:00,45.0,30.27777777777778,6.9
SEN044,,47.0,24.5,35.5
SEN039,2026-06-21 05:30:00,59.0,24.7,
SEN012,,35.0,25.6,15.7
SEN021,,94.0,19.27777777777778,11.2
SEN043,,91.0,18.5,22.0
SEN028,,91.0,,18.1
SEN050,,38.0,23.2,1.15
SEN022,2026-07-31 05:30:00,60.0,24.9,0.57
SEN011,,71.0,24.88888888888889,45.9
SEN035,,,17.11111111111111,33.019999999999996
SEN036,,62.0,26.3,4.3180000000000005
SEN029,,38.0,36.72222222222222,12.9
SEN015,,64.0,24.5,34.6
SEN023,,42.0,18.77777777777778,34.6
SEN036,,37.0,38.6,8.9
SEN013,,72.0,24.8,33.3
SEN029,,83.0,25.222222222222225,
SEN035,,36.0,18.5,44.3
SEN038,,39.0,37.5,3.5
SEN015,,63.0,15.222222222222221,25.5
SEN034,,74.0,38.3,23.7
SEN049,,76.0,29.9,9.8
SEN010,,64.0,,30.3
SEN045,,53.0,,
SEN023,,69.0,23.61111111111111,43.4
SEN010,,93.0,35.9,32.257999999999996
SEN018,,51.0,20.72222222222222,10.0
SEN009,,,,16.2
SEN037,,,,5.2
SEN038,,58.0,37.6,15.748
SEN022,,77.0,23.0,41.6
SEN017,,75.0,35.22222222222222,29.209999999999997
SEN018,,81.0,16.4,0.7
SEN003,,51.0,25.888888888888886,37.2
SEN023,,51.0,23.9,25.0
SEN036,,94.0,29.22222222222222,40.0
SEN030,,73.0,24.777777777777775,2.4
SEN043,,75.0,28.0,37.1
SEN027,,54.0,32.27777777777778,24.3
SEN017,,83.0,19.0,24.7
SEN026,,47.0,39.9,-9.4
SEN046,,54.0,22.722222222222225,29.717999999999996
SEN006,,41.0,22.38888888888889,30.6
SEN033,,92.0,17.2,16.8
SEN004,,61.0,22.5,-21.1
SEN036,,52.0,15.11111111111111,23.9
SEN018,,60.0,,-9.7
SEN008,,51.0,38.888888888888886,1.04
SEN019,,90.0,15.6,15.6
UNKNOWN,,75.0,19.27777777777778,15.5
SEN004,,75.0,21.3,-3.5
SEN003,,94.0,,1.9
SEN024,,,31.4,12.191999999999998
SEN030,,41.0,22.722222222222225,19.558
SEN047,,74.0,,18.287999999999997
SEN015,,46.0,29.0,41.401999999999994
SEN038,,95.0,39.111111111111114,1.7
SEN018,,36.0,26.4,19.6
SEN016,,44.0,34.3,17.272000000000002
SEN007,,56.0,24.88888888888889,45.974
SEN029,,87.0,31.6,-28.1
SEN002,,50.0,34.611111111111114,
SEN002,,64.0,28.77777777777778,48.5
SEN013,,82.0,,5.2
SEN012,,68.0,,-37.6
SEN020,,53.0,,1.06
SEN002,,63.0,35.77777777777778,6.604
SEN007,,76.0,26.2,4.2
SEN047,,87.0,38.7,15.3
SEN019,,94.0,38.888888888888886,1.07
SEN023,,44.0,38.5,4.826
SEN050,,55.0,16.4,
SEN037,,32.0,15.777777777777779,24.4
SEN040,,66.0,22.61111111111111,20.2
SEN042,,59.0,32.0,5.6
SEN006,,53.0,19.2,15.239999999999998
UNKNOWN,,62.0,20.8,22.0
SEN048,,,30.11111111111111,33.0
SEN040,,51.0,17.27777777777778,39.878
SEN045,,47.0,25.777777777777782,46.5
SEN001,,80.0,,-24.5
SEN050,,77.0,37.3,14.9
SEN033,,94.0,15.2,47.2
SEN028,,81.0,25.9,28.1
SEN049,,38.0,20.2,-26.4
SEN024,,39.0,29.61111111111111,47.6
SEN035,2026-07-03 05:30:00,56.0,15.222222222222221,34.4
SEN029,,89.0,32.22222222222222,49.2
SEN046,,37.0,32.5,31.6
SEN041,,54.0,23.4,43.6
SEN042,,,,30.2
SEN013,,84.0,,0.254
SEN019,,37.0,,49.2
UNKNOWN,,63.0,,-35.6
SEN022,,47.0,39.77777777777778,21.843999999999998
SEN022,,53.0,34.7,1.01
UNKNOWN,,70.0,18.61111111111111,45.8
SEN042,,45.0,36.0,14.1
SEN024,,74.0,36.4,
SEN044,,94.0,18.77777777777778,45.5
SEN025,,,33.888888888888886,20.1
SEN006,,79.0,23.000000000000004,35.5
SEN003,,31.0,24.8,
SEN031,2026-08-27 05:30:00,,,49.1
SEN003,,73.0,39.72222222222222,6.0
SEN020,,50.0,18.3,-42.3
SEN026,,79.0,33.111111111111114,47.751999999999995
SEN027,,68.0,17.38888888888889,27.6
SEN033,,,34.8,25.5
SEN001,,44.0,22.1,1.83
SEN040,,,34.6,5.842
SEN013,,55.0,20.38888888888889,17.0
UNKNOWN,,78.0,36.388888888888886,10.4
SEN001,,94.0,36.77777777777778,7.5
SEN043,,56.0,17.88888888888889,25.7
SEN009,,56.0,30.5,1.11
SEN035,,75.0,20.8,20.4
SEN014,,91.0,31.5,27.432
UNKNOWN,,49.0,34.5,18.7
SEN019,,81.0,18.7,0.51
SEN035,,90.0,26.9,5.1
SEN044,,70.0,18.77777777777778,3.8099999999999996
SEN025,,74.0,33.4,18.8
SEN014,,76.0,,45.3
SEN042,,53.0,17.5,47.3
SEN020,,81.0,25.2,1.2
SEN029,,59.0,28.4,33.4
SEN006,,,34.4,0.73
SEN034,,76.0,34.3,6.2
SEN047,,,19.88888888888889,13.3
SEN009,,31.0,24.72222222222222,1.0
SEN044,,94.0,33.77777777777778,38.9
SEN032,,67.0,,27.0
UNKNOWN,,53.0,15.0,44.3
SEN045,,44.0,36.9,1.19
SEN003,,35.0,34.3,1.88
SEN012,,52.0,,1.08
SEN015,,,30.6,21.1
SEN038,,45.0,16.5,
SEN039,,44.0,25.5,26.1
SEN019,,68.0,34.1,11.8
SEN013,,65.0,37.388888888888886,0.72
SEN026,,58.0,36.8,36.83
SEN009,,46.0,,0.3
UNKNOWN,,92.0,30.27777777777778,35.306
SEN002,,79.0,40.0,-16.8
SEN008,,91.0,24.88888888888889,-13.7
SEN017,,65.0,30.2,35.05199999999999
UNKNOWN,,47.0,37.0,47.9
SEN015,,58.0,34.4,16.002
SEN037,,41.0,39.5,1.41
SEN019,,33.0,21.9,0.33
SEN047,,49.0,28.72222222222222,6.35
SEN045,,,16.0,10.8
SEN021,,57.0,15.11111111111111,28.6
SEN001,,38.0,28.2,
SEN041,,56.0,30.2,29.2
SEN019,,60.0,30.77777777777778,22.8
SEN010,,59.0,35.77777777777778,16.9
SEN012,,69.0,,-5.6
SEN032,,80.0,37.2,14.731999999999998
SEN039,,,23.77777777777778,9.4
SEN015,,95.0,32.5,0.56
SEN041,,30.0,17.4,-36.9
SEN019,,49.0,30.1,43.7
SEN045,,57.0,28.277777777777782,18.6
SEN050,,74.0,,41.8
SEN025,,95.0,37.5,31.7
SEN030,,86.0,20.888888888888886,33.2
SEN050,,,29.9,41.4
SEN038,,88.0,36.8,47.4
SEN016,,57.0,,6.6
SEN032,,64.0,38.611111111111114,1.5
SEN008,,,,17.2
SEN025,,30.0,34.2,41.2
SEN002,,92.0,,-11.4
SEN027,,,18.6,32.6
SEN006,,45.0,38.77777777777778,0.96
SEN026,,72.0,33.888888888888886,45.4
SEN021,,48.0,29.27777777777778,20.9
SEN029,,40.0,22.277777777777775,47.7
SEN020,,,35.888888888888886,36.5
SEN040,,95.0,28.61111111111111,10.1
SEN029,,39.0,39.9,44.449999999999996
SEN008,,83.0,35.0,49.2
SEN025,,33.0,39.72222222222222,39.3
UNKNOWN,,44.0,38.6,49.6
SEN007,,94.0,,4.0
SEN023,,50.0,37.388888888888886,9.0
SEN011,,85.0,23.22222222222222,13.3
SEN027,,87.0,31.3,19.3
SEN008,,34.0,36.4,46.1
SEN006,,64.0,18.8,35.0
SEN032,,56.0,,-0.4
SEN016,,90.0,20.1,46.3
SEN001,,70.0,33.888888888888886,34.798
SEN010,,33.0,,31.0
SEN022,,83.0,23.77777777777778,0.49
SEN014,,90.0,21.611111111111114,28.0
SEN036,,34.0,23.2,43.18
SEN041,,60.0,38.3,
SEN019,,55.0,25.5,20.7
SEN016,,63.0,37.0,17.018
SEN048,,51.0,26.38888888888889,15.1
SEN039,,86.0,26.1,11.8
SEN044,,50.0,19.6,
SEN026,,72.0,19.27777777777778,19.304
SEN050,,73.0,26.77777777777778,0.39
SEN020,,43.0,15.11111111111111,36.57599999999999
SEN050,,34.0,25.1,35.559999999999995
SEN009,,92.0,33.5,2.0
SEN048,,59.0,36.2,26.2
SEN042,,50.0,36.27777777777778,-14.4
SEN020,,48.0,20.0,21.843999999999998
SEN024,,50.0,31.4,22.9
SEN022,,73.0,27.77777777777778,30.225999999999996
SEN019,,53.0,16.0,-32.7
SEN008,,65.0,36.388888888888886,27.94
SEN009,,,22.7,-38.1
SEN048,,75.0,26.8,29.5
SEN008,,,20.0,
SEN032,,,17.61111111111111,12.0
SEN040,,47.0,,36.7
SEN021,,49.0,36.0,49.0
SEN006,,65.0,35.22222222222222,15.5
SEN036,,80.0,27.61111111111111,5.3
SEN031,,61.0,21.3,22.6
SEN023,,91.0,26.611111111111114,
SEN019,,40.0,26.77777777777778,48.5
SEN021,,,36.77777777777778,17.3
SEN040,,,32.5,8.6
SEN035,,83.0,28.000000000000004,8.1
SEN037,,46.0,15.1,19.6
SEN008,,50.0,39.888888888888886,-19.3
SEN045,,31.0,17.3,25.8
SEN014,,88.0,,4.7
SEN008,,34.0,23.22222222222222,32.2
SEN019,,85.0,23.61111111111111,13.9
SEN031,,35.0,39.72222222222222,
UNKNOWN,,66.0,39.0,36.57599999999999
SEN019,,,17.77777777777778,25.907999999999998
SEN046,,91.0,,13.7
SEN011,,39.0,31.11111111111111,40.6
SEN018,,72.0,17.22222222222222,1.68
SEN029,,78.0,26.9,43.942
SEN034,,76.0,20.7,39.4
SEN020,,,35.77777777777778,16.1
SEN007,,67.0,,22.352
SEN044,,94.0,15.7,23.1
SEN047,,50.0,16.38888888888889,37.5
SEN025,,34.0,39.27777777777778,37.2
SEN023,,67.0,,18.1
SEN030,,44.0,38.27777777777778,3.8
SEN037,,64.0,,6.5
SEN010,,43.0,35.72222222222222,
SEN002,2026-03-16 05:30:00,77.0,28.72222222222222,16.7
SEN016,,47.0,33.9,29.8
UNKNOWN,,76.0,28.88888888888889,0.35
SEN012,,53.0,20.38888888888889,21.7
SEN044,,72.0,33.888888888888886,18.1
SEN048,,93.0,25.2,39.1
SEN007,,51.0,,25.8
SEN029,,49.0,29.4,40.894
SEN005,,71.0,33.72222222222222,28.7
SEN020,,50.0,38.0,0.71
SEN002,,47.0,15.777777777777779,17.272000000000002
SEN048,,68.0,19.6,23.4
SEN047,,,,0.4
SEN023,,37.0,19.111111111111114,1.79
SEN020,,58.0,15.88888888888889,5.842
UNKNOWN,,37.0,16.22222222222222,20.7
SEN022,,52.0,35.0,0.63
SEN038,,54.0,31.2,3.2
SEN048,,77.0,28.72222222222222,28.2
SEN043,,93.0,,49.5
SEN035,,95.0,35.6,45.6
SEN009,,36.0,36.2,-1.6
SEN046,,93.0,18.72222222222222,48.7
SEN031,,32.0,15.277777777777779,43.0
SEN028,,76.0,,6.858
SEN031,,73.0,26.27777777777778,16.7
SEN026,,89.0,23.7,-1.6
SEN015,,91.0,25.9,1.68
SEN029,,47.0,,-5.1
SEN019,,69.0,18.7,
SEN034,,37.0,20.8,46.6
SEN050,,65.0,22.2,18.8
SEN028,,45.0,39.2,8.382
SEN028,,92.0,16.7,46.4
SEN043,,47.0,31.0,17.9
UNKNOWN,,39.0,34.611111111111114,0.76
SEN020,,35.0,28.000000000000004,13.6
SEN036,,83.0,17.5,1.65
SEN033,,,34.0,20.32
SEN016,,34.0,29.72222222222222,30.5
SEN010,,,32.72222222222222,5.1
SEN014,,34.0,33.9,1.18
SEN049,,83.0,23.277777777777782,1.26
SEN034,,,21.6,42.6
SEN010,,47.0,32.72222222222222,44.7
SEN008,,69.0,38.388888888888886,0.33
SEN046,,52.0,31.61111111111111,0.53
SEN003,,72.0,36.0,0.23
SEN017,,58.0,18.277777777777782,31.241999999999997
SEN048,,60.0,,-22.1
SEN015,,89.0,30.5,5.588
SEN050,,35.0,,28.3
SEN019,,36.0,37.388888888888886,1.06
SEN045,,36.0,37.611111111111114,22.2
SEN046,,94.0,25.5,22.9
SEN029,,,22.61111111111111,1.83
SEN021,,,38.888888888888886,17.525999999999996
SEN018,,84.0,23.000000000000004,5.1
SEN037,,73.0,22.61111111111111,38.0
SEN035,,57.0,39.27777777777778,1.3
UNKNOWN,,35.0,28.3,26.2
SEN002,,68.0,21.4,
SEN016,,35.0,24.1,28.5
SEN041,,41.0,22.722222222222225,-43.2
SEN023,,77.0,17.9,1.49
SEN031,,38.0,,-9.9
SEN013,,70.0,34.611111111111114,48.767999999999994
SEN029,,33.0,21.5,40.9
SEN017,2026-05-20 05:30:00,31.0,33.8,45.6
SEN003,,94.0,20.0,2.1
SEN046,,69.0,39.888888888888886,46.9
SEN007,,93.0,26.77777777777778,27.9
SEN050,,69.0,18.1,20.6
SEN041,,31.0,28.277777777777782,1.9
SEN023,,60.0,35.9,18.0
SEN012,,51.0,,10.3
SEN018,,82.0,27.8,33.528
SEN002,,60.0,36.0,42.925999999999995
SEN007,,48.0,16.0,39.1
SEN049,,80.0,27.77777777777778,32.7
SEN031,,40.0,26.8,-15.7
SEN046,,76.0,30.38888888888889,-3.2
SEN002,,,30.9,15.1
SEN016,,90.0,29.88888888888889,-40.3
SEN024,,32.0,34.27777777777778,14.6
SEN001,,,34.2,4.0
SEN016,,52.0,37.27777777777778,43.9
SEN047,,92.0,27.2,49.784
SEN011,,,26.8,46.4
SEN017,,68.0,37.77777777777778,26.2
SEN005,,74.0,15.7,37.2
SEN030,,72.0,19.7,8.4
SEN036,,48.0,29.61111111111111,10.413999999999998
SEN035,,70.0,34.388888888888886,39.7
SEN042,,65.0,36.72222222222222,9.5
SEN032,,38.0,30.0,36.8
SEN024,,90.0,35.9,47.2
UNKNOWN,,34.0,31.1,27.5
SEN011,,70.0,39.111111111111114,
SEN037,,84.0,29.9,1.89
SEN042,,39.0,20.5,25.6
SEN002,,87.0,33.111111111111114,1.9
SEN024,,91.0,31.7,48.7
UNKNOWN,,54.0,28.000000000000004,9.9
SEN045,,58.0,21.7,37.7
SEN039,,73.0,,29.4
SEN037,,87.0,29.72222222222222,33.8
SEN037,,45.0,16.4,
SEN009,,,38.0,25.1
SEN026,,86.0,28.4,28.194000000000003
UNKNOWN,,58.0,36.3,32.0
SEN002,,75.0,38.5,1.66
SEN013,,51.0,23.4,35.559999999999995
SEN049,,54.0,39.4,41.7
SEN038,,34.0,32.888888888888886,-26.9
SEN043,,43.0,,1.778
SEN005,,,27.277777777777775,10.9
SEN017,,31.0,35.72222222222222,27.5
SEN028,,36.0,23.72222222222222,45.3
SEN046,,63.0,23.6,0.19
SEN044,,66.0,22.61111111111111,48.9
SEN003,,31.0,28.3,22.3
SEN021,,68.0,25.9,18.9
SEN008,,81.0,32.6,47.2
UNKNOWN,,67.0,27.77777777777778,-25.5
SEN024,,87.0,23.77777777777778,14.9
SEN007,,38.0,32.1,13.5
SEN019,,32.0,36.77777777777778,0.55
SEN050,,72.0,27.5,23.1
UNKNOWN,,42.0,26.888888888888893,36.1
SEN009,,,36.3,20.9
SEN027,,56.0,35.8,43.1
SEN027,,34.0,28.5,31.2
UNKNOWN,,32.0,36.0,0.32
SEN017,,41.0,,17.8
SEN015,,61.0,29.88888888888889,30.225999999999996
SEN009,,61.0,16.1,-49.9
SEN045,,66.0,20.7,32.7
SEN026,,92.0,39.5,31.3
SEN009,,,28.9,3.1
SEN038,,31.0,17.7,30.0
SEN047,,40.0,31.1,38.6
SEN003,,42.0,23.6,27.432
SEN009,,40.0,19.499999999999996,0.75
SEN029,,53.0,20.38888888888889,18.034
SEN045,,63.0,29.7,9.9
SEN046,,53.0,,-28.0
SEN007,,60.0,37.4,39.878
SEN046,,91.0,30.22222222222222,7.8
SEN004,,60.0,35.1,1.85
SEN026,,53.0,32.9,39.6
SEN032,,84.0,,-49.9
SEN030,,84.0,21.0,0.2
UNKNOWN,,,31.1,4.3
SEN023,,65.0,37.72222222222222,-16.3
SEN029,,32.0,34.5,34.0
SEN002,,75.0,30.7,40.2
SEN012,2026-06-18 05:30:00,38.0,21.888888888888893,44.1
SEN014,,51.0,39.6,0.48
SEN033,,38.0,29.38888888888889,14.731999999999998
SEN004,,54.0,15.0,
SEN044,,38.0,,0.5
SEN049,,80.0,26.3,16.2
UNKNOWN,,60.0,34.7,8.6
SEN014,,49.0,26.1,7.3
SEN005,,,19.4,
SEN037,,92.0,,42.2
SEN015,,84.0,,-39.3
SEN036,,51.0,34.1,27.9
SEN013,,60.0,30.4,39.116
SEN018,,34.0,30.8,12.6
SEN025,,71.0,24.1,42.6
UNKNOWN,,30.0,19.111111111111114,44.1
SEN035,,63.0,28.88888888888889,33.6
SEN034,,87.0,,15.3
SEN036,,57.0,21.9,1.2
UNKNOWN,,83.0,,41.5
SEN039,,78.0,33.388888888888886,42.0
SEN046,,59.0,36.5,10.2
SEN016,,48.0,25.0,47.8
SEN030,,35.0,22.8,8.382
SEN034,,66.0,19.6,1.85
SEN023,,34.0,17.8,44.7
UNKNOWN,,41.0,26.5,23.4
SEN012,,33.0,36.5,28.0
SEN026,,46.0,36.888888888888886,15.8
SEN032,,33.0,35.2,34.3
SEN049,,59.0,16.9,22.7
SEN041,,43.0,38.888888888888886,39.5
SEN040,,43.0,18.72222222222222,50.0
SEN019,,,23.388888888888886,0.59
SEN002,,90.0,,41.148
SEN013,,34.0,20.2,3.1
SEN050,,49.0,25.6,38.6
SEN044,,91.0,33.6,4.5
SEN022,,50.0,23.0,5.0
SEN027,,86.0,29.0,16.0
SEN011,,81.0,31.27777777777778,24.7
SEN049,,84.0,36.1,6.095999999999999
SEN017,,,36.22222222222222,12.3
SEN008,,80.0,32.388888888888886,43.2
SEN048,,77.0,20.38888888888889,-0.4
SEN024,,81.0,34.888888888888886,
SEN034,,62.0,22.5,15.1
SEN023,,33.0,19.4,5.2
SEN038,,93.0,,1.56
SEN022,2026-08-30 05:30:00,73.0,,13.462
SEN007,,,26.38888888888889,11.176
SEN020,,61.0,18.3,9.3
SEN014,,,37.0,41.401999999999994
SEN008,,41.0,20.11111111111111,32.3
SEN034,,70.0,35.611111111111114,41.1
SEN024,,34.0,33.3,0.64
SEN046,,93.0,17.72222222222222,40.8
SEN009,,78.0,30.5,47.244
SEN026,,64.0,33.6,13.1
UNKNOWN,,45.0,,11.7
SEN001,,,25.500000000000004,17.018
SEN021,,95.0,19.8,27.0
SEN048,,31.0,21.3,15.7
SEN017,,,,35.6
SEN048,,,22.77777777777778,
SEN010,,77.0,,30.7
SEN041,,71.0,26.27777777777778,7.112
SEN023,,79.0,16.9,5.1
SEN039,,60.0,38.611111111111114,15.9
SEN043,,90.0,,29.0
SEN038,,77.0,35.9,23.368
SEN040,,,21.77777777777778,
UNKNOWN,,30.0,16.11111111111111,-14.2
SEN004,,43.0,29.88888888888889,36.83
SEN045,,43.0,37.388888888888886,22.0
SEN049,,46.0,39.1,11.1
SEN015,,70.0,39.388888888888886,36.8
SEN034,,59.0,24.0,39.4
SEN022,,45.0,30.5,11.3
SEN002,,,33.27777777777778,-0.4
SEN030,,33.0,,36.5
UNKNOWN,,39.0,27.8,45.4
SEN004,,76.0,23.72222222222222,1.1
SEN044,,78.0,,32.6
SEN039,,76.0,15.277777777777779,5.2
SEN008,,70.0,,44.3
SEN040,,81.0,15.4,-27.3
SEN012,,,27.61111111111111,0.3
SEN026,,64.0,33.5,29.1
SEN007,,55.0,,45.5
SEN050,,49.0,35.1,7.4
SEN022,,83.0,39.27777777777778,35.3
SEN030,,55.0,21.888888888888893,22.6
UNKNOWN,,73.0,,16.0
SEN008,,62.0,,9.8
SEN015,,,39.27777777777778,-41.4
UNKNOWN,,,32.6,36.9
SEN025,,84.0,15.5,33.2
UNKNOWN,,68.0,20.3,1.82
SEN007,,,30.7,26.2
UNKNOWN,,,,1.41
SEN005,,31.0,,0.5
UNKNOWN,,84.0,,-34.3
SEN033,,81.0,22.3,32.2
SEN012,,,35.888888888888886,42.672
SEN040,,80.0,17.11111111111111,27.8
SEN046,,,29.2,21.8
SEN019,,52.0,19.4,47.5
SEN021,,89.0,17.7,11.684
SEN025,,92.0,32.72222222222222,48.26
SEN033,,38.0,18.000000000000004,0.06
SEN009,,45.0,29.2,1.69
SEN026,,34.0,20.500000000000004,23.4
SEN032,,35.0,35.1,31.8
SEN031,,74.0,21.1,-9.3
SEN029,,47.0,20.38888888888889,39.9
SEN035,,86.0,19.9,1.14
SEN048,,34.0,17.11111111111111,1.07
SEN027,,80.0,27.5,34.7
SEN043,,72.0,31.4,46.8
SEN002,,94.0,26.27777777777778,5.1
SEN017,,31.0,18.8,40.386
SEN041,,43.0,30.27777777777778,14.731999999999998
SEN005,,88.0,24.61111111111111,30.1
UNKNOWN,,30.0,16.6,
SEN030,,41.0,24.72222222222222,10.4
SEN031,,85.0,26.4,36.6
SEN031,,33.0,27.9,30.3
SEN006,,34.0,32.7,33.5
SEN009,,55.0,33.8,-23.1
SEN045,,60.0,22.7,4.3
SEN034,,58.0,24.27777777777778,19.304
SEN004,,45.0,20.500000000000004,35.6
SEN006,,66.0,28.5,44.8
UNKNOWN,,64.0,,10.8
SEN014,,76.0,17.3,1.26
SEN013,,40.0,34.6,17.4
SEN004,,78.0,,10.5
SEN028,,,30.11111111111111,0.94
SEN018,,49.0,21.5,37.846
SEN035,,86.0,23.61111111111111,10.5
SEN017,,35.0,38.8,0.27
SEN022,,,26.888888888888893,47.1
SEN004,,88.0,37.9,25.1
SEN026,,35.0,,-28.8
SEN015,,77.0,34.1,10.1
SEN031,2026-03-30 05:30:00,84.0,,18.4
SEN013,,37.0,,37.592
SEN031,,61.0,,
SEN016,,82.0,35.388888888888886,
SEN016,,65.0,34.22222222222222,
SEN024,,60.0,,41.6
UNKNOWN,,93.0,30.77777777777778,40.3
SEN006,,50.0,15.6,31.9
SEN037,,95.0,20.0,15.493999999999998
SEN027,,,31.38888888888889,7.1
SEN046,,37.0,27.9,39.624
SEN003,,82.0,19.7,28.5
SEN008,,88.0,39.5,5.0
SEN012,,95.0,33.77777777777778,2.7
SEN039,,83.0,26.7,18.541999999999998
SEN021,,55.0,16.11111111111111,25.4
SEN039,,46.0,19.61111111111111,
SEN048,,40.0,24.499999999999996,-39.6
SEN036,,,28.277777777777782,4.4
SEN044,,54.0,17.88888888888889,15.9
SEN003,,61.0,21.6,31.3
SEN041,,31.0,20.1,19.9
SEN039,,83.0,26.8,-40.6
SEN050,,41.0,39.72222222222222,21.7
SEN015,,60.0,24.6,43.4
SEN002,,47.0,29.38888888888889,2.8
SEN002,,36.0,23.5,
SEN045,,57.0,,4.2
SEN013,,37.0,24.222222222222218,0.3
SEN035,,39.0,19.1,10.4
SEN004,,64.0,25.4,14.477999999999998
SEN025,,63.0,,
SEN020,,78.0,38.22222222222222,28.194000000000003
UNKNOWN,,36.0,29.8,
SEN039,,52.0,,14.2
SEN031,,32.0,,38.6
SEN043,,,28.1,18.7
SEN016,,76.0,16.5,32.1
SEN019,,61.0,25.8,39.37
SEN050,,66.0,28.3,21.9
SEN011,,73.0,21.4,19.0
SEN031,,53.0,20.1,
SEN012,,61.0,30.22222222222222,43.687999999999995
SEN050,,95.0,25.500000000000004,-44.2
UNKNOWN,,51.0,30.77777777777778,-34.1
SEN001,,30.0,24.61111111111111,37.8
SEN011,,46.0,36.5,15.7
SEN039,,63.0,18.4,23.1
SEN007,,79.0,18.111111111111107,48.4
SEN009,,55.0,21.888888888888893,1.83
SEN007,,82.0,22.3,28.8
SEN004,,91.0,36.1,-13.3
SEN020,,54.0,27.722222222222225,29.7
SEN047,,37.0,39.3,16.256
SEN030,,,39.0,41.8
SEN031,,86.0,35.111111111111114,46.99
SEN048,,48.0,29.22222222222222,34.798
SEN046,,,38.77777777777778,-23.6
UNKNOWN,,73.0,23.111111111111107,0.87
SEN039,,45.0,15.3,18.796
SEN029,,70.0,32.9,15.6
UNKNOWN,,54.0,,
SEN034,,50.0,16.9,-14.4
SEN038,,45.0,,31.8
SEN047,,40.0,15.3,11.176
SEN005,,41.0,23.1,-7.4
SEN022,,62.0,16.2,10.0
SEN048,,80.0,37.9,36.57599999999999
SEN005,,83.0,35.1,49.784
SEN026,,30.0,36.111111111111114,17.2
SEN042,,30.0,21.4,38.608
SEN020,,57.0,31.0,0.36
SEN010,,89.0,,10.16
SEN004,,54.0,19.3,1.016
SEN040,,37.0,26.611111111111114,-46.1
SEN032,,83.0,16.5,26.416
SEN043,,66.0,19.2,2.5
SEN034,,62.0,25.0,31.1
SEN018,,93.0,26.0,-0.9
SEN022,,76.0,19.2,1.43
SEN042,,68.0,21.9,22.098
SEN024,,62.0,28.77777777777778,0.36
SEN011,,42.0,20.888888888888886,-46.2
SEN003,,61.0,26.611111111111114,19.1
SEN031,,31.0,17.11111111111111,36.57599999999999
SEN005,,76.0,,36.321999999999996
SEN029,,40.0,35.888888888888886,9.906
SEN018,,49.0,39.22222222222222,32.766
SEN016,,41.0,23.1,27.432
SEN012,,38.0,38.77777777777778,18.796
SEN003,,57.0,32.4,3.3
SEN029,,69.0,21.6,38.9
SEN006,,40.0,17.22222222222222,42.0
SEN046,,73.0,33.0,
SEN039,,93.0,34.888888888888886,13.208
SEN032,,,19.3,-7.3
SEN049,,85.0,22.1,23.2
SEN029,,87.0,35.72222222222222,35.5
SEN010,,85.0,15.6,-20.7
SEN038,,70.0,38.6,17.3
UNKNOWN,,85.0,36.4,0.45
SEN020,,55.0,,11.9
SEN026,,75.0,,-45.0
SEN050,,67.0,19.88888888888889,41.4
SEN040,,,18.5,44.9
SEN013,,69.0,37.7,1.5239999999999998
SEN043,,30.0,35.388888888888886,31.2
SEN047,,93.0,,29.3
SEN036,,91.0,20.611111111111107,23.7
SEN046,,68.0,21.611111111111114,30.1
SEN026,,58.0,30.61111111111111,18.2
SEN017,,72.0,25.888888888888886,6.604
SEN040,,58.0,21.11111111111111,11.6
SEN019,,77.0,16.1,10.0
SEN005,,90.0,39.6,1.016
SEN044,,44.0,24.0,20.5
SEN035,,61.0,,-49.9
SEN008,,,16.2,42.7
SEN049,,53.0,17.0,39.1
SEN035,,32.0,,-27.7
SEN042,,32.0,,16.002
SEN007,,36.0,34.2,33.9
SEN035,,87.0,36.5,37.0
SEN019,,,19.0,1.05
SEN001,,64.0,34.5,28.8
SEN008,,37.0,20.1,3.8
SEN026,,93.0,25.11111111111111,
SEN044,,72.0,,12.5
SEN037,,36.0,31.0,0.0
SEN004,,,17.72222222222222,34.8
SEN050,,73.0,31.7,20.4
SEN020,,75.0,15.222222222222221,44.6
SEN048,,46.0,,6.0
SEN045,,,,-15.7
SEN031,,82.0,17.9,22.4
UNKNOWN,,52.0,35.2,7.7
SEN039,,31.0,34.72222222222222,23.9
SEN041,,78.0,15.61111111111111,0.96
SEN045,2026-08-10 05:30:00,,17.72222222222222,-2.4
SEN021,,45.0,18.2,35.5
SEN015,,47.0,29.72222222222222,-18.1
SEN013,,75.0,25.72222222222222,4.3
SEN049,,,39.1,-15.6
SEN019,,78.0,26.5,-26.9
SEN004,,47.0,32.111111111111114,30.733999999999998
SEN006,,,28.9,28.194000000000003
SEN001,,82.0,37.0,23.2
UNKNOWN,,57.0,,32.9
SEN010,,48.0,33.611111111111114,0.61
SEN049,,91.0,,2.9
SEN045,,74.0,26.5,-26.2
SEN003,,78.0,19.4,12.1
SEN010,,51.0,23.5,26.1
SEN008,,,23.22222222222222,26.669999999999998
SEN048,,30.0,22.11111111111111,27.5
SEN038,,,,30.4
SEN050,,47.0,25.3,27.178
SEN025,,52.0,25.72222222222222,13.6
SEN030,,30.0,,28.955999999999996
SEN014,,80.0,29.7,29.3
SEN020,,94.0,,26.416
SEN015,,76.0,,46.482
SEN007,,74.0,17.61111111111111,8.1
SEN012,2026-06-05 05:30:00,50.0,36.888888888888886,42.163999999999994
SEN026,,52.0,,19.5
SEN023,,91.0,17.5,-24.0
SEN013,,94.0,26.0,4.6
SEN042,,78.0,29.4,29.0
SEN008,,85.0,,0.09
SEN001,,95.0,25.11111111111111,34.5
SEN009,,82.0,,9.7
SEN042,,69.0,38.9,42.6
SEN011,,71.0,33.888888888888886,28.5
SEN030,,51.0,,4.1
SEN029,,48.0,20.7,0.81
UNKNOWN,,70.0,16.22222222222222,-5.9
SEN004,,63.0,18.0,8.2
SEN026,,91.0,26.5,49.8
SEN009,,,,24.4
SEN002,,82.0,30.6,46.9
SEN021,,61.0,17.9,29.6
SEN050,,40.0,17.77777777777778,26.5
SEN009,,59.0,15.3,25.9
SEN042,,64.0,29.22222222222222,34.5
SEN004,,49.0,28.2,43.0
SEN014,,60.0,38.7,-26.6
SEN017,,49.0,25.777777777777782,16.4
SEN022,,55.0,24.9,26.4
SEN033,,69.0,27.22222222222222,-2.2
SEN045,,93.0,35.7,26.4
SEN042,2026-05-27 05:30:00,74.0,25.72222222222222,18.6
SEN044,,31.0,30.0,4.5
SEN048,,33.0,15.222222222222221,35.7
SEN037,,64.0,34.888888888888886,45.0
SEN021,,84.0,21.1,11.9
SEN015,,94.0,15.2,1.01
SEN020,,,35.388888888888886,6.2
SEN014,,34.0,15.2,
SEN032,,79.0,19.8,49.6
SEN039,,30.0,,29.717999999999996
SEN012,,84.0,32.77777777777778,38.608
UNKNOWN,,,18.277777777777782,22.0
SEN007,,48.0,25.9,13.8
SEN001,,58.0,39.9,13.5
SEN014,,84.0,16.4,-45.6
SEN042,,67.0,18.88888888888889,
SEN032,,47.0,,9.3
SEN015,,70.0,23.0,24.1
SEN021,,41.0,39.388888888888886,48.00599999999999
SEN032,,50.0,,1.55
SEN024,2026-07-19 05:30:00,69.0,,7.8
SEN038,,63.0,,9.9
SEN040,,42.0,35.6,12.446
SEN019,,64.0,16.27777777777778,44.704
SEN047,,39.0,31.9,14.731999999999998
SEN046,,32.0,16.0,0.26
SEN001,,92.0,,-23.7
SEN020,,94.0,33.888888888888886,37.083999999999996
SEN027,,68.0,35.5,23.6
SEN034,,55.0,38.888888888888886,33.528
SEN004,,58.0,23.8,46.0
SEN020,,37.0,36.8,20.6
SEN017,,81.0,19.0,0.4
SEN016,,81.0,16.61111111111111,5.08
SEN004,,88.0,29.6,44.7
SEN023,,53.0,32.388888888888886,7.3
SEN045,,,35.8,11.4
SEN040,,,34.0,44.4
SEN029,,49.0,33.2,4.826
SEN036,,95.0,36.5,35.0
SEN003,,82.0,,31.7
SEN018,,89.0,35.6,0.7
SEN019,,53.0,,35.0
SEN049,,30.0,,32.5
SEN042,,69.0,35.1,36.57599999999999
UNKNOWN,,,15.38888888888889,-35.6
SEN008,,55.0,,13.5
SEN024,,74.0,39.2,45.6
SEN030,,93.0,24.388888888888893,1.4
SEN040,,61.0,36.8,2.3
SEN013,,92.0,,14.0
SEN008,,94.0,35.9,22.7
SEN015,,40.0,29.27777777777778,37.5
SEN005,,45.0,22.38888888888889,41.0
SEN046,,70.0,,-18.9
SEN018,,40.0,27.22222222222222,18.3
SEN030,2026-03-18 05:30:00,,,18.5
SEN026,,75.0,,33.9
SEN025,,90.0,30.9,19.4
SEN046,,68.0,,-48.4
SEN048,,58.0,30.9,14.2
SEN041,,94.0,24.7,4.5
SEN022,,83.0,21.1,21.3
SEN032,,82.0,,0.11
SEN006,,62.0,29.22222222222222,7.8
SEN026,,75.0,19.499999999999996,33.4
SEN016,,74.0,26.22222222222222,7.619999999999999
SEN029,,46.0,22.6,28.194000000000003
SEN013,,95.0,18.77777777777778,-41.8
SEN021,,39.0,,48.8
SEN012,,51.0,37.388888888888886,47.2
SEN039,,66.0,35.5,1.5
SEN005,,63.0,33.611111111111114,45.72
SEN013,,70.0,17.9,-4.3
SEN015,,63.0,,0.12
SEN026,,31.0,32.388888888888886,48.3
SEN035,,53.0,20.888888888888886,43.18
SEN030,,58.0,26.6,44.4
SEN044,,50.0,26.38888888888889,42.8
SEN020,,,27.38888888888889,38.1
SEN035,,51.0,17.88888888888889,-11.1
SEN006,,67.0,29.5,-41.5
SEN017,,31.0,35.27777777777778,28.4
SEN016,,75.0,28.1,26.924
SEN008,,50.0,20.9,16.6
SEN019,,39.0,37.5,31.241999999999997
SEN015,,52.0,26.0,1.97
SEN046,,44.0,18.4,20.574
SEN043,,65.0,23.000000000000004,9.398
SEN002,,,37.5,35.9
SEN040,,82.0,,1.63
SEN012,,,15.6,49.2
SEN008,,83.0,15.5,14.477999999999998
SEN048,,40.0,20.611111111111107,49.6
SEN029,,93.0,24.388888888888893,0.7
SEN017,,,24.9,27.432
SEN027,,43.0,23.2,11.684
SEN025,,35.0,34.111111111111114,49.529999999999994
SEN019,,65.0,25.5,0.67
SEN048,,67.0,33.888888888888886,36.1
SEN038,,73.0,24.499999999999996,18.287999999999997
SEN033,,,16.11111111111111,0.3
SEN006,,59.0,31.11111111111111,
SEN010,,42.0,20.72222222222222,1.21
SEN032,,52.0,18.5,15.7
SEN023,,,26.22222222222222,14.8
SEN014,,86.0,17.0,46.4
SEN046,,37.0,16.7,46.6
SEN004,,63.0,,33.6
SEN042,,71.0,38.611111111111114,19.049999999999997
SEN005,,51.0,27.5,16.9
SEN007,,44.0,21.1,37.083999999999996
SEN011,,62.0,32.0,1.56
SEN049,,76.0,26.6,36.57599999999999
SEN047,,58.0,30.8,0.02
UNKNOWN,,95.0,36.2,3.0479999999999996
SEN015,,67.0,27.277777777777775,45.8
SEN040,2026-04-19 05:30:00,54.0,26.888888888888893,25.9
SEN020,,51.0,30.61111111111111,-5.9
SEN019,,62.0,33.888888888888886,13.5
SEN044,,38.0,33.22222222222222,31.1
SEN049,,66.0,28.4,-5.1
SEN043,,36.0,24.5,-42.4
SEN026,,31.0,39.72222222222222,40.894
SEN001,2026-07-03 05:30:00,77.0,19.3,24.7
SEN018,,68.0,22.0,1.02
SEN032,,90.0,17.72222222222222,35.0
UNKNOWN,,57.0,36.388888888888886,38.608
SEN001,,,34.6,1.5239999999999998
SEN033,,86.0,18.2,16.7
SEN027,,95.0,19.388888888888893,34.7
SEN025,,51.0,36.5,45.7
SEN019,,94.0,30.4,-7.9
SEN035,,,22.6,23.0
UNKNOWN,,63.0,,0.32
SEN039,,87.0,24.2,
SEN029,,74.0,21.8,38.9
SEN016,,66.0,32.5,-35.7
SEN008,,55.0,,16.509999999999998
SEN048,,57.0,24.4,-44.0
SEN044,,40.0,16.61111111111111,1.26
SEN022,,61.0,24.9,7.6
SEN017,,69.0,37.5,38.7
SEN039,,58.0,,10.8
SEN022,,,31.27777777777778,1.48
SEN037,,,19.61111111111111,11.1
SEN009,,87.0,17.9,0.41
SEN030,,81.0,,-49.4
SEN042,,82.0,25.2,5.5
SEN031,,77.0,15.9,5.0
SEN025,,37.0,38.888888888888886,3.8
SEN036,,87.0,23.3,30.987999999999996
SEN011,,73.0,25.888888888888886,7.0
SEN007,,64.0,31.27777777777778,48.9
SEN046,,61.0,32.4,0.36
SEN009,,80.0,29.5,39.3
SEN044,,93.0,38.611111111111114,18.9
SEN029,,54.0,18.2,49.022
SEN034,,57.0,28.7,15.5
SEN039,,,25.11111111111111,1.016
SEN044,,,30.5,41.0
SEN012,,78.0,29.7,-48.2
SEN031,,81.0,18.5,6.35
SEN042,,,33.6,41.0
SEN030,,92.0,26.11111111111111,17.8
SEN029,,52.0,,23.2
SEN028,,67.0,,49.7
SEN019,,,22.77777777777778,10.7
SEN028,,51.0,26.38888888888889,7.6
SEN002,,56.0,,38.6
SEN027,,,18.000000000000004,49.3
SEN025,,73.0,19.88888888888889,19.4
SEN032,,50.0,,-2.1
SEN050,,59.0,18.88888888888889,9.7
SEN003,,41.0,,-43.7
SEN002,,,22.5,-42.3
SEN006,,86.0,17.22222222222222,-6.8
SEN001,,60.0,17.88888888888889,1.78
SEN041,,42.0,30.61111111111111,31.241999999999997
SEN047,,49.0,18.1,
SEN005,,,27.0,
SEN038,,43.0,26.7,1.39
SEN009,,84.0,16.1,19.812
SEN020,,82.0,35.3,23.4
SEN048,,66.0,,23.6
SEN020,,34.0,28.77777777777778,21.2
SEN003,,65.0,34.111111111111114,39.878
SEN043,,62.0,38.5,33.3
SEN019,,81.0,36.611111111111114,1.7
SEN007,,44.0,16.6,40.64
SEN031,,,29.7,13.9
SEN010,,64.0,32.5,
SEN046,,91.0,28.3,24.8
SEN020,,,15.722222222222221,
SEN046,,89.0,16.8,35.0
SEN007,2026-01-10 05:30:00,50.0,25.8,7.2
SEN026,,38.0,24.9,46.4
SEN040,,41.0,35.111111111111114,39.3
SEN031,,,17.27777777777778,-44.6
SEN040,,69.0,35.6,0.5
SEN048,,,22.3,-40.3
SEN003,,78.0,24.27777777777778,12.2
SEN028,,48.0,35.1,1.75
SEN030,,,36.8,32.766
SEN032,,87.0,35.72222222222222,34.1
SEN048,,73.0,26.4,49.8
SEN040,,41.0,,36.9
SEN020,,57.0,37.1,25.1
SEN003,,77.0,22.0,34.3
SEN034,,64.0,23.77777777777778,15.3
SEN011,,95.0,24.61111111111111,37.8
SEN004,,43.0,,9.4
SEN019,,40.0,,4.2
SEN037,,57.0,19.777777777777775,48.7
SEN049,,86.0,18.388888888888886,12.3
SEN022,,43.0,19.0,
SEN019,,74.0,20.777777777777782,8.8
SEN049,,61.0,28.277777777777782,48.513999999999996
SEN036,,48.0,30.1,25.8
SEN004,,60.0,37.888888888888886,48.2
SEN048,,62.0,29.77777777777778,0.0
SEN018,,37.0,26.5,46.6
SEN047,,84.0,18.72222222222222,-29.8
SEN005,,61.0,18.4,44.5
SEN011,,,26.11111111111111,49.1
SEN005,,,17.5,
SEN037,,,,33.2
SEN048,,79.0,21.7,13.9
SEN049,,,38.111111111111114,40.4
SEN030,,80.0,20.72222222222222,39.116
SEN036,,,38.7,
SEN011,,94.0,39.111111111111114,-26.0
SEN023,,75.0,15.6,-46.0
SEN030,,68.0,,6.9
SEN004,,77.0,,15.239999999999998
SEN007,,,25.5,33.8
SEN046,,47.0,34.77777777777778,15.5
SEN047,,33.0,,40.894
SEN040,,59.0,33.5,46.228
SEN001,,36.0,31.5,1.38
SEN037,,58.0,23.22222222222222,12.6
SEN006,,,39.3,37.7
SEN010,,,,32.1
SEN033,,,39.9,8.636000000000001
SEN001,,81.0,34.611111111111114,24.5
SEN003,,37.0,38.388888888888886,4.3180000000000005
SEN031,,85.0,25.72222222222222,28.4
SEN041,,71.0,30.0,-28.4
SEN034,,59.0,37.388888888888886,26.8
SEN046,,59.0,27.88888888888889,48.4
SEN040,,44.0,18.5,32.5
SEN029,,95.0,37.3,4.0
SEN030,,59.0,22.4,6.0
SEN014,,47.0,21.4,-17.9
SEN012,,56.0,38.27777777777778,15.8
SEN049,,82.0,16.38888888888889,43.687999999999995
UNKNOWN,,74.0,31.3,47.3
SEN001,,50.0,25.9,-36.3
SEN049,,87.0,29.9,49.9
SEN004,,39.0,16.7,4.9
SEN033,,66.0,35.77777777777778,45.2
SEN015,,82.0,15.9,41.4
SEN036,,36.0,35.111111111111114,
SEN034,,38.0,16.6,0.95
UNKNOWN,,69.0,23.1,45.4
SEN040,,,16.38888888888889,20.0
SEN038,,88.0,31.9,27.3
SEN040,,35.0,25.2,-45.3
SEN002,,78.0,38.9,41.4
SEN022,,30.0,,-47.9
SEN029,,31.0,17.27777777777778,22.3
SEN013,,62.0,38.611111111111114,29.1
SEN018,,72.0,25.0,41.1
SEN028,,70.0,25.3,21.8
UNKNOWN,,46.0,39.5,2.3
SEN042,,95.0,39.1,27.0
SEN008,,89.0,35.2,1.07
SEN049,,48.0,,2.1
SEN034,,45.0,15.722222222222221,4.3180000000000005
UNKNOWN,,,36.8,37.8
SEN046,,67.0,16.0,27.5
SEN031,,83.0,,39.3
SEN042,2026-05-17 05:30:00,60.0,24.3,27.3
SEN007,,75.0,39.22222222222222,-46.4
SEN049,,85.0,20.500000000000004,2.4
SEN024,,56.0,17.6,10.16
SEN029,2026-08-17 05:30:00,49.0,31.27777777777778,0.87
SEN003,,52.0,37.7,32.9
SEN005,,42.0,31.38888888888889,0.1
SEN049,,87.0,21.0,40.4
SEN009,,82.0,23.1,9.8
SEN023,,68.0,,46.2
SEN043,,57.0,31.4,-31.0
SEN022,,46.0,34.111111111111114,11.7
SEN026,,79.0,39.22222222222222,33.2
SEN026,,56.0,29.27777777777778,30.7
SEN033,,73.0,,13.1
SEN044,,42.0,20.5,21.5
SEN045,,88.0,17.0,0.98
SEN028,,68.0,15.6,19.4
SEN017,,55.0,29.6,48.26
SEN024,,93.0,22.3,43.3
SEN026,,85.0,19.72222222222222,30.3
SEN012,,82.0,20.72222222222222,44.6
SEN029,,64.0,37.7,-14.9
SEN042,,53.0,,24.9
SEN023,,78.0,28.000000000000004,-24.8
SEN050,,,27.77777777777778,-39.1
SEN018,,,33.2,48.2
SEN010,,71.0,,42.925999999999995
SEN048,,61.0,27.5,26.9
SEN027,,62.0,25.888888888888886,
SEN048,,57.0,15.11111111111111,0.62
SEN036,,53.0,,-17.2
SEN013,,64.0,16.7,48.8
SEN037,,32.0,26.7,4.5
SEN047,,74.0,25.4,48.1
SEN008,,32.0,27.0,3.2
SEN017,,39.0,24.27777777777778,25.6
SEN035,,62.0,32.8,31.9
UNKNOWN,,35.0,18.000000000000004,
SEN041,,91.0,23.388888888888886,-39.7
SEN031,,65.0,30.22222222222222,29.717999999999996
SEN013,,85.0,30.4,1.016
SEN018,,61.0,31.7,-16.1
SEN044,,44.0,15.61111111111111,44.6
SEN049,,62.0,36.4,-32.4
SEN031,,61.0,23.7,12.5
SEN039,,35.0,17.9,23.8
SEN037,,80.0,22.88888888888889,16.1
SEN042,,79.0,23.22222222222222,30.9
SEN024,,46.0,37.6,12.4
SEN017,,,18.22222222222222,25.8
SEN005,,93.0,22.722222222222225,-47.1
SEN023,,75.0,37.9,
SEN009,,,21.722222222222218,0.79
SEN035,,,15.2,1.1
SEN007,,95.0,21.999999999999996,16.9
SEN010,,41.0,39.611111111111114,36.7
SEN006,,,27.77777777777778,-4.0
SEN019,,94.0,26.0,47.3
SEN032,,50.0,15.38888888888889,48.6
SEN046,2026-03-06 05:30:00,33.0,31.38888888888889,20.574
SEN025,,43.0,18.277777777777782,1.65
SEN038,,57.0,35.888888888888886,1.69
SEN039,,72.0,16.61111111111111,30.6
SEN041,,,,-36.6
SEN007,,71.0,24.0,
SEN013,,92.0,34.0,22.1
SEN049,,53.0,16.11111111111111,43.18
SEN037,,88.0,,18.034
SEN009,2026-03-31 05:30:00,94.0,38.9,-29.5
SEN019,,41.0,21.5,46.6
SEN025,,91.0,15.5,37.6
SEN043,,63.0,23.0,-28.1
SEN004,,40.0,34.22222222222222,-19.4
SEN027,,,36.72222222222222,0.86
SEN016,,74.0,26.38888888888889,45.9
SEN010,,31.0,28.277777777777782,-7.8
SEN007,,33.0,21.27777777777778,5.7
SEN001,2026-08-12 05:30:00,,31.4,43.18
SEN032,,34.0,38.388888888888886,4.2
SEN013,,,39.6,41.7
SEN023,,86.0,30.6,1.4
SEN032,,61.0,25.8,0.19
UNKNOWN,,93.0,,
SEN024,,91.0,19.0,4.3180000000000005
SEN010,,40.0,37.0,30.9
SEN011,,53.0,,9.9
SEN006,,62.0,16.0,38.0
SEN027,,,37.27777777777778,9.5
SEN002,,33.0,32.888888888888886,32.7
SEN036,,79.0,39.3,29.5
SEN024,,64.0,21.2,3.0
SEN020,,61.0,16.6,3.7
SEN003,,68.0,,18.7
SEN021,,41.0,15.38888888888889,11.5
SEN028,,60.0,,13.7
UNKNOWN,,88.0,,6.9
SEN010,,72.0,24.4,23.3
SEN009,,72.0,26.5,24.4
SEN026,,88.0,33.8,30.479999999999997
SEN025,,65.0,28.61111111111111,23.114
SEN006,,71.0,31.6,0.98
SEN001,,79.0,16.27777777777778,36.321999999999996
SEN005,,35.0,16.88888888888889,
SEN013,,82.0,39.5,0.17
SEN030,,,21.999999999999996,0.8
SEN020,,,22.77777777777778,1.5239999999999998
SEN045,,79.0,20.611111111111107,8.7
SEN022,,44.0,35.5,10.4
SEN001,,51.0,23.88888888888889,1.83
SEN013,,85.0,24.9,38.608
SEN014,,70.0,23.72222222222222,42.1
SEN016,,66.0,20.777777777777782,1.14
SEN011,,45.0,21.3,24.0
SEN015,,,21.22222222222222,17.1
SEN045,,87.0,22.722222222222225,41.148
SEN014,,,32.0,0.34
SEN001,,30.0,33.111111111111114,1.37
SEN025,,93.0,16.8,
SEN045,,46.0,36.6,41.6
SEN024,,,15.38888888888889,47.3
SEN006,,95.0,36.77777777777778,0.59
SEN034,,77.0,38.888888888888886,22.7
SEN044,,56.0,21.7,15.748
SEN024,,77.0,23.000000000000004,34.9
SEN023,,86.0,35.6,6.4
SEN001,,93.0,31.2,46.99
UNKNOWN,,37.0,29.6,1.22
SEN030,,31.0,,39.5
SEN021,,35.0,39.8,45.5
SEN038,,,16.1,20.1
UNKNOWN,,87.0,32.2,-43.1
SEN001,,,30.38888888888889,39.116
SEN039,,61.0,,0.88
SEN020,,54.0,,
SEN048,,36.0,35.5,0.43
SEN014,,36.0,25.888888888888886,33.0
SEN022,,80.0,,0.31
SEN026,,56.0,36.72222222222222,1.26
SEN037,,95.0,17.22222222222222,29.5
SEN018,,32.0,38.1,30.5
SEN016,,40.0,30.6,30.0
SEN017,,55.0,22.8,0.99
SEN045,,91.0,25.1,24.2
SEN033,,,31.72222222222222,12.2
SEN047,,62.0,18.72222222222222,37.9
SEN014,,56.0,17.9,
SEN014,,42.0,24.111111111111114,21.0
SEN019,,52.0,15.3,6.7
SEN018,,64.0,22.77777777777778,17.018
SEN021,,85.0,20.500000000000004,49.1
SEN006,,,28.388888888888886,-38.2
SEN024,,77.0,38.9,
SEN027,,83.0,32.5,22.098
SEN025,,46.0,39.2,7.7
SEN033,,73.0,18.388888888888886,11.7
SEN037,,52.0,27.9,46.0
SEN046,,57.0,39.8,9.1
SEN045,,75.0,17.77777777777778,
SEN011,,95.0,22.2,-22.8
SEN031,,91.0,20.2,42.2
UNKNOWN,,,,40.2
UNKNOWN,,,31.27777777777778,38.4
SEN039,,94.0,27.7,3.4
SEN019,,59.0,27.6,0.9
SEN049,,,18.22222222222222,25.8
SEN023,,74.0,36.0,12.191999999999998
SEN013,,41.0,16.2,17.018
SEN019,,85.0,37.2,25.907999999999998
SEN026,,84.0,31.5,24.3
SEN019,2026-03-04 05:30:00,61.0,31.72222222222222,26.2
SEN021,,82.0,17.9,1.06
SEN010,,33.0,32.22222222222222,0.9
UNKNOWN,,,17.2,25.9
SEN010,,84.0,35.888888888888886,36.2
SEN011,,74.0,24.4,-17.3
SEN009,,42.0,34.77777777777778,24.637999999999998
SEN008,,37.0,15.6,46.2
SEN042,,77.0,23.3,45.3
SEN023,,83.0,19.9,40.2
SEN013,,43.0,34.77777777777778,-13.8
SEN025,,67.0,24.388888888888893,17.525999999999996
SEN043,,92.0,24.0,8.5
SEN018,,63.0,30.27777777777778,37.4
SEN029,,78.0,25.27777777777778,11.0
SEN047,,79.0,,36.3
SEN050,,76.0,29.27777777777778,30.225999999999996
SEN004,,46.0,31.27777777777778,3.9
SEN049,,67.0,29.5,30.9
SEN041,,,19.8,10.0
SEN037,,92.0,,1.67
SEN016,,56.0,39.611111111111114,7.6
SEN008,,53.0,,35.4
SEN028,,47.0,19.5,12.9
SEN001,,63.0,22.61111111111111,-48.2
SEN044,,39.0,32.6,2.794
UNKNOWN,,80.0,36.5,21.9
SEN049,,32.0,28.8,1.01
SEN050,,41.0,31.8,-46.8
SEN049,,88.0,24.388888888888893,31.496
SEN008,,,24.88888888888889,
SEN045,,55.0,31.5,15.7
SEN032,,49.0,35.2,41.0
SEN002,,32.0,23.77777777777778,7.5
SEN033,,43.0,33.111111111111114,6.3
SEN007,,73.0,31.5,48.1
SEN001,,31.0,,0.3
SEN037,,50.0,,32.004
SEN043,,,25.4,1.1
SEN018,,64.0,21.722222222222218,
SEN023,,67.0,37.888888888888886,0.75
SEN034,,77.0,39.388888888888886,28.0
SEN026,,67.0,23.8,37.1
SEN024,,39.0,28.3,26.2
SEN027,,,,
SEN045,,73.0,21.38888888888889,18.0
SEN014,,59.0,15.38888888888889,38.608
UNKNOWN,,,27.4,9.2
UNKNOWN,,69.0,25.4,32.1
SEN046,,30.0,18.22222222222222,13.3
SEN024,,44.0,15.9,24.637999999999998
UNKNOWN,,69.0,,40.3
SEN012,,52.0,37.611111111111114,33.0
SEN050,,,37.8,18.6
SEN039,,66.0,27.77777777777778,25.2
SEN017,,75.0,23.2,30.8
SEN007,,,18.88888888888889,35.559999999999995
SEN048,,58.0,34.72222222222222,49.0
SEN042,,,27.6,14.1
SEN004,,86.0,35.1,35.1
SEN024,,,15.3,25.654
SEN027,,,25.777777777777782,7.365999999999999
SEN019,,52.0,18.4,48.5
SEN026,,61.0,19.5,43.8
SEN029,,70.0,32.3,29.717999999999996
SEN007,,47.0,29.88888888888889,11.5
SEN031,,37.0,18.277777777777782,37.7
SEN003,,85.0,38.4,9.0
SEN039,,62.0,30.88888888888889,40.4
SEN038,,62.0,19.8,44.3
SEN014,,89.0,36.611111111111114,42.672
SEN049,,91.0,35.22222222222222,14.1
SEN043,,85.0,17.77777777777778,-18.7
SEN041,,40.0,21.5,37.6
SEN034,,79.0,34.5,28.8
SEN027,,86.0,,-33.3
SEN044,,49.0,36.6,19.3
SEN022,,80.0,22.11111111111111,47.2
SEN037,,50.0,31.6,30.7
SEN049,2026-02-03 05:30:00,40.0,29.0,40.6
SEN035,,45.0,29.77777777777778,16.6
SEN005,,75.0,28.9,8.4
SEN020,,62.0,22.61111111111111,38.608
SEN010,,69.0,35.77777777777778,1.78
SEN050,2026-01-30 05:30:00,64.0,18.22222222222222,34.798
UNKNOWN,,91.0,31.77777777777778,
UNKNOWN,,63.0,30.77777777777778,27.3
SEN043,,62.0,29.0,8.2
SEN047,,67.0,18.9,27.7
SEN046,,,29.5,8.7
SEN036,,40.0,15.2,1.92
SEN001,,,35.4,0.6
SEN020,,49.0,,43.434
SEN040,,85.0,,11.3
SEN018,,50.0,31.8,42.6
SEN007,,49.0,39.2,-14.4
SEN009,,36.0,25.888888888888886,0.3
SEN011,,33.0,38.9,1.48
SEN029,,43.0,,27.0
SEN020,,85.0,36.2,
SEN049,,51.0,18.4,35.05199999999999
SEN005,,82.0,31.38888888888889,20.827999999999996
SEN043,,81.0,34.8,1.41
SEN016,,89.0,23.000000000000004,24.892
SEN044,,92.0,16.2,19.5
SEN019,,64.0,27.6,34.7
SEN050,,61.0,33.7,17.0
SEN010,,84.0,34.9,40.9
SEN021,,86.0,28.2,27.5
SEN026,,78.0,18.88888888888889,49.9
SEN024,2026-06-27 05:30:00,,35.27777777777778,1.14
SEN005,2026-08-23 05:30:00,46.0,34.0,6.604
SEN043,,53.0,31.38888888888889,5.3
SEN037,,32.0,32.3,34.1
SEN047,,70.0,,43.0
SEN013,,55.0,15.7,11.7
SEN003,,70.0,27.11111111111111,31.9
SEN008,,34.0,21.7,
SEN024,,64.0,28.5,46.1
SEN005,,60.0,23.3,41.2
UNKNOWN,,56.0,33.611111111111114,-8.7
SEN043,,39.0,29.6,47.498
SEN049,,53.0,26.8,23.4
SEN043,,61.0,15.2,9.7
SEN047,,,,26.8
SEN041,,77.0,36.4,1.62
SEN017,,92.0,,0.26
SEN015,,39.0,,0.254
SEN016,,57.0,24.3,3.5
SEN036,,72.0,24.88888888888889,-28.3
SEN044,,81.0,20.9,-9.2
SEN020,,61.0,35.611111111111114,46.2
SEN028,,54.0,32.77777777777778,32.7
SEN022,,91.0,25.222222222222225,4.3
SEN031,,59.0,24.4,
SEN002,,37.0,32.5,22.605999999999998
SEN005,,58.0,,9.9
SEN033,,66.0,32.2,49.8
SEN031,,69.0,29.3,31.2
SEN047,,84.0,28.61111111111111,-5.1
SEN023,,92.0,20.2,39.9
SEN020,,85.0,,0.49
SEN022,,56.0,36.77777777777778,37.5
SEN042,,56.0,24.388888888888893,30.0
SEN039,,82.0,31.27777777777778,-36.5
SEN019,,38.0,25.1,
SEN001,,,22.77777777777778,49.2
SEN034,,57.0,27.6,-34.3
SEN001,,87.0,29.9,24.7
SEN005,,79.0,36.77777777777778,9.4
SEN041,,52.0,28.8,17.018
SEN019,,60.0,19.72222222222222,
UNKNOWN,,82.0,21.1,-5.6
SEN039,,93.0,26.38888888888889,31.8
SEN030,,65.0,24.2,18.287999999999997
SEN020,,58.0,21.8,39.6
SEN016,,86.0,21.1,19.8
SEN006,,82.0,37.2,-21.4
SEN047,,52.0,36.1,39.624
SEN025,,74.0,15.4,22.098
SEN038,,,27.11111111111111,25.907999999999998
SEN015,,57.0,21.5,0.39
SEN036,,54.0,29.2,14.5
SEN039,,88.0,25.888888888888886,22.5
SEN015,,54.0,22.5,27.1
SEN009,,,20.3,0.43
SEN012,,,,29.1
SEN020,,54.0,28.4,8.3
SEN029,,39.0,,24.0
SEN034,,56.0,38.9,
SEN014,,83.0,18.7,1.1
SEN003,,81.0,,2.8
SEN001,,46.0,22.5,0.26
SEN008,,61.0,34.2,7.6
SEN024,,89.0,39.22222222222222,27.3
SEN034,,95.0,,0.5
SEN040,,76.0,,-40.8
SEN042,,51.0,,36.5
SEN022,,59.0,35.22222222222222,14.3
SEN031,,38.0,,30.7
SEN009,,52.0,28.6,-38.5
SEN002,,58.0,28.22222222222222,39.624
SEN031,,44.0,26.999999999999996,47.1
SEN016,,75.0,29.88888888888889,-21.8
SEN001,,84.0,16.7,0.5
SEN011,,80.0,38.3,22.3
SEN049,,66.0,,6.1
SEN012,,45.0,28.61111111111111,9.5
SEN049,,90.0,21.77777777777778,30.1
SEN013,,53.0,22.8,39.4
SEN049,,,25.3,0.5
SEN002,,91.0,23.2,-14.7
SEN038,,95.0,15.4,-8.1
SEN048,,65.0,19.1,46.9
SEN044,,37.0,31.1,38.2
SEN031,,77.0,26.5,38.099999999999994
SEN009,,61.0,,44.8
SEN020,,58.0,15.9,45.7
SEN046,,63.0,25.888888888888886,
SEN010,,93.0,25.611111111111107,45.6
SEN005,,,,-17.5
SEN010,,67.0,20.5,11.6
SEN011,,42.0,37.111111111111114,19.1
SEN012,,32.0,27.3,-19.6
SEN033,,,28.1,0.38
SEN030,,89.0,25.9,21.5
SEN026,,67.0,34.1,1.95
SEN029,,31.0,36.6,0.57
SEN026,,74.0,22.4,29.9
SEN003,,33.0,35.22222222222222,4.6
SEN012,,38.0,32.4,-49.3
SEN031,,,,16.2
SEN006,,77.0,21.8,15.6
SEN050,,80.0,27.77777777777778,-17.1
SEN026,,34.0,26.38888888888889,45.8
SEN037,,53.0,,14.985999999999999
SEN028,,55.0,29.38888888888889,
SEN011,,70.0,26.6,17.6
SEN045,,34.0,20.500000000000004,14.477999999999998
SEN002,,47.0,16.88888888888889,20.8
SEN046,,36.0,19.4,5.2
SEN047,,40.0,,0.5
SEN014,,44.0,17.11111111111111,44.4
SEN034,,87.0,30.77777777777778,39.624
SEN049,,83.0,30.27777777777778,21.8
SEN010,,76.0,38.9,-32.2
SEN029,,76.0,23.2,28.4
SEN036,,68.0,,14.6
SEN019,,81.0,29.0,26.6
SEN017,,69.0,35.111111111111114,41.3
SEN022,,53.0,25.0,-22.2
SEN027,,35.0,24.61111111111111,0.6
SEN019,,49.0,,-35.6
SEN040,,57.0,,14.5
SEN037,,48.0,25.1,48.5
SEN026,,30.0,30.8,-30.1
SEN026,,40.0,38.9,
SEN047,,76.0,29.77777777777778,42.925999999999995
UNKNOWN,,66.0,33.77777777777778,29.6
SEN013,,34.0,17.72222222222222,1.7
SEN031,,35.0,,0.26
SEN031,,82.0,31.22222222222222,1.55
SEN009,,63.0,20.9,1.9
SEN013,,57.0,,34.2
SEN036,,59.0,,-29.9
SEN050,,45.0,,6.8
SEN015,,75.0,34.0,38.7
SEN033,,94.0,18.3,7.619999999999999
SEN038,,76.0,34.77777777777778,
SEN033,,,19.6,0.36
SEN048,,92.0,,33.528
SEN039,,91.0,16.2,1.65
SEN003,,37.0,37.4,41.5
SEN008,,75.0,33.8,1.59
SEN037,,53.0,18.4,-7.0
SEN016,,62.0,,18.8
SEN011,,,,14.477999999999998
UNKNOWN,,71.0,21.888888888888893,4.5
SEN039,,93.0,28.8,39.624
SEN042,,,26.999999999999996,0.91
SEN014,,38.0,17.88888888888889,-26.8
SEN003,,41.0,17.4,1.18
SEN045,,,23.7,24.2
SEN016,,37.0,39.888888888888886,13.97
SEN048,,,,25.907999999999998
SEN002,,82.0,33.1,34.0
UNKNOWN,,,27.9,11.7
SEN032,,72.0,,24.383999999999997
SEN039,,87.0,20.0,24.3
SEN014,,79.0,18.2,43.2
SEN037,,33.0,39.5,6.9
SEN047,,89.0,21.6,1.06
SEN047,,58.0,25.0,1.0
SEN050,,36.0,33.611111111111114,
SEN014,,92.0,18.277777777777782,22.6
SEN008,,75.0,17.9,3.6
SEN033,,84.0,25.5,16.764
SEN038,,82.0,,37.2
SEN032,,72.0,38.3,10.0
SEN019,2026-04-09 05:30:00,59.0,31.1,48.7
SEN007,,37.0,35.888888888888886,35.306
SEN025,,59.0,29.5,24.7
SEN029,,59.0,23.77777777777778,26.162
SEN039,,64.0,39.22222222222222,6.0
SEN023,,72.0,23.22222222222222,34.7
SEN050,,90.0,23.72222222222222,25.907999999999998
SEN039,,92.0,19.0,-6.5
SEN012,,43.0,,47.2
SEN017,,,26.77777777777778,41.3
SEN030,,44.0,36.77777777777778,47.4
SEN040,,32.0,31.2,37.6
SEN016,,37.0,33.111111111111114,15.3
UNKNOWN,,79.0,39.8,45.8
SEN005,,,39.27777777777778,1.27
SEN032,,42.0,19.388888888888893,26.8
SEN041,,31.0,34.7,7.9
UNKNOWN,,,20.888888888888886,21.2
SEN049,,52.0,19.3,42.7
SEN023,,72.0,18.5,10.5
SEN004,,,33.2,20.066
SEN011,,,15.277777777777779,
SEN021,,72.0,16.22222222222222,2.6
SEN030,,65.0,25.38888888888889,-11.0
SEN031,2026-08-31 05:30:00,,,22.5
UNKNOWN,,31.0,37.4,48.2
SEN047,,41.0,28.111111111111107,26.7
SEN021,,30.0,15.7,47.0
SEN023,,51.0,15.1,39.5
SEN035,,47.0,37.6,-49.2
SEN002,,51.0,29.38888888888889,4.5
SEN034,,88.0,39.9,39.7
SEN046,,48.0,,39.37
SEN044,,80.0,,37.2
SEN036,,80.0,21.38888888888889,23.6
SEN030,,32.0,31.8,-3.4
SEN024,,92.0,15.9,3.2
SEN040,,,31.11111111111111,46.482
SEN005,,43.0,33.3,12.446
SEN007,,37.0,28.77777777777778,28.701999999999995
SEN048,,69.0,32.2,48.513999999999996
SEN032,,49.0,37.77777777777778,-18.5
SEN037,,,16.7,5.588
SEN044,,89.0,17.88888888888889,49.8
SEN041,,79.0,15.3,8.2
SEN047,,84.0,,9.6
SEN021,,,31.5,30.5
SEN036,,70.0,31.3,-35.3
SEN048,,32.0,30.88888888888889,-16.3
SEN048,,42.0,16.77777777777778,34.1
SEN034,,64.0,,8.4
SEN043,,58.0,,32.257999999999996
SEN008,,,25.11111111111111,48.9
SEN010,,81.0,,42.2
SEN046,,,22.2,19.1
SEN011,,49.0,24.88888888888889,13.7
SEN048,,56.0,,40.8
SEN009,,79.0,27.7,28.1
SEN024,,,26.3,27.5
SEN042,,59.0,26.2,47.5
SEN015,,,30.1,4.0
SEN026,,64.0,15.1,2.7
SEN015,,30.0,40.0,22.605999999999998
SEN019,,84.0,35.6,4.1
SEN034,,62.0,26.11111111111111,20.6
SEN028,,,34.77777777777778,16.0
SEN023,,90.0,34.6,3.8099999999999996
SEN002,,75.0,15.3,28.1
SEN029,,52.0,15.8,14.3
SEN033,,95.0,22.6,41.2
SEN016,,43.0,34.7,29.2
SEN033,,83.0,32.72222222222222,0.16
SEN007,,87.0,28.77777777777778,19.1
SEN001,,54.0,38.8,47.1
SEN016,,51.0,,-28.5
UNKNOWN,,54.0,23.88888888888889,25.0
SEN004,,94.0,28.3,0.56
SEN035,,36.0,,37.9
SEN036,,32.0,24.7,34.3
SEN019,,76.0,31.27777777777778,28.8
SEN020,,62.0,30.0,41.2
SEN018,,35.0,20.6,0.45
UNKNOWN,,63.0,,3.5
SEN035,,59.0,35.888888888888886,0.96
SEN010,,80.0,,39.3
SEN033,,71.0,38.2,31.2
SEN019,,93.0,,
UNKNOWN,,35.0,36.611111111111114,1.93
SEN038,,62.0,23.6,42.2
SEN012,,33.0,33.5,37.7
SEN027,,93.0,29.6,49.3
SEN049,,81.0,29.6,41.401999999999994
SEN002,,,15.277777777777779,43.1
SEN034,,87.0,27.722222222222225,20.32
SEN017,,51.0,26.5,
SEN036,,59.0,38.27777777777778,0.35
SEN020,,85.0,,35.9
SEN045,,61.0,38.27777777777778,37.3
SEN038,,64.0,25.6,9.5
SEN040,,33.0,18.88888888888889,10.6
UNKNOWN,,53.0,23.72222222222222,
SEN025,,48.0,23.61111111111111,4.0
SEN026,,66.0,,22.8
SEN024,,32.0,18.22222222222222,47.2
SEN035,,44.0,35.388888888888886,30.225999999999996
SEN005,,77.0,21.611111111111114,47.7
SEN016,,38.0,15.1,15.0
SEN001,,59.0,23.4,38.6
SEN026,,61.0,26.5,-40.3
SEN002,,78.0,25.72222222222222,
SEN011,,45.0,32.1,1.8
SEN048,,72.0,32.888888888888886,14.3
SEN007,,36.0,,4.8
SEN024,,,15.277777777777779,13.208
SEN011,,,26.0,47.244
SEN004,,53.0,22.9,17.6
SEN016,,55.0,,41.91
SEN018,,76.0,,40.6
SEN040,,89.0,32.388888888888886,22.0
SEN030,,86.0,27.38888888888889,25.2
SEN043,,73.0,22.11111111111111,5.0
SEN013,,63.0,24.777777777777775,-48.8
SEN032,,72.0,,0.76
SEN010,,36.0,,37.5
SEN004,,37.0,28.0,11.1
SEN045,,,16.1,5.8
SEN040,,33.0,28.2,13.208
SEN018,2026-06-07 05:30:00,64.0,22.7,13.4
SEN029,,51.0,28.5,24.4
SEN004,,46.0,16.27777777777778,44.449999999999996
SEN026,2026-06-19 05:30:00,39.0,20.38888888888889,48.3
SEN018,,65.0,17.8,42.7
SEN041,,78.0,31.72222222222222,33.9
SEN050,,90.0,31.6,1.7
SEN038,,66.0,,37.9
SEN019,,77.0,,40.4
SEN050,,68.0,25.27777777777778,47.6
SEN049,,92.0,17.8,21.6
SEN050,,,,5.588
SEN043,,32.0,,
SEN013,,70.0,30.2,36.0
SEN030,,61.0,35.3,39.3
UNKNOWN,,33.0,38.5,10.921999999999999
SEN014,,52.0,36.5,26.0
SEN046,,90.0,28.111111111111107,39.878
SEN037,,81.0,29.0,0.7
UNKNOWN,,50.0,19.388888888888893,37.6
SEN009,,69.0,38.111111111111114,23.3
SEN027,,71.0,28.4,33.3
SEN046,,46.0,18.61111111111111,16.4
UNKNOWN,,75.0,20.4,19.3
SEN021,,75.0,17.61111111111111,
SEN026,,53.0,21.0,13.97
SEN005,,,31.27777777777778,19.558
SEN001,,89.0,39.7,0.98
SEN008,,76.0,39.27777777777778,
SEN009,,66.0,19.27777777777778,37.0
SEN030,2026-05-29 05:30:00,,15.5,7.9
SEN048,,81.0,28.0,18.8
SEN003,,88.0,16.38888888888889,
SEN016,,74.0,,-28.0
SEN023,,76.0,17.72222222222222,0.52
SEN032,,79.0,,10.668
SEN024,,54.0,18.61111111111111,-33.9
SEN038,,37.0,20.2,41.9
UNKNOWN,,,24.61111111111111,19.8
SEN022,,,37.3,27.4
SEN017,,67.0,25.500000000000004,33.4
SEN001,,48.0,18.5,49.1
SEN016,,33.0,30.2,-47.5
SEN002,,76.0,,22.4
SEN004,,65.0,36.0,13.8
SEN013,,75.0,16.1,12.4
SEN047,,75.0,39.7,43.18
SEN015,,75.0,21.6,28.0
SEN041,,49.0,,37.846
SEN035,,85.0,32.4,28.194000000000003
UNKNOWN,,61.0,,21.9
SEN043,,72.0,30.9,9.398
SEN028,,34.0,25.2,49.275999999999996
UNKNOWN,,69.0,32.27777777777778,3.3
SEN019,,50.0,39.6,43.434
SEN007,,59.0,37.72222222222222,11.5
SEN017,,49.0,29.5,34.544000000000004
SEN050,,44.0,18.5,7.874
SEN048,,59.0,32.8,21.336
SEN019,,63.0,17.7,33.2
SEN027,,57.0,21.8,1.016
SEN031,,90.0,39.7,-22.0
SEN012,,34.0,33.388888888888886,3.3
SEN015,,61.0,24.111111111111114,1.5239999999999998
SEN036,,46.0,35.888888888888886,5.1
SEN035,,30.0,35.27777777777778,31.9
SEN044,,31.0,15.5,9.652
SEN045,,,18.111111111111107,1.82
SEN047,,82.0,19.777777777777775,27.686
UNKNOWN,,31.0,38.1,17.4
SEN038,,,20.4,26.5
UNKNOWN,,54.0,28.111111111111107,34.0
SEN006,,41.0,24.72222222222222,30.9
SEN048,,83.0,,26.5
SEN045,,32.0,35.5,4.7
SEN027,,68.0,21.22222222222222,-28.1
SEN032,,,37.4,-13.5
SEN044,,90.0,30.8,20.574
SEN025,,72.0,24.1,-24.6
SEN005,,33.0,32.7,14.1
SEN020,,54.0,36.388888888888886,38.608
SEN034,,61.0,33.5,25.8
SEN038,,32.0,18.6,29.4
SEN018,,46.0,27.77777777777778,-35.5
SEN025,,93.0,37.5,16.2
SEN018,,74.0,35.388888888888886,26.9
SEN024,,,,0.65
SEN039,,66.0,22.2,37.0
SEN044,,47.0,38.4,6.6
SEN009,,63.0,38.27777777777778,43.6
SEN025,,34.0,24.88888888888889,35.8
SEN029,,63.0,32.6,19.7
SEN035,,87.0,38.9,40.8
SEN009,,83.0,17.0,22.098
SEN045,,58.0,37.6,
SEN011,,75.0,,33.782
SEN022,,77.0,24.777777777777775,47.498
SEN022,,63.0,25.5,-25.3
SEN009,,,36.22222222222222,25.145999999999997
SEN011,,83.0,23.0,16.9
SEN029,,76.0,29.38888888888889,35.5
SEN036,,72.0,37.2,1.61
SEN043,,88.0,28.6,5.6
SEN003,,55.0,37.7,49.022
SEN033,,71.0,30.0,-10.2
SEN009,,65.0,,13.2
SEN017,,69.0,17.72222222222222,0.45
SEN035,,54.0,36.9,-33.3
SEN012,,,36.6,37.7
SEN018,,79.0,38.27777777777778,-46.3
SEN047,,46.0,36.2,
SEN002,,64.0,29.88888888888889,49.0
SEN026,,34.0,22.0,47.8
SEN022,,71.0,35.0,42.7
SEN043,,82.0,,24.13
SEN008,,68.0,22.2,8.382
SEN002,,77.0,23.000000000000004,31.75
SEN035,,67.0,,16.7
SEN018,,31.0,37.72222222222222,33.2
SEN028,,,23.4,7.6
UNKNOWN,,30.0,20.72222222222222,-37.3
SEN024,,35.0,35.5,46.5
SEN047,,94.0,22.7,6.604
SEN003,,60.0,26.888888888888893,11.2
SEN011,,95.0,,39.1
SEN013,,51.0,32.1,46.736
SEN050,,76.0,,9.398
SEN037,,36.0,32.77777777777778,37.3
SEN010,,36.0,18.1,16.3
SEN027,,45.0,32.7,32.2
SEN006,,88.0,20.38888888888889,5.6
SEN012,,33.0,33.9,15.6
SEN028,,84.0,17.77777777777778,27.3
SEN046,,66.0,24.0,30.4
SEN027,,55.0,16.72222222222222,45.974
SEN022,,94.0,22.88888888888889,42.672
SEN044,,67.0,38.5,-31.8
SEN007,,87.0,26.9,-27.3
SEN036,,59.0,19.7,-12.2
SEN007,,45.0,31.72222222222222,
SEN050,,,23.7,
SEN037,,93.0,34.111111111111114,-5.1
SEN021,,70.0,20.888888888888886,9.5
SEN050,,39.0,16.11111111111111,32.2
SEN046,,94.0,19.7,35.7
SEN018,,,33.888888888888886,33.8
SEN006,,77.0,27.5,25.4
SEN011,,,27.88888888888889,10.413999999999998
SEN006,,91.0,18.88888888888889,20.827999999999996
SEN016,,,,1.72
SEN001,,78.0,16.1,26.9
SEN026,,46.0,,
SEN042,2026-04-09 05:30:00,87.0,39.6,38.0
SEN025,,66.0,25.1,48.5
SEN035,,40.0,25.9,15.8
SEN022,,51.0,35.611111111111114,4.1
SEN024,,83.0,20.500000000000004,-16.0
SEN003,,91.0,18.2,41.8
SEN030,,53.0,23.8,8.128
SEN045,,88.0,31.1,-40.6
SEN045,,52.0,20.611111111111107,3.8099999999999996
SEN035,,44.0,19.3,25.4
SEN028,,71.0,23.22222222222222,32.004
SEN024,,60.0,38.111111111111114,45.7
SEN024,,51.0,25.0,2.8
SEN002,,59.0,,-28.7
SEN025,,,15.1,20.1
SEN014,,94.0,19.4,40.894
SEN010,,60.0,34.0,1.56
SEN001,,32.0,28.9,-18.0
SEN013,,55.0,15.38888888888889,16.9
SEN007,,84.0,21.6,31.9
SEN022,,,36.6,0.13
SEN027,,94.0,,0.73
SEN046,,60.0,18.22222222222222,11.5
SEN011,,67.0,32.111111111111114,-49.7
SEN032,,55.0,38.77777777777778,-37.8
SEN017,,56.0,28.4,46.5
SEN001,,31.0,,19.304
SEN030,,78.0,30.72222222222222,17.7
SEN036,,36.0,25.3,18.0
SEN025,,85.0,23.6,12.6
SEN044,,66.0,30.0,
SEN033,,,39.3,19.4
SEN039,,68.0,33.1,44.7
SEN005,,92.0,37.611111111111114,32.4
SEN021,,36.0,18.7,30.4
SEN017,,74.0,15.277777777777779,0.9
SEN050,,86.0,26.0,49.0
SEN011,,62.0,32.1,4.1
SEN001,,83.0,24.27777777777778,48.2
UNKNOWN,,43.0,20.7,23.2
SEN028,,,16.6,42.4
SEN004,,88.0,31.6,9.652
SEN021,,55.0,,37.8
SEN007,,91.0,28.7,41.3
UNKNOWN,,91.0,23.000000000000004,18.7
SEN010,,50.0,21.27777777777778,44.449999999999996
SEN027,,72.0,27.77777777777778,19.4
SEN038,,75.0,33.2,48.1
SEN004,,90.0,33.9,18.9
SEN043,,36.0,16.61111111111111,11.684
SEN042,,,,49.784
SEN036,,64.0,,36.57599999999999
SEN016,,93.0,,11.4
SEN039,,76.0,34.27777777777778,1.79
SEN025,,76.0,15.61111111111111,0.24
SEN014,,62.0,24.0,47.6
SEN049,,72.0,20.4,33.8
SEN002,,,,-39.2
SEN013,,57.0,,-46.4
SEN037,,49.0,,30.5
SEN007,,,32.5,16.6
SEN022,,47.0,20.9,18.3
SEN009,,54.0,,7.365999999999999
SEN020,,80.0,32.0,25.1
SEN018,,94.0,21.611111111111114,13.0
SEN033,,73.0,28.6,23.3
SEN045,,84.0,34.22222222222222,11.176
SEN016,,51.0,38.4,18.5
SEN047,,85.0,38.388888888888886,
SEN024,,62.0,34.22222222222222,8.5
SEN028,,50.0,39.22222222222222,41.3
SEN035,,50.0,,24.4
SEN016,,69.0,,43.3
SEN040,,32.0,,
SEN026,,67.0,35.9,-2.0
SEN022,,55.0,24.9,1.1
SEN048,,67.0,25.9,6.3
SEN028,,50.0,27.3,
SEN005,,95.0,29.2,48.1
SEN006,,93.0,,41.4
SEN040,,68.0,20.222222222222225,47.8
SEN018,,31.0,36.4,0.7619999999999999
SEN023,,,32.2,4.8
SEN025,,61.0,21.0,2.1
SEN043,,85.0,38.7,6.095999999999999
SEN001,,33.0,32.611111111111114,31.6
SEN014,,79.0,29.0,20.1
SEN035,,45.0,20.3,48.1
SEN005,,55.0,18.2,-46.5
SEN049,,48.0,,12.6
SEN043,,93.0,18.1,40.894
UNKNOWN,,50.0,26.7,35.306
SEN040,,78.0,23.7,6.35
SEN003,,86.0,,49.5
UNKNOWN,,62.0,32.9,49.784
SEN017,,51.0,24.0,12.7
SEN036,,,28.88888888888889,28.5
UNKNOWN,,93.0,,44.449999999999996
SEN023,,,29.38888888888889,1.1
SEN049,,45.0,,0.7619999999999999
SEN003,,,18.3,39.1
SEN027,,77.0,30.11111111111111,27.4
SEN017,,62.0,28.111111111111107,-38.8
SEN037,,85.0,21.77777777777778,-18.0
SEN008,,41.0,23.77777777777778,16.509999999999998
SEN049,2026-07-26 05:30:00,60.0,19.0,
SEN030,,87.0,26.3,40.2
SEN015,,83.0,,5.2
UNKNOWN,,68.0,,39.624
SEN039,,73.0,16.7,8.7
SEN012,,65.0,33.77777777777778,49.529999999999994
SEN004,,35.0,33.27777777777778,48.2
SEN022,,74.0,29.27777777777778,6.6
SEN015,,34.0,37.4,-5.4
SEN047,,,19.1,
SEN030,,62.0,37.8,
SEN004,,,15.0,33.1
SEN006,,88.0,23.3,-42.4
SEN005,,85.0,18.5,44.1
SEN028,,79.0,17.5,43.6
SEN043,,40.0,39.9,0.97
SEN027,,,16.72222222222222,0.01
SEN020,,44.0,35.5,24.7
UNKNOWN,,93.0,37.7,-37.1
SEN029,,59.0,38.1,3.3
SEN020,,77.0,26.0,4.8
SEN014,,63.0,28.72222222222222,14.8
SEN022,,34.0,32.5,
SEN020,,78.0,,-5.7
SEN022,,61.0,19.88888888888889,49.1
SEN050,,74.0,26.6,33.8
SEN021,,60.0,,2.4
UNKNOWN,,95.0,37.5,17.5
SEN005,,48.0,31.9,34.798
SEN042,,61.0,25.2,-34.3
SEN004,,43.0,39.72222222222222,39.1
SEN003,,47.0,28.0,39.2
SEN020,,,28.5,36.9
SEN030,,58.0,31.6,18.287999999999997
SEN003,,69.0,33.4,25.145999999999997
SEN010,,36.0,15.277777777777779,39.7
SEN035,,49.0,26.8,2.8
UNKNOWN,,30.0,32.2,-49.1
SEN014,,37.0,22.88888888888889,38.1
SEN006,,48.0,38.72222222222222,0.73
SEN009,,34.0,39.77777777777778,-31.1
SEN017,,53.0,23.8,1.43
SEN025,,63.0,31.5,22.605999999999998
SEN046,,85.0,36.9,42.4
UNKNOWN,,59.0,,-41.8
SEN035,,77.0,29.1,-5.6
SEN010,,34.0,16.3,-38.9
SEN016,,71.0,39.0,13.5
SEN029,,48.0,26.3,1.73
SEN014,,,31.9,2.8
SEN025,,77.0,36.9,
SEN032,,59.0,29.77777777777778,38.1
SEN035,,44.0,22.4,
SEN019,,33.0,27.0,0.35
SEN015,,,21.11111111111111,48.0
SEN032,,86.0,39.5,45.72
SEN027,,46.0,25.7,1.33
SEN037,,,,43.0
SEN023,,64.0,23.5,
UNKNOWN,,48.0,29.4,48.6
SEN027,,31.0,,0.59
SEN007,,91.0,,
SEN016,,51.0,28.8,4.4
SEN038,,94.0,24.222222222222218,2.3
SEN026,,74.0,28.111111111111107,0.31
SEN050,,37.0,18.1,20.574
SEN038,2026-06-16 05:30:00,85.0,,36.2
SEN026,,69.0,22.277777777777775,33.6
SEN003,,44.0,21.5,45.6
SEN047,,61.0,22.88888888888889,0.33
SEN015,,66.0,17.27777777777778,20.3
SEN009,,82.0,39.8,47.2
SEN016,,56.0,37.22222222222222,
SEN043,,,31.0,24.4
SEN036,,46.0,28.277777777777782,46.228
SEN012,,64.0,31.5,1.53
SEN035,,76.0,27.2,1.61
SEN017,,39.0,,15.0
SEN019,,95.0,,20.3
SEN005,,74.0,16.4,-32.7
SEN030,,88.0,29.77777777777778,23.6
SEN036,,88.0,22.7,38.8
SEN040,,89.0,36.4,40.7
SEN006,,,39.0,38.2
SEN013,,80.0,32.388888888888886,-31.9
SEN017,,31.0,31.7,1.37
SEN047,,84.0,29.0,9.6
UNKNOWN,,50.0,20.5,0.36
SEN030,,68.0,31.0,1.5
SEN041,,40.0,,1.2
SEN040,,68.0,35.77777777777778,33.6
SEN021,,,,
SEN019,,83.0,28.1,18.5
SEN030,,88.0,28.5,34.5
SEN031,,66.0,21.888888888888893,24.5
SEN043,,38.0,21.3,22.3
SEN050,,64.0,25.611111111111107,28.4
SEN007,,,,10.5
SEN005,,,22.5,-28.1
SEN038,,84.0,24.2,-34.4
SEN008,,33.0,37.9,34.798
SEN018,,49.0,17.3,31.496
SEN028,,56.0,35.2,23.4
SEN038,,57.0,35.3,28.8
SEN044,,57.0,,
SEN021,,74.0,26.38888888888889,-34.1
SEN030,,86.0,33.2,13.6
SEN022,,69.0,19.6,28.701999999999995
SEN008,,69.0,21.38888888888889,24.1
SEN043,,,27.1,45.211999999999996
SEN049,,54.0,,49.0
SEN002,,41.0,31.0,17.9
SEN050,2026-06-10 05:30:00,38.0,30.9,1.44
SEN010,,72.0,15.722222222222221,-34.8
SEN002,,90.0,38.388888888888886,39.6
SEN027,,37.0,38.111111111111114,0.73
SEN041,,91.0,33.22222222222222,36.5
SEN045,,64.0,,16.4
SEN019,,42.0,30.0,
SEN049,,45.0,36.0,22.3
SEN012,,38.0,38.5,8.0
SEN014,,84.0,29.7,32.766
SEN021,,53.0,39.9,36.8
SEN022,,95.0,39.1,7.7
SEN046,,85.0,29.11111111111111,0.7
SEN018,,76.0,34.6,0.7619999999999999
SEN012,,43.0,32.611111111111114,
SEN014,,92.0,33.388888888888886,-16.5
SEN020,,75.0,19.7,30.8
SEN036,,94.0,35.111111111111114,24.383999999999997
SEN022,,62.0,33.7,21.4
SEN040,,83.0,23.4,48.26
SEN018,,88.0,29.77777777777778,1.52
SEN044,,80.0,16.22222222222222,2.0
SEN020,,79.0,17.3,22.605999999999998
SEN034,,91.0,29.6,1.778
SEN019,,61.0,24.7,44.6
UNKNOWN,,,38.6,1.29
SEN003,,66.0,15.11111111111111,39.878
SEN017,,80.0,17.6,13.5
SEN023,,61.0,22.88888888888889,36.4
SEN031,,52.0,32.5,6.5
SEN020,,56.0,23.22222222222222,0.8
SEN026,,38.0,32.388888888888886,33.6
SEN034,,73.0,26.999999999999996,25.4
SEN049,,,32.4,9.6
SEN037,,66.0,,0.73
SEN017,,42.0,25.9,1.35
SEN041,,95.0,,-9.9
SEN043,,76.0,37.5,
SEN034,,77.0,,27.0
SEN021,,34.0,26.4,19.3
SEN015,,67.0,34.0,0.4
SEN015,,,23.3,30.7
SEN006,,85.0,16.3,23.8
SEN008,,57.0,,12.3
SEN030,,75.0,,31.6
SEN040,,41.0,36.111111111111114,32.8
SEN024,,57.0,39.5,0.92
SEN049,,,38.888888888888886,42.3
SEN003,,,,-19.1
SEN015,,69.0,19.6,-46.7
SEN044,,40.0,32.27777777777778,
SEN041,,,38.72222222222222,37.6
SEN042,,86.0,37.22222222222222,15.493999999999998
SEN015,,47.0,,21.336
SEN043,,62.0,27.9,-3.5
SEN027,,42.0,,49.784
SEN012,,84.0,34.6,32.4
SEN037,,78.0,23.77777777777778,8.382
SEN015,,88.0,,22.098
SEN050,,89.0,,31.9
SEN034,,67.0,21.5,27.8
SEN006,,92.0,24.499999999999996,10.6
SEN042,,73.0,37.0,33.4
SEN037,,53.0,20.72222222222222,26.7
SEN050,,59.0,33.22222222222222,39.116
SEN018,,58.0,,19.0
SEN036,,55.0,16.27777777777778,47.2
SEN039,,35.0,22.3,43.687999999999995
SEN005,,32.0,31.4,39.4
SEN018,,,39.9,17.0
SEN026,,,25.611111111111107,13.208
SEN020,,37.0,,29.9
SEN029,,84.0,32.1,43.434
SEN041,,57.0,36.8,32.512
SEN024,,94.0,19.88888888888889,18.7
SEN003,,40.0,22.6,0.13
SEN008,,63.0,19.5,20.6
SEN029,,,32.6,44.449999999999996
SEN016,,38.0,21.0,18.4
SEN040,,90.0,39.8,37.083999999999996
SEN009,,95.0,33.6,18.2
SEN010,,82.0,36.27777777777778,43.1
SEN049,,77.0,,1.81
SEN027,,81.0,,5.1
SEN027,,46.0,34.4,28.701999999999995
SEN011,,33.0,23.7,0.0
SEN007,,63.0,,37.592
SEN041,,50.0,29.1,39.9
SEN049,,61.0,22.7,-38.0
SEN021,,46.0,30.0,26.2
SEN008,,55.0,29.27777777777778,35.5
SEN049,,80.0,23.388888888888886,-29.1
SEN003,,84.0,,24.7
SEN036,,75.0,,18.796
SEN019,,,39.2,20.5
SEN040,,84.0,15.1,46.8
SEN048,,33.0,33.5,21.1
SEN010,,48.0,24.9,27.686
SEN042,,46.0,29.88888888888889,7.6
SEN001,,36.0,,
SEN049,,79.0,16.27777777777778,-7.4
SEN035,,58.0,23.6,25.1
SEN026,,46.0,18.6,6.604
SEN031,,43.0,23.5,41.2
SEN002,,44.0,17.0,8.6
SEN009,,49.0,18.3,49.1
SEN034,,33.0,25.0,32.8
SEN042,,39.0,22.3,21.081999999999997
SEN045,,62.0,,2.794
SEN049,,56.0,30.8,40.894
SEN049,,40.0,37.0,43.4
SEN005,,75.0,20.888888888888886,24.1
SEN045,,36.0,22.277777777777775,1.6
SEN035,,,37.1,35.5
SEN044,,78.0,15.4,
SEN038,,60.0,31.27777777777778,20.0
SEN008,,34.0,36.111111111111114,33.528
SEN019,,65.0,19.6,39.3
SEN023,2026-06-30 05:30:00,43.0,27.1,-13.5
SEN029,,60.0,38.8,29.6
SEN003,,65.0,17.9,1.51
SEN007,,81.0,24.72222222222222,5.9
SEN050,,50.0,28.3,11.6
SEN005,,93.0,21.8,32.6
SEN034,,45.0,24.8,16.5
SEN012,,34.0,25.500000000000004,41.0
SEN016,,93.0,,6.3
UNKNOWN,,68.0,20.777777777777782,20.1
SEN007,,69.0,20.3,12.3
SEN032,,91.0,19.499999999999996,-19.6
UNKNOWN,,85.0,25.38888888888889,21.5
SEN030,,,21.38888888888889,0.75
SEN020,,50.0,20.7,40.5
SEN009,,,28.77777777777778,14.6
SEN039,,41.0,21.8,22.7
SEN012,,,15.11111111111111,-17.9
SEN005,,87.0,26.9,-46.0
SEN033,,,,44.5
SEN009,,49.0,31.0,18.1
SEN027,,50.0,23.5,18.4
SEN027,,56.0,20.5,17.1
SEN015,,33.0,24.88888888888889,-49.8
SEN009,,55.0,37.0,21.3
SEN039,,32.0,36.22222222222222,6.5
SEN020,,66.0,37.0,
SEN018,,62.0,,33.019999999999996
SEN002,,42.0,15.9,2.6
SEN040,,57.0,37.611111111111114,24.1
SEN026,,67.0,19.8,10.16
SEN032,,49.0,15.8,46.228
SEN047,,42.0,22.77777777777778,12.0
SEN011,,38.0,37.6,12.7
SEN012,,86.0,,8.382
SEN015,,88.0,31.4,37.592
SEN025,,36.0,18.3,13.6
SEN027,,69.0,38.0,29.7
SEN042,,79.0,17.88888888888889,38.7
UNKNOWN,,81.0,24.8,1.36
SEN049,,72.0,27.5,-12.0
SEN044,,89.0,,-31.9
SEN045,,48.0,26.0,11.9
SEN049,,71.0,18.5,38.354
SEN044,,64.0,16.9,1.79
SEN033,,52.0,39.7,29.6
SEN041,,86.0,38.9,20.9
SEN008,,75.0,20.888888888888886,
SEN040,,48.0,25.72222222222222,-4.7
SEN042,,65.0,,6.4
SEN043,,42.0,18.88888888888889,0.37
SEN042,,55.0,,44.7
SEN005,,43.0,20.2,23.5
SEN031,,47.0,18.88888888888889,23.6
UNKNOWN,,66.0,28.88888888888889,36.321999999999996
SEN043,,85.0,,8.889999999999999
SEN026,,47.0,38.111111111111114,16.4
SEN019,,94.0,17.11111111111111,35.3
SEN007,,34.0,24.1,45.1
SEN036,,46.0,33.72222222222222,30.3
SEN022,,33.0,34.0,6.6
SEN048,,59.0,35.22222222222222,11.1
SEN029,,78.0,,15.493999999999998
SEN030,,38.0,31.11111111111111,7.874
SEN042,,86.0,,-39.7
SEN027,,57.0,28.1,40.894
SEN019,,42.0,26.7,39.3
SEN034,,60.0,15.0,3.9
SEN030,,39.0,35.7,0.64
SEN008,,82.0,38.3,1.3
SEN002,,47.0,28.72222222222222,28.2
SEN034,,82.0,18.1,10.7
SEN050,,65.0,35.1,13.9
SEN001,,52.0,36.5,42.4
SEN022,,39.0,39.7,28.194000000000003
SEN021,,39.0,29.5,-44.9
UNKNOWN,,31.0,21.722222222222218,25.6
SEN035,,57.0,16.72222222222222,17.6
SEN007,,95.0,,
SEN044,,79.0,30.9,49.6
SEN003,,83.0,25.9,-43.0
SEN033,,42.0,39.72222222222222,3.7
SEN022,,88.0,25.1,-27.6
SEN048,,70.0,34.388888888888886,21.081999999999997
SEN049,,70.0,37.22222222222222,-6.1
SEN008,,52.0,30.0,15.1
SEN033,,85.0,21.1,1.08
UNKNOWN,,61.0,29.6,35.1
SEN032,,31.0,,21.4
SEN042,,78.0,26.999999999999996,-8.7
SEN007,,,,1.7
SEN002,,62.0,20.8,42.7
SEN009,,60.0,31.38888888888889,10.5
UNKNOWN,,41.0,37.888888888888886,4.1
SEN039,,41.0,34.5,19.5
SEN040,,63.0,27.38888888888889,20.0
SEN002,,53.0,17.22222222222222,25.145999999999997
UNKNOWN,,73.0,27.3,18.4
SEN018,,,20.3,33.8
SEN050,,55.0,,-37.4
UNKNOWN,,68.0,38.22222222222222,3.1
SEN044,,,27.4,18.6
SEN043,,76.0,25.6,48.26
SEN033,,60.0,,18.3
SEN020,,52.0,,3.8099999999999996
UNKNOWN,,77.0,,36.6
UNKNOWN,,86.0,36.22222222222222,31.9
SEN046,,81.0,38.7,12.446
SEN036,,48.0,35.611111111111114,8.6
SEN029,,,34.27777777777778,14.224
SEN036,,46.0,,31.241999999999997
SEN049,,34.0,35.111111111111114,29.5
SEN026,,37.0,23.8,0.7
SEN039,,,24.3,1.32
SEN048,,59.0,19.61111111111111,2.794
SEN001,,43.0,36.2,28.6
SEN045,,59.0,23.77777777777778,
SEN027,,30.0,39.388888888888886,27.4
SEN037,,57.0,30.0,3.8
SEN040,,81.0,32.5,0.93
SEN033,,94.0,,1.02
SEN035,,81.0,23.000000000000004,
SEN012,,41.0,,39.1
SEN002,,51.0,29.3,44.8
SEN009,,,27.277777777777775,38.7
SEN016,,66.0,37.388888888888886,27.178
SEN043,,,,44.0
SEN032,,,,46.5
SEN023,,,16.38888888888889,11.7
SEN003,,45.0,17.0,1.8
SEN025,,91.0,16.11111111111111,5.5
SEN047,,31.0,21.77777777777778,
SEN026,,77.0,26.11111111111111,16.8
SEN039,,41.0,,17.4
SEN019,,74.0,32.72222222222222,-28.5
SEN001,,49.0,29.88888888888889,30.2
SEN029,,36.0,29.8,-2.9
SEN011,,71.0,15.38888888888889,-12.1
SEN008,,39.0,39.8,13.208
SEN033,,64.0,19.72222222222222,35.0
SEN009,,83.0,31.61111111111111,27.432
SEN050,,55.0,,21.0
SEN024,,31.0,,1.78
SEN026,,88.0,36.4,-37.6
SEN005,,94.0,35.388888888888886,
UNKNOWN,,54.0,,21.6
SEN012,,57.0,18.1,45.3
SEN039,,,30.88888888888889,
SEN044,,36.0,15.5,27.94
SEN031,,48.0,29.5,
SEN034,,41.0,28.9,24.2
SEN016,,34.0,,33.5
SEN008,,54.0,40.0,37.9
SEN047,,73.0,30.61111111111111,
SEN034,,91.0,34.7,16.9
SEN049,,39.0,15.3,10.1
SEN014,,60.0,36.2,-47.5
SEN013,,58.0,,45.211999999999996
SEN039,,64.0,20.8,33.5
SEN041,,55.0,22.8,33.4
SEN021,,,26.5,-48.8
SEN006,,60.0,26.611111111111114,39.878
UNKNOWN,,83.0,35.111111111111114,35.559999999999995
SEN036,,42.0,17.1,-27.9
SEN027,,59.0,29.27777777777778,24.7
SEN017,,39.0,22.38888888888889,-46.2
SEN045,,72.0,15.0,2.8
SEN026,,65.0,39.5,27.0
SEN008,,48.0,27.77777777777778,32.7
SEN021,,61.0,33.77777777777778,43.5
SEN003,,44.0,23.0,21.5
SEN027,,57.0,35.7,15.2
SEN046,,85.0,,16.256
SEN046,,75.0,29.0,14.8
SEN015,,30.0,28.5,35.5
SEN006,,82.0,37.111111111111114,28.0
SEN024,,38.0,29.88888888888889,35.81399999999999
SEN025,,,21.1,-41.0
UNKNOWN,,39.0,37.77777777777778,0.61
SEN017,,,,27.5
SEN035,,45.0,20.888888888888886,29.0
SEN038,,58.0,24.4,-6.4
SEN049,,36.0,38.0,47.0
SEN023,,,31.5,3.7
SEN038,,82.0,,48.4
UNKNOWN,,51.0,23.277777777777782,-11.1
SEN045,,73.0,30.2,18.8
SEN036,,46.0,24.4,43.1
SEN012,,61.0,18.77777777777778,11.4
SEN045,,38.0,15.11111111111111,1.67
SEN036,,47.0,23.4,24.8
SEN004,,65.0,,32.1
SEN010,,71.0,,0.1
SEN013,,83.0,31.38888888888889,48.513999999999996
SEN041,,85.0,19.7,42.6
SEN019,,30.0,31.5,42.9
SEN003,,58.0,23.000000000000004,36.5
SEN018,,37.0,20.7,23.6
SEN025,,72.0,37.7,
SEN047,,,37.5,39.37
SEN034,,,35.27777777777778,41.3
SEN015,,67.0,28.277777777777782,4.4
SEN030,,90.0,36.888888888888886,32.9
SEN004,,,,
SEN050,,94.0,15.222222222222221,7.5
SEN006,,46.0,35.8,11.937999999999999
SEN022,,,,36.57599999999999
SEN024,,62.0,30.0,1.778
SEN008,,56.0,29.11111111111111,0.19
SEN004,,90.0,17.22222222222222,21.8
SEN048,,31.0,,9.9
SEN025,,71.0,35.111111111111114,27.5
SEN026,,49.0,26.8,-43.3
SEN044,,39.0,20.0,9.3
SEN013,,74.0,33.6,32.1
SEN006,,37.0,37.888888888888886,7.9
SEN017,,65.0,37.6,5.1
SEN016,,62.0,21.7,3.8099999999999996
SEN018,,45.0,17.88888888888889,5.1
SEN043,,76.0,40.0,1.21
SEN014,,31.0,29.61111111111111,42.163999999999994
SEN006,,44.0,26.0,18.2
SEN013,,31.0,30.61111111111111,32.2
SEN046,2026-03-19 05:30:00,63.0,30.7,34.0
SEN049,,50.0,31.61111111111111,4.7
SEN044,,79.0,31.72222222222222,32.3
SEN004,,53.0,17.4,3.7
SEN045,,58.0,,
SEN009,,93.0,24.0,30.8
UNKNOWN,,71.0,15.277777777777779,
SEN005,,52.0,,0.96
SEN043,,,39.111111111111114,35.0
SEN003,,52.0,31.2,41.401999999999994
SEN026,,,20.38888888888889,4.9
SEN027,,,23.1,14.7
SEN001,,86.0,31.6,42.418
SEN027,,69.0,36.611111111111114,20.827999999999996
SEN010,,75.0,,12.191999999999998
SEN025,,59.0,,2.6
SEN005,,88.0,29.2,21.2
SEN010,,30.0,21.27777777777778,24.1
SEN015,,81.0,,13.2
SEN038,,75.0,,-30.2
SEN047,,48.0,18.3,17.1
SEN040,,84.0,30.77777777777778,
SEN028,,60.0,,10.7
SEN015,,,24.8,30.2
UNKNOWN,,80.0,35.5,22.6
SEN006,,53.0,21.5,29.8
SEN019,,83.0,20.0,6.9
UNKNOWN,,79.0,18.0,30.3
UNKNOWN,,,,22.605999999999998
SEN021,,60.0,,35.559999999999995
SEN030,,30.0,19.3,45.6
SEN003,,73.0,20.6,2.032
SEN020,,93.0,27.77777777777778,21.6
SEN030,,72.0,,
SEN034,,35.0,22.1,-35.4
SEN015,,79.0,36.888888888888886,1.63
SEN035,,65.0,38.611111111111114,16.4
SEN011,,,22.5,2.9
SEN027,,33.0,35.0,44.9
SEN043,,66.0,32.1,45.1
SEN004,,51.0,23.77777777777778,43.4
SEN008,,35.0,27.1,29.9
SEN048,,31.0,36.1,20.4
SEN013,,78.0,,-10.2
UNKNOWN,,65.0,,5.6
SEN041,,81.0,33.3,1.63
SEN002,,,26.7,42.925999999999995
SEN015,,,29.3,20.1
SEN004,,41.0,34.22222222222222,31.3
SEN011,,34.0,24.222222222222218,
SEN040,,86.0,24.27777777777778,16.6
SEN031,,,22.61111111111111,49.022
SEN020,,,23.7,2.7
UNKNOWN,,39.0,39.611111111111114,2.5
SEN038,,35.0,32.388888888888886,25.907999999999998
SEN001,,30.0,16.22222222222222,1.09
SEN006,,93.0,34.0,12.1
SEN024,,82.0,29.4,-13.4
SEN045,,50.0,17.11111111111111,14.5
SEN049,,39.0,25.2,18.8
SEN042,,45.0,,18.8
SEN041,,43.0,15.1,0.4
SEN039,,32.0,33.0,2.0
SEN041,,35.0,,36.4
SEN031,,33.0,30.0,0.89
SEN033,,94.0,33.27777777777778,40.386
SEN014,,85.0,26.77777777777778,0.62
SEN039,,,27.9,-23.5
SEN044,,57.0,26.722222222222218,3.2
SEN048,,57.0,17.22222222222222,33.0
SEN038,,69.0,35.9,29.5
SEN045,,55.0,16.77777777777778,8.8
SEN027,,80.0,38.111111111111114,0.8
SEN043,,55.0,,0.26
SEN034,,88.0,36.611111111111114,27.432
SEN045,,48.0,32.388888888888886,28.5
SEN034,,54.0,,2.4
SEN012,,75.0,30.9,19.6
SEN011,,88.0,23.5,-32.0
SEN021,,32.0,,38.2
SEN033,,65.0,30.3,32.6
SEN042,,39.0,32.611111111111114,14.224
SEN045,,48.0,23.2,1.39
SEN003,,40.0,15.6,-27.3
SEN018,,79.0,36.77777777777778,49.5
SEN015,,38.0,33.611111111111114,-31.3
SEN025,,74.0,16.5,13.1
UNKNOWN,,68.0,33.7,-4.1
SEN042,,75.0,31.72222222222222,9.4
SEN005,,61.0,36.0,0.75
SEN037,,75.0,,17.0
SEN043,,47.0,25.0,1.91
SEN039,,32.0,18.8,4.1
SEN047,,75.0,33.5,27.9
SEN002,,38.0,39.22222222222222,1.2
SEN039,,81.0,36.111111111111114,3.8099999999999996
SEN019,,79.0,15.3,-2.9
SEN008,,43.0,34.5,27.432
SEN003,,50.0,34.1,15.5
SEN039,,45.0,22.277777777777775,
SEN031,,60.0,18.388888888888886,1.53
SEN043,,78.0,21.9,21.2
SEN031,,,26.38888888888889,23.4
SEN047,,76.0,29.3,8.2
SEN006,,56.0,36.9,-13.2
SEN029,,30.0,24.72222222222222,8.2
SEN014,,43.0,22.38888888888889,
SEN046,,41.0,24.222222222222218,18.2
SEN022,,45.0,18.1,3.7
SEN006,,40.0,34.8,0.26
SEN026,,94.0,,6.858
SEN043,,63.0,18.0,24.8
SEN003,,40.0,37.9,32.0
SEN014,,39.0,27.3,39.878
SEN040,,58.0,,47.0
SEN019,,55.0,36.888888888888886,0.54
SEN018,,75.0,37.0,30.733999999999998
SEN017,,31.0,,41.1
SEN002,,58.0,39.388888888888886,13.1
SEN009,,36.0,25.38888888888889,-26.5
SEN013,,84.0,33.9,41.0
SEN039,,60.0,17.4,47.2
SEN006,,39.0,16.72222222222222,12.0
SEN015,,42.0,34.611111111111114,19.1
SEN017,,63.0,15.5,
UNKNOWN,,,18.72222222222222,1.32
SEN003,,78.0,19.9,6.35
SEN045,,47.0,29.1,30.8
SEN001,,59.0,24.6,11.5
SEN016,,49.0,25.3,-37.4
SEN013,,53.0,39.611111111111114,11.176
SEN011,,60.0,19.3,6.35
SEN049,,55.0,29.88888888888889,
UNKNOWN,,89.0,17.0,28.701999999999995
SEN013,,89.0,20.38888888888889,25.654
SEN010,,47.0,16.77777777777778,47.9
SEN017,,69.0,,47.7
SEN027,2026-04-15 05:30:00,68.0,,-25.0
SEN003,,89.0,40.0,49.529999999999994
SEN020,,76.0,34.4,3.8099999999999996
SEN034,,43.0,37.72222222222222,23.114
SEN036,,47.0,18.4,26.5
UNKNOWN,,37.0,31.72222222222222,20.9
SEN008,,82.0,34.77777777777778,-38.1
SEN041,,67.0,24.0,-25.9
SEN040,,,17.22222222222222,
SEN045,,36.0,30.6,-49.4
SEN031,,83.0,20.72222222222222,47.8
SEN034,,32.0,27.22222222222222,48.9
SEN027,,30.0,20.8,1.1
SEN022,,38.0,31.7,
SEN016,,,33.611111111111114,6.095999999999999
SEN008,,50.0,25.1,33.5
SEN019,,50.0,,-33.8
SEN028,,83.0,,23.8
SEN041,,86.0,32.22222222222222,
SEN020,,63.0,28.2,-11.2
SEN017,,64.0,19.5,43.0
SEN003,,47.0,,45.8
SEN041,,48.0,16.7,44.958
SEN005,,,29.88888888888889,33.4
SEN004,,64.0,25.2,16.9
SEN026,,84.0,18.7,15.7
SEN025,,,27.0,32.4
SEN023,,94.0,26.0,46.482
SEN023,,92.0,29.4,-38.8
SEN037,,41.0,18.61111111111111,32.8
SEN038,,,27.5,
SEN026,,32.0,23.5,0.56
SEN039,,30.0,38.888888888888886,7.0
SEN042,,95.0,39.6,19.7
SEN001,,92.0,29.11111111111111,26.8
SEN004,,,19.2,26.416
UNKNOWN,,47.0,31.38888888888889,25.4
SEN044,,94.0,,32.4
SEN006,,61.0,36.72222222222222,-18.9
SEN013,,90.0,37.888888888888886,40.7
SEN034,,38.0,38.3,
SEN016,,30.0,15.5,32.6
SEN047,,40.0,,41.9
SEN014,,81.0,32.5,37.0
SEN027,,90.0,32.8,26.0
SEN037,,34.0,35.5,27.686
SEN021,,68.0,34.0,36.1
SEN014,,48.0,30.38888888888889,11.2
SEN034,,,21.11111111111111,37.3
UNKNOWN,,67.0,17.9,1.24
SEN027,,30.0,39.72222222222222,-48.2
SEN044,,95.0,35.5,20.574
SEN039,,48.0,38.2,28.701999999999995
SEN046,,,18.3,45.3
SEN045,,92.0,39.1,41.3
SEN033,,71.0,27.38888888888889,43.7
SEN048,,52.0,30.4,44.3
SEN001,,95.0,37.3,17.525999999999996
SEN001,,85.0,21.22222222222222,28.448
SEN019,,40.0,26.611111111111114,43.18
SEN024,,30.0,32.3,25.2
SEN022,,82.0,,9.5
SEN006,,35.0,24.4,1.2
SEN034,,76.0,18.61111111111111,-0.5
SEN045,,,21.4,36.83
SEN045,,60.0,21.11111111111111,37.337999999999994
SEN012,,52.0,35.388888888888886,
SEN050,,,38.1,34.798
SEN016,,,37.8,39.3
SEN028,,69.0,,3.556
UNKNOWN,,50.0,20.5,39.9
SEN029,2026-04-13 05:30:00,79.0,37.3,15.9
SEN025,,64.0,34.72222222222222,1.01
SEN021,,89.0,33.5,47.244
SEN025,,53.0,15.722222222222221,0.87
SEN002,,80.0,21.5,24.6
SEN018,,42.0,32.1,3.556
SEN009,,66.0,35.9,21.7
SEN002,,31.0,31.27777777777778,21.9
SEN007,,39.0,39.111111111111114,20.5
SEN028,,73.0,30.2,-40.2
SEN032,,57.0,39.6,42.8
SEN019,,,30.5,10.668
SEN038,,53.0,25.500000000000004,-8.2
SEN015,,41.0,20.4,32.7
SEN010,,74.0,24.3,48.2
SEN003,,48.0,,46.99
SEN006,,45.0,32.388888888888886,35.4
SEN041,,58.0,18.5,39.1
SEN034,,95.0,31.27777777777778,14.1
SEN029,,71.0,35.7,-39.9
SEN004,,78.0,17.6,13.716
SEN015,,60.0,32.1,-34.5
SEN014,,58.0,22.38888888888889,28.3
SEN028,,,,0.69
SEN046,,81.0,34.6,1.14
SEN005,,83.0,15.2,30.987999999999996
SEN039,,42.0,34.27777777777778,8.5
SEN016,,32.0,31.38888888888889,18.6
UNKNOWN,,50.0,22.88888888888889,35.306
SEN014,,72.0,29.88888888888889,1.3
SEN022,,95.0,27.2,43.3
SEN024,,45.0,31.0,48.767999999999994
SEN039,,78.0,20.222222222222225,36.3
SEN026,,73.0,15.9,37.592
SEN005,,,,1.1
SEN026,,82.0,,1.5
SEN012,,35.0,36.4,24.7
SEN029,,33.0,21.3,1.2
SEN050,,46.0,36.4,45.974
SEN050,,74.0,30.5,47.3
SEN047,,74.0,37.3,21.3
SEN005,,74.0,33.72222222222222,-2.7
SEN006,,63.0,27.722222222222225,42.163999999999994
SEN018,,57.0,32.1,12.8
SEN003,,32.0,30.77777777777778,20.6
SEN014,,47.0,39.9,3.9
SEN023,,51.0,31.27777777777778,23.114
SEN035,,44.0,19.3,18.287999999999997
SEN042,,75.0,37.0,8.7
SEN037,,71.0,,1.42
SEN047,,81.0,22.5,47.5
SEN038,,41.0,37.4,1.3
SEN033,,35.0,26.2,33.0
SEN044,,82.0,,46.99
SEN022,,30.0,20.27777777777778,25.6
SEN021,,33.0,25.27777777777778,33.4
SEN009,,73.0,29.2,13.0
SEN029,,40.0,31.0,29.2
SEN005,,71.0,17.77777777777778,41.2
SEN030,,94.0,39.27777777777778,40.894
SEN006,,51.0,38.388888888888886,27.1
SEN050,,69.0,19.9,-15.4
SEN024,,49.0,35.6,1.44
SEN046,,69.0,24.88888888888889,7.9
SEN026,,63.0,36.0,42.7
SEN038,2026-04-16 05:30:00,62.0,39.9,32.7
SEN048,,58.0,16.0,30.0
SEN004,,62.0,32.2,40.386
SEN003,,74.0,23.1,7.1
SEN033,,,,22.098
SEN050,,33.0,16.4,6.4
SEN046,,,38.388888888888886,31.9
SEN014,,32.0,28.0,
SEN040,,30.0,26.38888888888889,33.2
SEN019,,87.0,,-32.2
SEN038,,87.0,25.777777777777782,40.0
SEN034,,69.0,,3.0479999999999996
SEN037,,62.0,30.88888888888889,-38.6
SEN032,,43.0,20.1,45.6
SEN028,,59.0,20.4,16.256
SEN002,,60.0,28.88888888888889,-30.7
SEN022,,38.0,32.6,
SEN007,,80.0,33.0,18.796
SEN048,,92.0,35.4,15.3
SEN047,,41.0,17.4,33.528
SEN017,,70.0,,34.5
SEN005,,58.0,15.2,
SEN011,,79.0,21.5,22.5
SEN021,,82.0,,19.049999999999997
SEN027,,92.0,35.77777777777778,12.7
SEN004,,65.0,17.72222222222222,28.701999999999995
SEN034,,,34.6,-47.0
SEN046,,32.0,32.3,28.8
SEN016,,59.0,18.61111111111111,48.4
UNKNOWN,,75.0,29.88888888888889,17.7
SEN030,,46.0,,12.2
SEN026,,47.0,34.4,47.1
SEN033,,66.0,20.7,13.5
SEN016,,,32.22222222222222,-29.6
SEN028,,64.0,30.2,33.5
SEN034,,,35.611111111111114,0.4
SEN021,,86.0,22.2,43.8
SEN024,,72.0,19.777777777777775,42.925999999999995
SEN039,2026-01-19 05:30:00,75.0,37.888888888888886,
SEN007,,52.0,31.27777777777778,
SEN029,,30.0,15.722222222222221,48.0
SEN014,,48.0,25.2,-48.5
SEN049,,68.0,,-32.9
SEN008,,81.0,15.7,0.07
SEN005,,69.0,33.2,20.6
UNKNOWN,,33.0,15.2,
SEN048,,59.0,18.6,47.9
SEN013,,85.0,32.111111111111114,44.7
SEN036,,,35.77777777777778,8.2
SEN030,,60.0,,1.93
SEN031,,47.0,20.1,14.3
SEN049,,74.0,,-19.8
SEN027,,63.0,,44.8
SEN050,,84.0,26.7,7.874
SEN010,,81.0,25.8,-5.3
SEN042,,,19.3,46.0
SEN019,,56.0,24.777777777777775,30.6
SEN030,,43.0,38.5,41.401999999999994
SEN036,,,34.5,0.508
SEN028,,47.0,22.5,48.4
SEN028,,79.0,31.11111111111111,23.8
SEN007,,,39.4,19.304
SEN005,,95.0,38.22222222222222,35.0
SEN004,,54.0,,-41.9
SEN001,,88.0,38.5,1.07
SEN011,,79.0,,5.5
SEN001,,72.0,20.0,-16.1
SEN014,,75.0,19.7,12.6
SEN028,,79.0,30.7,-35.7
SEN020,,73.0,23.5,-13.0
SEN015,,76.0,32.8,9.4
SEN005,,79.0,18.0,0.95
SEN020,,30.0,,22.098
SEN033,,55.0,34.388888888888886,38.2
SEN024,,82.0,,36.9
SEN030,,39.0,34.22222222222222,33.9
SEN007,,,17.72222222222222,-18.2
SEN005,,90.0,34.2,46.4
SEN043,,56.0,27.0,10.921999999999999
SEN018,,32.0,38.77777777777778,29.3
SEN019,,43.0,29.72222222222222,1.03
SEN031,,59.0,34.9,8.7
SEN014,,51.0,34.8,8.7
SEN015,,45.0,32.2,48.9
SEN032,,88.0,29.6,18.796
SEN023,,64.0,35.9,3.1
SEN039,,64.0,25.1,19.7
SEN047,,85.0,29.77777777777778,4.571999999999999
SEN008,,94.0,28.88888888888889,27.0
SEN004,,33.0,33.0,1.61
SEN034,,41.0,20.9,35.559999999999995
SEN036,,92.0,35.611111111111114,
SEN018,,67.0,26.611111111111114,
SEN010,,,24.0,-29.6
SEN048,,66.0,19.111111111111114,1.95
SEN029,,66.0,28.6,5.2
SEN032,,74.0,19.499999999999996,1.87
SEN050,,77.0,28.88888888888889,34.9
SEN009,,38.0,29.27777777777778,31.2
SEN004,,42.0,19.222222222222218,37.3
SEN047,,,,3.7
SEN023,2026-08-23 05:30:00,58.0,,-8.7
UNKNOWN,,62.0,26.722222222222218,32.6
UNKNOWN,,38.0,36.3,14.4
SEN013,,40.0,39.72222222222222,42.4
SEN050,,50.0,25.72222222222222,22.3
SEN037,,87.0,17.77777777777778,9.143999999999998
SEN013,,75.0,15.0,46.482
SEN033,,86.0,,28.5
SEN025,,54.0,16.0,17.7
SEN007,,51.0,,46.2
SEN008,,76.0,17.5,33.0
SEN022,,51.0,17.1,-13.0
SEN017,,71.0,19.88888888888889,37.8
SEN007,,31.0,16.27777777777778,0.8
SEN008,,,24.9,6.0
SEN001,,33.0,19.27777777777778,-8.6
SEN027,,64.0,15.5,42.9
SEN016,,91.0,34.0,0.62
SEN003,,37.0,22.11111111111111,
SEN022,,,23.277777777777782,12.0
SEN050,,84.0,31.3,8.8
SEN012,,80.0,,35.306
SEN019,,31.0,,-43.0
SEN023,,47.0,26.0,47.3
SEN045,,38.0,30.5,43.9
SEN017,,88.0,28.388888888888886,31.0
SEN024,,57.0,37.0,46.8
SEN029,,67.0,15.61111111111111,30.8
SEN032,,47.0,26.0,43.942
SEN010,,67.0,36.9,9.1
SEN035,,62.0,25.9,39.624
SEN008,,52.0,39.5,-15.2
SEN013,2026-03-12 05:30:00,87.0,29.5,1.54
SEN023,,61.0,30.88888888888889,30.1
SEN002,,64.0,34.8,35.4
SEN023,,94.0,17.8,35.9
SEN048,,,22.2,48.7
SEN040,,44.0,33.611111111111114,25.907999999999998
SEN032,,90.0,27.7,41.1
SEN008,,43.0,,0.6
UNKNOWN,,46.0,16.7,17.2
SEN035,,69.0,16.88888888888889,-14.4
SEN003,,62.0,24.0,-14.7
SEN033,,89.0,37.888888888888886,4.064
SEN008,,57.0,18.4,-38.2
SEN047,,55.0,15.2,32.7
SEN032,,78.0,34.1,40.9
SEN026,,73.0,30.1,0.3
SEN031,,47.0,29.11111111111111,38.8
SEN021,,45.0,39.3,22.1
SEN045,,66.0,23.3,-21.4
SEN033,,68.0,,1.12
SEN025,,85.0,29.3,0.17
UNKNOWN,,45.0,30.2,34.4
SEN030,,,21.9,26.4
SEN027,,65.0,21.77777777777778,20.5
SEN043,,91.0,29.6,43.9
SEN026,,44.0,,45.211999999999996
SEN032,,35.0,26.8,25.5
SEN048,,,,18.6
SEN043,,46.0,27.5,
SEN014,,55.0,,6.7
SEN009,,43.0,34.7,23.8
UNKNOWN,,87.0,35.5,-4.8
SEN042,,81.0,36.1,44.4
SEN026,,87.0,27.3,47.2
SEN013,,45.0,36.2,38.608
SEN032,,,32.27777777777778,34.5
SEN030,,46.0,24.9,8.2
SEN040,,35.0,,27.7
SEN018,,84.0,,34.2
SEN015,,30.0,37.2,7.619999999999999
SEN041,,,27.11111111111111,22.352
SEN027,,46.0,,49.529999999999994
UNKNOWN,,65.0,22.277777777777775,40.64
SEN026,,72.0,33.2,6.9
SEN022,,82.0,,7.0
SEN021,,47.0,22.722222222222225,49.0
SEN021,,83.0,31.9,47.4
SEN001,,60.0,36.0,2.9
UNKNOWN,,38.0,35.7,-14.7
SEN037,,79.0,22.88888888888889,27.4
SEN007,,60.0,,39.0
SEN050,,48.0,19.61111111111111,41.401999999999994
SEN044,,74.0,22.1,35.8
SEN038,,64.0,25.222222222222225,
SEN036,,48.0,37.2,31.75
SEN020,,60.0,24.388888888888893,22.9
SEN026,,74.0,27.88888888888889,0.35
SEN014,,87.0,31.88888888888889,10.7
SEN018,,31.0,20.72222222222222,12.9
SEN005,,54.0,28.8,30.1
SEN050,,,27.38888888888889,-1.5
SEN048,,52.0,,0.98
SEN011,,76.0,37.8,6.095999999999999
SEN038,,68.0,18.277777777777782,34.2
SEN024,,46.0,35.611111111111114,10.4
SEN006,,32.0,37.0,36.9
SEN023,,50.0,34.77777777777778,-22.2
SEN007,,89.0,33.9,1.73
SEN007,,85.0,,0.98
SEN040,,47.0,29.0,20.827999999999996
SEN018,,79.0,19.9,
SEN022,,30.0,16.22222222222222,47.7
SEN017,,71.0,,46.4
SEN041,,95.0,,19.9
SEN049,,93.0,35.72222222222222,43.687999999999995
SEN015,,89.0,15.9,49.529999999999994
SEN008,,,26.888888888888893,40.4
UNKNOWN,,39.0,,4.9
SEN043,,43.0,25.9,
SEN003,,92.0,27.5,39.7
SEN041,,69.0,40.0,8.889999999999999
SEN034,,57.0,24.9,-31.3
SEN008,,,17.4,1.3
SEN006,,62.0,22.7,28.448
SEN025,,31.0,28.277777777777782,5.08
UNKNOWN,,78.0,26.1,
SEN019,,50.0,35.6,30.9
SEN018,,68.0,31.0,-3.7
SEN006,,62.0,32.888888888888886,10.7
SEN041,,41.0,29.4,43.9
SEN035,,48.0,33.5,-8.0
SEN005,,93.0,28.111111111111107,11.0
SEN017,,77.0,26.22222222222222,47.4
SEN002,,72.0,29.88888888888889,41.6
SEN020,,51.0,34.27777777777778,39.4
SEN012,,,25.38888888888889,26.4
SEN037,,57.0,37.9,5.6
SEN017,,,19.1,16.7
SEN007,,,30.0,47.3
UNKNOWN,,82.0,,-18.1
SEN032,,81.0,24.61111111111111,
SEN024,,67.0,27.4,5.9
SEN020,,33.0,,-0.1
SEN036,,86.0,,-3.1
SEN008,,56.0,19.61111111111111,2.54
SEN034,,94.0,,19.812
SEN040,,66.0,30.9,1.07
SEN014,,83.0,27.3,-5.0
SEN021,,94.0,29.5,5.7
SEN021,,72.0,,0.76
SEN036,,66.0,15.4,33.8
SEN016,,43.0,29.9,-30.3
SEN038,,32.0,15.4,1.46
SEN028,,50.0,18.72222222222222,-20.2
SEN046,,58.0,28.7,11.6
SEN029,,66.0,26.3,9.8
SEN024,,,26.6,13.5
SEN050,,68.0,34.27777777777778,16.5
SEN014,,42.0,35.2,15.6
SEN024,,91.0,16.7,42.8
SEN041,,58.0,27.3,
SEN036,,33.0,21.7,47.3
SEN001,,70.0,31.22222222222222,38.6
SEN007,,33.0,21.0,0.37
SEN015,,40.0,26.2,
SEN034,,80.0,28.277777777777782,16.1
SEN013,,69.0,34.111111111111114,23.3
SEN003,,91.0,25.27777777777778,40.2
SEN029,,30.0,23.5,18.287999999999997
SEN035,,31.0,23.277777777777782,2.5
UNKNOWN,,32.0,24.9,
SEN004,,31.0,39.2,45.72
SEN017,,,27.8,0.33
SEN005,,76.0,34.0,-38.8
SEN030,,66.0,19.61111111111111,23.3
SEN018,,68.0,18.22222222222222,-16.2
SEN012,,85.0,24.7,24.8
SEN036,,,36.2,31.496
SEN049,,73.0,,14.3
SEN041,,65.0,18.77777777777778,-15.2
SEN045,,44.0,20.611111111111107,33.0
SEN030,,65.0,35.9,1.778
SEN021,,38.0,29.27777777777778,19.9
SEN002,,65.0,32.2,6.1
SEN014,,54.0,24.88888888888889,-19.0
SEN016,,61.0,26.77777777777778,35.7
SEN025,,33.0,33.0,8.2
SEN009,,82.0,25.611111111111107,35.9
SEN022,,,38.1,21.2
SEN017,,69.0,17.1,43.0
SEN016,,,21.9,21.336
SEN024,,33.0,17.11111111111111,0.83
SEN042,,71.0,33.22222222222222,5.7
SEN002,,70.0,26.5,-14.2
SEN012,,67.0,38.72222222222222,-19.2
SEN004,,60.0,29.27777777777778,2.2859999999999996
SEN002,,59.0,,4.8
SEN031,,44.0,27.277777777777775,-19.0
SEN006,,94.0,35.0,0.44
SEN039,,42.0,28.77777777777778,
SEN047,,,21.77777777777778,-0.7
SEN008,,55.0,30.5,19.4
SEN029,,94.0,38.72222222222222,11.0
SEN044,,93.0,16.8,30.987999999999996
SEN005,,65.0,,24.5
SEN010,,45.0,25.7,30.8
SEN045,,,39.0,48.5
SEN008,,72.0,26.611111111111114,8.9
SEN003,,44.0,24.0,11.9
SEN043,,93.0,,19.5
SEN019,,41.0,30.6,4.8
SEN012,,76.0,28.388888888888886,24.0
SEN019,,44.0,28.4,32.7
SEN046,,60.0,39.111111111111114,
UNKNOWN,,93.0,39.2,19.558
SEN020,,73.0,37.0,30.0
SEN043,,87.0,39.8,
SEN026,,71.0,32.1,-24.7
SEN004,,48.0,31.88888888888889,-18.1
SEN045,,80.0,29.7,25.5
SEN002,,40.0,26.7,19.049999999999997
SEN039,,61.0,16.0,-6.7
SEN011,,85.0,24.1,24.4
SEN019,,77.0,20.8,-40.0
SEN014,,56.0,20.8,33.9
SEN016,,,24.1,
SEN018,,52.0,,11.7
SEN039,,44.0,27.61111111111111,36.8
SEN009,,83.0,25.8,41.401999999999994
SEN041,,,20.5,33.782
SEN014,,57.0,36.72222222222222,43.9
SEN014,,49.0,,8.128
SEN033,,86.0,35.1,38.099999999999994
SEN026,,74.0,33.72222222222222,46.4
SEN026,,47.0,28.9,4.4
SEN009,,81.0,15.7,35.4
SEN039,,76.0,18.61111111111111,20.1
SEN025,,80.0,24.111111111111114,
SEN035,,40.0,19.88888888888889,1.19
SEN028,,75.0,19.388888888888893,28.5
SEN050,,67.0,39.7,16.3
SEN030,,,36.5,26.8
SEN050,,40.0,15.0,-5.9
SEN050,,85.0,,34.3
UNKNOWN,,74.0,18.388888888888886,0.93
UNKNOWN,,,,2.2859999999999996
SEN034,,67.0,27.722222222222225,1.3
SEN014,,52.0,28.1,1.93
SEN003,,36.0,19.777777777777775,-46.4
SEN011,,55.0,,40.5
SEN028,,,21.5,25.5
SEN046,,56.0,,2.794
SEN036,,,36.611111111111114,
SEN035,,56.0,18.77777777777778,19.304
SEN008,,48.0,23.3,-38.9
SEN025,,47.0,36.4,-44.4
SEN044,,50.0,25.11111111111111,10.0
SEN017,,80.0,23.77777777777778,20.1
SEN004,,68.0,,43.0
SEN022,,58.0,33.7,-31.4
SEN038,,89.0,26.1,28.6
SEN038,,94.0,30.4,7.4
SEN023,,55.0,,9.398
SEN010,,41.0,22.2,1.35
SEN048,,47.0,38.888888888888886,27.178
SEN026,,78.0,28.277777777777782,0.25
SEN032,,66.0,17.8,42.4
SEN050,,46.0,,6.604
SEN002,,55.0,18.000000000000004,19.6
SEN042,2026-06-11 05:30:00,85.0,,39.8
SEN034,,,16.1,0.83
SEN029,,58.0,37.0,19.0
SEN036,,56.0,25.0,16.509999999999998
SEN032,,79.0,25.6,44.4
SEN040,,87.0,33.2,
SEN027,,37.0,33.4,24.383999999999997
SEN048,,55.0,18.22222222222222,0.47
SEN027,,38.0,32.5,
SEN046,,49.0,,29.971999999999998
SEN007,,81.0,17.8,1.65
SEN042,,53.0,33.4,28.1
SEN033,,44.0,30.0,13.716
SEN008,,30.0,37.1,-17.3
SEN018,,68.0,36.111111111111114,35.6
SEN009,,40.0,,-2.9
SEN011,,66.0,15.4,27.8
SEN020,,34.0,35.0,
SEN042,,70.0,17.72222222222222,4.9
SEN047,,49.0,,38.099999999999994
SEN042,,41.0,38.5,
SEN028,,85.0,,17.272000000000002
SEN020,,75.0,24.499999999999996,
SEN045,2026-04-20 05:30:00,37.0,36.7,19.7
SEN048,,75.0,15.0,10.7
SEN008,,36.0,35.6,1.14
SEN042,,31.0,,0.56
SEN001,,85.0,23.0,-4.4
SEN017,,55.0,23.277777777777782,39.8
UNKNOWN,,71.0,32.22222222222222,34.8
SEN050,,69.0,30.2,33.9
SEN030,,77.0,34.611111111111114,1.86
SEN043,,41.0,27.2,
SEN038,,79.0,19.5,21.0
SEN015,2026-07-17 05:30:00,95.0,32.0,9.906
SEN045,,34.0,18.1,2.9
SEN047,,66.0,32.388888888888886,-48.5
SEN037,,72.0,19.7,4.8
SEN026,,,19.222222222222218,39.9
SEN010,,35.0,34.888888888888886,-39.1
SEN026,,90.0,,44.958
SEN024,,84.0,24.1,1.5
SEN026,,,23.8,32.6
SEN015,,,39.1,2.1
SEN018,,44.0,25.0,38.4
SEN028,,77.0,19.61111111111111,10.7
SEN039,,,20.611111111111107,36.9
SEN023,,76.0,19.3,-10.2
SEN037,,44.0,35.7,1.39
UNKNOWN,,90.0,16.11111111111111,-47.9
SEN015,,58.0,34.77777777777778,16.5
SEN033,2026-03-01 05:30:00,44.0,,42.2
SEN017,,92.0,29.22222222222222,-0.3
SEN008,,,,42.9
SEN005,,,39.7,-7.1
SEN003,,65.0,,0.4
SEN018,,36.0,26.77777777777778,7.6
SEN007,,43.0,34.7,0.76
SEN019,,34.0,34.6,19.1
SEN024,,,28.9,39.116
SEN049,,75.0,28.111111111111107,36.57599999999999
SEN003,,92.0,19.222222222222218,0.66
SEN004,,53.0,21.7,49.8
SEN004,,42.0,30.1,21.7
SEN010,,74.0,15.1,
SEN020,,83.0,31.8,0.75
SEN044,,57.0,33.22222222222222,-2.6
SEN040,,39.0,36.8,35.3
SEN042,,50.0,38.9,35.8
SEN049,,89.0,37.388888888888886,17.9
SEN024,,,21.0,12.8
SEN034,,74.0,27.3,48.26
SEN008,,73.0,30.4,-16.1
SEN042,,33.0,19.1,18.5
SEN017,,49.0,23.0,-39.8
SEN029,,31.0,29.9,42.5
UNKNOWN,,,27.11111111111111,
UNKNOWN,,58.0,37.5,
UNKNOWN,,90.0,,31.3
SEN011,,,37.4,13.3
SEN007,,70.0,35.7,
SEN050,,31.0,34.77777777777778,1.55
SEN037,,45.0,,-39.3
SEN042,,57.0,27.4,-36.2
SEN032,,61.0,22.0,20.574
SEN047,,92.0,23.0,42.418
SEN009,,46.0,36.1,3.6
SEN018,,73.0,30.5,
SEN048,,53.0,27.6,47.3
SEN031,,60.0,18.8,29.2
SEN013,,79.0,36.1,-48.4
SEN008,,76.0,16.22222222222222,29.4
SEN050,,85.0,28.8,5.1
SEN019,,63.0,,-45.1
SEN030,,38.0,15.88888888888889,7.8
UNKNOWN,,,,39.878
SEN047,,61.0,36.9,16.0
SEN013,,92.0,,0.7619999999999999
SEN027,,44.0,26.27777777777778,13.4
SEN001,,65.0,26.722222222222218,6.9
SEN045,,50.0,22.9,-1.4
SEN050,,37.0,26.611111111111114,32.8
SEN044,,81.0,27.722222222222225,48.5
SEN034,,37.0,27.38888888888889,19.4
SEN010,,,38.2,48.513999999999996
SEN018,,43.0,29.88888888888889,40.132
SEN025,,86.0,,
SEN031,,70.0,26.611111111111114,28.1
SEN046,,83.0,19.388888888888893,-33.3
SEN037,,58.0,,29.971999999999998
SEN029,,92.0,,-22.3
SEN031,,90.0,16.22222222222222,40.3
SEN045,,75.0,,19.2
SEN021,,87.0,34.6,21.9
SEN032,,31.0,,0.1
SEN016,,34.0,,25.6
SEN041,,,39.611111111111114,6.4
SEN017,,56.0,35.4,42.4
SEN018,,41.0,18.61111111111111,36.1
SEN044,,89.0,22.277777777777775,5.9
SEN008,,,23.0,-49.4
SEN003,,86.0,35.9,1.9
SEN028,,40.0,23.7,6.2
SEN050,,54.0,22.0,21.9
SEN030,,65.0,24.27777777777778,44.8
SEN044,,47.0,29.5,12.3
SEN034,,59.0,22.722222222222225,
SEN050,,90.0,17.7,
UNKNOWN,,48.0,39.2,17.3
SEN012,,72.0,36.5,30.6
SEN030,,88.0,26.8,44.449999999999996
SEN024,,62.0,27.22222222222222,30.225999999999996
UNKNOWN,,80.0,39.4,17.3
SEN030,,51.0,28.77777777777778,11.9
SEN012,,,22.11111111111111,
SEN013,,45.0,29.8,27.8
SEN049,,,24.88888888888889,3.8099999999999996
SEN039,,30.0,34.4,12.9
SEN040,,40.0,39.0,23.7
SEN001,,74.0,16.22222222222222,22.2
SEN027,,77.0,17.7,20.827999999999996
SEN030,,79.0,27.61111111111111,45.211999999999996
SEN014,,57.0,26.999999999999996,23.368
SEN022,,76.0,32.0,15.8
SEN001,,39.0,36.0,26.0
SEN018,,42.0,23.4,0.95
SEN035,,71.0,22.1,22.9
SEN028,,46.0,39.6,3.7
SEN011,,88.0,23.2,-40.7
SEN016,,60.0,34.5,13.97
SEN011,,52.0,28.72222222222222,32.8
SEN007,,48.0,27.1,32.257999999999996
SEN020,,38.0,,0.0
SEN009,,43.0,,30.2
SEN048,,52.0,28.2,1.778
SEN043,,,28.72222222222222,1.91
SEN047,,,21.77777777777778,
SEN017,,62.0,23.277777777777782,35.05199999999999
SEN007,,43.0,31.2,14.3
SEN018,,38.0,33.22222222222222,13.9
SEN037,,89.0,26.4,4.1
SEN036,,35.0,18.2,19.8
SEN024,,69.0,17.8,21.7
SEN033,,39.0,28.2,-11.8
SEN013,,94.0,17.61111111111111,0.07
SEN037,,73.0,31.77777777777778,33.7
SEN043,,55.0,35.1,40.6
SEN045,,71.0,24.61111111111111,5.4
SEN018,,89.0,,12.1
SEN015,,93.0,16.8,25.2
SEN003,,51.0,25.6,0.3
SEN023,,70.0,38.6,11.7
SEN020,,57.0,38.22222222222222,
SEN023,,68.0,35.9,
SEN019,,86.0,,45.5
SEN024,,89.0,34.9,44.196
SEN029,,40.0,39.2,13.716
UNKNOWN,,54.0,37.2,
SEN011,,75.0,,30.7
SEN026,,33.0,28.111111111111107,36.57599999999999
SEN039,,74.0,39.72222222222222,24.1
SEN015,,31.0,21.11111111111111,7.8
SEN006,,86.0,24.388888888888893,21.2
SEN014,,38.0,32.0,49.2
SEN013,,54.0,,28.6
SEN043,,43.0,38.27777777777778,9.4
SEN007,,82.0,34.9,1.13
SEN039,,64.0,35.111111111111114,35.4
SEN036,,,19.1,38.862
SEN005,,61.0,24.72222222222222,1.5239999999999998
SEN047,,,23.6,40.0
SEN013,,37.0,26.0,0.508
SEN034,,44.0,37.111111111111114,1.53
SEN015,2026-03-08 05:30:00,48.0,37.6,3.1
SEN022,,55.0,35.2,1.55
SEN007,,62.0,38.22222222222222,8.9
SEN005,,41.0,23.6,31.496
SEN035,,33.0,21.7,48.1
SEN035,,86.0,20.0,41.91
SEN039,,58.0,28.22222222222222,-25.1
SEN017,,80.0,31.7,30.6
SEN042,,39.0,24.499999999999996,36.4
SEN004,,92.0,35.2,11.2
SEN012,,,34.1,7.112
SEN004,,87.0,32.111111111111114,4.7
SEN041,,38.0,28.8,37.6
SEN012,,34.0,23.277777777777782,1.78
SEN036,,77.0,19.9,-11.9
SEN036,,32.0,,25.654
SEN039,,57.0,16.5,12.953999999999999
SEN020,,93.0,38.4,19.2
SEN024,,61.0,25.8,
SEN050,2026-05-03 05:30:00,46.0,20.11111111111111,3.7
SEN046,,46.0,24.222222222222218,-18.2
SEN016,,,32.4,1.4
SEN029,,95.0,25.2,27.2
SEN022,,36.0,,18.4
SEN029,,38.0,25.6,46.1
SEN050,,79.0,23.0,6.095999999999999
SEN017,,62.0,,0.7
SEN030,,,21.6,-9.1
SEN013,,87.0,27.5,48.1
SEN021,,46.0,29.38888888888889,
SEN049,,60.0,36.9,8.636000000000001
SEN002,,57.0,22.9,3.8
SEN041,,38.0,35.5,35.7
SEN048,,42.0,38.8,
SEN005,,39.0,33.888888888888886,25.145999999999997
SEN024,,91.0,39.77777777777778,1.3
SEN048,,86.0,31.4,0.76
SEN026,,81.0,38.27777777777778,49.5
SEN025,,36.0,38.611111111111114,7.7
SEN038,,90.0,33.1,28.3
SEN034,,71.0,37.5,38.1
SEN032,,61.0,18.22222222222222,-35.0
SEN009,,43.0,,40.2
SEN050,,68.0,21.77777777777778,2.2
SEN023,,89.0,33.77777777777778,36.068
SEN002,,50.0,20.500000000000004,28.955999999999996
SEN005,,34.0,17.22222222222222,7.0
SEN031,,65.0,33.0,5.588
SEN038,,42.0,18.277777777777782,23.114
SEN050,,59.0,26.7,45.1
SEN006,,41.0,16.0,18.0
SEN027,,77.0,26.2,36.8
SEN042,,49.0,30.1,27.6
SEN049,,35.0,35.72222222222222,-6.6
SEN025,,32.0,24.61111111111111,9.906
SEN038,,94.0,36.4,6.3
SEN027,,37.0,22.88888888888889,3.7
SEN010,,,17.2,34.29
SEN036,,84.0,39.111111111111114,42.418
SEN006,,80.0,,0.89
SEN032,,54.0,,32.004
SEN006,,92.0,34.3,32.1
SEN016,,59.0,25.0,27.5
SEN020,,94.0,28.77777777777778,1.1
SEN038,,,18.2,
SEN028,,31.0,,9.652
SEN001,,35.0,27.2,16.7
SEN016,,62.0,18.6,-11.1
SEN040,,63.0,38.611111111111114,41.0
SEN018,,72.0,20.3,5.3
SEN018,,57.0,,48.3
SEN029,,49.0,33.388888888888886,14.0
SEN015,,44.0,33.9,25.3
UNKNOWN,,32.0,27.22222222222222,12.191999999999998
UNKNOWN,,44.0,29.88888888888889,
SEN050,,62.0,,22.098
SEN045,,50.0,35.4,47.7
SEN027,,,,6.8
SEN043,,44.0,17.27777777777778,0.7
SEN050,,49.0,16.3,38.5
SEN049,,78.0,38.111111111111114,11.2
SEN020,,91.0,38.7,18.1
SEN008,,41.0,37.22222222222222,16.764
SEN042,,66.0,15.38888888888889,47.1
SEN015,,42.0,35.0,35.559999999999995
SEN011,,,33.3,-31.5
SEN041,,94.0,20.72222222222222,6.9
SEN005,,37.0,36.2,49.5
UNKNOWN,,54.0,18.8,27.8
SEN039,,50.0,26.0,7.9
SEN049,,84.0,35.72222222222222,8.5
SEN033,,84.0,17.7,34.3
SEN049,,83.0,36.6,37.2
SEN029,,94.0,,0.92
SEN049,,77.0,17.1,
SEN023,,69.0,16.7,-19.5
SEN049,,65.0,,9.6
SEN017,,94.0,33.388888888888886,29.7
SEN031,,34.0,,49.4
SEN025,,31.0,19.9,7.874
SEN016,,86.0,29.5,18.1
SEN010,,67.0,38.0,-41.6
SEN048,,42.0,31.5,9.2
SEN043,,59.0,16.77777777777778,43.4
SEN029,,30.0,28.5,29.5
SEN004,,82.0,35.6,27.686
SEN008,,92.0,21.3,22.6
SEN029,,67.0,31.1,-29.1
SEN009,,31.0,16.2,18.796
SEN007,,,27.2,48.1
SEN022,,71.0,27.2,
SEN037,,33.0,18.0,31.241999999999997
SEN021,,85.0,24.1,2.3
SEN044,,31.0,39.2,17.0
SEN001,,47.0,27.2,30.5
SEN030,,52.0,29.77777777777778,6.858
SEN030,,38.0,37.388888888888886,37.3
SEN022,,71.0,16.88888888888889,
SEN001,,47.0,,31.2
SEN016,,95.0,18.0,21.081999999999997
SEN012,,,19.499999999999996,12.191999999999998
SEN001,,71.0,,1.5
SEN006,,32.0,35.388888888888886,12.5
UNKNOWN,,83.0,27.722222222222225,6.604
SEN023,,69.0,21.38888888888889,0.57
SEN001,,73.0,,23.3
SEN018,,95.0,24.6,11.4
SEN047,,60.0,32.6,8.0
SEN003,,,32.5,42.4
SEN024,,87.0,28.8,1.8
SEN028,,57.0,29.11111111111111,46.3
SEN017,,69.0,17.9,38.1
UNKNOWN,,56.0,35.9,23.0
SEN046,,80.0,29.0,49.2
SEN012,,31.0,30.72222222222222,13.0
SEN029,,94.0,19.111111111111114,1.11
SEN024,,54.0,,5.4
SEN034,,,17.3,33.6
SEN033,,85.0,30.0,-10.2
SEN037,,32.0,19.8,34.6
SEN002,,58.0,,4.571999999999999
SEN043,,77.0,21.722222222222218,18.4
SEN013,,37.0,26.3,12.9
SEN021,,57.0,,18.5
SEN039,,70.0,30.88888888888889,1.67
SEN046,,77.0,29.7,15.6
SEN025,,30.0,26.2,43.1
SEN030,,34.0,31.5,32.1
SEN047,,67.0,,-27.0
SEN006,,34.0,25.777777777777782,0.02
SEN009,,87.0,34.4,26.9
SEN022,,39.0,,
SEN007,,78.0,31.72222222222222,15.9
SEN028,,44.0,15.11111111111111,33.7
SEN009,,66.0,23.000000000000004,34.5
SEN002,,91.0,37.0,0.89
SEN048,,82.0,,11.5
SEN035,,58.0,26.6,41.65599999999999
SEN019,,31.0,36.111111111111114,7.6
SEN011,,88.0,17.88888888888889,19.3
UNKNOWN,,93.0,33.6,8.636000000000001
SEN014,,42.0,32.0,1.7
SEN048,,95.0,37.5,10.0
SEN041,,75.0,29.3,42.7
SEN031,,52.0,29.2,22.7
SEN028,,70.0,27.1,33.4
SEN028,,94.0,20.0,41.8
SEN034,,60.0,25.38888888888889,16.5
SEN014,,77.0,,16.0
SEN019,,68.0,33.1,0.26
UNKNOWN,,,36.5,34.0
SEN047,,46.0,17.5,21.8
SEN044,,63.0,34.9,35.5
SEN049,,69.0,35.3,17.779999999999998
SEN017,,50.0,37.388888888888886,1.21
SEN018,,90.0,37.0,14.8
SEN007,,84.0,32.1,45.4
SEN022,,83.0,30.1,44.3
SEN029,,72.0,21.27777777777778,5.08
SEN007,,33.0,39.22222222222222,30.733999999999998
SEN029,,49.0,,0.07
SEN042,,37.0,31.8,29.6
SEN003,,45.0,,43.1
SEN012,,69.0,29.38888888888889,0.5
SEN035,,71.0,39.8,20.6
SEN042,,48.0,27.0,
SEN017,,46.0,25.5,44.5
SEN048,,49.0,15.777777777777779,-24.7
SEN035,,52.0,39.7,16.7
SEN044,,53.0,38.0,
SEN042,,78.0,29.5,45.7
SEN012,,35.0,16.7,17.6
SEN038,,88.0,33.0,36.2
SEN027,,79.0,22.38888888888889,13.5
SEN005,,47.0,32.2,44.8
SEN006,,72.0,16.77777777777778,28.4
SEN002,,45.0,39.3,38.5
SEN050,,,31.5,0.35
SEN022,,71.0,34.1,1.48
SEN038,,71.0,34.888888888888886,31.0
SEN028,,68.0,35.22222222222222,29.8
SEN049,,41.0,34.9,0.41
SEN032,,94.0,34.888888888888886,28.5
SEN038,,80.0,,-17.5
SEN018,,88.0,34.111111111111114,33.8
SEN009,,57.0,23.6,21.0
UNKNOWN,,44.0,22.9,-35.8
SEN020,,57.0,25.6,26.3
SEN010,,50.0,17.1,19.8
SEN012,,72.0,31.1,0.09
SEN009,,88.0,37.8,17.2
SEN050,,81.0,18.7,47.4
SEN024,,76.0,38.9,5.842
SEN050,,51.0,16.1,19.9
SEN032,,57.0,18.88888888888889,6.1
SEN047,,46.0,37.5,40.1
SEN024,,33.0,21.5,0.63
SEN006,,74.0,20.611111111111107,-30.8
SEN032,,35.0,,6.8
SEN011,,78.0,26.22222222222222,-23.5
SEN005,,55.0,39.72222222222222,0.55
SEN018,,57.0,,19.3
SEN016,,53.0,37.611111111111114,-40.3
SEN012,,71.0,25.0,31.3
SEN039,,55.0,,0.72
SEN012,,69.0,33.72222222222222,36.3
SEN032,,49.0,26.8,31.6
SEN038,,56.0,,38.4
SEN035,,79.0,,
SEN037,,84.0,27.722222222222225,6.4
SEN049,,43.0,15.61111111111111,7.2
SEN024,,41.0,23.277777777777782,2.7
SEN022,,44.0,37.4,-25.4
SEN002,,56.0,,5.0
SEN045,,78.0,23.277777777777782,18.287999999999997
SEN037,,89.0,21.4,-12.2
SEN033,,50.0,20.8,-8.1
SEN022,,79.0,26.4,43.18
SEN005,,56.0,16.2,-23.8
UNKNOWN,,76.0,18.5,2.7
SEN013,,30.0,29.38888888888889,18.1
SEN042,,52.0,25.9,43.2
SEN039,,,38.7,49.9
SEN025,,65.0,37.888888888888886,15.7
SEN043,,43.0,21.0,48.4
SEN019,,67.0,,8.2
SEN025,,50.0,23.72222222222222,-47.9
SEN048,,41.0,16.3,23.8
SEN001,,44.0,29.77777777777778,
SEN012,,53.0,25.222222222222225,21.5
SEN041,,78.0,26.4,43.7
SEN011,,47.0,36.22222222222222,34.3
SEN035,,78.0,25.0,31.3
SEN047,,52.0,,7.6
UNKNOWN,,57.0,29.61111111111111,5.334
SEN028,,57.0,37.22222222222222,20.9
UNKNOWN,,36.0,28.7,1.06
SEN032,,52.0,28.111111111111107,39.878
SEN047,,32.0,,13.5
SEN003,,31.0,28.5,8.1
UNKNOWN,,78.0,35.8,4.7
UNKNOWN,,58.0,38.1,
SEN044,,60.0,20.611111111111107,18.2
SEN006,,64.0,24.27777777777778,16.8
SEN030,,32.0,24.777777777777775,47.3
SEN006,,94.0,36.7,3.2
SEN007,,44.0,39.7,2.4
SEN027,,56.0,36.27777777777778,
SEN031,,32.0,18.2,-3.2
SEN015,2026-05-22 05:30:00,49.0,29.38888888888889,1.92
SEN040,,75.0,33.111111111111114,-3.2
SEN014,,62.0,20.11111111111111,48.0
SEN018,,87.0,,28.1
SEN042,,83.0,26.22222222222222,39.4
SEN014,,73.0,20.11111111111111,1.1
SEN040,,54.0,15.0,43.8
SEN037,,65.0,32.111111111111114,-17.6
SEN002,,61.0,22.9,19.0
SEN014,,94.0,34.388888888888886,29.971999999999998
SEN007,,45.0,29.4,23.1
SEN027,,80.0,26.3,15.7
SEN043,,,19.8,11.7
SEN026,,36.0,16.38888888888889,49.8
SEN026,,57.0,18.4,-31.5
SEN016,,85.0,24.9,-25.6
SEN019,,67.0,34.72222222222222,7.9
SEN024,,78.0,19.88888888888889,27.9
SEN049,,66.0,18.7,19.2
SEN050,,86.0,15.777777777777779,-37.4
SEN044,,89.0,21.8,17.9
SEN044,,30.0,23.7,-37.8
SEN012,,31.0,15.722222222222221,9.7
SEN002,,54.0,30.72222222222222,34.4
SEN022,,45.0,,44.0
UNKNOWN,,48.0,20.0,-27.8
SEN016,,86.0,,3.9
SEN004,,44.0,17.38888888888889,18.9
SEN017,,49.0,19.777777777777775,33.8
SEN008,,85.0,27.38888888888889,-9.1
SEN003,,71.0,24.9,43.7
SEN009,,81.0,38.77777777777778,43.0
SEN045,,70.0,27.8,24.8
SEN041,,83.0,19.9,45.6
SEN002,,38.0,35.5,47.498
SEN004,,41.0,34.6,47.2
SEN050,,54.0,15.9,29.3
SEN023,,72.0,,16.002
SEN045,,45.0,26.888888888888893,17.018
UNKNOWN,,55.0,39.888888888888886,9.4
SEN045,,61.0,35.5,46.2
SEN041,,75.0,22.0,49.3
SEN002,,43.0,28.1,43.8
SEN041,,61.0,34.0,
SEN026,,95.0,24.1,-16.7
SEN027,,87.0,35.1,13.97
SEN008,,58.0,26.2,0.3
SEN046,,38.0,39.0,42.0
SEN010,,,18.3,0.1
SEN015,,89.0,16.11111111111111,-23.6
SEN011,,,28.5,42.8
SEN006,,71.0,35.72222222222222,2.1
SEN008,,93.0,15.3,49.9
SEN025,,58.0,28.388888888888886,-2.5
SEN023,,58.0,34.0,8.4
SEN007,,63.0,15.2,13.208
SEN012,,,27.22222222222222,45.8
SEN043,,48.0,28.5,32.5
SEN037,,62.0,30.9,43.1
SEN034,,52.0,27.77777777777778,21.336
SEN002,,60.0,27.38888888888889,13.97
SEN027,,49.0,,33.782
SEN037,,57.0,38.9,5.9
SEN048,,73.0,16.0,32.6
SEN039,,84.0,21.888888888888893,
SEN048,,78.0,15.2,45.5
SEN036,,64.0,26.888888888888893,47.2
UNKNOWN,,57.0,,0.88
SEN018,,92.0,,33.019999999999996
UNKNOWN,,67.0,27.88888888888889,30.987999999999996
SEN044,,38.0,15.3,7.619999999999999
SEN025,,69.0,26.0,-43.5
SEN002,,43.0,19.4,33.4
SEN046,,67.0,32.5,19.7
SEN014,,89.0,36.5,9.9
SEN031,,41.0,24.7,38.7
SEN037,,47.0,,29.1
SEN028,,51.0,35.5,11.1
SEN041,,80.0,34.1,7.6
SEN016,,32.0,24.0,0.17
SEN001,,70.0,,36.1
SEN016,,81.0,21.38888888888889,21.3
UNKNOWN,,42.0,,1.29
SEN038,,89.0,17.5,20.0
SEN031,,43.0,,48.7
SEN003,,41.0,36.611111111111114,32.9
SEN021,,73.0,24.3,40.5
SEN042,,93.0,16.5,4.5
SEN005,,88.0,38.5,13.1
SEN044,,69.0,38.1,1.3
UNKNOWN,,46.0,34.611111111111114,0.01
SEN039,,42.0,19.1,17.0
SEN023,,65.0,33.4,
SEN026,,48.0,20.0,11.4
SEN013,,31.0,24.6,34.7
SEN021,,95.0,,45.8
SEN037,,32.0,19.7,39.9
SEN009,,86.0,23.61111111111111,
SEN016,,76.0,29.0,30.7
SEN023,,41.0,39.1,1.64
SEN039,,87.0,37.5,47.0
SEN004,,80.0,38.8,6.5
SEN033,,62.0,32.7,
SEN014,,64.0,,26.162
SEN029,,62.0,16.9,20.574
SEN009,,86.0,,-3.6
SEN029,,80.0,30.7,47.6
SEN023,,39.0,31.61111111111111,30.8
SEN025,,54.0,36.388888888888886,20.066
SEN004,,31.0,32.611111111111114,14.5
SEN047,,61.0,24.111111111111114,-4.6
SEN018,,,31.0,23.3
SEN039,,53.0,,-21.4
SEN043,,41.0,35.0,1.02
SEN018,,51.0,17.6,1.37
SEN033,,58.0,31.11111111111111,28.5
SEN035,,,,26.669999999999998
SEN019,,70.0,26.2,3.0479999999999996
SEN045,,63.0,29.9,20.574
UNKNOWN,,75.0,31.0,16.002
SEN035,,78.0,19.777777777777775,4.826
SEN025,,38.0,29.7,0.9
SEN015,,43.0,18.3,13.0
SEN031,,42.0,,36.57599999999999
SEN048,,76.0,18.4,4.6
SEN011,,40.0,36.111111111111114,15.7
SEN040,,86.0,34.3,-44.0
UNKNOWN,2026-05-11 05:30:00,34.0,28.9,25.0
SEN047,,79.0,24.5,10.3
SEN005,,87.0,30.72222222222222,45.466
SEN014,,90.0,36.0,6.35
SEN019,,63.0,25.9,34.4
SEN041,,95.0,17.0,29.4
SEN003,,83.0,36.0,
SEN019,,39.0,23.9,26.8
SEN026,,86.0,20.72222222222222,0.87
UNKNOWN,,,33.7,0.2
SEN040,,,26.5,-5.3
SEN032,,63.0,36.0,26.6
SEN001,,61.0,,-49.8
SEN009,,34.0,33.72222222222222,
SEN047,,64.0,38.2,26.2
SEN033,,67.0,27.22222222222222,8.4
SEN017,,81.0,37.1,36.7
SEN014,,70.0,,43.4
SEN012,,51.0,15.5,21.59
SEN022,,56.0,,48.767999999999994
SEN029,,36.0,19.388888888888893,29.2
SEN048,,85.0,38.27777777777778,5.6
SEN021,,81.0,,8.3
SEN027,,50.0,30.8,42.3
SEN026,,,38.611111111111114,6.2
SEN018,,48.0,19.9,12.4
SEN013,,31.0,15.5,-37.9
UNKNOWN,,85.0,,42.925999999999995
SEN005,,34.0,28.2,18.5
SEN037,,79.0,26.22222222222222,6.1
SEN045,,66.0,37.2,
SEN026,,46.0,18.88888888888889,16.0
SEN024,,59.0,32.5,4.3
SEN020,,84.0,39.0,1.778
SEN031,,79.0,16.27777777777778,23.3
SEN024,,44.0,24.9,12.953999999999999
SEN025,,37.0,15.277777777777779,26.1
SEN003,,72.0,19.61111111111111,-28.1
SEN043,,65.0,20.611111111111107,5.1
SEN006,,55.0,39.9,33.6
SEN049,,91.0,20.0,8.1
SEN007,,60.0,31.5,38.3
SEN025,,64.0,15.5,17.6
SEN042,,72.0,17.72222222222222,29.1
UNKNOWN,,82.0,36.611111111111114,8.5
UNKNOWN,,36.0,26.5,2.3
SEN016,,57.0,,13.3
SEN050,,,22.7,42.3
SEN045,,65.0,34.5,7.9
SEN032,,35.0,34.22222222222222,9.7
SEN006,,48.0,20.888888888888886,20.9
SEN035,,,17.72222222222222,3.3
SEN020,,86.0,17.38888888888889,40.894
SEN038,,56.0,18.111111111111107,43.1
SEN048,,52.0,,3.7
SEN015,,90.0,,27.5
UNKNOWN,,84.0,20.27777777777778,0.96
SEN020,,65.0,18.0,-26.5
SEN042,,65.0,19.111111111111114,34.798
SEN045,,77.0,29.5,36.1
SEN004,,68.0,37.27777777777778,7.6
SEN030,,32.0,34.3,49.275999999999996
SEN014,,,21.0,13.7
SEN037,,70.0,24.0,41.8
SEN017,,83.0,32.4,3.3
SEN040,,46.0,,4.1
SEN008,,56.0,28.388888888888886,-29.7
SEN045,,61.0,18.111111111111107,48.6
SEN027,,62.0,39.5,29.9
SEN019,,43.0,31.27777777777778,
SEN038,,88.0,31.3,7.6
SEN022,,43.0,39.8,47.498
SEN018,2026-01-27 05:30:00,47.0,22.2,24.6
SEN040,,,29.5,
SEN007,,52.0,30.88888888888889,
SEN049,,45.0,23.3,49.1
SEN012,,36.0,22.2,0.37
SEN038,,35.0,16.8,25.6
SEN021,,49.0,36.0,15.9
SEN040,,38.0,32.888888888888886,23.5
SEN015,,63.0,25.222222222222225,34.036
SEN023,,74.0,,20.2
SEN038,,73.0,25.222222222222225,36.5
SEN018,,40.0,20.9,45.3
SEN037,,36.0,33.5,49.7
SEN036,,44.0,,11.4
SEN017,2026-07-21 05:30:00,61.0,27.88888888888889,11.1
SEN047,,70.0,39.8,30.8
SEN027,,47.0,16.77777777777778,36.8
SEN021,,39.0,,22.5
SEN014,,62.0,,5.334
SEN013,,40.0,25.500000000000004,31.0
SEN018,,68.0,,-21.5
SEN002,,,20.888888888888886,6.4
SEN038,,33.0,22.4,2.9
UNKNOWN,,38.0,,0.06
SEN039,,,15.222222222222221,13.7
SEN049,,67.0,,1.04
SEN029,,86.0,15.8,35.6
SEN047,,44.0,28.277777777777782,37.9
SEN042,,56.0,22.1,2.032
SEN011,,58.0,31.77777777777778,1.4
SEN002,,78.0,31.38888888888889,
SEN024,,40.0,23.2,16.6
SEN036,,76.0,29.6,-7.5
SEN045,,53.0,39.4,1.0
SEN010,,41.0,31.11111111111111,31.496
SEN003,,78.0,20.500000000000004,12.4
SEN033,,36.0,38.1,31.4
UNKNOWN,,90.0,25.5,22.098
SEN028,,64.0,18.22222222222222,48.9
SEN050,,34.0,28.1,-9.2
SEN031,,34.0,24.27777777777778,-35.5
SEN003,,65.0,21.2,35.2
SEN023,,77.0,,29.6
SEN023,,39.0,26.5,0.46
SEN009,,54.0,31.5,25.4
SEN025,,41.0,22.8,43.4
SEN045,,69.0,36.1,
SEN021,,46.0,39.888888888888886,10.413999999999998
SEN021,,41.0,28.2,45.4
SEN023,,42.0,34.9,0.53
SEN010,,40.0,32.888888888888886,39.0
SEN019,,91.0,29.88888888888889,1.71
SEN016,,49.0,18.4,
SEN033,,38.0,31.7,1.33
SEN005,,86.0,17.11111111111111,1.48
SEN044,,36.0,33.2,31.7
SEN013,,33.0,37.72222222222222,-13.7
SEN040,,59.0,,2.1
SEN033,,64.0,22.8,28.2
SEN021,,87.0,16.27777777777778,38.0
SEN050,,75.0,31.0,
SEN022,,41.0,34.7,38.099999999999994
SEN044,,61.0,25.11111111111111,0.59
SEN050,,39.0,32.111111111111114,24.7
SEN032,,72.0,30.22222222222222,44.6
SEN004,,,21.3,22.7
SEN007,,74.0,39.111111111111114,26.1
SEN041,,35.0,29.8,25.5
SEN036,,49.0,35.6,34.6
SEN032,,40.0,24.8,8.889999999999999
SEN041,,38.0,33.77777777777778,48.0
SEN030,,47.0,34.2,36.3
SEN007,,73.0,17.9,21.3
SEN025,,34.0,,34.5
SEN028,,42.0,18.77777777777778,1.94
SEN013,,75.0,23.000000000000004,14.3
SEN023,,63.0,,21.336
SEN027,,,38.2,6.2
SEN023,,91.0,,35.559999999999995
SEN002,,41.0,27.9,8.1
SEN013,2026-08-08 05:30:00,54.0,32.6,24.1
SEN010,,,37.5,
SEN030,,78.0,38.611111111111114,0.91
SEN031,,51.0,24.27777777777778,44.0
SEN006,,61.0,36.888888888888886,9.4
SEN009,,81.0,18.77777777777778,23.4
SEN008,,83.0,35.22222222222222,36.321999999999996
SEN030,,80.0,,1.34
SEN036,2026-05-16 05:30:00,,23.88888888888889,
SEN016,,86.0,23.61111111111111,16.3
SEN024,,33.0,30.0,40.4
SEN032,,46.0,,42.8
SEN009,,,19.222222222222218,19.2
SEN001,,90.0,37.0,1.07
SEN020,,85.0,21.8,33.782
SEN042,,38.0,18.0,-22.7
SEN034,,,34.6,40.64
SEN013,,48.0,33.7,17.525999999999996
UNKNOWN,,47.0,21.3,33.528
SEN045,,66.0,30.9,6.2
SEN050,,66.0,20.27777777777778,24.5
SEN002,,53.0,15.1,2.9
SEN003,,70.0,19.0,19.9
UNKNOWN,,61.0,24.72222222222222,10.6
SEN014,,95.0,,7.1
SEN035,,80.0,26.9,7.3
SEN010,,56.0,26.999999999999996,45.3
SEN049,,90.0,21.7,-43.8
SEN042,,77.0,28.8,18.6
SEN046,,42.0,24.88888888888889,27.3
SEN032,,48.0,22.77777777777778,4.4
SEN005,,,27.4,41.1
SEN007,,33.0,20.4,49.8
SEN010,2026-03-20 05:30:00,45.0,30.5,30.4
SEN050,,68.0,16.72222222222222,-42.5
SEN040,,44.0,23.388888888888886,37.337999999999994
SEN003,,87.0,25.888888888888886,22.1
SEN013,,44.0,23.3,-32.1
SEN014,,66.0,38.0,27.6
SEN011,,65.0,21.27777777777778,0.07
SEN027,,47.0,,-36.0
SEN021,,47.0,27.11111111111111,
SEN037,,,35.888888888888886,39.9
SEN050,,76.0,21.2,10.6
SEN035,,30.0,22.8,1.28
SEN013,,50.0,,9.2
SEN050,,43.0,28.5,0.7
SEN036,,30.0,,19.558
SEN033,,77.0,17.7,-5.6
SEN039,,55.0,39.5,15.3
SEN035,,39.0,18.4,17.9
SEN028,,,17.88888888888889,0.44
UNKNOWN,,38.0,,12.5
SEN002,,92.0,27.38888888888889,20.9
SEN035,,72.0,34.8,-32.2
SEN010,,76.0,34.22222222222222,-36.8
SEN037,,34.0,23.72222222222222,1.8
SEN046,,,,0.41
SEN006,,69.0,32.72222222222222,3.302
SEN019,,88.0,22.5,22.4
SEN005,,66.0,24.111111111111114,0.5
SEN004,,84.0,40.0,2.1
SEN011,,89.0,28.6,-47.1
SEN025,,64.0,34.4,25.3
SEN029,,,29.5,-13.9
SEN009,,64.0,37.0,40.9
SEN043,,72.0,20.7,0.53
UNKNOWN,,50.0,29.88888888888889,10.16
SEN030,,81.0,24.499999999999996,38.1
SEN031,,90.0,18.388888888888886,9.4
SEN009,,31.0,39.2,13.4
SEN031,,39.0,25.500000000000004,5.1
SEN003,,54.0,,15.1
SEN044,2026-01-27 05:30:00,57.0,,37.0
SEN018,,73.0,24.88888888888889,25.907999999999998
UNKNOWN,,,19.6,13.208
SEN024,,92.0,38.1,-36.5
SEN046,,63.0,36.9,-11.6
SEN038,,57.0,18.4,21.7
SEN011,,41.0,,3.4
SEN001,,37.0,16.4,25.654
SEN015,,70.0,35.9,10.413999999999998
SEN048,,32.0,25.27777777777778,20.827999999999996
SEN016,,30.0,19.222222222222218,44.1
SEN041,,66.0,34.6,-3.7
SEN038,2026-01-13 05:30:00,36.0,,21.7
SEN005,,66.0,37.7,30.1
SEN013,,45.0,20.27777777777778,16.0
SEN023,,59.0,38.2,47.0
SEN026,,57.0,33.2,49.2
SEN004,,68.0,25.3,0.1
SEN036,,86.0,25.2,25.4
SEN012,,95.0,,27.9
SEN027,,,,16.256
SEN031,,46.0,20.6,7.1
SEN041,,83.0,19.777777777777775,10.1
SEN045,,,29.38888888888889,14.3
SEN014,,39.0,28.7,20.9
SEN004,,77.0,25.11111111111111,30.7
SEN014,,85.0,32.7,
SEN047,,67.0,31.5,-36.0
SEN009,,89.0,31.6,13.8
SEN034,,45.0,,25.3
SEN021,,,29.88888888888889,11.9
SEN022,,,28.0,10.0
SEN040,,63.0,22.3,31.7
SEN009,,88.0,,36.068
SEN050,,,19.7,32.3
SEN002,,74.0,,-19.1
SEN039,,62.0,,4.7
SEN044,,70.0,32.3,32.7
SEN029,,,23.4,0.7
SEN010,,,,22.4
SEN019,,71.0,16.72222222222222,4.826
SEN042,,83.0,34.1,29.9
SEN010,,58.0,,-4.6
SEN032,,38.0,22.1,-22.1
SEN001,,68.0,16.5,49.0
UNKNOWN,,,22.5,4.9
SEN024,,53.0,16.5,
SEN037,,67.0,,-36.1
SEN022,,,21.22222222222222,38.3
SEN034,,95.0,31.7,41.8
UNKNOWN,,45.0,35.72222222222222,41.5
SEN038,,71.0,38.5,29.2
SEN027,,76.0,31.27777777777778,48.00599999999999
SEN026,,51.0,,20.9
SEN032,,63.0,39.0,1.41
SEN005,,94.0,39.0,31.4
SEN015,,32.0,39.1,30.4
SEN009,,38.0,24.0,-16.7
SEN036,,58.0,36.72222222222222,34.2
SEN033,,57.0,25.38888888888889,20.827999999999996
SEN003,,54.0,,30.8
SEN006,,,25.9,27.9
SEN015,,65.0,20.72222222222222,40.1
SEN021,,57.0,24.4,2.2859999999999996
SEN033,,49.0,23.77777777777778,1.27
SEN004,,94.0,23.72222222222222,-12.7
SEN018,,43.0,,31.4
SEN010,,73.0,34.72222222222222,41.9
SEN007,,,26.1,23.9
SEN003,,88.0,19.0,42.1
SEN027,,69.0,36.3,6.7
SEN006,,54.0,33.2,1.6
SEN024,,50.0,,30.987999999999996
SEN007,,48.0,24.499999999999996,0.01
SEN046,,53.0,33.9,-18.4
UNKNOWN,,,27.277777777777775,45.5
SEN009,,63.0,30.11111111111111,36.5
SEN019,,,40.0,43.434
SEN020,,40.0,25.888888888888886,33.782
SEN037,,,24.5,12.7
SEN039,,56.0,32.22222222222222,10.7
SEN038,,30.0,28.72222222222222,2.7
SEN047,,89.0,19.88888888888889,46.9
SEN018,,84.0,37.3,13.8
SEN026,,41.0,,13.6
SEN048,,90.0,34.22222222222222,22.8
UNKNOWN,,79.0,29.0,35.05199999999999
SEN041,,95.0,18.8,-39.4
SEN037,,49.0,18.6,-41.1
SEN035,,58.0,22.8,43.6
SEN017,,69.0,,24.2
SEN022,,68.0,19.0,
SEN002,,44.0,19.777777777777775,14.2
SEN038,,30.0,31.4,17.3
SEN037,,42.0,23.2,22.1
SEN005,,67.0,27.9,1.08
SEN007,,50.0,19.388888888888893,11.6
SEN037,,66.0,32.111111111111114,37.3
SEN027,,72.0,15.8,16.1
SEN035,,37.0,20.500000000000004,-10.3
SEN004,,65.0,,23.5
SEN022,,78.0,22.1,8.1
SEN050,,68.0,,15.2
SEN050,,40.0,30.1,46.228
SEN050,,37.0,,36.83
SEN047,,87.0,21.22222222222222,0.42
SEN033,,71.0,30.61111111111111,0.3
SEN040,,80.0,36.0,45.72
SEN036,,43.0,,12.953999999999999
SEN037,,83.0,21.5,42.672
SEN012,,,37.5,-44.5
SEN040,,59.0,,9.7
SEN009,,61.0,16.7,47.8
SEN011,,75.0,26.888888888888893,28.2
SEN032,,39.0,26.3,-25.9
SEN034,,,23.9,0.54
SEN021,,57.0,38.9,15.4
SEN046,,82.0,27.7,28.4
SEN015,,42.0,34.27777777777778,24.1
SEN031,,70.0,38.611111111111114,45.6
SEN024,,67.0,32.77777777777778,16.764
SEN021,,80.0,,0.6
SEN015,,,26.5,30.4
SEN048,,68.0,20.888888888888886,20.2
SEN036,,45.0,23.2,39.8
SEN049,,47.0,23.5,28.0
SEN026,,84.0,,1.5
SEN012,,41.0,35.611111111111114,38.0
SEN036,,58.0,29.27777777777778,13.8
SEN048,,86.0,,32.766
SEN009,,51.0,18.388888888888886,-36.9
SEN035,,72.0,39.111111111111114,36.6
SEN036,,56.0,22.77777777777778,11.6
SEN015,,73.0,26.11111111111111,35.3
SEN031,,77.0,19.3,42.5
SEN029,,83.0,33.111111111111114,18.9
SEN024,,87.0,30.0,15.2
SEN042,,53.0,23.0,
SEN030,,82.0,27.722222222222225,3.6
SEN042,,73.0,,39.9
SEN012,,42.0,16.11111111111111,-4.4
SEN005,,46.0,18.9,0.7
SEN034,,,31.6,40.8
SEN004,,,40.0,41.7
SEN007,,35.0,,49.022
SEN008,,,38.8,1.6
SEN019,,93.0,38.9,-16.9
SEN025,,32.0,16.6,6.1
SEN034,,93.0,34.611111111111114,40.64
SEN027,,83.0,37.8,-4.3
SEN003,,44.0,28.3,49.275999999999996
SEN018,,63.0,,-32.0
SEN015,,39.0,29.4,11.7
SEN027,,46.0,23.3,38.354
SEN021,,70.0,,29.9
SEN048,,56.0,25.611111111111107,1.27
SEN034,,95.0,30.2,24.8
SEN013,,75.0,,1.3
SEN016,,71.0,26.6,5.4
SEN049,,69.0,26.1,22.4
SEN028,,,20.5,23.114
SEN033,,35.0,34.77777777777778,3.8
SEN008,,54.0,,15.5
SEN004,,45.0,34.111111111111114,38.6
SEN018,,40.0,27.6,30.225999999999996
SEN010,,91.0,33.0,46.482
SEN015,,93.0,30.0,1.31
SEN012,,36.0,38.9,16.2
SEN017,,34.0,32.3,-36.5
SEN006,,61.0,20.27777777777778,43.7
SEN011,,45.0,22.5,-5.1
SEN026,,51.0,,11.9
SEN025,,70.0,23.1,21.1
SEN043,,89.0,31.22222222222222,-28.7
SEN042,,94.0,35.111111111111114,
SEN019,,42.0,22.5,7.7
SEN032,,72.0,29.9,24.5
SEN025,,,28.388888888888886,
SEN029,,75.0,35.8,35.2
SEN027,,90.0,35.888888888888886,45.8
SEN005,,,16.22222222222222,40.2
SEN007,,32.0,26.77777777777778,31.4
UNKNOWN,,47.0,30.77777777777778,
SEN012,,41.0,30.27777777777778,16.3
SEN034,,66.0,,26.8
SEN029,,75.0,33.111111111111114,13.8
SEN039,,86.0,32.0,33.4
SEN012,,31.0,,38.8
SEN006,,93.0,39.27777777777778,8.0
SEN002,,41.0,,0.99
SEN005,,87.0,29.22222222222222,36.57599999999999
SEN017,,40.0,36.888888888888886,43.7
SEN004,,37.0,33.77777777777778,
SEN044,,30.0,34.77777777777778,11.684
UNKNOWN,,70.0,25.222222222222225,5.8
SEN031,,71.0,20.222222222222225,14.4
SEN012,,,35.1,0.5
SEN050,,89.0,33.6,31.1
SEN008,,52.0,33.388888888888886,-48.9
SEN015,,87.0,32.4,0.9
SEN024,,72.0,29.4,28.7
SEN047,,76.0,,30.9
SEN032,,52.0,21.1,0.87
SEN005,,60.0,30.72222222222222,-12.9
SEN011,,53.0,20.38888888888889,36.5
SEN042,,55.0,17.88888888888889,-21.6
SEN029,,41.0,26.0,32.7
SEN016,,30.0,18.000000000000004,-33.8
SEN029,,72.0,27.722222222222225,23.1
SEN016,,85.0,29.5,24.9
SEN014,,75.0,22.277777777777775,8.3
SEN009,,41.0,23.111111111111107,33.7
SEN023,,42.0,23.2,1.2
SEN022,,54.0,24.0,10.6
SEN008,,58.0,30.4,29.4
SEN008,,87.0,31.5,33.8
SEN008,,71.0,35.77777777777778,14.224
SEN001,,75.0,20.3,33.0
SEN045,,48.0,20.1,0.83
SEN021,,30.0,33.5,
SEN028,,32.0,28.1,21.1
SEN048,,79.0,,-3.6
SEN019,,70.0,18.111111111111107,24.0
SEN040,,,39.0,47.3
SEN015,,79.0,23.277777777777782,33.6
SEN048,,31.0,26.722222222222218,2.9
SEN049,2026-02-05 05:30:00,78.0,38.9,-15.1
SEN024,,,21.38888888888889,40.0
SEN001,,32.0,36.1,5.6
SEN043,,76.0,22.2,18.541999999999998
SEN017,,84.0,33.888888888888886,-26.9
SEN004,,65.0,39.4,2.6
SEN042,,88.0,34.611111111111114,7.1
SEN047,,56.0,18.7,-30.6
SEN025,,69.0,17.38888888888889,22.0
SEN003,,89.0,19.7,
SEN043,,,17.61111111111111,41.5
SEN013,,40.0,,43.942
SEN036,,64.0,34.77777777777778,40.386
SEN017,,50.0,15.11111111111111,31.5
SEN033,,41.0,33.888888888888886,11.2
SEN002,,89.0,17.38888888888889,43.18
SEN021,,46.0,25.7,48.9
SEN042,,83.0,,4.3
SEN021,,,21.11111111111111,1.39
SEN022,,,,39.2
SEN023,,90.0,25.11111111111111,11.176
UNKNOWN,,41.0,28.8,13.716
SEN050,,34.0,29.3,32.3
SEN027,,69.0,32.0,35.306
SEN045,,93.0,28.111111111111107,27.2
SEN037,,63.0,35.77777777777778,8.1
SEN026,,,35.611111111111114,23.6
SEN019,,82.0,17.4,0.33
SEN026,,67.0,,9.2
SEN014,,74.0,33.388888888888886,12.7
SEN011,,49.0,20.9,10.0
SEN013,,67.0,28.9,-18.8
SEN028,,64.0,23.4,17.6
SEN046,,,32.5,41.1
SEN045,,79.0,15.777777777777779,49.275999999999996
SEN017,,32.0,36.9,1.54
SEN005,,65.0,32.27777777777778,10.1
SEN039,,81.0,37.6,-47.6
SEN028,,92.0,29.6,28.3
SEN030,,40.0,23.5,-23.4
SEN037,,80.0,27.22222222222222,
SEN030,,78.0,26.5,
SEN042,,50.0,28.61111111111111,6.5
SEN035,,44.0,18.0,
SEN005,,62.0,22.1,43.1
SEN002,,45.0,23.61111111111111,2.6
SEN047,,37.0,29.11111111111111,42.672
SEN041,,40.0,36.6,1.6
SEN027,,43.0,32.77777777777778,22.2
SEN014,,48.0,37.111111111111114,37.9
SEN047,,87.0,36.3,15.6
SEN046,,55.0,31.1,
SEN003,,75.0,19.8,0.7
SEN039,,66.0,39.6,25.9
SEN025,,54.0,17.2,24.637999999999998
UNKNOWN,,34.0,,18.9
SEN007,,76.0,32.3,
SEN048,,91.0,37.22222222222222,19.7
SEN031,2026-06-01 05:30:00,71.0,27.722222222222225,1.4
SEN008,,38.0,25.0,1.87
SEN017,,74.0,29.0,34.5
SEN009,,,27.9,43.18
SEN041,,68.0,19.0,31.8
UNKNOWN,,37.0,39.77777777777778,20.6
SEN020,,,29.5,-23.4
SEN036,,34.0,35.2,42.1
SEN035,,80.0,19.0,5.0
SEN010,,85.0,33.0,14.2
SEN032,,81.0,21.888888888888893,5.3
SEN043,,45.0,17.5,29.971999999999998
SEN039,,65.0,24.6,15.8
SEN024,,,,1.85
SEN029,,61.0,35.888888888888886,10.3
SEN012,,51.0,39.0,17.272000000000002
SEN002,,69.0,21.38888888888889,2.3
SEN033,,70.0,15.88888888888889,22.5
SEN023,,45.0,21.11111111111111,5.3
SEN020,,77.0,,1.65
SEN036,,90.0,15.9,47.9
SEN038,2026-06-08 05:30:00,65.0,40.0,0.13
SEN015,,55.0,,1.91
SEN046,,44.0,31.72222222222222,
SEN030,,34.0,18.5,37.6
SEN008,,59.0,19.3,0.254
SEN037,,,27.0,1.19
UNKNOWN,,74.0,33.6,28.955999999999996
SEN013,,32.0,34.9,44.0
SEN002,,46.0,20.72222222222222,17.272000000000002
SEN026,,66.0,30.7,25.1
SEN004,,40.0,,1.2
SEN015,,76.0,32.111111111111114,18.796
SEN049,,81.0,21.4,26.162
SEN021,,54.0,33.4,1.1
SEN030,,95.0,19.388888888888893,
SEN005,,38.0,26.999999999999996,9.7
SEN050,,69.0,18.77777777777778,5.842
SEN036,,78.0,33.4,22.605999999999998
SEN024,,64.0,26.3,19.8
SEN006,,68.0,20.7,6.4
SEN020,,74.0,36.8,26.4
SEN022,,,27.11111111111111,-48.3
SEN036,,,21.8,35.5
SEN019,,36.0,16.5,16.1
SEN021,,32.0,33.9,31.4
SEN010,,,25.38888888888889,13.1
SEN012,,61.0,22.0,41.1
SEN037,,78.0,34.888888888888886,38.3
SEN039,,59.0,20.1,20.574
SEN047,,73.0,23.000000000000004,1.82
SEN033,,30.0,18.0,-5.1
SEN046,,43.0,35.111111111111114,0.7
SEN016,,34.0,18.9,17.272000000000002
SEN037,,60.0,37.0,0.28
SEN042,,37.0,35.5,
SEN005,,60.0,15.9,30.8
SEN005,,85.0,21.722222222222218,1.74
SEN022,2026-08-25 05:30:00,85.0,27.88888888888889,49.7
SEN021,,82.0,19.0,43.1
SEN044,,95.0,26.0,46.3
SEN029,,67.0,21.9,49.8
SEN031,,52.0,21.77777777777778,12.6
SEN041,,31.0,38.6,1.8
UNKNOWN,,44.0,26.5,22.1
SEN050,,68.0,,-28.0
SEN039,,67.0,25.0,0.74
SEN002,,68.0,16.1,1.016
SEN025,,86.0,28.000000000000004,6.6
SEN013,,78.0,,35.0
SEN006,,83.0,,18.7
SEN023,,57.0,,20.8
SEN020,,31.0,19.3,0.7619999999999999
SEN020,,,27.61111111111111,24.6
SEN034,,81.0,24.111111111111114,30.7
SEN001,,50.0,26.3,17.7
SEN007,,,,3.2
SEN034,,,26.722222222222218,25.9
SEN022,,59.0,35.9,20.574
SEN046,,63.0,27.38888888888889,43.7
SEN045,,,35.611111111111114,47.9
SEN018,,,,43.8
SEN006,,,24.61111111111111,0.2
SEN010,,45.0,26.6,4.4
SEN044,,30.0,28.3,28.8
SEN021,,91.0,20.2,18.6
SEN028,,49.0,,-11.6
SEN004,,73.0,23.2,42.9
SEN015,,36.0,22.11111111111111,27.94
SEN007,,82.0,36.888888888888886,1.5
SEN009,,60.0,16.27777777777778,6.9
SEN033,,50.0,,1.37
SEN049,,93.0,,18.3
SEN037,,32.0,26.2,0.76
SEN020,,54.0,39.9,39.4
SEN047,,46.0,39.1,-4.0
SEN028,,,25.500000000000004,15.8
SEN049,,94.0,,44.9
SEN033,,43.0,35.5,17.2
SEN022,,67.0,37.77777777777778,
SEN048,,73.0,27.77777777777778,28.9
SEN012,,38.0,35.3,-8.5
UNKNOWN,,81.0,32.27777777777778,-22.6
SEN026,,82.0,36.72222222222222,49.0
SEN001,,,35.5,-27.4
SEN050,,91.0,21.0,
SEN047,,81.0,33.7,46.482
SEN031,,52.0,,-12.4
SEN044,,85.0,35.22222222222222,7.5
UNKNOWN,,,23.8,5.1
SEN031,,76.0,19.111111111111114,5.4
SEN046,,65.0,26.7,0.83
SEN018,,65.0,15.2,1.07
SEN026,,62.0,25.27777777777778,8.2
SEN031,,74.0,31.22222222222222,24.1
SEN009,,53.0,32.611111111111114,39.624
SEN034,,62.0,15.777777777777779,24.383999999999997
SEN020,,77.0,,10.1
SEN033,,45.0,32.8,
SEN036,,,26.0,5.0
SEN028,,87.0,30.27777777777778,-28.6
SEN031,,,39.3,28.194000000000003
SEN004,,82.0,38.5,0.43
SEN013,,56.0,16.7,
SEN005,,91.0,,42.8
SEN023,,,27.11111111111111,5.8
SEN039,,87.0,16.61111111111111,30.5
SEN032,,64.0,19.5,25.9
SEN018,,82.0,26.4,-5.7
SEN040,,71.0,18.7,14.9
SEN015,,,,1.93
SEN027,,92.0,23.6,30.1
SEN050,,65.0,17.8,48.0
SEN029,,,25.6,29.7
SEN031,,54.0,33.1,7.6
SEN044,,76.0,20.1,38.9
SEN047,,,18.3,
SEN004,,43.0,35.22222222222222,9.7
SEN050,,30.0,24.2,36.0
UNKNOWN,,,33.27777777777778,47.3
SEN033,,42.0,37.72222222222222,16.2
SEN024,,48.0,35.7,20.6
SEN042,,55.0,38.22222222222222,44.5
SEN013,,94.0,30.3,
SEN050,,86.0,27.11111111111111,2.0
SEN024,,39.0,20.4,18.4
SEN033,,79.0,26.3,
SEN007,,53.0,28.277777777777782,16.1
SEN030,,77.0,25.2,35.2
SEN027,,86.0,24.2,35.306
SEN003,,52.0,18.7,46.5
SEN046,,83.0,37.7,48.26
SEN009,,83.0,,3.5
UNKNOWN,,35.0,15.722222222222221,24.0
SEN010,,36.0,26.3,5.08
SEN042,,58.0,,8.889999999999999
SEN022,,53.0,18.8,1.016
SEN014,,92.0,35.888888888888886,35.306
SEN011,,86.0,31.1,1.65
SEN013,,87.0,37.5,48.9
SEN005,,35.0,23.9,39.6
SEN048,,34.0,38.6,-42.4
SEN046,,73.0,,18.4
SEN019,,44.0,25.38888888888889,8.382
SEN039,,65.0,,17.0
SEN033,,51.0,22.8,43.9
SEN015,,75.0,24.6,34.7
SEN001,,42.0,37.0,44.7
SEN028,,44.0,28.000000000000004,34.544000000000004
SEN033,,54.0,35.5,-20.3
SEN015,,40.0,28.5,49.784
UNKNOWN,,35.0,25.2,25.145999999999997
SEN011,,40.0,25.0,0.65
SEN021,,81.0,28.9,22.7
SEN001,,95.0,24.111111111111114,28.1
SEN021,,37.0,,11.7
SEN015,,86.0,32.2,-29.5
SEN016,,61.0,27.8,
SEN017,,72.0,21.999999999999996,-48.6
SEN029,,95.0,30.4,8.3
SEN043,,53.0,23.1,19.812
SEN022,,38.0,19.7,19.049999999999997
UNKNOWN,,68.0,31.0,
SEN032,,62.0,18.9,0.06
SEN004,,55.0,,49.8
SEN015,,81.0,33.5,0.43
SEN010,,77.0,,1.25
SEN049,,65.0,21.0,24.383999999999997
SEN036,,75.0,35.72222222222222,
SEN028,,55.0,33.77777777777778,49.022
SEN026,,30.0,15.5,47.9
SEN026,,70.0,,45.6
SEN044,,33.0,23.5,15.3
SEN039,,,35.8,32.7
SEN004,,47.0,,
SEN011,,,27.722222222222225,
SEN045,,84.0,,22.9
SEN031,,48.0,32.388888888888886,37.8
SEN002,,61.0,28.388888888888886,40.5
SEN037,,80.0,26.5,
SEN017,,64.0,29.72222222222222,
SEN013,,79.0,21.22222222222222,40.132
SEN011,,91.0,22.2,46.482
SEN034,,30.0,33.7,44.1
SEN026,,89.0,33.5,9.0
SEN004,,81.0,16.3,24.892
SEN048,,68.0,25.0,0.9
SEN020,,63.0,35.2,
SEN026,,,18.6,
SEN037,,69.0,,13.1
SEN019,,62.0,21.0,9.5
SEN042,,92.0,23.77777777777778,
SEN005,,70.0,16.0,18.034
UNKNOWN,,56.0,37.5,29.8
SEN049,,82.0,18.22222222222222,1.78
SEN047,,69.0,17.0,22.605999999999998
SEN015,,60.0,36.1,
SEN045,,85.0,22.7,43.7
SEN048,,67.0,34.3,14.8
SEN020,,76.0,15.6,0.56
SEN018,,74.0,30.72222222222222,19.5
SEN013,,58.0,25.222222222222225,16.0
SEN044,,89.0,32.77777777777778,21.3
SEN031,,70.0,21.77777777777778,49.7
SEN042,,79.0,,35.7
SEN018,,,27.88888888888889,46.8
SEN004,,73.0,26.11111111111111,20.9
SEN035,,46.0,,37.8
SEN005,,59.0,39.27777777777778,18.4
SEN027,,94.0,39.5,30.5
SEN050,,90.0,34.388888888888886,38.3
SEN033,,55.0,19.111111111111114,2.2859999999999996
UNKNOWN,,37.0,37.9,-45.9
SEN028,,89.0,28.277777777777782,19.304
SEN031,,46.0,16.5,16.5
SEN032,,89.0,23.1,2.0
SEN017,,56.0,20.6,0.1
SEN040,,88.0,34.1,32.9
SEN024,,53.0,39.4,13.0
SEN030,,,20.7,32.0
SEN003,,65.0,,22.098
SEN012,,42.0,37.7,
SEN006,,67.0,23.277777777777782,45.3
SEN010,,83.0,23.1,8.128
SEN036,,42.0,35.5,4.6
SEN015,,95.0,18.88888888888889,-16.7
SEN025,,74.0,36.4,31.8
SEN028,,67.0,17.27777777777778,26.7
SEN016,,68.0,21.22222222222222,0.1
SEN019,,72.0,28.277777777777782,
SEN049,,46.0,28.5,18.0
SEN041,,67.0,33.888888888888886,47.6
SEN008,,48.0,15.9,46.8
SEN014,,62.0,17.1,0.78
SEN042,,35.0,,46.228
SEN050,,55.0,18.5,40.7
SEN021,,40.0,37.8,35.7
UNKNOWN,,85.0,,1.57
SEN017,,69.0,23.0,19.5
SEN043,,70.0,19.9,41.8
SEN008,,94.0,39.5,5.6
SEN012,,76.0,22.0,26.1
SEN026,,71.0,17.7,8.889999999999999
SEN010,,88.0,18.88888888888889,30.733999999999998
SEN050,,71.0,32.0,7.0
SEN031,,62.0,32.7,23.5
SEN015,,35.0,34.0,24.7
SEN022,,71.0,36.6,-28.1
SEN027,,,25.0,12.7
SEN046,,48.0,15.6,21.59
SEN050,,30.0,,22.098
SEN010,,65.0,32.388888888888886,19.4
SEN011,,70.0,28.61111111111111,21.5
SEN045,,70.0,36.1,0.9
SEN049,,41.0,24.388888888888893,14.985999999999999
SEN034,,36.0,31.1,-34.1
SEN039,,82.0,26.5,4.0
SEN017,,52.0,27.7,35.4
SEN002,,87.0,16.0,-40.1
SEN008,,52.0,,25.4
SEN046,,63.0,29.88888888888889,1.8
SEN036,,69.0,37.611111111111114,1.5
SEN039,,82.0,19.2,15.8
SEN007,,43.0,34.0,28.8
SEN033,,67.0,31.5,25.4
SEN038,,42.0,31.4,0.26
SEN018,,79.0,26.8,24.2
SEN026,,53.0,,5.4
SEN028,,54.0,31.2,5.4
SEN047,,31.0,29.9,0.07
SEN037,,73.0,27.8,14.224
SEN009,,68.0,17.22222222222222,17.4
SEN039,,,32.5,0.27
SEN022,,70.0,,37.846
SEN025,,55.0,23.7,45.7
SEN045,,41.0,38.5,21.59
SEN001,,79.0,25.38888888888889,8.6
SEN003,,80.0,17.8,-48.4
SEN032,,85.0,15.2,0.4
SEN039,,70.0,15.0,-46.1
SEN042,,81.0,23.88888888888889,0.76
SEN048,,36.0,24.6,20.3
SEN015,,47.0,35.0,13.4
SEN027,,61.0,29.0,43.7
SEN010,,84.0,25.611111111111107,13.0
SEN010,,67.0,22.8,3.6
SEN016,,80.0,,45.7
SEN033,,,32.7,21.59
SEN039,,49.0,19.6,0.31
SEN035,,,33.1,27.8
SEN033,,45.0,15.4,30.987999999999996
SEN013,,84.0,40.0,36.3
SEN019,,54.0,23.9,-24.9
SEN037,,88.0,35.7,0.15
SEN017,,72.0,,35.3
SEN030,,66.0,15.0,41.4
SEN043,,72.0,36.7,
SEN045,,46.0,18.9,-41.2
SEN027,,86.0,15.3,43.5
SEN031,,75.0,,2.9
SEN004,,53.0,28.8,
SEN042,,93.0,33.5,10.9
SEN044,,50.0,30.9,48.5
UNKNOWN,2026-08-26 05:30:00,89.0,,34.9
SEN016,,71.0,25.9,31.6
SEN030,,36.0,29.0,0.26
SEN007,,80.0,38.611111111111114,
SEN044,,85.0,16.8,-28.0
SEN044,,89.0,15.222222222222221,1.36
SEN027,,83.0,34.77777777777778,35.0
SEN033,,57.0,33.27777777777778,-9.3
SEN011,,,,-26.9
SEN020,,81.0,21.38888888888889,36.321999999999996
SEN018,,35.0,34.72222222222222,9.906
SEN043,,38.0,39.2,
UNKNOWN,,32.0,20.0,42.4
SEN040,2026-03-01 05:30:00,74.0,20.222222222222225,28.1
SEN036,,74.0,,31.2
SEN047,,55.0,32.27777777777778,27.4
SEN017,,95.0,37.388888888888886,17.8
SEN006,,43.0,,36.7
SEN011,,70.0,38.27777777777778,22.7
SEN035,,,36.4,23.2
SEN036,,43.0,36.27777777777778,29.4
SEN009,,40.0,,0.508
SEN049,,86.0,36.22222222222222,33.9
SEN042,,89.0,35.72222222222222,39.6
SEN003,,41.0,29.0,28.2
SEN050,,93.0,18.8,39.624
SEN039,,87.0,,47.9
SEN009,,,16.27777777777778,14.5
SEN020,,33.0,,7.1
SEN044,,75.0,36.611111111111114,-0.2
SEN032,,50.0,19.88888888888889,2.6
SEN001,,85.0,33.1,14.985999999999999
SEN013,,95.0,39.111111111111114,30.0
SEN023,,61.0,34.1,47.751999999999995
SEN024,,,36.5,15.493999999999998
SEN029,,46.0,39.0,-15.3
SEN036,,67.0,27.61111111111111,-36.0
SEN018,,58.0,,
SEN027,,59.0,22.722222222222225,15.8
SEN031,,36.0,,7.0
SEN006,,36.0,36.77777777777778,17.3
SEN020,,50.0,34.7,16.2
SEN008,,64.0,17.6,18.6
SEN046,,64.0,16.72222222222222,17.4
SEN023,,48.0,21.9,-34.0
SEN041,,48.0,,15.3
UNKNOWN,,54.0,37.888888888888886,
SEN026,,69.0,15.777777777777779,10.413999999999998
SEN012,,57.0,36.0,12.3
SEN050,,45.0,22.4,9.7
SEN007,,87.0,,48.9
SEN036,,48.0,28.6,26.2
SEN001,,83.0,39.1,-44.3
SEN027,,,17.61111111111111,9.9
SEN013,,89.0,16.88888888888889,3.4
SEN009,,62.0,30.88888888888889,5.588
SEN011,,55.0,38.111111111111114,3.0
SEN049,,75.0,,7.874
SEN011,,,38.888888888888886,0.58
SEN032,,78.0,29.6,37.8
SEN044,,48.0,19.61111111111111,12.1
SEN026,,67.0,28.61111111111111,-48.1
SEN047,,61.0,26.77777777777778,-38.1
SEN028,,36.0,30.7,40.5
SEN008,,77.0,27.6,29.971999999999998
SEN003,,51.0,34.4,47.7
SEN039,,42.0,38.4,43.18
SEN042,,79.0,18.0,14.7
SEN020,,91.0,,
SEN022,,34.0,30.5,22.6
SEN014,,57.0,,27.3
SEN001,,52.0,29.61111111111111,6.095999999999999
SEN015,,53.0,27.7,20.4
SEN010,,60.0,19.777777777777775,4.2
SEN041,,,20.11111111111111,44.9
UNKNOWN,,45.0,,23.0
SEN009,,,27.3,-25.1
SEN001,,44.0,36.7,44.3
SEN005,,54.0,,28.8
SEN016,,84.0,27.8,
SEN012,,68.0,35.0,22.5
SEN050,,36.0,28.1,40.0
SEN045,,53.0,36.0,20.9
SEN020,2026-08-28 05:30:00,34.0,33.6,1.19
SEN050,,,,34.7
SEN013,,54.0,,13.8
SEN021,,93.0,29.3,26.416
SEN005,,61.0,25.6,4.9
SEN026,,87.0,18.61111111111111,24.6
SEN034,,78.0,25.72222222222222,18.2
SEN014,,77.0,26.27777777777778,38.0
SEN043,,31.0,17.7,25.2
SEN001,,88.0,38.611111111111114,35.0
SEN010,,78.0,,35.306
SEN047,,48.0,33.8,-29.2
SEN015,,55.0,18.8,36.3
SEN024,,55.0,33.4,13.0
SEN042,,78.0,28.277777777777782,3.7
SEN012,,37.0,,42.9
SEN022,,71.0,20.0,3.9
SEN008,,36.0,,37.0
SEN038,,48.0,,4.3
SEN024,,38.0,33.611111111111114,15.1
SEN002,,35.0,16.0,42.4
UNKNOWN,,67.0,,-13.0
SEN035,,,39.888888888888886,32.1
SEN018,,38.0,33.0,1.43
SEN001,,52.0,38.611111111111114,39.116
SEN039,,67.0,26.999999999999996,-42.2
SEN032,,75.0,20.0,26.2
SEN013,,,,36.7
SEN013,,33.0,16.9,6.6
UNKNOWN,,41.0,,28.701999999999995
UNKNOWN,,74.0,38.27777777777778,34.8
SEN031,2026-04-13 05:30:00,83.0,30.5,35.81399999999999
SEN024,,68.0,38.8,11.3
SEN003,,55.0,,15.5
SEN025,,51.0,36.888888888888886,6.3
SEN050,2026-06-02 05:30:00,59.0,23.000000000000004,0.6
SEN038,,56.0,27.11111111111111,25.0
SEN032,,53.0,,48.26
SEN021,,58.0,,12.1
UNKNOWN,,50.0,19.9,24.5
SEN027,,81.0,28.0,-41.5
SEN025,,59.0,27.11111111111111,40.6
SEN045,,44.0,,0.1
SEN042,,42.0,,27.178
SEN031,,93.0,28.000000000000004,23.8
SEN024,,51.0,29.8,33.5
SEN012,,56.0,36.2,0.8
SEN020,,58.0,33.6,10.1
SEN022,,76.0,,27.686
SEN015,,46.0,20.777777777777782,
SEN011,,70.0,19.222222222222218,24.8
SEN035,,77.0,,36.6
SEN039,,66.0,22.9,15.2
SEN014,,92.0,28.4,29.717999999999996
SEN031,,44.0,27.5,14.477999999999998
UNKNOWN,,40.0,,4.3180000000000005
SEN036,,73.0,29.22222222222222,37.592
UNKNOWN,,73.0,40.0,34.5
SEN050,,85.0,16.4,42.418
SEN035,,66.0,26.1,-46.8
SEN021,,88.0,17.3,34.7
SEN050,,63.0,26.38888888888889,5.6
SEN035,,65.0,24.7,49.7
SEN037,,35.0,30.3,30.7
SEN035,,37.0,27.5,42.672
SEN021,,82.0,32.0,36.4
SEN040,,39.0,31.3,21.5
SEN005,,84.0,34.8,39.37
SEN024,,63.0,16.27777777777778,5.6
SEN012,,33.0,,48.513999999999996
SEN040,,84.0,17.9,
SEN048,,82.0,20.4,13.3
SEN040,,,15.2,-24.5
SEN030,,36.0,25.500000000000004,34.29
SEN025,,75.0,26.6,0.508
SEN041,,39.0,32.3,5.2
SEN049,,94.0,15.0,33.8
SEN015,,50.0,,-41.9
SEN013,,81.0,27.5,14.8
SEN023,,69.0,23.8,45.211999999999996
SEN013,,84.0,35.9,48.513999999999996
SEN044,,66.0,27.4,10.4
SEN003,,30.0,,34.0
SEN033,,77.0,25.7,5.7
SEN020,,44.0,16.6,36.7
SEN036,,32.0,28.6,1.4
SEN025,,62.0,26.888888888888893,49.022
SEN036,,83.0,18.6,17.272000000000002
SEN002,,,24.6,41.65599999999999
SEN013,,79.0,22.277777777777775,15.6
SEN040,,45.0,37.111111111111114,38.862
SEN009,,69.0,38.0,6.9
SEN025,,73.0,22.4,29.6
UNKNOWN,,89.0,21.0,1.62
SEN043,,78.0,27.0,-37.8
SEN018,2026-04-03 05:30:00,46.0,21.8,14.8
UNKNOWN,,49.0,21.11111111111111,-39.4
SEN047,,60.0,32.0,36.1
SEN002,,63.0,,26.2
SEN035,,74.0,28.8,9.0
SEN011,,,29.27777777777778,4.2
SEN004,,94.0,37.0,22.3
SEN031,,35.0,33.77777777777778,-22.0
UNKNOWN,,83.0,33.1,34.29
SEN007,,54.0,,26.7
SEN029,,79.0,38.3,41.65599999999999
SEN010,,92.0,17.38888888888889,-30.3
SEN006,,62.0,21.3,17.018
SEN027,,92.0,20.27777777777778,45.72
SEN016,,79.0,22.9,34.6
SEN045,,38.0,34.77777777777778,21.0
SEN016,,37.0,38.27777777777778,49.2
SEN047,,51.0,24.222222222222218,-21.2
SEN046,,,22.7,15.6
SEN009,2026-06-13 05:30:00,58.0,20.4,47.2
SEN030,,65.0,16.0,28.9
SEN046,,,,42.7
SEN003,,38.0,31.2,41.6
SEN041,,54.0,25.0,47.9
SEN041,,78.0,34.3,46.5
SEN012,,35.0,20.6,46.9
SEN024,,,36.9,12.9
SEN042,,60.0,30.72222222222222,37.6
SEN013,,78.0,30.8,15.6
SEN039,,49.0,34.888888888888886,1.45
SEN042,,40.0,39.4,45.5
SEN025,,95.0,,1.86
SEN005,,,23.5,1.5239999999999998
SEN008,,53.0,29.9,3.4
SEN021,,63.0,34.72222222222222,23.9
SEN014,,,,30.7
SEN032,2026-08-05 05:30:00,50.0,29.77777777777778,
SEN028,,38.0,,30.9
SEN018,,89.0,39.888888888888886,3.4
SEN040,,87.0,30.77777777777778,42.9
SEN029,2026-06-22 05:30:00,38.0,15.6,29.6
SEN032,,82.0,21.0,7.9
SEN042,,44.0,,0.43
SEN024,,35.0,34.8,29.2
SEN019,,,19.5,0.4
SEN049,,58.0,20.888888888888886,21.8
SEN035,2026-07-26 05:30:00,80.0,38.2,0.71
SEN025,,59.0,38.4,12.953999999999999
SEN021,,,31.1,1.93
SEN020,,51.0,24.222222222222218,31.1
SEN007,,82.0,33.77777777777778,-1.0
SEN016,,65.0,24.9,21.081999999999997
SEN011,,89.0,15.5,26.0
SEN047,,41.0,27.722222222222225,1.64
SEN009,,91.0,,3.4
SEN021,,32.0,,10.9
UNKNOWN,,,32.1,0.89
SEN025,,,15.1,13.8
SEN022,,67.0,,7.9
UNKNOWN,,88.0,22.4,49.2
SEN020,,95.0,34.1,9.4
SEN050,,82.0,25.222222222222225,42.418
SEN013,,76.0,20.6,5.2
SEN029,,42.0,22.61111111111111,43.7
SEN008,,79.0,38.72222222222222,0.35
SEN031,,39.0,35.5,48.2
SEN033,,37.0,24.1,
UNKNOWN,,78.0,22.5,-28.7
SEN002,,62.0,25.777777777777782,18.9
SEN045,,74.0,31.0,43.687999999999995
SEN030,,43.0,,18.796
SEN009,,34.0,34.5,44.2
SEN026,,69.0,38.388888888888886,0.35
SEN040,,39.0,26.3,18.796
SEN036,,65.0,19.88888888888889,14.985999999999999
SEN022,,,25.7,1.55
SEN016,,47.0,25.5,18.8
SEN030,,47.0,38.7,17.7
SEN042,,31.0,20.27777777777778,11.176
SEN020,,77.0,20.38888888888889,0.17
SEN033,,54.0,26.3,28.6
SEN002,,,38.611111111111114,42.6
SEN019,,57.0,24.1,7.874
SEN046,,66.0,18.8,39.624
SEN041,,73.0,18.4,8.4
SEN037,,70.0,24.5,22.0
SEN025,,39.0,,7.0
SEN010,,65.0,31.5,22.605999999999998
SEN034,,58.0,24.9,35.1
SEN032,,76.0,33.1,10.2
SEN004,,65.0,32.3,40.1
SEN046,,,22.277777777777775,16.002
SEN044,,92.0,29.3,1.04
SEN043,,34.0,15.4,39.9
SEN026,,53.0,22.11111111111111,40.4
SEN028,,59.0,35.5,29.971999999999998
SEN004,,55.0,23.61111111111111,8.9
SEN015,,95.0,37.2,36.3
SEN035,,48.0,21.0,14.7
SEN028,,62.0,25.611111111111107,39.6
SEN040,,51.0,,43.687999999999995
SEN028,,94.0,33.5,9.2
SEN005,,30.0,24.222222222222218,3.4
SEN034,,42.0,32.22222222222222,29.971999999999998
SEN048,,30.0,25.11111111111111,25.0
SEN039,,78.0,16.4,24.7
UNKNOWN,,38.0,32.6,49.1
SEN025,,,33.7,
SEN024,,46.0,34.611111111111114,4.1
UNKNOWN,,,28.3,10.4
SEN045,,40.0,33.0,48.2
SEN031,,78.0,24.9,1.17
SEN025,2026-02-28 05:30:00,59.0,25.38888888888889,15.4
SEN033,,,36.3,34.798
SEN025,2026-04-30 05:30:00,52.0,31.61111111111111,31.496
SEN040,,73.0,30.4,28.9
SEN039,2026-03-31 05:30:00,71.0,39.2,31.0
SEN010,,60.0,35.5,1.54
SEN037,,40.0,25.8,7.0
SEN026,,53.0,,14.731999999999998
SEN040,,49.0,17.1,
SEN034,,78.0,37.5,5.2
SEN040,,32.0,19.499999999999996,24.4
SEN003,,66.0,,44.0
SEN029,,42.0,37.77777777777778,15.1
SEN044,,56.0,,17.6
UNKNOWN,,,,14.6
SEN032,,46.0,27.722222222222225,5.2
SEN039,,35.0,39.22222222222222,1.13
SEN042,,32.0,18.4,22.2
SEN018,,,17.9,38.8
SEN030,,59.0,31.38888888888889,11.5
SEN017,,,17.7,25.654
SEN032,,62.0,,-20.7
SEN007,,93.0,,29.8
SEN034,,62.0,22.9,45.8
SEN032,,,23.8,35.2
SEN043,,32.0,25.38888888888889,9.906
SEN016,,50.0,,1.52
SEN050,,88.0,39.111111111111114,11.5
SEN029,,82.0,22.61111111111111,3.9
SEN043,,53.0,39.72222222222222,40.9
SEN030,,52.0,31.38888888888889,33.5
SEN024,,91.0,30.8,19.7
SEN025,,51.0,31.6,18.5
SEN014,,43.0,,5.1
SEN024,,95.0,,38.1
SEN036,,69.0,27.8,23.368
SEN026,,92.0,36.22222222222222,20.5
SEN012,,55.0,38.6,-32.9
SEN025,,78.0,38.388888888888886,42.0
SEN039,,79.0,29.11111111111111,34.5
SEN019,,58.0,29.8,21.081999999999997
SEN011,,,33.5,1.75
SEN038,,95.0,30.11111111111111,31.2
SEN017,,,,3.8099999999999996
SEN042,,71.0,17.9,48.3
SEN024,,40.0,25.3,1.95
SEN046,,40.0,24.4,14.477999999999998
SEN019,,47.0,35.5,27.5
SEN039,,36.0,,10.6
SEN011,,89.0,26.38888888888889,30.9
SEN002,,71.0,17.7,37.592
SEN047,,69.0,20.222222222222225,27.3
SEN022,2026-07-02 05:30:00,35.0,25.72222222222222,12.953999999999999
SEN018,,49.0,18.000000000000004,36.1
SEN043,,58.0,,8.5
SEN012,,69.0,25.0,28.701999999999995
SEN006,,48.0,26.27777777777778,-12.7
SEN038,,91.0,30.1,
SEN036,,52.0,,2.7
SEN047,,82.0,30.88888888888889,
SEN044,,41.0,,13.716
UNKNOWN,,95.0,27.22222222222222,5.8
SEN045,,54.0,16.77777777777778,14.7
SEN018,,74.0,21.6,28.1
SEN001,,63.0,39.7,12.953999999999999
SEN036,,54.0,18.5,0.56
SEN007,,40.0,,8.382
SEN020,,68.0,31.27777777777778,32.512
SEN049,,56.0,17.27777777777778,23.368
SEN016,,,21.7,0.46
SEN031,,35.0,24.1,27.94
SEN034,,50.0,34.77777777777778,-35.5
SEN029,,48.0,39.5,47.8
SEN020,,78.0,21.9,40.6
SEN017,,90.0,21.5,43.9
SEN030,,87.0,35.3,27.686
SEN049,,74.0,34.0,0.52
SEN007,,74.0,38.5,49.7
SEN033,,51.0,34.5,1.16
SEN009,,70.0,17.5,1.9
SEN037,,85.0,26.0,9.1
SEN028,,75.0,19.88888888888889,4.4
SEN023,,79.0,21.611111111111114,-6.3
SEN048,,44.0,22.88888888888889,22.352
SEN033,,53.0,20.611111111111107,31.7
SEN026,,32.0,30.9,45.5
SEN005,,59.0,19.88888888888889,13.4
SEN004,,89.0,23.6,
SEN005,,42.0,22.6,19.0
SEN033,,,23.5,36.2
SEN005,,95.0,16.7,1.72
SEN028,,59.0,29.4,35.8
SEN007,,31.0,32.72222222222222,-27.5
SEN022,,58.0,22.5,
SEN024,,51.0,34.9,47.4
SEN015,,95.0,15.222222222222221,21.5
UNKNOWN,,33.0,28.61111111111111,44.2
SEN008,,55.0,22.8,31.5
SEN033,,54.0,23.88888888888889,
SEN017,,,19.777777777777775,
SEN033,,75.0,32.0,1.84
SEN003,,87.0,,1.4
SEN039,,60.0,15.2,0.89
SEN018,,37.0,32.4,41.9
SEN016,,58.0,17.77777777777778,0.45
SEN032,,40.0,25.11111111111111,0.28
SEN023,,,27.5,-27.6
SEN026,,91.0,37.611111111111114,-24.1
SEN022,,47.0,,5.7
SEN042,,79.0,28.8,12.8
SEN049,,31.0,34.0,0.64
SEN040,,36.0,15.777777777777779,46.8
SEN001,,79.0,17.38888888888889,6.1
SEN029,,74.0,,2.2
SEN016,,93.0,37.1,-34.5
SEN037,,31.0,35.77777777777778,17.6
SEN041,,69.0,22.5,-45.4
SEN003,,87.0,15.88888888888889,11.176
SEN033,,44.0,33.5,5.8
SEN022,,31.0,,10.2
SEN032,,49.0,,43.4
SEN001,,84.0,33.8,1.778
SEN039,,53.0,23.5,17.2
SEN014,,90.0,30.11111111111111,33.019999999999996
SEN045,,56.0,20.0,-39.4
SEN018,,,31.2,45.2
SEN047,,56.0,25.7,0.7
SEN047,,85.0,,-26.6
UNKNOWN,,55.0,32.27777777777778,19.5
SEN008,,30.0,38.5,15.239999999999998
SEN001,,70.0,35.7,38.1
SEN048,,90.0,35.611111111111114,40.2
SEN009,,49.0,30.6,34.3
SEN027,,77.0,21.5,8.5
UNKNOWN,,86.0,36.0,9.2
SEN027,,67.0,,33.274
SEN042,,58.0,,30.479999999999997
SEN034,,69.0,27.5,7.1
SEN012,,87.0,30.3,45.5
SEN031,,45.0,16.77777777777778,2.1
SEN033,,85.0,24.27777777777778,41.3
SEN049,,48.0,20.3,10.7
SEN044,,87.0,21.5,0.0
SEN044,,58.0,,1.65
SEN045,,55.0,24.6,16.764
SEN026,,81.0,33.72222222222222,9.4
SEN034,,53.0,26.11111111111111,15.3
SEN034,,89.0,32.3,-11.7
SEN028,,62.0,37.6,29.3
SEN014,,77.0,,-8.3
SEN044,,94.0,32.72222222222222,29.3
SEN039,,58.0,38.8,42.5
SEN023,,43.0,33.5,9.5
SEN019,,69.0,,50.0
SEN011,,31.0,38.5,
UNKNOWN,,,28.5,23.4
SEN041,,89.0,26.2,38.7
SEN049,2026-07-08 05:30:00,32.0,17.72222222222222,14.7
SEN025,,31.0,21.38888888888889,1.2
SEN045,,67.0,33.3,-32.9
SEN018,,80.0,38.1,8.0
SEN035,,82.0,18.61111111111111,44.196
SEN017,,,15.5,7.874
SEN009,,60.0,33.888888888888886,0.6
SEN028,,,30.5,37.1
SEN018,,,30.0,28.701999999999995
SEN002,,40.0,,
SEN033,,62.0,26.4,49.5
SEN022,,40.0,35.9,17.272000000000002
SEN021,,68.0,,25.0
SEN001,,43.0,18.6,23.5
SEN005,,93.0,35.611111111111114,35.2
SEN043,,77.0,23.9,15.0
SEN029,,36.0,18.0,1.09
SEN004,,79.0,,35.8
SEN031,,53.0,,-40.5
SEN038,,87.0,36.0,43.1
UNKNOWN,,34.0,20.0,4.1
SEN038,,77.0,,0.13
SEN028,,33.0,34.3,0.3
SEN005,,54.0,36.8,1.0
SEN032,,,30.2,48.7
SEN034,,91.0,21.5,
SEN043,,66.0,16.22222222222222,15.7
SEN015,,72.0,26.1,13.2
SEN020,,55.0,32.2,22.2
SEN027,,65.0,20.72222222222222,2.8
SEN008,,91.0,39.3,0.78
SEN019,,71.0,,-7.4
SEN008,,30.0,22.3,6.7
SEN021,,95.0,20.6,14.4
SEN002,,53.0,,32.6
SEN025,,81.0,21.2,-33.0
SEN006,,94.0,22.277777777777775,4.7
SEN032,,53.0,34.2,41.0
SEN008,,60.0,37.1,33.274
SEN026,,78.0,38.5,
SEN039,,91.0,20.11111111111111,16.7
SEN030,,88.0,,14.9
SEN012,,76.0,25.777777777777782,29.6
SEN011,,60.0,36.8,1.2
SEN044,,58.0,15.3,11.7
SEN019,,82.0,,35.306
SEN019,,61.0,24.1,33.6
SEN050,,83.0,29.6,0.7
SEN028,,42.0,18.4,14.1
SEN037,,,19.27777777777778,24.8
SEN050,,51.0,18.3,36.7
SEN044,,92.0,28.72222222222222,2.7
SEN047,,92.0,21.22222222222222,24.8
SEN008,,79.0,,38.9
SEN012,,,39.1,28.0
UNKNOWN,,60.0,17.27777777777778,1.7
SEN023,,68.0,,25.6
SEN048,,48.0,32.6,29.7
SEN032,,45.0,30.9,27.1
SEN025,,77.0,22.22222222222222,
SEN024,,37.0,30.61111111111111,15.2
UNKNOWN,,77.0,33.3,-11.1
UNKNOWN,,79.0,,
SEN005,,91.0,22.1,49.2
SEN037,,94.0,17.2,36.6
SEN045,,88.0,34.9,24.6
SEN034,,,19.0,46.2
SEN048,,30.0,20.72222222222222,4.8
SEN010,,65.0,21.0,46.228
SEN026,,76.0,,42.6
SEN013,,82.0,31.4,-28.4
SEN040,,74.0,17.5,0.16
SEN002,,30.0,24.3,1.3
SEN022,,90.0,,-6.6
SEN036,,49.0,,-3.9
SEN017,,44.0,18.7,39.0
SEN006,,,24.0,26.1
SEN008,,49.0,37.3,13.4
SEN026,,81.0,17.0,49.529999999999994
SEN038,,,17.2,24.6
SEN015,,57.0,25.0,1.42
SEN015,,77.0,31.4,7.874
SEN039,,49.0,21.38888888888889,-31.9
SEN039,,33.0,22.2,21.6
SEN044,2026-03-22 05:30:00,48.0,26.8,1.69
SEN020,,75.0,,1.3
SEN013,,51.0,23.88888888888889,-45.8
SEN044,,30.0,33.1,23.5
SEN003,,83.0,23.388888888888886,-33.7
SEN045,,55.0,31.77777777777778,-18.0
SEN012,,78.0,22.61111111111111,25.9
SEN037,,36.0,,18.0
SEN007,,,26.611111111111114,3.6
SEN013,,44.0,25.9,1.8
SEN040,,83.0,31.72222222222222,0.254
SEN029,,78.0,26.7,3.7
SEN035,,91.0,22.722222222222225,9.2
SEN043,,,37.72222222222222,23.9
SEN040,,49.0,37.4,26.8
SEN036,,91.0,23.8,7.2
SEN026,,64.0,24.499999999999996,25.4
SEN011,,84.0,37.22222222222222,40.386
SEN002,,30.0,,36.3
SEN031,,54.0,24.72222222222222,18.5
SEN035,,87.0,25.8,48.2
SEN035,,58.0,32.4,1.6
SEN049,,,26.2,1.59
SEN041,,,18.111111111111107,23.3
SEN050,,33.0,33.0,1.8
SEN024,,37.0,38.0,-30.2
SEN028,,55.0,18.88888888888889,21.1
SEN016,,86.0,39.8,
SEN036,,35.0,17.7,9.4
SEN039,,90.0,,47.4
SEN018,,69.0,16.2,-45.8
SEN030,,35.0,25.72222222222222,15.0
SEN003,,83.0,22.11111111111111,13.2
SEN015,,95.0,15.5,36.5
SEN039,,58.0,,8.8
SEN029,,40.0,34.22222222222222,44.0
SEN035,,80.0,20.27777777777778,0.93
SEN010,,32.0,40.0,
SEN041,,59.0,16.0,-42.7
SEN017,,,18.77777777777778,40.894
SEN008,,57.0,17.77777777777778,34.036
SEN006,,63.0,27.277777777777775,16.8
SEN021,,32.0,17.9,9.398
SEN033,,89.0,,19.812
SEN037,,69.0,38.388888888888886,31.9
SEN040,,90.0,,7.112
SEN012,,44.0,34.4,40.8
SEN028,,56.0,,27.432
SEN032,,75.0,36.9,3.7
SEN049,,56.0,30.38888888888889,0.5
UNKNOWN,,33.0,24.0,
SEN050,,67.0,28.111111111111107,46.0
SEN022,,70.0,28.111111111111107,49.1
SEN043,,83.0,17.4,
SEN004,,34.0,,3.8
SEN015,,73.0,29.2,25.6
SEN026,,63.0,39.5,5.08
UNKNOWN,,54.0,35.7,18.796
SEN034,,58.0,,-45.3
SEN002,,51.0,17.4,-42.2
SEN041,,89.0,37.388888888888886,28.3
SEN016,,74.0,16.6,37.3
SEN021,,94.0,15.4,14.7
SEN019,,83.0,36.22222222222222,23.3
SEN006,,84.0,22.722222222222225,43.8
SEN046,,70.0,23.277777777777782,-5.2
SEN039,,72.0,25.222222222222225,15.6
SEN008,,87.0,27.5,6.8
SEN023,,65.0,18.5,40.6
SEN028,,32.0,27.88888888888889,-8.3
SEN017,,95.0,20.4,13.4
UNKNOWN,,36.0,22.0,26.2
SEN009,,95.0,17.3,-19.9
SEN041,,43.0,39.77777777777778,38.6
SEN038,,58.0,35.2,6.6
SEN008,,93.0,31.9,21.8
SEN045,,78.0,27.5,8.889999999999999
SEN046,,77.0,,36.4
SEN047,,45.0,20.8,14.6
SEN016,,41.0,18.88888888888889,3.3
SEN011,,94.0,16.3,48.5
SEN010,,50.0,,21.7
SEN006,,65.0,30.3,29.0
SEN009,,84.0,,23.9
SEN017,,34.0,37.27777777777778,5.7
SEN019,,38.0,31.27777777777778,46.7
SEN048,,66.0,15.3,4.4
SEN014,,66.0,24.0,12.7
SEN009,,43.0,30.3,
SEN040,,41.0,,
SEN042,,,27.9,-24.3
SEN008,,43.0,,0.71
SEN043,,92.0,21.4,-33.9
SEN021,,66.0,22.2,35.8
SEN020,,67.0,32.5,4.064
SEN034,,37.0,,33.4
SEN039,,88.0,,28.955999999999996
SEN037,,,,19.5
SEN006,,56.0,18.3,28.9
SEN031,,,17.2,-2.2
SEN011,,69.0,16.5,39.878
SEN001,,74.0,24.9,31.8
SEN018,,42.0,39.6,11.5
SEN005,,,,35.1
SEN003,,,16.77777777777778,1.6
SEN042,2026-04-13 05:30:00,52.0,38.22222222222222,3.4
SEN018,,67.0,35.888888888888886,36.1
SEN043,,45.0,30.8,49.6
SEN014,,62.0,,30.7
SEN019,,47.0,20.72222222222222,4.1
SEN035,,72.0,33.2,40.9
SEN027,,94.0,,44.0
SEN035,,81.0,28.4,6.1
SEN015,,39.0,31.61111111111111,20.9
SEN048,,79.0,,40.1
SEN002,,53.0,22.11111111111111,39.5
SEN004,,69.0,17.0,1.1
SEN019,,56.0,20.888888888888886,46.736
SEN047,,80.0,,30.5
SEN039,,64.0,32.27777777777778,
SEN024,,88.0,22.22222222222222,5.0
SEN013,,,21.38888888888889,-8.3
SEN027,,36.0,16.9,42.8
SEN022,,42.0,26.38888888888889,-27.3
SEN019,,35.0,22.1,0.7
SEN050,,83.0,37.3,48.8
SEN034,,44.0,27.5,-48.9
SEN005,,30.0,25.0,1.8
UNKNOWN,,72.0,38.5,-32.1
SEN025,,67.0,25.500000000000004,39.6
SEN041,,78.0,17.61111111111111,15.1
SEN033,,31.0,31.4,21.4
SEN036,,95.0,26.7,23.368
SEN046,,83.0,16.88888888888889,30.5
SEN044,,42.0,,8.4
SEN014,,41.0,29.72222222222222,-38.3
SEN005,,65.0,31.5,26.2
SEN015,,34.0,,18.6
SEN045,,,,7.4
SEN030,,38.0,,1.6
SEN029,,52.0,,34.3
SEN024,,83.0,23.3,16.002
SEN038,,91.0,32.1,21.8
SEN044,,44.0,31.88888888888889,47.9
SEN022,,31.0,32.3,23.8
SEN008,,53.0,,19.558
SEN046,,,,18.4
SEN031,,71.0,18.2,29.209999999999997
SEN034,,95.0,27.22222222222222,-23.7
SEN045,,81.0,15.7,15.6
SEN006,,86.0,29.3,36.0
SEN042,,46.0,34.22222222222222,33.1
SEN018,,60.0,39.8,45.9
SEN046,,91.0,18.1,29.6
SEN030,,,31.4,-30.3
SEN042,,40.0,20.611111111111107,12.5
SEN016,,59.0,34.0,1.56
SEN007,,36.0,29.6,2.0
SEN022,,59.0,,9.9
SEN044,,42.0,35.22222222222222,26.5
SEN027,,60.0,26.9,
SEN021,,79.0,26.9,3.8099999999999996
SEN042,,,,33.5
SEN021,,93.0,30.0,14.477999999999998
SEN043,,32.0,34.1,39.9
SEN046,,43.0,21.6,16.3
SEN018,,52.0,32.2,36.1
SEN008,,43.0,20.888888888888886,21.2
SEN004,,93.0,34.9,3.7
SEN011,,70.0,16.0,11.1
SEN004,,57.0,33.22222222222222,48.00599999999999
SEN022,,,26.11111111111111,7.4
SEN014,,,28.0,13.1
SEN004,,,33.22222222222222,-47.8
SEN038,,55.0,,11.9
SEN033,,,20.777777777777782,26.924
SEN012,,87.0,35.9,0.67
SEN019,,,24.1,2.9
SEN003,,42.0,34.27777777777778,0.81
SEN021,,52.0,32.27777777777778,37.592
SEN032,,62.0,31.0,26.416
UNKNOWN,,73.0,17.77777777777778,24.383999999999997
SEN030,,63.0,25.500000000000004,44.6
SEN033,,78.0,17.61111111111111,10.3
SEN005,,95.0,31.11111111111111,0.48
SEN016,,88.0,33.1,7.9
SEN018,,50.0,16.1,-42.0
SEN013,,90.0,,27.3
SEN010,,77.0,,40.5
SEN014,,32.0,,23.0
SEN003,,53.0,,0.0
SEN007,,67.0,16.1,4.0
SEN041,,,32.0,37.2
SEN043,2026-05-29 05:30:00,80.0,19.0,6.2
SEN040,,71.0,,47.0
SEN013,,59.0,37.0,1.35
SEN005,,,21.8,2.5
SEN006,,69.0,21.38888888888889,0.01
SEN050,,42.0,22.9,30.2
SEN043,,61.0,24.4,28.701999999999995
SEN012,2026-02-19 05:30:00,70.0,25.1,1.44
SEN038,,93.0,31.2,18.4
SEN045,,81.0,23.0,49.275999999999996
SEN015,,69.0,25.38888888888889,15.748
SEN024,,82.0,26.2,28.194000000000003
SEN042,,95.0,28.77777777777778,14.4
SEN037,,37.0,,33.782
SEN003,,59.0,24.6,9.143999999999998
SEN032,,62.0,40.0,26.9
SEN012,2026-01-24 05:30:00,79.0,21.0,43.9
SEN024,,90.0,37.888888888888886,30.7
SEN042,,,23.6,40.2
SEN004,2026-02-07 05:30:00,60.0,36.4,8.8
SEN006,,,38.0,13.208
SEN035,,91.0,24.61111111111111,16.5
SEN028,,94.0,17.22222222222222,6.3
SEN033,,63.0,23.7,-23.5
SEN011,,45.0,24.2,20.0
UNKNOWN,,91.0,,27.9
SEN024,,70.0,36.4,31.8
SEN014,,62.0,28.7,-32.9
SEN031,,33.0,21.2,39.878
SEN048,,48.0,31.5,28.5
SEN017,,85.0,31.5,15.4
SEN022,,85.0,31.27777777777778,
SEN010,,,25.888888888888886,4.0
SEN031,,44.0,31.2,5.842
SEN029,,84.0,39.111111111111114,42.7
UNKNOWN,,79.0,31.11111111111111,11.0
SEN031,,76.0,33.611111111111114,40.3
SEN033,,46.0,,46.7
SEN048,,76.0,35.2,10.4
SEN050,,75.0,31.77777777777778,11.8
SEN046,,69.0,28.3,46.99
SEN025,,66.0,23.3,1.9
SEN035,,45.0,38.22222222222222,20.6
SEN010,,33.0,22.277777777777775,41.65599999999999
SEN010,,84.0,39.888888888888886,6.5
SEN036,,42.0,22.11111111111111,41.91
SEN040,,36.0,19.388888888888893,34.1
SEN011,,30.0,17.38888888888889,-6.7
SEN020,,92.0,23.7,-30.5
SEN009,,57.0,,44.0
SEN037,,53.0,28.61111111111111,-20.1
SEN049,,86.0,37.27777777777778,43.2
SEN039,,65.0,39.1,
SEN050,,68.0,38.888888888888886,22.352
SEN038,,59.0,29.4,19.8
SEN026,,78.0,15.2,27.6
SEN012,2026-02-20 05:30:00,65.0,21.7,
SEN008,,37.0,,-34.9
SEN009,,75.0,23.3,26.2
SEN010,,44.0,16.5,-6.9
SEN032,,35.0,,1.1
SEN025,,64.0,,28.701999999999995
SEN026,,46.0,33.27777777777778,30.3
SEN024,,51.0,38.1,1.21
SEN049,,34.0,15.11111111111111,30.8
SEN034,,78.0,26.9,-10.2
SEN010,,51.0,37.77777777777778,-19.8
SEN022,,81.0,,3.6
SEN004,,86.0,18.9,-23.4
SEN033,,53.0,,-20.7
SEN017,,37.0,35.0,46.99
SEN033,,,32.7,8.4
SEN007,,86.0,36.72222222222222,46.7
SEN010,,,38.5,7.7
SEN014,,62.0,,
SEN038,,42.0,20.3,24.383999999999997
SEN019,,95.0,,37.5
SEN045,,75.0,36.611111111111114,28.6
SEN011,,40.0,30.61111111111111,46.99
SEN034,,42.0,22.1,47.4
SEN017,,59.0,27.3,16.0
SEN031,,54.0,,34.1
SEN032,,62.0,38.6,25.5
SEN026,,92.0,29.61111111111111,21.9
SEN024,,67.0,16.7,14.3
SEN048,,94.0,21.22222222222222,30.6
SEN029,,54.0,24.4,39.624
SEN050,,54.0,34.1,1.8
SEN011,,74.0,25.888888888888886,-32.7
SEN036,,33.0,28.22222222222222,1.34
SEN001,,64.0,24.27777777777778,
SEN019,,66.0,15.88888888888889,0.65
SEN004,,87.0,28.22222222222222,16.7
SEN016,,70.0,27.5,0.35
SEN022,,78.0,31.0,-47.6
UNKNOWN,,52.0,,4.0
SEN048,,65.0,25.9,12.7
SEN002,,,,
SEN050,,39.0,39.0,0.13
SEN015,,,20.27777777777778,32.2
SEN011,,,37.0,-31.1
SEN025,,44.0,21.27777777777778,18.6
SEN029,,93.0,18.72222222222222,15.7
UNKNOWN,,44.0,37.3,-45.1
SEN042,,81.0,19.61111111111111,16.7
SEN014,,55.0,30.22222222222222,37.846
SEN011,,51.0,,31.3
SEN047,,56.0,21.2,30.7
SEN021,,93.0,36.3,0.74
SEN038,,61.0,,13.208
SEN009,,63.0,32.3,44.704
SEN030,,37.0,25.8,-27.5
SEN042,,92.0,,49.1
UNKNOWN,,,28.6,28.194000000000003
SEN018,,,39.5,49.5
SEN040,,37.0,25.72222222222222,1.7
SEN009,,72.0,27.0,27.7
SEN049,,77.0,,12.8
SEN036,,37.0,17.0,8.8
SEN033,,58.0,20.8,0.0
SEN043,,60.0,28.111111111111107,-27.8
SEN021,,41.0,28.111111111111107,13.1
SEN010,,60.0,16.77777777777778,44.0
SEN011,,63.0,31.4,37.6
UNKNOWN,,39.0,,42.7
SEN030,,69.0,26.2,20.2
SEN048,,33.0,21.5,19.049999999999997
SEN014,,83.0,26.722222222222218,29.1
UNKNOWN,,59.0,20.1,34.798
SEN050,,,,39.624
SEN027,,51.0,27.11111111111111,25.907999999999998
SEN036,,33.0,33.22222222222222,22.1
SEN029,,60.0,23.61111111111111,17.3
SEN004,,77.0,29.77777777777778,42.1
SEN045,,37.0,31.5,23.5
SEN043,,65.0,19.72222222222222,0.6
SEN039,,66.0,26.8,7.9
SEN036,,61.0,,48.5
UNKNOWN,,79.0,35.4,1.0
SEN021,,73.0,,-4.5
SEN010,,86.0,20.27777777777778,27.5
SEN041,,,20.6,
SEN007,,,29.7,14.8
UNKNOWN,,54.0,30.72222222222222,25.1
SEN016,,86.0,28.388888888888886,44.9
SEN034,,79.0,18.3,46.7
SEN045,,46.0,,19.9
SEN032,,39.0,27.6,43.4
SEN001,,,16.11111111111111,37.9
SEN003,,32.0,17.5,
SEN017,,82.0,21.0,7.7
SEN029,,82.0,,15.3
SEN043,,61.0,39.72222222222222,10.0
SEN013,,61.0,29.0,12.4
SEN032,,95.0,18.88888888888889,24.1
SEN014,,73.0,29.7,48.3
UNKNOWN,,,36.72222222222222,43.434
SEN040,,48.0,31.0,23.5
SEN039,,67.0,29.38888888888889,-19.8
SEN037,,81.0,24.7,43.6
SEN021,,62.0,36.7,30.5
SEN016,,78.0,18.277777777777782,36.4
SEN009,,74.0,30.1,45.4
UNKNOWN,,80.0,23.2,37.4
SEN011,,51.0,35.388888888888886,48.1
SEN040,,82.0,37.22222222222222,13.97
SEN017,,52.0,21.0,25.6
SEN030,,56.0,,45.1
SEN013,,56.0,36.27777777777778,22.2
SEN014,,47.0,17.11111111111111,16.1
SEN040,,92.0,35.1,26.6
SEN046,,72.0,29.22222222222222,37.083999999999996
SEN035,,64.0,32.9,-27.7
SEN001,,51.0,39.388888888888886,29.8
SEN020,,72.0,15.8,40.894
SEN030,,69.0,32.388888888888886,37.6
SEN023,,81.0,23.388888888888886,-36.3
SEN009,,60.0,27.9,47.9
SEN042,,35.0,37.388888888888886,0.1
SEN038,,39.0,35.0,37.2
SEN038,,,39.8,41.9
SEN023,,30.0,26.999999999999996,21.3
SEN040,,,39.2,24.8
SEN033,,57.0,39.72222222222222,36.3
SEN020,,62.0,22.4,42.7
SEN039,,60.0,29.0,30.479999999999997
SEN003,,83.0,37.2,35.5
SEN038,,78.0,36.4,-31.3
SEN025,,69.0,,1.93
SEN002,,42.0,,15.1
SEN002,,53.0,20.4,
SEN013,,95.0,22.38888888888889,29.4
SEN020,,55.0,29.4,21.6
SEN032,,89.0,,38.8
SEN024,,33.0,,-46.6
UNKNOWN,,42.0,18.2,13.1
SEN013,,84.0,30.8,37.7
SEN038,,95.0,,49.275999999999996
SEN029,,38.0,30.4,25.0
SEN034,2026-07-11 05:30:00,69.0,31.2,1.27
SEN025,,56.0,,27.8
SEN005,,65.0,37.6,18.287999999999997
SEN026,,78.0,,41.9
SEN008,,95.0,19.4,14.3
SEN017,,51.0,18.0,20.9
SEN037,,45.0,32.1,10.6
SEN048,,94.0,15.3,-47.2
SEN043,,70.0,,
SEN045,,92.0,37.111111111111114,43.3
SEN044,,62.0,21.888888888888893,16.5
SEN011,,75.0,29.2,49.1
SEN022,,44.0,34.77777777777778,-6.6
SEN001,2026-07-03 05:30:00,79.0,15.2,34.1
SEN046,,51.0,34.72222222222222,24.9
SEN001,,75.0,26.7,14.477999999999998
SEN004,,49.0,37.5,40.3
SEN015,,73.0,28.1,-38.9
SEN024,,94.0,,4.9
SEN004,,63.0,,39.2
SEN050,,,15.88888888888889,0.15
SEN010,,60.0,,14.477999999999998
SEN029,,30.0,19.0,12.2
SEN027,,76.0,17.77777777777778,9.7
SEN042,,78.0,30.2,46.4
SEN010,,,18.7,1.39
SEN041,,62.0,38.388888888888886,13.6
SEN007,,41.0,35.888888888888886,
SEN021,,58.0,17.5,5.08
SEN033,,35.0,15.61111111111111,44.0
SEN005,,82.0,,6.9
SEN027,,59.0,16.2,4.3180000000000005
SEN033,,49.0,15.4,28.194000000000003
SEN041,,,20.4,-35.3
SEN043,,40.0,31.72222222222222,14.8
SEN017,,82.0,18.72222222222222,9.652
SEN026,,34.0,27.722222222222225,0.46
SEN039,,35.0,,14.224
SEN013,,66.0,24.0,28.1
SEN019,,71.0,19.6,0.508
SEN012,,86.0,38.77777777777778,48.26
SEN037,,33.0,25.611111111111107,35.4
SEN006,,90.0,16.5,
SEN017,,50.0,38.388888888888886,16.002
SEN013,,41.0,39.888888888888886,25.145999999999997
SEN014,,88.0,,21.1
SEN045,,70.0,17.8,30.733999999999998
SEN014,,76.0,27.2,48.2
SEN007,,52.0,27.7,12.9
SEN038,,55.0,36.0,25.4
SEN034,,89.0,22.3,33.9
SEN042,,87.0,38.0,12.4
SEN037,,41.0,22.61111111111111,25.654
UNKNOWN,,,29.0,27.0
SEN009,,31.0,22.22222222222222,1.89
SEN004,,55.0,39.72222222222222,3.302
SEN041,,41.0,31.61111111111111,11.3
SEN041,,63.0,34.1,25.907999999999998
SEN025,,75.0,,15.1
SEN008,,80.0,,31.0
SEN031,,75.0,28.5,15.493999999999998
SEN002,,,21.0,1.9
SEN014,,59.0,35.5,31.241999999999997
SEN004,,89.0,23.3,1.63
SEN013,,76.0,17.5,-3.2
SEN009,,76.0,36.22222222222222,32.2
SEN024,,65.0,30.38888888888889,1.17
SEN037,,67.0,29.11111111111111,32.8
SEN026,,43.0,25.8,5.2
SEN021,2026-06-16 05:30:00,40.0,24.9,29.1
SEN006,,50.0,,1.5239999999999998
UNKNOWN,,45.0,,28.701999999999995
SEN019,,69.0,,49.022
SEN048,,59.0,30.5,42.418
SEN019,,78.0,29.22222222222222,5.08
SEN006,,70.0,,
SEN035,,50.0,20.888888888888886,-10.6
SEN050,,33.0,,24.8
SEN016,,67.0,,38.2
SEN018,,61.0,34.2,-17.3
SEN035,,49.0,24.777777777777775,24.5
SEN008,,44.0,19.777777777777775,43.7
SEN004,,92.0,16.3,
SEN005,,71.0,20.11111111111111,-38.4
UNKNOWN,,72.0,16.1,40.0
SEN012,,53.0,36.888888888888886,43.5
SEN043,,53.0,25.9,27.8
SEN048,,53.0,30.9,
UNKNOWN,,81.0,,37.9
SEN002,,85.0,19.0,1.37
SEN003,,70.0,22.88888888888889,45.6
SEN020,,,28.8,20.1
SEN029,,89.0,28.5,16.5
SEN002,,32.0,25.777777777777782,-6.7
SEN005,,,34.77777777777778,0.7
SEN019,,82.0,17.4,19.304
SEN044,,67.0,30.11111111111111,-24.0
SEN021,,47.0,,21.0
SEN037,,66.0,18.72222222222222,
SEN002,,59.0,15.777777777777779,11.7
SEN037,,39.0,22.11111111111111,6.6
SEN044,,54.0,27.0,31.1
SEN008,,35.0,31.5,-14.7
SEN041,,81.0,23.111111111111107,-20.9
SEN037,,61.0,23.72222222222222,14.7
SEN001,,77.0,33.5,19.7
UNKNOWN,,57.0,35.9,-48.5
SEN050,,49.0,16.6,19.8
SEN015,,93.0,20.8,13.2
SEN037,,59.0,24.7,6.7
SEN020,,83.0,31.3,31.0
UNKNOWN,,62.0,31.61111111111111,12.5
SEN046,,34.0,24.1,4.0
SEN029,2026-08-09 05:30:00,,26.77777777777778,10.8
SEN022,,55.0,,18.034
SEN035,,78.0,22.3,49.9
SEN050,,47.0,,30.9
SEN035,,91.0,33.9,38.7
SEN018,,,19.7,24.2
SEN047,,60.0,20.611111111111107,14.731999999999998
SEN007,,84.0,15.61111111111111,48.2
SEN018,,,27.277777777777775,39.5
SEN048,,54.0,,20.5
SEN030,,57.0,,17.5
SEN001,,62.0,35.9,40.7
SEN007,,62.0,16.27777777777778,45.5
SEN037,,65.0,33.6,48.767999999999994
SEN019,,88.0,35.72222222222222,31.4
SEN003,,31.0,,18.5
SEN033,,64.0,18.0,22.352
SEN027,,36.0,22.61111111111111,36.068
SEN015,,31.0,27.4,32.6
SEN040,,47.0,20.3,49.4
UNKNOWN,2026-02-06 05:30:00,81.0,,-3.7
SEN001,,82.0,,43.18
SEN005,,91.0,21.1,48.8
SEN023,,87.0,36.8,49.3
SEN032,,83.0,28.72222222222222,38.9
SEN033,,72.0,15.7,42.1
SEN001,,61.0,36.3,0.2
SEN047,,38.0,,13.6
SEN035,,62.0,27.7,2.032
SEN001,,45.0,15.5,6.9
SEN042,,34.0,16.2,29.1
SEN020,,75.0,30.0,23.6
SEN004,,49.0,17.0,-41.4
SEN016,,43.0,34.6,14.477999999999998
SEN048,,73.0,38.6,48.6
SEN011,,75.0,,-31.5
SEN036,,45.0,,0.7
SEN009,,52.0,16.2,40.7
SEN032,,71.0,20.777777777777782,33.5
SEN020,,84.0,23.5,40.1
SEN011,,65.0,20.7,31.6
SEN010,,68.0,22.2,7.0
SEN024,,42.0,37.5,45.4
SEN007,,70.0,36.5,18.2
SEN046,2026-05-04 05:30:00,44.0,29.3,44.958
SEN007,,32.0,15.3,42.2
SEN048,,55.0,,10.3
SEN017,,70.0,,0.89
SEN034,,73.0,34.22222222222222,14.6
SEN020,,75.0,15.5,48.2
UNKNOWN,,35.0,,47.8
SEN045,,95.0,,46.4
SEN013,,86.0,39.5,0.66
SEN041,,94.0,26.1,9.6
SEN013,,42.0,26.3,12.5
SEN016,,88.0,19.8,5.1
SEN018,,37.0,,11.5
SEN005,,87.0,18.22222222222222,23.4
SEN021,,64.0,28.3,46.8
SEN001,,76.0,30.4,12.5
SEN036,,44.0,26.4,1.85
UNKNOWN,,,,40.2
SEN028,,65.0,38.2,15.6
SEN033,,,15.1,14.731999999999998
UNKNOWN,,,19.72222222222222,36.3
SEN008,,36.0,29.77777777777778,32.0
SEN011,,93.0,21.22222222222222,39.3
SEN024,,56.0,33.8,47.9
SEN048,,93.0,,14.6
SEN033,,77.0,24.5,1.81
SEN037,,61.0,18.8,4.1
SEN023,,70.0,34.8,44.5
SEN049,,59.0,,34.6
SEN032,,,22.2,26.4
SEN003,,82.0,31.88888888888889,48.8
SEN011,,74.0,38.3,6.2
SEN014,,73.0,24.0,22.4
SEN014,,37.0,25.3,15.5
SEN015,,,35.0,
SEN026,,51.0,24.0,44.8
SEN025,,83.0,15.2,38.4
SEN022,,75.0,27.2,47.4
SEN035,,50.0,18.5,18.034
SEN025,,,17.22222222222222,34.0
SEN044,,47.0,23.5,1.14
UNKNOWN,,95.0,28.5,0.5
SEN024,,43.0,28.277777777777782,20.5
SEN018,,38.0,36.27777777777778,48.4
SEN034,,37.0,16.38888888888889,21.8
SEN045,,51.0,36.111111111111114,12.7
SEN022,,,37.2,34.544000000000004
SEN043,,51.0,18.2,21.9
SEN029,,45.0,39.611111111111114,-7.9
SEN022,,51.0,,10.5
SEN010,,54.0,23.7,31.241999999999997
UNKNOWN,,80.0,21.7,0.83
SEN015,,94.0,31.8,-49.1
SEN023,,58.0,33.4,-10.1
SEN032,,67.0,27.22222222222222,43.0
SEN010,,69.0,35.3,1.1
SEN047,,44.0,26.22222222222222,20.6
UNKNOWN,,76.0,36.0,1.76
SEN037,,62.0,35.611111111111114,48.7
UNKNOWN,,67.0,15.5,34.036
SEN035,,53.0,21.888888888888893,43.3
SEN005,,74.0,19.0,22.098
SEN014,,87.0,17.9,19.812
SEN002,,38.0,29.7,0.0
UNKNOWN,,41.0,23.9,-45.6
SEN013,,61.0,37.3,27.1
SEN015,,68.0,34.7,1.87
SEN033,,42.0,19.0,2.3
SEN014,,84.0,25.6,-45.5
SEN002,,,27.7,-29.5
SEN040,,70.0,,49.8
SEN044,,45.0,37.0,23.2
SEN027,,92.0,35.388888888888886,
SEN013,2026-08-09 05:30:00,32.0,16.5,43.4
SEN024,,52.0,35.111111111111114,22.5
SEN011,,,38.8,16.9
SEN036,,50.0,31.5,11.5
SEN003,,78.0,30.0,33.4
SEN039,,45.0,35.3,15.1
SEN017,,72.0,24.61111111111111,1.11
SEN048,,39.0,26.4,42.4
SEN036,,58.0,23.6,33.9
SEN014,,43.0,33.0,19.9
UNKNOWN,,95.0,16.9,14.477999999999998
SEN046,,51.0,22.6,15.8
SEN038,,63.0,23.6,29.2
SEN029,,89.0,,9.2
SEN013,,59.0,21.9,44.196
SEN006,,36.0,23.88888888888889,31.1
SEN008,,76.0,28.9,8.8
SEN004,,90.0,39.7,
SEN050,,74.0,,13.7
SEN026,,93.0,,
SEN015,,57.0,17.77777777777778,38.0
SEN050,,83.0,21.9,-3.3
SEN030,,69.0,,-43.7
SEN031,,73.0,29.38888888888889,4.8
SEN021,,34.0,30.72222222222222,27.1
SEN032,,63.0,33.77777777777778,5.3
SEN038,,81.0,38.1,35.559999999999995
SEN021,,34.0,17.88888888888889,1.21
SEN009,,45.0,16.72222222222222,5.9
SEN028,,81.0,,23.2
SEN018,,54.0,35.111111111111114,16.0
SEN024,,68.0,22.8,40.1
SEN043,,,31.7,25.5
SEN031,,86.0,31.88888888888889,16.509999999999998
SEN024,,35.0,27.4,31.9
SEN023,,83.0,30.5,1.016
SEN045,,46.0,15.2,15.4
SEN036,,63.0,15.38888888888889,37.337999999999994
SEN031,,65.0,23.7,-12.8
SEN016,,76.0,30.38888888888889,32.257999999999996
SEN032,,69.0,25.11111111111111,36.57599999999999
SEN032,,39.0,,39.9
SEN040,,93.0,22.8,39.116
SEN036,,36.0,16.3,34.4
SEN048,,54.0,29.8,33.4
SEN012,,64.0,33.888888888888886,28.7
SEN031,,61.0,20.3,-45.9
SEN018,,81.0,22.77777777777778,1.44
SEN015,,73.0,35.2,-23.6
SEN003,,89.0,29.0,31.7
SEN007,,63.0,15.1,21.0
SEN040,,81.0,17.0,34.1
SEN031,,95.0,33.5,-37.0
SEN032,,,22.722222222222225,23.0
SEN042,,46.0,32.5,-23.3
SEN049,,,24.5,8.9
SEN021,,41.0,,10.0
SEN005,,75.0,33.9,27.0
SEN016,,,21.8,-13.9
SEN047,,90.0,19.777777777777775,-6.0
SEN048,,76.0,15.6,23.5
SEN027,,81.0,21.0,16.4
SEN044,,95.0,28.6,41.148
SEN025,,53.0,27.5,23.3
SEN034,,74.0,26.38888888888889,1.36
SEN040,,82.0,29.27777777777778,23.4
SEN013,,82.0,21.38888888888889,
SEN031,,72.0,17.72222222222222,14.8
SEN048,,67.0,16.72222222222222,25.6
SEN028,,55.0,19.777777777777775,-40.9
SEN026,,30.0,37.0,45.9
SEN004,,45.0,,-42.2
SEN044,,,,1.06
SEN022,,91.0,20.500000000000004,13.4
SEN021,,74.0,32.0,0.26
SEN023,,40.0,25.6,24.2
SEN047,,,24.222222222222218,33.7
SEN012,,95.0,24.777777777777775,6.7
SEN005,,32.0,31.8,0.45
UNKNOWN,,42.0,37.2,35.306
SEN004,,85.0,17.5,0.22
SEN011,,78.0,27.2,25.3
SEN041,,,,6.35
SEN048,,50.0,23.88888888888889,-5.6
SEN039,,80.0,,14.1
SEN027,,,38.8,0.67
SEN050,,74.0,,49.9
SEN047,,50.0,34.611111111111114,-47.9
SEN010,,59.0,39.72222222222222,34.6
SEN033,,30.0,35.27777777777778,2.794
SEN034,,88.0,26.0,20.2
SEN005,,80.0,26.888888888888893,30.6
SEN029,,32.0,29.7,32.0
SEN041,,80.0,28.7,28.2
SEN029,,34.0,,
SEN029,,59.0,35.22222222222222,1.45
SEN005,,70.0,,
SEN025,,72.0,,-3.2
SEN014,,64.0,25.8,
SEN016,,38.0,33.5,25.2
SEN044,,31.0,20.611111111111107,27.9
SEN034,,82.0,29.0,41.0
SEN040,,57.0,38.22222222222222,10.9
SEN046,,68.0,23.72222222222222,20.1
SEN034,,34.0,34.9,10.16
SEN028,,94.0,27.11111111111111,3.6
SEN018,,46.0,31.77777777777778,-44.2
SEN041,,76.0,18.388888888888886,11.1
SEN024,,33.0,29.11111111111111,0.9
SEN024,,69.0,26.6,15.6
SEN046,,69.0,35.1,25.7
SEN013,,32.0,34.8,
SEN017,,91.0,17.4,3.5
SEN042,,59.0,21.722222222222218,46.5
SEN049,,91.0,22.722222222222225,24.6
SEN004,,44.0,21.611111111111114,
SEN025,,83.0,17.0,34.3
UNKNOWN,,89.0,32.8,3.1
SEN028,,30.0,29.77777777777778,8.9
SEN037,,30.0,38.5,23.1
SEN047,,67.0,18.5,13.3
SEN040,,72.0,32.2,1.68
SEN017,,48.0,20.2,
SEN027,,58.0,29.5,1.17
SEN016,,89.0,29.2,28.3
SEN050,,38.0,35.1,27.4
SEN011,,37.0,20.38888888888889,35.1
SEN034,,30.0,23.277777777777782,0.92
SEN034,,45.0,,22.605999999999998
SEN029,,56.0,38.611111111111114,34.1
SEN032,,32.0,38.611111111111114,-44.2
SEN006,2026-07-21 05:30:00,90.0,35.6,44.5
UNKNOWN,,,,20.4
SEN043,,35.0,19.88888888888889,1.11
SEN019,,58.0,,14.224
SEN040,,41.0,18.111111111111107,38.3
SEN028,,67.0,21.5,47.498
SEN025,,76.0,22.77777777777778,47.2
SEN001,,,31.61111111111111,1.35
SEN033,,87.0,37.72222222222222,31.7
SEN029,,59.0,15.777777777777779,36.1
SEN017,,72.0,27.88888888888889,1.74
SEN003,,81.0,25.11111111111111,3.556
SEN011,,49.0,,-19.6
SEN024,,,,41.8
SEN012,,76.0,,12.191999999999998
SEN023,,45.0,24.6,7.874
SEN035,,89.0,21.0,45.974
SEN012,,86.0,37.4,0.94
SEN032,,70.0,24.9,1.4
SEN039,,54.0,38.6,-10.7
SEN005,,81.0,31.72222222222222,19.2
SEN023,,75.0,28.111111111111107,2.5
SEN027,,62.0,35.8,30.6
SEN009,,91.0,23.72222222222222,0.72
SEN039,,89.0,29.1,
SEN030,,86.0,37.9,5.0
SEN001,,46.0,18.3,44.5
SEN013,,47.0,24.3,0.9
SEN011,,31.0,26.8,46.3
SEN020,,,,13.7
SEN019,,66.0,27.4,42.3
SEN027,,75.0,17.77777777777778,31.6
SEN005,,75.0,37.5,48.6
SEN028,,62.0,26.999999999999996,0.7
SEN044,,58.0,,21.3
SEN002,,,23.1,-13.8
SEN014,,40.0,28.77777777777778,17.0
SEN046,,30.0,33.0,2.1
SEN026,,93.0,37.72222222222222,29.1
SEN036,,87.0,20.9,40.4
SEN002,,32.0,24.499999999999996,5.8
SEN005,,90.0,29.4,-15.5
SEN003,,42.0,,7.4
SEN046,,49.0,39.2,42.4
SEN016,,39.0,18.4,-37.2
SEN040,,88.0,15.7,48.0
SEN039,,65.0,27.7,23.114
SEN018,,60.0,31.27777777777778,0.66
SEN022,,74.0,23.4,34.7
SEN007,,41.0,24.9,0.5
SEN013,,77.0,35.0,41.6
SEN040,,52.0,17.6,22.86
SEN029,,64.0,24.0,28.8
SEN035,,39.0,,-5.7
SEN046,,76.0,,0.22
SEN021,,77.0,19.499999999999996,49.784
SEN001,,,,41.0
SEN029,,,33.3,22.4
UNKNOWN,,37.0,35.22222222222222,0.92
SEN014,,75.0,31.0,11.9
SEN033,,,38.72222222222222,30.2
SEN001,,91.0,,-36.3
SEN040,,80.0,,33.9
SEN016,,60.0,,
SEN029,,,29.7,14.4
SEN048,,85.0,24.388888888888893,41.0
SEN025,,94.0,32.111111111111114,
SEN033,,92.0,37.6,20.3
SEN036,,75.0,26.3,1.56
SEN005,,36.0,30.38888888888889,0.08
SEN047,,62.0,28.9,31.1
UNKNOWN,,,37.0,32.0
SEN033,,76.0,38.5,42.5
SEN045,,55.0,23.88888888888889,47.5
SEN012,,57.0,38.5,42.925999999999995
SEN038,,67.0,27.5,30.479999999999997
SEN003,,93.0,37.3,19.3
SEN007,,52.0,37.8,49.2
SEN003,,,19.8,32.5
SEN019,,51.0,21.7,37.083999999999996
SEN044,,76.0,,10.413999999999998
SEN037,,33.0,30.7,33.1
SEN012,2026-01-25 05:30:00,59.0,26.0,38.2
SEN037,,31.0,19.777777777777775,7.1
SEN011,,57.0,18.72222222222222,8.4
SEN005,,51.0,24.1,42.9
UNKNOWN,,53.0,33.2,14.2
SEN004,,,24.3,11.3
SEN001,,56.0,30.38888888888889,15.7
UNKNOWN,,91.0,36.6,1.13
SEN045,,50.0,27.4,
SEN035,,94.0,39.0,14.7
SEN044,,84.0,35.2,39.624
SEN043,,84.0,27.4,38.4
SEN017,,72.0,17.72222222222222,0.1
SEN036,,78.0,21.27777777777778,43.2
SEN038,,74.0,25.2,-27.8
SEN031,,76.0,17.8,5.4
SEN002,,,25.6,22.3
SEN010,,62.0,,12.4
SEN027,,,31.77777777777778,5.7
SEN046,,52.0,16.0,4.1
SEN039,,83.0,18.61111111111111,30.479999999999997
SEN008,,45.0,15.5,47.0
SEN043,,79.0,28.388888888888886,
SEN023,,,22.7,-44.9
SEN012,,75.0,21.722222222222218,-10.1
SEN037,,48.0,35.5,10.9
SEN045,,44.0,,-3.7
SEN042,,60.0,19.0,40.6
SEN007,,62.0,16.0,
SEN023,,52.0,21.6,1.8
SEN009,,,,0.17
SEN013,,88.0,29.11111111111111,17.4
SEN007,,43.0,31.6,42.5
SEN029,,92.0,29.7,33.2
SEN027,,66.0,18.5,0.4
SEN044,,94.0,31.6,0.68
SEN015,,80.0,24.88888888888889,24.3
SEN018,,63.0,37.1,17.272000000000002
SEN018,,53.0,27.22222222222222,11.6
SEN019,,69.0,21.9,14.0
SEN002,,34.0,26.8,29.6
SEN027,,66.0,,28.4
SEN024,,72.0,39.111111111111114,40.386
SEN008,,,36.6,21.8
SEN047,,53.0,22.3,29.1
SEN013,,65.0,32.5,49.4
SEN007,,55.0,18.2,39.6
SEN013,,46.0,17.4,47.4
SEN036,,69.0,28.277777777777782,23.0
SEN020,,87.0,28.2,23.1
SEN037,,58.0,31.9,9.3
SEN049,,82.0,,30.0
SEN021,,69.0,16.9,9.398
SEN050,,76.0,,9.398
SEN050,,77.0,39.388888888888886,35.81399999999999
SEN048,,64.0,26.5,23.4
SEN004,,63.0,21.22222222222222,23.1
SEN040,,44.0,34.611111111111114,-49.7
SEN025,,58.0,35.5,
SEN032,,32.0,22.277777777777775,30.733999999999998
SEN050,,53.0,20.611111111111107,38.6
SEN019,,58.0,38.111111111111114,
SEN036,,,,48.4
SEN038,,38.0,21.0,32.0
SEN001,,94.0,,28.194000000000003
SEN035,,52.0,27.7,-8.1
SEN025,,75.0,27.8,1.55
SEN019,,49.0,26.8,14.1
SEN041,,30.0,32.4,20.5
SEN017,,36.0,26.3,0.48
SEN006,,66.0,24.8,43.1
SEN028,,70.0,38.2,14.5
SEN008,,92.0,27.1,3.556
SEN044,,,18.72222222222222,4.3
SEN029,,82.0,23.9,38.3
SEN046,,75.0,38.22222222222222,1.4
SEN040,,50.0,38.388888888888886,10.0
UNKNOWN,,70.0,20.0,46.8
SEN050,,33.0,18.0,1.28
SEN050,,69.0,19.499999999999996,-49.1
SEN010,,55.0,16.8,14.8
SEN039,,80.0,17.2,25.5
SEN023,,94.0,36.5,17.0
SEN009,,44.0,16.3,15.0
SEN021,,64.0,25.4,
SEN011,,55.0,39.1,27.9
SEN004,,77.0,29.61111111111111,19.2
SEN036,,,37.888888888888886,-10.5
SEN008,,61.0,20.7,1.27
SEN025,,86.0,26.4,-15.8
UNKNOWN,,74.0,16.22222222222222,17.1
SEN032,,49.0,21.6,30.7
SEN022,,93.0,21.888888888888893,-15.9
SEN046,,87.0,32.0,11.9
SEN008,,36.0,,38.6
SEN035,,91.0,37.7,-39.5
SEN050,,66.0,21.6,6.9
UNKNOWN,,,34.611111111111114,9.9
SEN036,,38.0,20.11111111111111,45.8
SEN001,,45.0,29.61111111111111,23.875999999999998
SEN044,,41.0,30.2,1.3
SEN001,,32.0,28.8,44.1
SEN040,,72.0,37.2,-12.6
SEN013,,,35.4,19.8
SEN007,,71.0,37.888888888888886,21.4
SEN042,,36.0,25.8,
SEN034,,32.0,16.22222222222222,38.3
SEN010,,,21.4,-42.2
SEN001,,65.0,22.9,33.6
SEN018,,51.0,19.88888888888889,10.3
SEN039,,54.0,,45.1
UNKNOWN,,74.0,28.3,46.228
UNKNOWN,,83.0,,46.99
SEN006,,66.0,28.72222222222222,31.9
SEN022,,,31.77777777777778,1.5
SEN010,,,30.38888888888889,49.0
SEN025,,55.0,34.77777777777778,20.3
SEN043,,52.0,19.5,7.4
SEN026,,61.0,,18.3
SEN015,,49.0,37.111111111111114,49.7
SEN031,,70.0,27.11111111111111,-23.4
SEN003,,73.0,32.6,42.6
SEN009,,80.0,32.6,10.8
SEN047,,90.0,,13.6
SEN049,,71.0,19.27777777777778,49.6
SEN027,,54.0,,3.5
SEN046,,65.0,,34.8
SEN041,,48.0,30.77777777777778,26.1
SEN013,,50.0,37.388888888888886,37.7
SEN019,,87.0,26.9,3.4
SEN041,,78.0,29.27777777777778,6.4
SEN007,,91.0,21.4,41.3
SEN009,,30.0,37.7,13.6
UNKNOWN,,88.0,,1.89
SEN032,,74.0,,
SEN003,,59.0,26.1,0.53
SEN023,,65.0,31.5,1.15
SEN025,,59.0,,4.7
SEN006,,75.0,,27.178
SEN030,,37.0,,-13.1
SEN041,,44.0,32.6,42.925999999999995
SEN029,,30.0,19.222222222222218,9.5
SEN047,,71.0,15.5,25.9
SEN026,,37.0,,0.61
SEN036,,44.0,28.000000000000004,22.7
SEN050,,33.0,18.22222222222222,34.6
SEN013,,,,-45.2
SEN004,,36.0,,39.2
SEN009,,51.0,17.3,5.3
SEN040,,82.0,17.2,49.4
SEN036,,67.0,39.8,-31.7
SEN009,,61.0,24.3,1.7
SEN023,,80.0,30.0,32.0
SEN035,,87.0,20.500000000000004,45.4
SEN002,,60.0,16.3,31.75
SEN031,,,34.2,0.2
SEN039,,66.0,,22.0
SEN005,,35.0,,14.9
SEN032,,36.0,18.0,30.4
SEN001,,40.0,16.5,0.74
SEN045,,75.0,,44.958
UNKNOWN,,,24.1,46.7
SEN048,,35.0,35.27777777777778,41.2
SEN038,,45.0,23.72222222222222,
SEN007,,73.0,36.6,43.1
SEN031,,,17.0,-40.3
SEN043,,50.0,,-2.0
SEN045,,78.0,32.3,12.446
SEN046,,53.0,38.27777777777778,29.8
SEN024,,45.0,,11.176
SEN012,,66.0,37.5,8.7
SEN001,,76.0,37.9,1.44
SEN006,,81.0,27.1,
SEN010,,80.0,,
SEN033,,70.0,35.4,5.7
SEN018,,91.0,21.8,0.2
SEN016,,,39.888888888888886,15.4
SEN033,,45.0,26.6,11.7
SEN015,,74.0,33.0,19.9
SEN019,,63.0,,2.2
SEN005,,64.0,30.7,-2.5
SEN006,,65.0,27.5,31.9
UNKNOWN,,92.0,28.000000000000004,42.4
SEN005,,83.0,25.1,38.9
SEN013,,53.0,17.61111111111111,-23.5
SEN026,,51.0,16.5,43.7
SEN013,,87.0,28.277777777777782,16.256
SEN015,,39.0,34.9,5.2
SEN007,,,35.1,39.9
SEN031,,87.0,37.8,27.3
SEN034,,47.0,,-7.8
SEN006,,48.0,20.4,18.9
SEN024,,50.0,,
SEN019,,88.0,21.7,4.4
SEN025,,72.0,21.999999999999996,1.1
SEN010,,79.0,36.7,1.63
SEN013,,51.0,27.22222222222222,33.9
SEN002,,56.0,31.9,0.77
SEN047,,70.0,25.7,49.3
SEN029,,,31.4,38.7
SEN023,,43.0,23.22222222222222,19.0
SEN037,,56.0,18.5,45.72
SEN031,,62.0,23.9,41.7
SEN041,,78.0,22.8,0.7
SEN015,,32.0,22.8,25.9
SEN049,,35.0,,41.1
UNKNOWN,,86.0,24.111111111111114,27.8
SEN032,,91.0,19.777777777777775,37.1
SEN016,,30.0,18.3,25.7
SEN038,,79.0,30.7,13.716
SEN046,,55.0,24.7,27.3
SEN001,,,16.38888888888889,23.8
SEN034,,80.0,27.5,42.7
SEN042,,47.0,25.5,5.334
SEN019,,77.0,,34.798
SEN043,,86.0,37.4,31.6
SEN003,,54.0,24.0,5.2
SEN009,,31.0,38.2,11.5
SEN036,,79.0,21.6,32.4
SEN015,,44.0,,2.54
SEN006,,59.0,,
SEN015,,75.0,35.9,35.7
SEN036,,55.0,29.3,22.7
SEN028,,84.0,35.6,18.6
SEN036,,74.0,33.1,-7.9
SEN005,,66.0,33.5,
SEN048,,81.0,15.11111111111111,39.37
SEN008,,48.0,35.3,34.2
SEN009,,49.0,25.8,-21.0
SEN046,,40.0,17.11111111111111,6.3
SEN015,,36.0,32.388888888888886,28.0
SEN010,,32.0,,48.513999999999996
SEN010,,58.0,35.0,1.59
SEN044,,37.0,28.5,-19.2
SEN038,,31.0,,27.94
SEN013,,87.0,,41.7
UNKNOWN,,75.0,29.5,27.6
SEN019,,37.0,24.6,32.2
SEN009,,87.0,37.8,15.1
SEN038,,45.0,33.77777777777778,12.9
SEN014,,95.0,,
SEN036,,48.0,15.5,8.382
SEN039,,36.0,19.8,-48.6
SEN018,,62.0,28.22222222222222,-47.6
SEN006,,68.0,,6.35
SEN023,,40.0,20.1,16.7
SEN042,,65.0,27.9,0.76
SEN026,,76.0,26.888888888888893,-35.0
UNKNOWN,,,21.5,19.049999999999997
SEN050,,82.0,39.888888888888886,25.6
SEN043,,,,24.3
SEN020,,35.0,38.22222222222222,12.9
SEN017,,41.0,16.7,30.225999999999996
SEN001,,,33.0,31.2
SEN012,,91.0,,41.3
SEN042,,44.0,37.72222222222222,32.3
SEN034,,42.0,38.8,1.2
SEN005,,51.0,36.5,5.4
SEN036,,65.0,34.72222222222222,
SEN020,,88.0,,
SEN003,,88.0,,23.0
SEN023,,34.0,,0.75
SEN016,,79.0,28.72222222222222,44.4
SEN006,,30.0,,44.704
SEN025,,43.0,18.1,48.3
SEN044,,,18.4,-42.0
SEN012,,,24.27777777777778,1.14
SEN002,,39.0,18.111111111111107,28.6
SEN033,,40.0,20.6,7.2
UNKNOWN,,76.0,19.0,1.76
SEN005,,72.0,,32.512
SEN032,,31.0,37.611111111111114,7.5
SEN034,,84.0,,1.61
SEN030,,66.0,29.0,27.5
SEN004,,64.0,18.61111111111111,36.2
SEN015,,66.0,24.5,28.1
SEN048,,30.0,24.3,10.7
SEN002,,57.0,34.9,38.099999999999994
SEN029,,83.0,15.38888888888889,26.4
SEN030,,47.0,24.777777777777775,30.3
SEN018,,55.0,36.6,
SEN021,,42.0,16.0,11.937999999999999
SEN035,,80.0,21.5,28.8
SEN029,,51.0,,
SEN030,,50.0,19.8,5.3
SEN015,,39.0,33.3,3.302
SEN012,,50.0,22.722222222222225,34.3
SEN015,,89.0,27.61111111111111,-9.5
SEN017,,65.0,,14.4
SEN001,,79.0,28.2,23.6
SEN014,,95.0,16.5,0.15
SEN024,,71.0,26.611111111111114,2.8
SEN005,,,,0.25
SEN015,,34.0,20.0,1.33
SEN010,,62.0,,44.5
SEN021,,67.0,36.611111111111114,
SEN010,,31.0,39.77777777777778,1.63
SEN034,,32.0,22.0,11.5
SEN015,,92.0,35.7,
SEN013,,,17.4,38.9
SEN010,,,,25.9
SEN009,,94.0,24.777777777777775,43.687999999999995
SEN019,,32.0,17.3,49.1
SEN040,,61.0,,-8.8
SEN010,,52.0,17.9,45.0
SEN025,,35.0,30.22222222222222,24.2
SEN042,,76.0,31.2,45.1
SEN010,,35.0,19.0,8.7
SEN030,,91.0,16.2,16.0
SEN016,,52.0,22.11111111111111,
SEN010,,,,0.88
SEN027,,33.0,25.222222222222225,16.5
SEN034,2026-04-05 05:30:00,47.0,29.5,21.1
SEN047,,48.0,,
UNKNOWN,,51.0,,20.3
SEN050,,,38.1,4.0
SEN019,,89.0,,29.3
SEN046,,50.0,38.6,36.8
SEN032,,66.0,31.72222222222222,10.9
SEN012,,32.0,,17.018
SEN010,,32.0,24.111111111111114,45.0
SEN026,,80.0,16.38888888888889,39.7
SEN029,,43.0,36.0,31.241999999999997
SEN046,,,30.6,48.5
SEN022,,41.0,16.9,
SEN044,,83.0,17.0,3.5
SEN047,,77.0,,0.33
SEN048,,36.0,28.000000000000004,-25.4
SEN005,,66.0,,30.7
SEN023,,80.0,19.72222222222222,0.72
SEN038,,,39.0,43.5
SEN020,,58.0,24.27777777777778,1.33
SEN033,,35.0,20.11111111111111,19.304
SEN014,,36.0,18.77777777777778,5.0
SEN038,,30.0,21.8,0.1
SEN005,,83.0,,0.7
SEN040,,43.0,30.0,
SEN050,,59.0,20.777777777777782,19.2
SEN046,,52.0,,-48.6
SEN043,,51.0,32.27777777777778,1.0
SEN049,,36.0,,30.5
SEN004,,92.0,17.2,44.5
SEN028,,34.0,23.4,31.3
SEN041,,50.0,16.8,-45.2
SEN034,,77.0,,24.892
SEN027,,53.0,26.9,3.302
SEN042,,67.0,,11.684
SEN009,,67.0,18.6,12.9
SEN029,,55.0,24.3,31.5
SEN035,,37.0,20.6,0.57
SEN003,,78.0,20.7,49.9
SEN005,,,16.3,48.3
SEN041,,68.0,21.11111111111111,-16.7
SEN005,,62.0,17.9,14.224
SEN007,,81.0,28.1,26.1
SEN017,,93.0,15.61111111111111,43.6
SEN004,,30.0,38.4,42.1
SEN041,,34.0,16.6,14.224
SEN043,,34.0,22.722222222222225,45.9
SEN002,,81.0,20.8,20.5
SEN013,,86.0,32.72222222222222,35.9
SEN038,,50.0,39.8,12.6
UNKNOWN,,80.0,35.5,14.224
SEN024,,35.0,36.0,
SEN012,,48.0,35.6,47.1
SEN014,2026-03-26 05:30:00,37.0,27.5,39.5
SEN031,,41.0,24.0,1.2
SEN004,,,24.0,36.6
UNKNOWN,,58.0,30.0,-8.6
SEN017,,83.0,21.38888888888889,43.1
SEN017,,66.0,26.6,1.13
SEN047,,35.0,20.11111111111111,16.4
SEN035,,64.0,,48.8
SEN043,,74.0,34.1,11.937999999999999
SEN047,,73.0,31.5,39.1
SEN037,,62.0,30.8,42.925999999999995
SEN038,,,26.22222222222222,-2.9
SEN036,,64.0,28.2,46.6
SEN010,,30.0,27.2,32.512
SEN006,,32.0,39.5,30.225999999999996
SEN027,,70.0,35.7,11.4
SEN045,,62.0,18.1,1.69
SEN033,,73.0,15.5,-21.2
SEN037,,73.0,25.38888888888889,19.3
SEN015,,,28.7,31.4
SEN046,,62.0,32.77777777777778,17.7
SEN042,,49.0,31.0,2.2859999999999996
SEN047,,,29.9,18.5
SEN034,,53.0,37.0,
SEN019,,77.0,36.77777777777778,48.1
SEN008,,68.0,35.8,38.5
SEN041,,49.0,30.1,12.2
SEN031,,57.0,15.777777777777779,-5.6
SEN024,,45.0,21.5,7.3
SEN028,,59.0,32.72222222222222,46.4
SEN048,,88.0,24.72222222222222,19.1
UNKNOWN,,93.0,24.388888888888893,12.7
SEN004,,47.0,38.8,25.6
SEN041,,46.0,20.72222222222222,10.7
SEN007,,32.0,17.8,9.9
SEN022,,66.0,33.611111111111114,32.004
SEN035,,49.0,19.5,38.6
SEN033,,95.0,22.8,6.7
SEN003,,59.0,30.27777777777778,-15.3
SEN018,,31.0,24.9,-41.8
SEN017,,54.0,16.22222222222222,31.496
SEN049,,52.0,,0.12
SEN041,,81.0,,26.9
SEN013,,53.0,,-14.7
SEN043,,37.0,23.000000000000004,27.5
SEN050,,,15.61111111111111,49.8
SEN043,,91.0,27.38888888888889,0.508
SEN024,,63.0,34.2,37.9
SEN036,,51.0,17.9,1.3
SEN037,,61.0,24.0,34.29
UNKNOWN,,,,40.132
SEN034,,39.0,33.5,
SEN031,,69.0,36.2,1.28
SEN014,,55.0,,19.7
SEN030,,31.0,38.2,46.6
SEN050,,82.0,33.8,19.812
SEN006,,47.0,36.611111111111114,18.3
SEN033,,68.0,19.9,16.6
SEN005,,62.0,24.5,17.3
SEN014,,33.0,21.27777777777778,29.717999999999996
SEN016,,,32.9,3.6
SEN002,,50.0,35.111111111111114,2.7
SEN028,,59.0,,32.4
SEN042,,80.0,,1.37
SEN023,,32.0,37.888888888888886,2.2859999999999996
UNKNOWN,,36.0,15.277777777777779,1.68
SEN033,,53.0,20.27777777777778,24.4
UNKNOWN,,91.0,27.1,28.9
SEN018,,50.0,22.1,45.7
SEN037,,38.0,17.27777777777778,1.27
SEN031,,46.0,31.4,44.704
SEN005,,93.0,39.4,35.2
SEN027,,,23.88888888888889,0.56
SEN010,,41.0,26.22222222222222,-39.2
SEN047,,81.0,34.888888888888886,1.9
SEN028,,53.0,,
SEN003,,,23.3,
SEN033,,83.0,26.888888888888893,31.8
SEN007,,61.0,,17.018
SEN043,,53.0,23.72222222222222,49.7
SEN050,,,15.5,23.5
SEN029,,54.0,20.888888888888886,-22.4
SEN019,,93.0,28.3,38.7
UNKNOWN,,82.0,34.7,13.208
SEN015,,,,22.7
SEN003,,65.0,34.611111111111114,0.6
SEN042,,,31.4,23.875999999999998
SEN004,,43.0,35.0,23.8
SEN016,,85.0,25.611111111111107,45.9
SEN009,,73.0,34.4,37.2
SEN004,,46.0,17.61111111111111,4.7
SEN022,,64.0,15.4,20.5
SEN012,,89.0,19.5,
SEN035,,77.0,38.1,21.0
SEN005,,86.0,30.88888888888889,22.7
SEN019,,77.0,34.3,33.8
SEN022,,58.0,28.5,7.365999999999999
SEN021,,,19.222222222222218,28.9
SEN006,,88.0,36.8,8.1
SEN024,,93.0,28.1,47.4
SEN010,,67.0,21.6,0.57
SEN007,,77.0,,7.874
SEN043,,82.0,,23.622
SEN014,,85.0,38.77777777777778,0.96
SEN045,,59.0,34.388888888888886,46.3
SEN038,,53.0,35.888888888888886,34.798
SEN028,,42.0,19.5,1.2
SEN010,,67.0,37.611111111111114,6.5
SEN007,,,27.3,23.1
SEN024,,92.0,17.0,19.0
SEN048,,36.0,17.5,34.6
SEN032,,75.0,36.77777777777778,36.2
SEN010,,95.0,38.888888888888886,21.8
SEN004,,60.0,37.9,
SEN021,,44.0,,8.8
SEN003,,68.0,29.7,19.8
SEN031,,71.0,34.27777777777778,-7.1
SEN030,,47.0,28.0,45.3
SEN047,2026-05-28 05:30:00,60.0,17.77777777777778,-25.2
SEN012,,63.0,34.611111111111114,38.9
SEN027,,39.0,17.27777777777778,0.9
SEN020,,54.0,17.5,0.9
UNKNOWN,,80.0,,9.652
SEN041,,68.0,34.22222222222222,3.0
SEN038,,43.0,22.38888888888889,44.4
SEN003,,67.0,,-47.1
SEN004,,63.0,32.6,44.0
SEN036,,49.0,25.611111111111107,38.0
SEN026,,93.0,39.611111111111114,49.7
SEN035,,,17.3,10.16
SEN040,,37.0,24.388888888888893,22.1
SEN005,,93.0,28.000000000000004,-14.1
SEN020,,51.0,39.3,19.812
SEN030,,32.0,33.4,2.4
SEN027,,30.0,36.2,28.1
SEN033,,33.0,24.7,-37.8
SEN050,,45.0,39.8,0.92
SEN044,,,39.77777777777778,18.5
SEN016,,57.0,38.9,46.7
SEN010,,,,28.9
SEN037,,33.0,26.2,43.3
SEN041,,32.0,,9.6
SEN026,,39.0,19.3,
SEN039,,30.0,,0.3
SEN012,,53.0,30.27777777777778,36.9
SEN022,,56.0,38.888888888888886,29.6
SEN035,,,31.38888888888889,48.5
SEN025,,41.0,27.9,48.1
SEN036,,,15.7,21.2
SEN026,,74.0,28.2,
SEN013,,53.0,,
SEN004,,90.0,27.77777777777778,1.59
SEN032,,52.0,21.0,34.8
SEN037,,30.0,31.1,4.9
SEN023,,94.0,26.38888888888889,4.4
SEN012,,58.0,29.72222222222222,2.7
SEN037,,64.0,36.2,42.0
SEN030,,57.0,17.9,-9.7
SEN007,,93.0,17.2,11.0
SEN038,,40.0,37.6,3.0
SEN025,,87.0,25.8,1.78
SEN015,,64.0,20.888888888888886,1.25
SEN031,,54.0,39.388888888888886,14.6
SEN010,,51.0,37.0,1.14
SEN044,,35.0,25.8,37.7
SEN050,,61.0,33.5,1.016
SEN039,,75.0,38.0,32.5
SEN016,,68.0,19.222222222222218,16.7
SEN034,,62.0,,35.6
SEN046,,42.0,17.6,20.8
SEN036,,80.0,,
SEN002,,92.0,33.77777777777778,23.7
SEN003,,73.0,28.72222222222222,12.3
SEN040,,61.0,31.5,39.1
SEN040,,65.0,19.0,18.541999999999998
SEN013,,80.0,31.4,16.509999999999998
SEN037,,,34.2,35.81399999999999
SEN010,,39.0,,46.228
SEN023,,65.0,,19.8
SEN037,,38.0,23.388888888888886,14.5
SEN028,,94.0,39.27777777777778,
SEN015,,64.0,,26.1
SEN027,,64.0,29.0,3.2
SEN023,,60.0,19.499999999999996,17.0
SEN036,,61.0,,13.6
SEN023,,88.0,36.888888888888886,42.3
SEN028,,70.0,31.5,15.6
SEN034,,64.0,31.38888888888889,32.257999999999996
SEN050,,85.0,35.72222222222222,33.6
SEN015,,77.0,,
SEN041,,,40.0,48.4
UNKNOWN,,59.0,36.27777777777778,34.4
SEN028,2026-07-30 05:30:00,38.0,38.3,36.7
SEN016,,66.0,20.3,38.7
SEN012,,87.0,27.2,10.921999999999999
SEN026,,61.0,31.8,30.1
SEN009,,86.0,32.27777777777778,26.924
SEN031,,56.0,29.2,0.82
SEN032,,83.0,22.722222222222225,0.95
SEN030,,53.0,38.888888888888886,22.4
SEN013,,36.0,18.8,35.9
SEN011,,42.0,19.222222222222218,40.3
SEN030,,62.0,17.5,16.0
SEN017,,51.0,15.4,11.1
SEN005,,79.0,33.388888888888886,34.798
SEN044,,65.0,,
SEN039,,45.0,39.8,20.7
SEN025,,,31.3,46.9
SEN035,,59.0,37.4,42.1
SEN012,,52.0,18.61111111111111,37.0
UNKNOWN,,44.0,15.1,20.5
SEN031,,,31.27777777777778,13.208
SEN015,,40.0,30.6,5.4
SEN006,,63.0,18.5,26.2
SEN026,,46.0,30.22222222222222,30.5
SEN029,,,34.5,11.6
SEN025,,48.0,21.722222222222218,43.6
SEN050,,65.0,20.27777777777778,0.77
SEN019,,50.0,31.77777777777778,39.1
SEN011,,38.0,,42.5
SEN008,,45.0,34.9,-10.9
SEN012,,71.0,37.7,25.4
SEN044,2026-06-05 05:30:00,67.0,25.9,33.019999999999996
SEN026,,82.0,22.88888888888889,6.9
SEN039,,49.0,37.4,1.63
SEN016,,45.0,30.11111111111111,3.2
SEN012,,,,14.9
SEN038,,,19.8,16.9
SEN041,,43.0,24.3,-45.4
SEN012,,30.0,23.72222222222222,-6.6
SEN018,,30.0,28.277777777777782,38.9
SEN044,,38.0,15.0,2.9
SEN046,,,31.11111111111111,37.1
SEN002,,50.0,35.388888888888886,20.0
SEN002,,56.0,18.6,-30.4
SEN011,,82.0,,25.6
SEN022,,35.0,20.222222222222225,49.022
SEN011,,86.0,23.77777777777778,42.4
SEN032,,34.0,25.6,0.2
SEN009,,66.0,16.11111111111111,19.8
SEN031,,53.0,,19.3
SEN033,,60.0,26.7,15.1
SEN022,,70.0,25.222222222222225,
SEN030,,75.0,26.22222222222222,0.3
SEN048,,80.0,29.6,0.33
SEN004,,64.0,26.3,16.002
SEN027,,74.0,25.9,26.9
SEN008,,87.0,31.3,0.39
SEN029,,89.0,20.27777777777778,44.9
SEN035,,45.0,16.3,44.4
SEN048,,44.0,29.1,28.1
UNKNOWN,,46.0,39.5,49.9
SEN014,,57.0,34.7,35.05199999999999
SEN012,,74.0,28.22222222222222,1.7
SEN049,,72.0,19.9,-49.1
SEN006,,57.0,,19.7
SEN027,,53.0,15.1,29.4
SEN007,,91.0,23.88888888888889,32.6
SEN034,,94.0,22.0,30.0
SEN012,,32.0,,-1.2
SEN019,,70.0,33.7,31.7
SEN004,,,18.77777777777778,1.34
SEN020,,72.0,,0.06
SEN038,,48.0,22.7,30.1
SEN030,,46.0,19.7,10.5
SEN046,,49.0,18.5,6.2
SEN028,,80.0,36.0,45.974
SEN018,,79.0,36.4,10.3
SEN050,,42.0,15.1,
SEN016,,85.0,,9.7
SEN036,,84.0,17.88888888888889,-45.8
SEN023,,89.0,28.77777777777778,0.254
SEN025,,57.0,22.5,36.9
SEN008,,42.0,26.22222222222222,14.477999999999998
SEN022,,85.0,20.4,41.4
UNKNOWN,,89.0,,39.878
SEN003,,88.0,,1.96
SEN028,,35.0,30.8,23.6
SEN035,,39.0,20.7,45.4
SEN028,,,36.72222222222222,0.23
SEN009,,49.0,19.8,11.2
SEN045,,94.0,39.77777777777778,-26.0
SEN045,,49.0,20.11111111111111,1.06
SEN036,,49.0,20.8,42.3
UNKNOWN,,72.0,26.999999999999996,32.6
SEN014,,59.0,,-47.9
SEN042,,94.0,,1.96
SEN045,,61.0,23.111111111111107,21.9
SEN012,,78.0,27.11111111111111,43.3
SEN023,,38.0,27.5,30.987999999999996
SEN042,,84.0,28.1,40.6
SEN014,2026-07-09 05:30:00,53.0,20.7,23.4
SEN038,,79.0,30.0,-4.8
SEN004,,73.0,34.4,34.4
SEN017,,81.0,33.5,-42.0
SEN013,,50.0,39.22222222222222,38.9
SEN041,,79.0,20.777777777777782,1.8
SEN047,,86.0,27.4,-16.5
SEN002,,31.0,,30.8
SEN005,,49.0,,33.2
SEN041,,71.0,20.500000000000004,5.9
SEN005,,36.0,20.72222222222222,41.6
SEN029,,55.0,29.38888888888889,14.7
SEN016,,85.0,39.6,
SEN030,,61.0,32.0,-33.5
UNKNOWN,,85.0,,40.0
SEN021,,86.0,,-31.6
SEN006,,59.0,24.9,1.13
UNKNOWN,,,33.72222222222222,42.6
SEN026,,62.0,39.5,-4.9
SEN040,,42.0,,1.3
SEN007,,69.0,15.3,1.92
SEN019,,59.0,28.88888888888889,10.0
SEN017,,59.0,38.9,11.176
SEN030,,93.0,21.9,47.0
SEN025,,51.0,34.1,
SEN039,,88.0,23.3,47.7
SEN042,,,31.3,16.4
SEN012,,64.0,,-29.3
SEN023,,85.0,,-30.4
SEN017,,90.0,21.2,13.4
SEN034,,47.0,,-3.3
SEN003,,85.0,21.5,41.1
SEN027,,89.0,25.5,23.2
SEN001,,94.0,,23.9
SEN048,,71.0,17.72222222222222,36.321999999999996
UNKNOWN,,48.0,,24.6
SEN047,,80.0,39.27777777777778,47.5
SEN032,2026-03-13 05:30:00,30.0,23.277777777777782,19.8
UNKNOWN,,65.0,31.6,43.942
SEN046,,46.0,15.5,24.13
SEN022,,77.0,28.5,2.8
SEN021,,39.0,17.8,41.91
SEN011,,55.0,16.22222222222222,16.3
SEN008,,46.0,35.7,-38.3
UNKNOWN,,36.0,38.4,-32.4
SEN040,,,21.11111111111111,22.86
SEN013,,54.0,35.6,
SEN028,,46.0,,-43.9
SEN012,,62.0,,-5.5
SEN019,,39.0,26.999999999999996,-7.0
SEN012,,83.0,39.9,24.8
SEN050,,81.0,32.7,11.1
SEN041,,40.0,22.6,5.7
SEN012,,36.0,26.0,6.8
SEN047,,49.0,30.5,48.4
SEN045,,50.0,21.27777777777778,2.1
SEN004,,57.0,33.3,37.8
SEN002,,,29.88888888888889,14.3
SEN037,,86.0,19.8,7.7
UNKNOWN,,85.0,20.38888888888889,32.2
SEN001,,88.0,34.111111111111114,-48.6
SEN024,,67.0,,21.1
SEN002,,70.0,,12.5
SEN032,,60.0,19.61111111111111,24.9
SEN043,,54.0,39.6,23.2
SEN046,,83.0,,11.6
SEN050,,77.0,35.0,15.2
SEN047,,,22.1,21.6
SEN042,,41.0,26.3,29.6
SEN025,,85.0,18.000000000000004,19.558
SEN037,,,31.22222222222222,1.39
SEN042,,42.0,18.3,23.8
SEN007,,34.0,16.1,29.2
SEN044,,61.0,18.2,19.0
SEN027,,71.0,23.000000000000004,32.9
SEN020,,77.0,35.3,0.76
SEN013,,83.0,17.5,48.4
UNKNOWN,,75.0,,1.5239999999999998
SEN043,,40.0,28.72222222222222,0.02
SEN009,,46.0,39.5,38.9
SEN046,,79.0,22.722222222222225,1.79
SEN037,,53.0,30.88888888888889,18.1
SEN029,,30.0,36.3,1.28
SEN015,,49.0,27.0,6.2
SEN008,,30.0,,22.098
SEN017,,36.0,39.2,0.3
SEN033,,94.0,24.61111111111111,25.654
SEN046,,75.0,38.4,26.9
UNKNOWN,,89.0,16.11111111111111,
UNKNOWN,,81.0,39.111111111111114,0.2
SEN048,,84.0,16.27777777777778,25.1
SEN024,,63.0,37.888888888888886,1.79
SEN002,,56.0,26.611111111111114,32.7
SEN020,,82.0,16.0,37.9
SEN023,,43.0,39.3,17.4
SEN027,,68.0,17.27777777777778,20.9
UNKNOWN,,72.0,21.722222222222218,37.4
SEN030,,50.0,21.5,48.8
SEN005,,85.0,19.499999999999996,24.7
SEN037,,,31.1,22.8
SEN043,,32.0,26.0,25.1
SEN041,,49.0,25.222222222222225,
SEN035,,75.0,36.0,1.2
SEN040,2026-08-06 05:30:00,32.0,,-45.2
SEN034,,,39.27777777777778,20.827999999999996
SEN041,,36.0,23.000000000000004,-19.5
SEN032,,94.0,31.7,46.9
SEN039,,63.0,,37.4
SEN017,,,,27.7
SEN020,,67.0,,48.2
SEN027,,52.0,,36.3
SEN033,,85.0,19.6,33.528
SEN014,,70.0,26.1,34.29
SEN002,,64.0,22.7,42.6
SEN035,,42.0,15.277777777777779,44.9
SEN034,,66.0,30.5,
SEN010,,89.0,33.9,-8.7
SEN008,,45.0,28.5,12.6
SEN006,,64.0,30.27777777777778,
SEN019,,,35.5,32.5
SEN037,,,28.72222222222222,4.7
SEN035,,30.0,31.3,0.7619999999999999
SEN016,,88.0,38.6,0.254
SEN010,,56.0,15.6,25.145999999999997
SEN013,,64.0,28.6,1.3
SEN026,,,29.6,20.6
SEN017,,46.0,33.27777777777778,31.4
SEN045,,90.0,15.11111111111111,4.064
UNKNOWN,,,25.5,-9.0
SEN015,,88.0,26.27777777777778,40.0
SEN036,,87.0,28.5,7.2
SEN019,,65.0,20.2,45.6
SEN030,,32.0,38.27777777777778,4.6
SEN041,,91.0,29.5,30.987999999999996
SEN017,,94.0,15.9,7.3
SEN003,,92.0,24.0,0.11
SEN041,,66.0,18.0,
SEN046,,38.0,38.388888888888886,-1.9
SEN032,,59.0,18.4,15.2
SEN034,,59.0,,1.22
SEN010,,92.0,26.6,-44.7
SEN022,,61.0,26.7,11.2
SEN048,,39.0,15.7,16.7
UNKNOWN,,50.0,29.61111111111111,17.0
SEN039,,36.0,17.77777777777778,31.1
SEN024,,91.0,19.61111111111111,45.7
SEN036,,45.0,15.777777777777779,6.2
SEN026,,89.0,,33.6
SEN019,,63.0,28.388888888888886,-26.0
SEN026,,88.0,16.7,20.1
SEN002,,,24.61111111111111,39.116
UNKNOWN,,78.0,34.0,0.91
SEN024,,83.0,16.4,24.3
SEN049,,50.0,36.111111111111114,21.3
SEN009,,48.0,,19.8
SEN007,,73.0,19.5,25.3
SEN049,,89.0,15.7,41.3
SEN022,,82.0,19.777777777777775,6.8
SEN045,,94.0,29.77777777777778,13.9
SEN011,,,30.2,12.2
SEN010,,87.0,19.61111111111111,-31.4
SEN001,,,17.38888888888889,38.6
SEN041,,72.0,25.888888888888886,11.7
SEN012,,49.0,33.5,34.0
SEN010,,48.0,40.0,45.466
SEN022,,89.0,,36.9
SEN007,,92.0,29.8,13.0
SEN033,,69.0,27.6,20.5
SEN036,,,32.2,-18.1
SEN025,,,16.0,28.1
SEN037,,38.0,39.5,43.3
SEN032,,33.0,35.2,22.9
SEN025,,70.0,36.1,20.0
SEN011,,38.0,20.38888888888889,36.2
UNKNOWN,,42.0,27.11111111111111,26.0
SEN047,,61.0,,27.4
SEN028,,89.0,20.8,10.9
SEN019,,,15.3,
SEN025,,,23.72222222222222,10.921999999999999
SEN027,,92.0,27.4,25.8
SEN020,,90.0,20.4,46.0
SEN030,,41.0,34.611111111111114,-32.1
SEN029,,,26.3,1.5239999999999998
SEN048,,47.0,37.611111111111114,0.33
SEN010,,85.0,17.3,-23.8
SEN004,,45.0,29.2,0.04
SEN010,,59.0,25.3,-10.4
SEN032,,31.0,24.0,-27.4
SEN014,,,18.7,24.9
SEN049,,57.0,,31.5
SEN036,,79.0,20.1,12.7
SEN033,,,29.11111111111111,
SEN002,,65.0,28.111111111111107,31.4
SEN020,,82.0,26.0,0.7619999999999999
SEN015,,,38.6,
SEN039,,51.0,,5.0
SEN034,,89.0,,1.17
SEN033,,49.0,18.2,
SEN016,,35.0,17.5,20.8
SEN021,,78.0,27.38888888888889,36.6
SEN032,,94.0,17.88888888888889,1.5
SEN013,,34.0,33.111111111111114,18.7
SEN036,,43.0,,28.1
SEN040,,90.0,17.27777777777778,12.7
SEN027,,38.0,,13.0
SEN005,,35.0,28.5,43.1
SEN004,,,25.0,14.2
SEN005,,55.0,18.388888888888886,9.398
SEN015,,33.0,16.88888888888889,1.8
SEN025,,37.0,39.3,47.6
SEN025,,77.0,29.7,-36.3
UNKNOWN,,37.0,,22.6
SEN042,,76.0,30.2,17.0
SEN016,,76.0,29.61111111111111,18.3
SEN001,,58.0,18.7,44.196
SEN044,,68.0,22.277777777777775,42.7
SEN021,,,16.22222222222222,-23.1
SEN032,,,29.5,10.4
SEN014,,49.0,33.5,
SEN010,2026-04-23 05:30:00,51.0,37.27777777777778,37.7
SEN013,,86.0,23.111111111111107,14.6
SEN048,,34.0,,14.2
SEN025,,,37.611111111111114,47.244
SEN023,,70.0,35.111111111111114,28.194000000000003
SEN033,,83.0,20.72222222222222,48.8
SEN016,,74.0,32.77777777777778,30.3
SEN047,,32.0,21.3,0.0
SEN006,,94.0,21.77777777777778,0.1
SEN012,,72.0,28.388888888888886,49.9
SEN024,,90.0,39.27777777777778,3.4
SEN046,,41.0,33.1,49.022
SEN003,,92.0,15.4,-31.9
SEN024,,58.0,18.9,8.7
SEN035,,49.0,31.7,42.418
SEN032,,75.0,30.38888888888889,-41.0
SEN049,,38.0,37.388888888888886,3.4
SEN025,,89.0,24.9,36.6
SEN012,,33.0,26.11111111111111,30.3
SEN012,,89.0,25.1,8.0
SEN033,,56.0,29.9,42.9
SEN011,,,36.3,46.482
SEN002,,64.0,19.2,37.083999999999996
SEN006,,65.0,32.27777777777778,32.257999999999996
SEN023,,57.0,20.777777777777782,6.35
SEN031,,,35.2,-7.6
SEN046,,93.0,16.6,8.2
SEN015,,91.0,34.7,33.274
SEN035,,64.0,38.72222222222222,12.191999999999998
SEN003,,62.0,,11.2
SEN020,,51.0,35.2,17.272000000000002
SEN013,,84.0,24.499999999999996,47.3
SEN031,,74.0,23.72222222222222,-44.4
SEN050,,66.0,19.388888888888893,15.5
SEN014,,83.0,,9.7
SEN047,,86.0,,17.1
SEN002,,49.0,18.6,1.52
SEN046,,64.0,25.38888888888889,7.619999999999999
SEN009,,33.0,26.2,32.1
SEN028,,77.0,36.22222222222222,34.798
SEN009,,33.0,33.9,47.0
SEN040,,40.0,30.61111111111111,33.9
SEN026,,51.0,36.7,33.6
SEN026,,85.0,24.5,36.57599999999999
SEN007,,78.0,21.1,
SEN014,,,17.0,40.4
SEN039,,42.0,22.277777777777775,0.7
SEN003,,36.0,17.7,0.7
SEN040,,68.0,,20.5
SEN030,,51.0,32.111111111111114,25.8
SEN019,,52.0,33.5,48.5
SEN030,,31.0,27.5,40.5
SEN050,,44.0,29.61111111111111,-20.1
SEN004,,51.0,29.27777777777778,30.0
SEN034,,,26.3,-4.7
SEN041,,53.0,23.388888888888886,
SEN010,,56.0,32.3,18.1
SEN011,,58.0,,32.0
SEN047,,71.0,23.77777777777778,11.176
SEN028,,91.0,26.6,41.3
SEN018,,47.0,31.0,20.3
SEN041,,87.0,36.7,22.3
SEN028,,50.0,20.2,17.1
SEN044,,64.0,25.1,-37.1
SEN022,,59.0,,
SEN028,,47.0,39.27777777777778,16.256
SEN037,,57.0,21.77777777777778,1.93
SEN012,,68.0,25.0,14.8
SEN046,,34.0,33.0,15.9
SEN023,,61.0,38.0,32.0
SEN034,,93.0,24.2,31.3
SEN019,,62.0,18.3,-49.3
SEN045,,91.0,,45.9
UNKNOWN,,71.0,29.6,31.4
SEN029,,91.0,,
SEN007,,95.0,38.4,
SEN006,,35.0,38.9,20.5
SEN005,,34.0,34.72222222222222,3.4
SEN031,,,36.4,15.4
SEN005,,81.0,,27.9
SEN037,,95.0,28.0,10.7
SEN023,,,25.1,41.1
SEN049,,32.0,,35.2
SEN012,,73.0,,
SEN008,,74.0,23.9,40.5
SEN013,,81.0,35.0,45.7
SEN042,,32.0,17.72222222222222,-46.1
SEN028,,61.0,33.111111111111114,1.24
SEN032,,94.0,17.3,
SEN001,,94.0,29.5,
SEN045,,33.0,,35.0
SEN010,,83.0,24.88888888888889,6.7
SEN050,,89.0,23.88888888888889,-7.3
SEN018,,66.0,35.72222222222222,48.8
SEN043,,69.0,29.11111111111111,41.7
SEN017,,74.0,30.11111111111111,-41.2
SEN023,,38.0,,
SEN034,,49.0,24.72222222222222,8.1
SEN044,,53.0,17.27777777777778,29.1
SEN021,,38.0,35.9,1.92
SEN037,,31.0,28.388888888888886,
SEN004,2026-04-08 05:30:00,40.0,38.9,0.6
SEN004,,39.0,31.7,1.89
SEN007,,52.0,23.77777777777778,17.2
SEN004,,92.0,,28.1
SEN025,,,35.77777777777778,20.3
SEN013,,35.0,25.38888888888889,18.7
SEN026,,55.0,,10.9
SEN042,,94.0,33.5,31.3
SEN046,,93.0,20.500000000000004,-13.3
SEN015,,47.0,25.1,21.4
SEN037,,44.0,39.111111111111114,
SEN010,,50.0,33.3,27.5
SEN012,,78.0,36.388888888888886,-6.9
SEN048,,45.0,23.5,29.0
SEN011,,73.0,17.7,38.4
SEN042,,79.0,22.22222222222222,25.907999999999998
SEN049,,85.0,35.9,37.3
SEN018,,,29.8,46.9
SEN046,,91.0,32.8,37.5
SEN008,,48.0,15.1,29.4
SEN019,,88.0,20.222222222222225,13.7
SEN010,,84.0,34.0,14.9
SEN042,,83.0,17.8,8.889999999999999
UNKNOWN,,31.0,32.0,0.67
SEN007,,55.0,25.0,22.098
SEN018,,46.0,25.888888888888886,41.91
SEN025,,64.0,23.7,0.26
SEN015,,54.0,29.0,1.6
SEN044,,85.0,24.3,0.3
SEN036,,41.0,29.27777777777778,
SEN017,,50.0,28.88888888888889,40.6
SEN039,,92.0,35.5,16.3
UNKNOWN,,42.0,18.9,3.8
SEN012,,48.0,32.9,
SEN041,,85.0,24.222222222222218,29.0
SEN008,,92.0,32.611111111111114,2.7
SEN021,,59.0,19.72222222222222,-12.5
SEN009,,39.0,37.111111111111114,20.827999999999996
SEN018,,75.0,35.388888888888886,32.9
UNKNOWN,,64.0,23.61111111111111,18.2
SEN021,,80.0,,14.477999999999998
SEN002,,52.0,28.88888888888889,1.59
SEN033,,77.0,18.2,10.6
SEN026,,78.0,34.611111111111114,1.8
SEN040,,73.0,36.4,-15.9
SEN035,,94.0,28.72222222222222,39.5
SEN046,,95.0,,19.812
SEN010,,36.0,22.11111111111111,4.0
SEN037,,46.0,34.27777777777778,46.99
SEN011,,84.0,28.7,7.5
SEN026,,56.0,38.5,6.8
SEN048,,56.0,28.77777777777778,23.8
SEN005,,61.0,39.7,10.921999999999999
SEN035,,32.0,37.8,12.446
SEN032,,83.0,21.5,30.479999999999997
UNKNOWN,,67.0,39.27777777777778,18.287999999999997
SEN007,,61.0,28.0,32.5
SEN004,,91.0,38.888888888888886,
SEN035,,35.0,32.22222222222222,49.5
SEN034,,33.0,31.61111111111111,21.0
SEN043,,76.0,39.4,12.6
SEN022,,34.0,,
SEN049,,87.0,32.888888888888886,13.2
SEN006,,50.0,39.22222222222222,
SEN042,,57.0,32.1,3.7
SEN024,,84.0,34.6,33.0
SEN023,,35.0,29.2,35.306
UNKNOWN,,31.0,26.722222222222218,43.7
SEN014,,90.0,31.38888888888889,46.99
SEN001,,93.0,20.38888888888889,36.1
SEN016,,93.0,28.111111111111107,0.96
SEN050,,92.0,31.2,-9.0
SEN020,,56.0,37.3,-20.3
SEN017,,30.0,20.500000000000004,34.1
SEN042,,39.0,24.7,36.7
SEN022,,35.0,32.77777777777778,33.3
SEN006,,92.0,,-16.0
SEN003,,45.0,,2.1
UNKNOWN,,,35.72222222222222,14.1
SEN041,,66.0,21.0,35.05199999999999
SEN004,,41.0,15.222222222222221,24.6
SEN019,,62.0,28.0,11.4
SEN037,,70.0,18.7,14.5
SEN006,,84.0,,12.6
SEN034,,46.0,39.7,36.7
SEN020,,55.0,,29.0
SEN005,,46.0,39.1,-27.9
SEN017,,47.0,,4.3
SEN018,,64.0,18.77777777777778,46.4
SEN041,,,,1.93
SEN018,,53.0,,25.5
SEN008,,59.0,33.111111111111114,0.08
SEN037,,45.0,22.8,18.8
SEN028,,91.0,22.3,-23.7
SEN050,,,31.38888888888889,24.637999999999998
SEN041,,37.0,,19.3
SEN017,,38.0,28.5,39.2
SEN037,,94.0,31.4,-49.6
UNKNOWN,,56.0,30.6,25.9
SEN002,,63.0,29.7,48.3
SEN039,,31.0,21.9,
SEN049,,60.0,29.27777777777778,9.1
SEN028,,54.0,25.6,15.1
SEN002,,48.0,23.6,10.8
SEN027,,70.0,17.5,29.0
SEN020,,71.0,,30.8
SEN005,,,22.1,4.826
SEN039,,53.0,,
SEN015,,70.0,39.611111111111114,4.1
SEN038,,31.0,22.7,32.1
SEN011,,38.0,,3.9
SEN031,,68.0,30.7,17.4
SEN020,,46.0,24.7,0.3
SEN045,,64.0,16.4,20.3
SEN025,,41.0,25.38888888888889,23.0
SEN011,,78.0,27.61111111111111,33.4
SEN022,,46.0,33.888888888888886,26.6
SEN044,,41.0,39.888888888888886,45.72
SEN011,,59.0,,24.5
UNKNOWN,,68.0,26.6,10.8
SEN043,,75.0,16.2,20.7
UNKNOWN,,,28.0,26.669999999999998
SEN008,,78.0,23.5,1.49
SEN035,,57.0,34.4,2.5
SEN020,,45.0,,16.1
SEN033,,,36.7,46.6
SEN001,,72.0,22.5,1.62
SEN044,,53.0,31.61111111111111,6.1
SEN012,,,,28.8
SEN035,,68.0,22.88888888888889,22.352
SEN023,,70.0,28.88888888888889,26.5
SEN046,,40.0,,3.4
SEN034,,86.0,,43.4
SEN036,,41.0,,5.5
SEN011,,,21.722222222222218,49.6
SEN009,,72.0,19.0,1.3
SEN014,,,26.4,31.9
SEN023,,68.0,26.611111111111114,34.8
SEN025,,76.0,34.7,22.1
SEN050,,39.0,33.77777777777778,
SEN040,,79.0,33.0,13.6
SEN037,,47.0,34.72222222222222,1.5239999999999998
SEN007,,59.0,35.5,47.9
SEN036,,67.0,35.0,
SEN002,,,,3.4
SEN025,,,30.5,30.225999999999996
SEN033,,54.0,26.4,10.2
UNKNOWN,,,,20.32
SEN033,,64.0,,28.6
SEN004,,86.0,19.5,25.9
SEN042,,84.0,16.9,20.32
SEN025,,43.0,15.3,36.0
SEN044,,61.0,39.5,3.3
UNKNOWN,,54.0,29.0,23.114
SEN040,,46.0,17.7,48.3
SEN021,,38.0,24.0,39.4
SEN001,,88.0,37.111111111111114,11.684
SEN039,,82.0,,31.3
SEN030,,77.0,19.9,28.955999999999996
SEN016,,33.0,26.2,15.9
SEN002,,48.0,,20.32
SEN034,2026-04-04 05:30:00,39.0,31.72222222222222,19.6
UNKNOWN,,46.0,21.999999999999996,29.9
SEN001,,72.0,34.7,0.0
SEN004,,52.0,20.6,18.3
SEN019,,51.0,19.3,4.064
SEN048,,86.0,20.3,33.9
SEN018,,77.0,,0.81
SEN026,,32.0,20.72222222222222,16.1
SEN022,,76.0,33.72222222222222,9.0
SEN019,,67.0,21.22222222222222,33.2
SEN050,,41.0,22.0,39.4
SEN030,,33.0,19.1,18.0
SEN002,,56.0,32.9,39.2
SEN019,,73.0,37.111111111111114,1.14
SEN050,,34.0,22.3,44.6
SEN021,,37.0,35.6,33.8
SEN014,,75.0,15.4,27.5
SEN009,,49.0,30.27777777777778,-12.0
SEN009,,70.0,30.27777777777778,43.9
UNKNOWN,,,25.72222222222222,13.6
SEN033,,36.0,39.9,30.7
SEN037,,41.0,34.3,-46.3
SEN024,,62.0,22.0,40.5
SEN034,,46.0,39.2,48.4
SEN003,,86.0,37.111111111111114,24.9
SEN011,,36.0,35.111111111111114,1.03
SEN033,,,21.22222222222222,0.14
UNKNOWN,,32.0,36.9,37.0
SEN030,,91.0,28.0,1.0
SEN049,,89.0,38.0,5.5
SEN023,,95.0,34.72222222222222,-1.0
SEN002,,72.0,31.4,-10.2
SEN049,,68.0,38.111111111111114,45.6
SEN001,,,29.2,24.1
SEN010,,33.0,36.3,-12.3
SEN026,,93.0,16.5,23.3
SEN003,,83.0,36.4,41.9
SEN043,,,16.38888888888889,44.4
SEN003,,37.0,,
SEN038,,72.0,31.72222222222222,32.2
SEN043,,93.0,,0.3
SEN046,,60.0,32.4,4.7
SEN002,,62.0,37.5,44.9
SEN014,,88.0,28.3,22.8
SEN030,,72.0,,18.2
SEN009,,59.0,21.4,
SEN025,,45.0,37.72222222222222,36.4
SEN011,,47.0,20.4,26.9
SEN033,,76.0,26.1,-48.4
SEN034,,83.0,15.222222222222221,2.2859999999999996
SEN010,,49.0,31.22222222222222,20.574
SEN020,,72.0,23.77777777777778,49.8
SEN036,,32.0,,11.0
SEN005,,59.0,37.9,11.5
SEN024,,49.0,17.72222222222222,10.0
SEN044,,55.0,,28.5
SEN017,,,18.1,17.8
SEN005,,46.0,35.888888888888886,9.5
SEN011,,83.0,39.888888888888886,43.9
SEN006,,,19.3,22.6
SEN001,,55.0,37.0,1.21
SEN047,,72.0,31.61111111111111,1.22
SEN025,,70.0,15.7,24.9
SEN020,,86.0,33.1,41.91
SEN038,,81.0,18.3,0.17
SEN026,,50.0,,35.1
SEN001,,90.0,26.0,15.1
UNKNOWN,,87.0,27.2,5.3
SEN013,,50.0,28.88888888888889,-2.4
SEN004,,30.0,29.6,35.306
SEN010,,,19.8,
SEN003,,,27.7,-19.3
SEN010,,92.0,21.2,0.02
UNKNOWN,,,21.8,27.686
UNKNOWN,,49.0,21.7,-4.1
SEN025,,91.0,21.999999999999996,48.2
SEN047,,91.0,30.2,0.41
SEN012,,76.0,30.77777777777778,14.985999999999999
SEN015,,84.0,32.611111111111114,15.0
SEN040,,47.0,24.499999999999996,40.7
SEN033,,,26.4,18.1
SEN008,,42.0,27.8,1.64
SEN040,,,28.1,15.9
SEN049,,79.0,31.5,
SEN018,,85.0,35.6,29.4
SEN009,,31.0,21.7,44.7
UNKNOWN,,81.0,23.5,37.5
SEN017,,52.0,,-26.2
SEN017,,38.0,,34.1
SEN029,,81.0,39.4,23.114
SEN041,,81.0,30.4,14.5
SEN047,,43.0,15.4,29.2
SEN027,,44.0,32.7,17.4
SEN043,,76.0,31.61111111111111,47.244
SEN049,,53.0,15.6,21.1
SEN013,,32.0,17.77777777777778,1.09
SEN048,,70.0,30.38888888888889,1.57
SEN016,,84.0,22.5,25.4
SEN009,,69.0,,
SEN024,,32.0,23.4,1.47
SEN038,,85.0,30.72222222222222,-6.1
SEN031,,79.0,31.0,0.51
SEN044,,52.0,22.61111111111111,41.2
SEN004,,45.0,,3.4
SEN004,,43.0,30.88888888888889,-2.6
SEN042,,70.0,28.5,17.3
SEN033,,82.0,32.9,21.6
SEN030,,53.0,,11.176
SEN011,,59.0,,
SEN044,,75.0,33.7,0.09
SEN024,,76.0,33.5,32.7
SEN030,,73.0,,1.5
SEN049,,77.0,,38.8
SEN029,,,39.7,1.33
SEN037,,48.0,38.5,48.4
SEN017,,40.0,27.38888888888889,43.7
SEN044,,52.0,33.5,11.7
SEN014,,52.0,,12.4
SEN001,,95.0,23.1,1.8
SEN008,,,18.7,19.1
SEN035,,39.0,34.5,3.8
SEN027,,48.0,21.8,3.5
SEN048,,47.0,,9.652
SEN036,,71.0,,46.99
SEN001,,,30.72222222222222,33.2
SEN032,,79.0,28.8,31.9
SEN031,,54.0,38.2,0.254
SEN026,,47.0,33.388888888888886,5.4
SEN010,,36.0,22.0,20.5
SEN017,,56.0,,-30.4
SEN020,,78.0,,7.8
SEN022,2026-03-29 05:30:00,76.0,35.888888888888886,10.2
SEN029,,91.0,18.61111111111111,33.4
SEN016,,77.0,37.611111111111114,32.766
SEN025,,91.0,20.888888888888886,17.4
SEN031,,33.0,35.2,9.398
SEN042,,51.0,28.277777777777782,8.2
SEN029,,79.0,27.5,1.84
SEN035,,,24.388888888888893,11.4
SEN038,,46.0,30.61111111111111,22.4
SEN027,,88.0,34.111111111111114,45.8
UNKNOWN,,35.0,36.72222222222222,44.9
SEN020,,65.0,18.388888888888886,33.9
SEN031,,59.0,35.27777777777778,5.334
SEN016,,35.0,18.8,45.974
SEN005,,82.0,,16.4
SEN029,,52.0,31.61111111111111,37.3
UNKNOWN,,79.0,33.1,43.7
SEN024,,71.0,30.2,10.6
SEN043,,,,
SEN031,,93.0,21.4,-0.5
SEN012,,92.0,33.888888888888886,-16.8
SEN015,,91.0,24.1,38.1
SEN016,,68.0,15.0,18.1
SEN040,,31.0,37.2,40.64
SEN029,,56.0,34.0,36.1
SEN030,,36.0,33.5,1.53
SEN039,,92.0,31.3,0.59
SEN033,,71.0,36.111111111111114,29.7
SEN032,,65.0,,6.9
SEN005,,59.0,28.77777777777778,3.6
SEN023,,46.0,,49.275999999999996
SEN041,,55.0,18.6,42.1
SEN014,,95.0,34.888888888888886,38.3
SEN008,,77.0,35.22222222222222,30.6
SEN004,,71.0,17.22222222222222,2.4
SEN023,,41.0,33.0,1.31
SEN028,,85.0,30.5,8.8
SEN040,,93.0,27.4,-24.4
SEN017,,64.0,21.8,19.3
SEN012,,36.0,21.722222222222218,0.09
SEN045,,30.0,24.6,37.2
SEN037,,,19.72222222222222,21.1
SEN039,,69.0,24.88888888888889,-9.7
SEN002,,57.0,37.611111111111114,2.2
SEN028,,92.0,24.111111111111114,13.1
SEN010,,88.0,,0.48
SEN016,,75.0,,28.5
SEN030,,82.0,15.4,46.7
SEN034,,36.0,33.5,30.6
SEN032,,44.0,26.888888888888893,44.5
SEN048,,41.0,25.611111111111107,0.3
SEN026,,53.0,,18.796
SEN050,,35.0,24.0,16.764
SEN001,,30.0,35.2,29.7
SEN049,,37.0,31.3,10.9
SEN007,,61.0,33.111111111111114,27.6
SEN016,,82.0,,0.0
SEN030,,49.0,22.277777777777775,0.2
UNKNOWN,,41.0,21.5,9.9
SEN025,,,16.88888888888889,-41.4
SEN012,,,29.3,1.4
SEN036,,59.0,34.3,10.7
SEN040,,47.0,30.5,25.4
SEN049,,40.0,25.27777777777778,47.1
SEN035,,73.0,17.4,34.2
SEN024,,75.0,39.611111111111114,1.41
SEN016,,81.0,23.9,2.2
SEN009,,81.0,33.6,0.01
SEN015,,74.0,24.4,25.2
SEN005,,82.0,21.4,43.2
SEN036,,62.0,23.000000000000004,41.3
SEN015,,84.0,27.38888888888889,29.7
SEN025,,91.0,25.611111111111107,
SEN047,,,25.3,5.3
SEN010,,,26.888888888888893,
UNKNOWN,,72.0,28.277777777777782,22.8
SEN030,2026-02-04 05:30:00,48.0,,13.7
SEN007,,39.0,21.11111111111111,2.794
SEN003,,63.0,17.72222222222222,
SEN038,,,23.9,45.2
SEN016,,,28.77777777777778,44.6
SEN025,,,27.8,32.7
SEN036,,63.0,,19.049999999999997
SEN009,,30.0,23.6,1.4
SEN004,,30.0,16.0,37.2
SEN041,,71.0,30.0,10.6
SEN047,,43.0,37.1,6.3
SEN023,,80.0,22.3,17.018
SEN039,,56.0,35.0,14.8
SEN007,,56.0,16.5,30.7
SEN022,,45.0,36.2,44.9
SEN011,,76.0,38.388888888888886,31.0
SEN001,,40.0,26.4,36.068
SEN038,,85.0,34.8,3.2
SEN019,,39.0,35.22222222222222,0.86
SEN046,,50.0,18.388888888888886,6.8
SEN015,,45.0,25.38888888888889,17.6
SEN034,,86.0,,9.7
SEN003,,52.0,30.27777777777778,25.1
SEN007,,47.0,37.1,34.29
SEN043,,84.0,19.2,14.6
SEN035,,91.0,37.6,15.5
SEN049,,95.0,32.5,22.352
SEN038,,36.0,19.222222222222218,28.7
SEN038,,67.0,,42.8
SEN026,,88.0,34.0,44.6
SEN035,,30.0,36.4,-11.5
SEN030,,71.0,21.9,1.64
SEN031,2026-02-10 05:30:00,,22.0,41.2
SEN043,,48.0,33.388888888888886,0.74
SEN032,,35.0,,1.73
SEN021,2026-08-25 05:30:00,66.0,32.611111111111114,31.4
SEN029,,58.0,36.2,43.4
SEN010,,54.0,,-49.3
SEN016,,83.0,32.5,47.1
SEN019,,31.0,16.3,0.42
SEN050,,92.0,23.3,22.5
SEN018,,88.0,23.7,11.4
SEN039,,70.0,34.2,5.2
SEN035,,36.0,30.6,43.434
SEN050,,69.0,,
SEN023,,,26.8,7.4
SEN030,,50.0,21.11111111111111,
SEN011,,,26.611111111111114,13.3
SEN046,,91.0,22.9,36.8
SEN011,,55.0,22.9,38.0
SEN049,,92.0,16.1,37.337999999999994
SEN015,,90.0,32.27777777777778,24.7
SEN013,,83.0,25.3,-28.5
SEN031,,34.0,,26.1
SEN007,,91.0,18.000000000000004,7.4
SEN023,,45.0,,
SEN005,,49.0,38.111111111111114,34.7
SEN047,,40.0,27.0,47.1
SEN050,,,24.7,23.5
SEN001,,52.0,27.7,7.9
SEN018,,45.0,36.111111111111114,7.6
UNKNOWN,,59.0,,-0.7
SEN037,,83.0,29.8,-43.5
SEN032,,83.0,30.11111111111111,21.4
SEN005,,93.0,22.722222222222225,39.878
SEN047,,34.0,31.11111111111111,11.7
SEN043,,43.0,20.0,45.2
SEN001,,77.0,16.6,21.2
SEN029,,60.0,37.1,1.61
SEN043,,60.0,39.388888888888886,29.6
SEN007,,77.0,32.27777777777778,8.5
SEN008,,56.0,31.2,10.8
SEN021,,42.0,16.72222222222222,0.54
SEN011,,46.0,16.27777777777778,39.0
SEN026,,32.0,32.5,9.2
SEN043,,53.0,,3.556
SEN017,,94.0,29.0,
SEN033,,71.0,18.1,41.7
SEN034,,75.0,37.72222222222222,0.4
UNKNOWN,,,38.7,24.2
SEN031,,66.0,35.72222222222222,41.9
SEN027,,57.0,27.4,49.784
SEN004,,42.0,,10.9
SEN039,,74.0,24.7,38.4
SEN031,,95.0,30.1,0.37
SEN017,,35.0,18.22222222222222,39.6
SEN044,,43.0,27.6,21.59
SEN016,,37.0,17.0,4.3180000000000005
SEN013,,66.0,38.0,26.924
SEN040,,39.0,29.77777777777778,36.068
SEN019,,91.0,31.22222222222222,24.7
SEN013,,38.0,26.6,-46.8
SEN017,,72.0,23.9,43.942
SEN020,,85.0,,2.6
SEN047,,58.0,25.500000000000004,29.1
SEN026,,91.0,,2.1
SEN024,,,21.0,38.5
SEN026,,69.0,,7.2
SEN001,,70.0,35.0,-48.8
SEN015,,87.0,33.5,35.559999999999995
SEN016,,,27.5,8.5
SEN024,,93.0,34.0,34.29
SEN050,,95.0,39.6,15.2
SEN027,,44.0,,19.3
SEN002,,37.0,32.5,35.7
SEN046,,88.0,27.61111111111111,10.0
SEN024,,,21.5,40.3
SEN027,,58.0,25.5,3.302
SEN018,,82.0,29.88888888888889,39.1
SEN031,,85.0,35.611111111111114,30.9
SEN038,,70.0,16.77777777777778,3.4
SEN041,,89.0,23.5,0.31
SEN001,,73.0,24.61111111111111,26.416
SEN034,,45.0,36.0,5.1
SEN004,,59.0,19.1,29.3
SEN050,,,34.388888888888886,2.0
SEN016,,94.0,22.7,0.25
SEN014,,,37.2,1.0
SEN036,,55.0,,35.8
UNKNOWN,,56.0,31.7,27.9
SEN004,,69.0,38.0,29.5
UNKNOWN,,81.0,18.0,3.8
SEN025,,53.0,,11.3
SEN004,,38.0,25.0,10.668
SEN034,,94.0,19.6,21.0
SEN013,,41.0,,1.26
SEN042,,51.0,29.0,17.9
SEN030,,38.0,,17.4
SEN012,,83.0,31.22222222222222,-1.4
SEN018,,62.0,,12.0
SEN016,,83.0,31.72222222222222,21.5
SEN027,,79.0,29.0,0.7
SEN040,,32.0,17.5,13.2
SEN019,,35.0,29.0,1.1
SEN040,,66.0,16.77777777777778,3.0479999999999996
SEN020,,42.0,23.3,9.7
SEN043,,59.0,18.388888888888886,2.8
SEN035,,,,43.18
SEN041,,94.0,18.000000000000004,1.42
SEN046,,69.0,22.9,-10.2
SEN044,,61.0,32.611111111111114,39.878
SEN032,,86.0,31.6,16.002
SEN022,,87.0,19.0,16.8
SEN026,,39.0,24.5,15.1
SEN018,,56.0,16.0,30.9
UNKNOWN,,81.0,35.4,-25.1
SEN002,,30.0,16.1,32.766
SEN036,,73.0,35.2,7.9
SEN039,,82.0,34.6,23.6
SEN040,,50.0,36.388888888888886,39.4
SEN048,,88.0,19.72222222222222,31.75
SEN041,,79.0,16.6,1.9
SEN029,,87.0,34.611111111111114,17.0
UNKNOWN,,94.0,21.4,13.4
SEN022,,31.0,38.8,8.7
SEN004,,88.0,,
SEN017,,45.0,36.888888888888886,7.5
SEN016,,78.0,23.4,0.24
SEN037,,64.0,37.611111111111114,-37.7
SEN008,,70.0,17.2,13.3
SEN006,,48.0,29.8,21.9
SEN010,,57.0,22.9,9.3
SEN029,,93.0,,11.3
SEN003,,84.0,38.3,0.89
SEN010,,40.0,38.77777777777778,4.5
SEN031,,83.0,26.888888888888893,6.4
SEN012,,58.0,,10.6
SEN024,,71.0,,3.8
SEN045,,61.0,33.5,27.94
SEN015,,87.0,21.77777777777778,5.1
SEN015,,55.0,31.72222222222222,36.2
SEN033,,70.0,38.3,19.812
SEN002,,80.0,32.611111111111114,1.2
SEN050,,31.0,21.0,-30.4
SEN011,,32.0,26.999999999999996,35.81399999999999
SEN007,,41.0,15.5,
SEN024,,45.0,19.4,12.5
SEN022,,58.0,25.11111111111111,23.114
SEN006,,93.0,24.61111111111111,-14.3
SEN044,,45.0,27.77777777777778,27.5
SEN005,,85.0,15.6,28.6
SEN023,,36.0,,44.7
SEN038,,72.0,29.0,
SEN024,,81.0,18.77777777777778,16.1
SEN023,,75.0,29.1,-20.0
SEN046,,83.0,,21.1
SEN036,,59.0,22.6,15.5
SEN024,,49.0,17.4,7.8
SEN049,,81.0,22.77777777777778,0.33
SEN035,,46.0,31.77777777777778,39.5
SEN048,,44.0,39.111111111111114,43.9
SEN032,,33.0,28.1,44.3
UNKNOWN,,32.0,,35.3
SEN028,,,19.27777777777778,37.6
SEN029,,59.0,,23.5
SEN014,,77.0,28.6,45.2
SEN009,,71.0,26.888888888888893,2.8
SEN003,,,,30.987999999999996
SEN015,,,18.61111111111111,-24.8
SEN005,,62.0,,7.365999999999999
SEN025,,31.0,20.222222222222225,31.496
SEN004,2026-08-28 05:30:00,34.0,16.8,33.528
SEN019,,69.0,,28.7
SEN006,,46.0,20.777777777777782,14.731999999999998
SEN023,,54.0,31.5,33.274
SEN017,,54.0,16.0,21.081999999999997
SEN026,,45.0,16.27777777777778,46.6
SEN009,,85.0,20.611111111111107,-2.1
SEN042,,42.0,,0.02
SEN013,,72.0,23.7,2.2
SEN031,,93.0,20.777777777777782,8.382
SEN031,,59.0,,0.34
SEN030,,58.0,20.0,21.3
SEN043,,61.0,35.7,36.7
SEN045,,72.0,28.7,36.2
SEN013,,54.0,,2.5
SEN048,,62.0,33.1,33.019999999999996
SEN005,,77.0,32.8,4.1
SEN048,,73.0,30.0,-47.8
SEN033,,,17.5,32.0
SEN024,,42.0,32.9,1.19
SEN049,,79.0,18.72222222222222,0.4
SEN018,,94.0,23.111111111111107,38.8
SEN022,,43.0,28.7,29.9
SEN048,,71.0,17.3,2.7
SEN016,,45.0,28.1,30.6
SEN012,,64.0,17.5,35.306
SEN018,,61.0,31.0,-28.8
SEN036,,30.0,16.8,13.1
SEN041,,86.0,31.3,15.3
SEN050,,78.0,30.8,17.6
SEN050,,94.0,15.5,34.7
SEN037,,87.0,28.2,30.9
SEN014,,72.0,18.6,-31.9
SEN040,,78.0,19.111111111111114,1.39
SEN034,,56.0,,1.93
SEN006,,56.0,35.1,-33.0
SEN034,,33.0,38.2,0.1
SEN025,,66.0,34.27777777777778,-26.1
SEN018,,92.0,35.388888888888886,49.9
SEN003,,78.0,23.388888888888886,
SEN008,,45.0,22.3,34.9
UNKNOWN,,49.0,24.8,33.3
SEN034,,64.0,,35.0
SEN027,,44.0,38.2,32.4
SEN019,,60.0,,14.3
SEN005,,57.0,33.3,-4.4
SEN010,,51.0,23.61111111111111,20.32
SEN049,,66.0,30.9,13.3
SEN032,,64.0,35.0,45.9
SEN050,,61.0,,38.099999999999994
SEN037,,33.0,33.3,-33.8
SEN037,,50.0,39.27777777777778,46.99
SEN037,,51.0,23.2,
SEN015,,74.0,,-33.0
SEN017,,62.0,21.4,
SEN039,,45.0,28.72222222222222,10.1
SEN012,,36.0,36.7,17.2
SEN012,,81.0,16.27777777777778,12.8
SEN001,,61.0,26.0,-1.1
SEN046,,94.0,,33.9
SEN006,,51.0,24.5,45.7
SEN027,,30.0,,31.241999999999997
SEN006,,90.0,29.7,1.27
SEN048,,63.0,20.777777777777782,9.2
SEN024,,,27.4,1.17
SEN024,,67.0,17.11111111111111,16.7
SEN006,,72.0,18.9,11.1
UNKNOWN,,79.0,,48.5
SEN034,,74.0,29.9,-26.4
SEN015,2026-03-11 05:30:00,75.0,36.111111111111114,1.63
SEN018,,87.0,22.77777777777778,37.7
UNKNOWN,,64.0,22.6,9.6
SEN042,,64.0,19.222222222222218,11.3
SEN034,,81.0,34.0,37.1
SEN028,,78.0,35.27777777777778,35.2
SEN027,,88.0,33.7,
SEN024,,78.0,,34.0
SEN008,,46.0,20.0,32.4
SEN030,,34.0,,5.8
SEN039,,57.0,29.61111111111111,7.619999999999999
SEN049,,71.0,17.5,3.6
SEN038,,,29.22222222222222,1.42
SEN045,,76.0,25.5,45.4
SEN025,,59.0,26.9,0.6
SEN048,,57.0,21.7,11.43
SEN042,,37.0,21.11111111111111,33.0
SEN043,,43.0,23.388888888888886,16.5
SEN005,,60.0,29.7,37.1
SEN005,,65.0,25.0,13.208
SEN040,,31.0,18.5,14.7
SEN044,,64.0,18.5,
SEN022,,72.0,,42.4
SEN013,,90.0,35.27777777777778,0.0
SEN028,,62.0,26.4,30.2
SEN004,,94.0,15.0,11.2
SEN017,,91.0,30.4,1.04
SEN034,,55.0,,18.9
UNKNOWN,,57.0,27.722222222222225,8.6
SEN027,,,35.72222222222222,46.228
SEN027,,87.0,35.6,11.1
SEN046,,38.0,35.7,5.8
SEN012,,65.0,21.77777777777778,1.21
SEN017,,76.0,30.8,1.52
SEN032,,76.0,15.1,5.5
SEN017,,88.0,,26.2
SEN026,,33.0,39.5,30.7
SEN043,,70.0,16.61111111111111,1.2
SEN028,,91.0,25.6,
SEN005,,78.0,26.4,22.4
SEN035,,77.0,20.8,27.3
SEN008,,82.0,30.3,28.2
SEN034,,84.0,34.5,
SEN001,,39.0,24.7,1.05
UNKNOWN,,46.0,19.222222222222218,4.4
SEN001,,52.0,30.5,-31.4
SEN022,,41.0,29.88888888888889,37.1
SEN049,,55.0,21.6,22.9
SEN043,,35.0,35.77777777777778,43.5
SEN005,,79.0,16.88888888888889,47.2
SEN015,,35.0,26.0,-0.5
SEN024,,,27.5,38.7
SEN049,2026-02-07 05:30:00,87.0,31.5,0.08
SEN028,,68.0,,
SEN014,,,26.0,16.256
SEN010,,76.0,22.722222222222225,-6.5
SEN005,,38.0,17.22222222222222,11.5
UNKNOWN,,47.0,30.38888888888889,
SEN031,,63.0,22.1,19.812
SEN029,,31.0,32.111111111111114,5.4
SEN044,,90.0,33.0,28.5
SEN014,,71.0,36.77777777777778,2.3
SEN019,,81.0,15.9,31.6
SEN019,,54.0,23.6,
SEN026,,52.0,39.9,36.0
SEN020,,,25.8,
SEN025,,70.0,,18.2
SEN015,,89.0,23.0,8.8
SEN045,,61.0,37.27777777777778,4.3180000000000005
SEN033,,72.0,23.5,10.5
SEN035,,38.0,37.4,45.8
SEN046,,59.0,35.2,49.3
SEN050,,52.0,15.88888888888889,15.8
SEN005,,88.0,32.3,4.5
SEN037,,,16.61111111111111,37.2
SEN011,,72.0,15.3,14.9
SEN021,,83.0,26.77777777777778,
SEN024,,73.0,30.5,0.05
SEN006,,65.0,37.72222222222222,18.2
SEN025,,44.0,23.1,7.2
SEN028,,68.0,21.22222222222222,2.6
SEN043,,75.0,31.0,-35.1
SEN006,,38.0,,33.274
SEN026,,88.0,21.2,32.6
SEN046,,46.0,23.0,25.3
SEN039,,68.0,20.27777777777778,30.8
SEN039,,84.0,17.3,43.687999999999995
SEN008,,68.0,,11.937999999999999
SEN045,,72.0,23.5,-15.6
SEN043,,57.0,,21.081999999999997
SEN027,,93.0,28.61111111111111,0.3
SEN033,,73.0,18.77777777777778,25.5
SEN034,,34.0,35.5,33.6
UNKNOWN,,71.0,34.6,25.4
SEN018,,73.0,17.88888888888889,35.5
SEN050,,37.0,36.1,21.843999999999998
SEN026,,75.0,21.2,27.4
SEN029,,,,47.751999999999995
SEN037,,71.0,39.22222222222222,6.4
SEN050,,82.0,34.0,47.4
SEN034,,65.0,33.388888888888886,-1.6
SEN037,,74.0,38.8,5.2
SEN018,,89.0,,32.3
SEN005,,,35.3,48.7
SEN028,,46.0,18.7,
SEN041,,49.0,,
SEN025,,37.0,39.2,-5.4
SEN050,,73.0,,26.3
SEN026,,53.0,,18.7
UNKNOWN,,65.0,36.8,37.4
SEN030,,64.0,33.0,
SEN027,,32.0,21.611111111111114,28.7
SEN030,,42.0,19.61111111111111,37.2
SEN018,,90.0,33.6,28.9
SEN004,,78.0,,27.0
SEN044,,89.0,22.7,37.5
SEN006,,,29.11111111111111,-37.7
SEN047,,67.0,38.4,48.1
SEN022,,76.0,38.388888888888886,24.9
SEN045,,68.0,,10.7
SEN034,,38.0,30.9,0.3
SEN005,,69.0,26.11111111111111,1.19
SEN011,,80.0,26.8,28.701999999999995
UNKNOWN,,45.0,25.6,
SEN001,,50.0,17.7,11.0
SEN027,,57.0,33.22222222222222,1.6
UNKNOWN,,74.0,29.61111111111111,12.0
UNKNOWN,,83.0,20.777777777777782,
SEN037,,91.0,34.388888888888886,2.3
SEN007,,33.0,30.5,48.2
SEN045,,56.0,,-37.9
SEN002,,46.0,25.11111111111111,23.3
SEN041,,66.0,22.5,23.4
SEN035,,31.0,32.3,0.1
SEN029,,71.0,22.5,19.7
SEN001,,81.0,15.1,12.8
SEN029,,80.0,35.4,42.8
SEN007,,67.0,22.11111111111111,44.2
SEN006,,90.0,34.0,32.4
SEN049,,68.0,26.5,38.3
SEN046,,68.0,35.7,21.0
SEN004,,36.0,20.8,
SEN008,,,,46.6
SEN013,,89.0,20.611111111111107,17.8
SEN049,,82.0,21.1,45.211999999999996
SEN025,,42.0,,47.6
SEN005,,93.0,,0.9
SEN004,,42.0,28.0,28.1
SEN029,,47.0,25.611111111111107,21.8
SEN047,,32.0,28.9,42.9
SEN014,,80.0,39.5,32.6
SEN047,,84.0,,8.382
SEN034,,57.0,27.277777777777775,48.5
SEN045,,33.0,28.9,35.05199999999999
SEN044,,,,
SEN039,,86.0,22.9,20.8
SEN024,,89.0,20.1,49.3
SEN004,,55.0,,15.9
SEN047,,,29.5,1.19
SEN027,,83.0,30.2,32.7
SEN003,,38.0,20.6,30.0
SEN039,,92.0,,43.434
SEN031,,91.0,22.61111111111111,-39.3
SEN050,,95.0,19.3,
SEN014,,35.0,,41.1
SEN030,,,17.6,-5.5
SEN042,,80.0,29.9,29.463999999999995
SEN045,,64.0,32.5,0.508
SEN032,,81.0,,2.032
SEN049,,76.0,16.3,9.2
SEN036,,66.0,,0.32
SEN019,,91.0,16.9,35.6
SEN002,,40.0,23.6,6.0
SEN003,,92.0,17.61111111111111,26.6
SEN020,,49.0,,10.3
SEN046,,73.0,25.0,8.7
SEN005,,38.0,,14.5
SEN045,,34.0,34.388888888888886,1.778
SEN021,,36.0,38.9,35.6
SEN001,,82.0,15.4,17.8
SEN009,,94.0,36.77777777777778,1.49
UNKNOWN,,93.0,16.4,13.97
UNKNOWN,,86.0,34.6,35.3
SEN007,,95.0,,16.5
SEN048,,63.0,16.27777777777778,7.6
SEN021,,48.0,35.111111111111114,9.3
SEN013,,65.0,25.777777777777782,13.4
SEN031,,51.0,,0.3
SEN023,,92.0,,
SEN016,,48.0,,23.4
SEN002,,64.0,35.388888888888886,29.9
UNKNOWN,,87.0,,40.9
SEN047,,35.0,17.6,21.59
SEN021,,53.0,18.8,27.686
SEN001,,33.0,20.5,28.701999999999995
SEN035,,60.0,15.38888888888889,30.1
SEN018,,,21.22222222222222,1.83
SEN046,,85.0,29.4,-10.0
SEN029,,73.0,28.388888888888886,36.321999999999996
SEN035,,36.0,22.88888888888889,1.5
SEN023,,56.0,26.4,14.731999999999998
SEN030,2026-01-15 05:30:00,51.0,23.1,23.9
SEN012,,,16.4,29.9
SEN037,,81.0,,5.588
SEN038,2026-03-24 05:30:00,78.0,32.72222222222222,1.62
SEN050,,71.0,26.5,15.0
SEN042,,34.0,20.222222222222225,
SEN013,,88.0,23.0,
SEN020,,31.0,30.88888888888889,34.6
SEN047,,,35.611111111111114,
SEN006,,36.0,34.388888888888886,31.6
SEN007,,41.0,25.6,11.6
SEN041,,69.0,,37.083999999999996
SEN042,,58.0,21.0,43.7
SEN048,,,25.777777777777782,19.8
SEN027,,66.0,18.7,7.5
SEN004,,51.0,,1.81
SEN038,,65.0,35.6,30.225999999999996
SEN038,,88.0,16.8,-13.1
SEN041,,,,4.826
SEN038,,40.0,27.6,0.5
SEN050,,,28.0,9.5
SEN040,,91.0,22.2,11.3
SEN042,,45.0,23.9,19.1
SEN007,,,34.5,34.6
SEN007,,51.0,16.2,16.6
SEN013,,86.0,23.61111111111111,16.6
SEN022,,50.0,26.4,36.7
SEN025,,86.0,33.5,-45.2
SEN049,,67.0,31.0,2.2
SEN016,,87.0,32.611111111111114,3.1
SEN023,,60.0,38.5,30.7
SEN043,,72.0,21.6,0.23
SEN038,,54.0,34.1,47.4
SEN016,,45.0,,30.733999999999998
SEN050,,45.0,16.0,-5.8
SEN035,,58.0,38.8,-45.2
SEN025,,52.0,17.11111111111111,13.462
SEN010,,58.0,30.77777777777778,11.1
SEN050,,52.0,29.77777777777778,8.1
SEN015,,46.0,17.5,
SEN014,,90.0,32.4,17.2
SEN010,,70.0,29.5,17.6
SEN023,,,33.77777777777778,23.875999999999998
SEN014,,77.0,26.9,8.8
SEN001,,85.0,35.3,49.8
SEN003,,49.0,21.722222222222218,8.4
UNKNOWN,,89.0,28.9,-43.9
SEN021,,46.0,15.222222222222221,6.2
SEN037,,46.0,31.7,15.8
SEN015,,47.0,,26.4
SEN016,,67.0,35.388888888888886,-39.4
SEN042,,38.0,29.1,0.85
SEN044,,,32.8,1.12
SEN025,,52.0,29.4,47.751999999999995
SEN009,,91.0,30.22222222222222,4.3
SEN025,,54.0,34.0,
SEN009,,67.0,24.1,45.1
SEN009,,64.0,38.9,33.5
SEN035,,30.0,39.0,41.8
SEN008,,45.0,16.22222222222222,0.59
SEN009,,55.0,38.888888888888886,3.2
SEN021,,95.0,36.3,47.0
SEN037,,87.0,36.611111111111114,3.556
SEN025,,82.0,,19.558
SEN040,,51.0,21.0,26.924
SEN047,,38.0,25.1,2.2
UNKNOWN,,61.0,,42.9
SEN026,,,19.9,27.9
SEN005,,32.0,31.8,41.2
UNKNOWN,2026-04-05 05:30:00,,35.0,12.1
SEN016,,36.0,33.111111111111114,39.4
SEN047,2026-08-22 05:30:00,38.0,29.5,-34.4
SEN017,,39.0,31.5,3.3
SEN010,,74.0,19.777777777777775,47.2
SEN004,,35.0,36.22222222222222,38.3
SEN031,,47.0,34.72222222222222,11.6
UNKNOWN,,88.0,37.3,46.3
SEN050,,89.0,23.6,
SEN018,,55.0,21.722222222222218,1.22
SEN028,,,38.5,17.3
UNKNOWN,,,16.5,49.4
SEN025,,71.0,32.77777777777778,1.8
SEN016,,30.0,31.5,-13.8
SEN024,,,17.11111111111111,
SEN027,,38.0,21.7,11.8
SEN018,,,31.6,39.7
SEN002,,69.0,39.22222222222222,5.588
SEN008,,93.0,33.72222222222222,
SEN017,,,17.2,43.2
SEN046,,50.0,,17.2
SEN031,,81.0,33.0,8.9
SEN023,,53.0,23.61111111111111,13.97
SEN010,,53.0,38.0,0.27
SEN027,,51.0,21.6,31.2
SEN045,,,30.5,23.622
SEN038,,41.0,37.9,
SEN023,,,26.888888888888893,48.8
SEN044,,78.0,,-32.9
SEN008,,73.0,27.9,16.8
SEN036,,31.0,,23.2
SEN024,,43.0,28.22222222222222,16.1
SEN002,,,17.5,36.7
SEN006,,76.0,,46.3
SEN032,,50.0,36.0,10.8
SEN017,,57.0,38.1,1.7
SEN034,,81.0,,25.9
SEN002,,54.0,39.7,44.4
SEN033,,78.0,32.27777777777778,7.4
UNKNOWN,,41.0,27.11111111111111,23.4
SEN003,,61.0,16.8,-11.5
SEN016,,44.0,15.722222222222221,6.0
SEN036,,69.0,18.4,36.1
SEN044,,,19.27777777777778,33.8
SEN048,,43.0,28.7,13.6
SEN034,,44.0,34.72222222222222,12.5
SEN042,,85.0,21.8,36.321999999999996
SEN032,,42.0,31.7,-37.2
SEN006,,61.0,30.38888888888889,1.5239999999999998
SEN023,,,37.3,16.3
SEN003,,42.0,24.222222222222218,-36.1
UNKNOWN,,45.0,38.3,31.3
UNKNOWN,,39.0,36.111111111111114,35.6
SEN027,,85.0,22.77777777777778,30.733999999999998
SEN030,,43.0,,29.1
SEN016,,69.0,17.3,-16.6
SEN042,,57.0,28.7,12.3
SEN032,,38.0,27.9,9.3
SEN014,,33.0,26.3,20.2
UNKNOWN,,42.0,25.4,33.5
SEN028,,61.0,26.77777777777778,34.29
SEN039,,,30.88888888888889,43.4
UNKNOWN,,71.0,32.22222222222222,42.4
SEN006,,39.0,,
SEN001,,47.0,25.2,47.5
SEN018,,36.0,36.9,0.8
SEN035,,85.0,23.6,10.413999999999998
SEN040,,43.0,30.5,13.7
SEN017,,92.0,23.277777777777782,45.0
SEN005,,74.0,16.11111111111111,18.796
SEN001,,85.0,21.5,34.8
SEN045,,65.0,26.8,43.8
SEN031,,59.0,17.61111111111111,9.7
SEN038,,50.0,38.27777777777778,2.8
SEN018,,45.0,17.7,41.8
SEN001,,,34.8,10.6
SEN043,,51.0,15.777777777777779,4.6
SEN004,,,22.4,39.5
SEN029,,75.0,,1.39
SEN026,,33.0,21.4,29.4
SEN026,,93.0,21.9,6.6
SEN042,,40.0,,45.9
SEN031,,60.0,16.3,44.196
SEN013,,92.0,33.7,2.794
SEN006,,31.0,,47.9
SEN014,,64.0,39.9,1.0
SEN001,,75.0,29.3,
SEN005,,36.0,18.111111111111107,
SEN041,,54.0,26.22222222222222,-40.4
SEN028,,53.0,28.5,26.3
SEN027,,,27.38888888888889,43.434
SEN042,,87.0,17.11111111111111,2.54
SEN027,,92.0,34.7,7.5
SEN017,,52.0,39.6,31.4
SEN032,,76.0,20.222222222222225,1.44
SEN045,,41.0,20.500000000000004,38.862
SEN037,,64.0,19.777777777777775,1.38
SEN050,,31.0,19.777777777777775,26.0
SEN029,,59.0,32.5,0.29
SEN028,,89.0,22.5,7.2
SEN050,,,,30.7
SEN030,,47.0,39.3,46.4
SEN019,,68.0,27.9,43.1
SEN001,,50.0,,39.5
SEN040,,41.0,19.88888888888889,20.574
SEN002,,84.0,19.777777777777775,27.6
SEN033,,94.0,36.27777777777778,3.2
UNKNOWN,,83.0,22.5,21.5
SEN015,,62.0,15.2,42.1
SEN046,,43.0,25.1,
SEN037,,59.0,20.3,-16.5
SEN048,,59.0,,25.9
SEN017,,52.0,25.7,7.2
SEN043,,64.0,20.3,8.0
UNKNOWN,,64.0,26.5,22.9
SEN039,,70.0,28.3,25.2
SEN038,,75.0,15.0,23.622
SEN001,,59.0,22.7,-19.6
SEN034,,84.0,,38.862
SEN040,,37.0,,1.79
SEN044,,49.0,31.77777777777778,45.0
SEN043,,37.0,28.000000000000004,
SEN038,,44.0,22.3,31.4
SEN040,,53.0,16.9,35.306
SEN012,,32.0,32.4,
UNKNOWN,,41.0,34.111111111111114,34.9
SEN011,,,26.27777777777778,6.35
SEN021,,,32.0,12.1
SEN017,,51.0,,35.81399999999999
SEN033,,75.0,24.2,4.3180000000000005
SEN019,,35.0,34.9,19.9
SEN016,,86.0,27.4,25.654
SEN012,,69.0,,34.6
SEN007,,72.0,18.5,25.7
SEN004,,49.0,20.5,22.7
SEN045,,,17.2,35.0
SEN050,,50.0,,8.5
SEN036,,75.0,32.388888888888886,45.211999999999996
SEN023,,36.0,16.61111111111111,49.3
SEN011,,50.0,33.0,48.513999999999996
SEN025,,79.0,36.77777777777778,36.2
SEN050,,74.0,,3.0
SEN008,2026-03-21 05:30:00,45.0,,47.498
SEN011,,72.0,16.1,4.1
SEN021,,57.0,35.888888888888886,30.2
SEN024,,63.0,,-27.6
SEN049,,37.0,32.611111111111114,9.9
SEN043,,89.0,19.6,33.0
SEN008,,65.0,,46.5
SEN035,,86.0,27.8,36.57599999999999
SEN030,,,33.2,20.574
SEN009,,51.0,27.6,
UNKNOWN,,59.0,35.5,18.2
SEN020,,33.0,,49.5
SEN034,,66.0,31.88888888888889,0.254
SEN030,,67.0,27.8,
SEN023,,56.0,15.6,44.196
SEN043,,,,45.8
SEN003,,,21.7,
SEN047,,51.0,28.7,14.985999999999999
SEN027,,82.0,,23.622
SEN036,,49.0,17.7,21.336
SEN035,,32.0,32.3,29.971999999999998
SEN021,,78.0,21.5,47.7
SEN049,,56.0,15.3,45.7
SEN036,,37.0,39.0,29.717999999999996
SEN021,,49.0,22.3,30.987999999999996
SEN037,,54.0,38.9,43.9
SEN012,,,29.9,1.5
SEN012,,60.0,,39.7
SEN030,,,27.9,41.9
SEN003,,94.0,,33.528
SEN045,,82.0,,49.4
SEN010,,90.0,17.7,16.4
SEN043,,76.0,36.6,17.8
SEN050,,62.0,26.999999999999996,45.6
SEN035,,93.0,,8.4
SEN003,,94.0,23.111111111111107,1.54
SEN042,,36.0,22.88888888888889,36.83
SEN027,,50.0,,41.6
SEN022,,39.0,25.2,44.4
SEN033,,91.0,36.888888888888886,46.7
SEN024,2026-01-08 05:30:00,79.0,25.27777777777778,43.2
SEN012,,64.0,32.72222222222222,13.6
SEN023,2026-05-04 05:30:00,60.0,21.6,26.5
SEN001,,39.0,16.77777777777778,38.4
SEN041,,66.0,20.6,3.8
SEN015,,60.0,33.3,31.1
SEN050,,44.0,33.5,32.1
SEN034,,33.0,,21.2
SEN050,,,22.1,
SEN026,,62.0,22.8,3.7
SEN038,,89.0,16.6,-26.1
SEN029,,86.0,37.611111111111114,33.7
SEN042,,77.0,25.3,-42.7
SEN030,,70.0,37.1,49.275999999999996
SEN049,,55.0,33.6,39.4
UNKNOWN,,30.0,17.77777777777778,33.7
SEN039,,89.0,,4.1
SEN001,,85.0,,28.194000000000003
SEN040,,41.0,39.22222222222222,9.9
SEN003,,56.0,,31.5
SEN046,,85.0,35.388888888888886,23.622
SEN049,,72.0,36.22222222222222,3.5
SEN005,,42.0,16.38888888888889,0.36
SEN023,,44.0,21.38888888888889,39.9
UNKNOWN,,60.0,36.888888888888886,27.9
SEN030,,43.0,,1.79
SEN025,,44.0,31.4,36.321999999999996
SEN009,,57.0,,21.0
SEN048,,35.0,25.1,10.5
SEN047,,32.0,15.222222222222221,18.0
SEN049,,60.0,,19.1
SEN001,,45.0,21.5,12.4
SEN024,,33.0,,27.6
SEN021,,66.0,21.2,41.9
SEN036,,48.0,25.11111111111111,22.2
SEN032,,68.0,,
SEN050,,90.0,,
SEN005,,42.0,28.0,
SEN022,,80.0,,31.8
SEN048,,55.0,34.2,-43.8
SEN035,,63.0,24.222222222222218,41.3
SEN020,,33.0,,28.2
SEN017,,,18.9,
SEN044,,90.0,39.1,8.1
SEN006,,44.0,16.0,39.7
SEN018,,87.0,29.6,12.7
SEN002,,51.0,38.8,36.9
SEN037,,44.0,33.5,14.1
SEN036,,,25.888888888888886,
SEN050,,48.0,23.88888888888889,5.08
UNKNOWN,,36.0,17.88888888888889,3.302
SEN033,,35.0,29.0,37.4
SEN019,,60.0,27.22222222222222,14.477999999999998
SEN019,,43.0,18.5,7.619999999999999
SEN013,,67.0,25.9,-48.9
SEN032,,30.0,26.22222222222222,9.6
SEN043,,47.0,19.388888888888893,40.5
SEN003,,89.0,33.27777777777778,23.7
SEN004,,33.0,38.111111111111114,11.3
SEN026,,79.0,25.3,10.9
SEN041,,49.0,35.2,4.3
SEN009,,57.0,19.777777777777775,35.1
SEN016,,66.0,20.3,-36.8
SEN012,,53.0,,-8.5
SEN050,,88.0,22.6,20.2
SEN035,,84.0,27.9,14.4
SEN005,,35.0,35.8,32.8
SEN003,,48.0,38.27777777777778,29.6
SEN031,,,17.77777777777778,14.985999999999999
SEN003,,73.0,,
SEN045,,30.0,29.11111111111111,37.337999999999994
SEN024,,30.0,28.77777777777778,23.8
SEN012,,77.0,,32.257999999999996
SEN033,,58.0,26.2,39.0
SEN050,,94.0,36.0,10.413999999999998
SEN048,,69.0,23.388888888888886,23.4
SEN030,,70.0,24.27777777777778,16.7
SEN005,,80.0,21.5,38.862
SEN002,,56.0,38.611111111111114,0.68
UNKNOWN,,51.0,,32.9
SEN033,,90.0,24.9,17.8
SEN002,,39.0,37.77777777777778,31.1
SEN016,,93.0,33.1,22.7
SEN005,,82.0,,7.619999999999999
SEN007,,,34.9,-9.2
SEN040,,95.0,,2.3
SEN018,,37.0,31.27777777777778,6.5
SEN009,,87.0,,1.8
SEN037,,56.0,25.0,19.304
SEN009,,44.0,18.7,0.96
SEN045,,65.0,18.72222222222222,
SEN010,,,25.2,
SEN025,,88.0,21.5,29.971999999999998
SEN003,,,26.7,39.4
SEN014,,74.0,,17.2
SEN048,,85.0,,20.6
SEN010,,75.0,17.3,32.257999999999996
SEN001,,56.0,24.3,48.9
UNKNOWN,,66.0,,10.8
SEN050,,73.0,33.8,35.5
SEN012,,67.0,24.61111111111111,48.5
SEN038,,37.0,36.3,21.7
SEN033,,54.0,33.4,15.748
SEN019,,,18.7,28.701999999999995
SEN035,,54.0,38.611111111111114,-30.9
SEN031,,85.0,32.388888888888886,24.383999999999997
SEN029,,75.0,17.5,-9.9
SEN003,,,27.3,28.701999999999995
SEN021,,43.0,36.388888888888886,29.971999999999998
SEN049,,42.0,22.722222222222225,0.26
UNKNOWN,,52.0,,
SEN005,,30.0,29.88888888888889,39.5
SEN019,,82.0,19.222222222222218,22.098
SEN009,,47.0,29.5,9.2
SEN013,,56.0,18.3,9.0
SEN036,,35.0,35.8,30.3
SEN029,,83.0,32.2,36.8
SEN045,,,33.77777777777778,24.7
SEN035,,88.0,35.27777777777778,2.794
SEN031,,95.0,36.888888888888886,31.2
SEN007,,,21.27777777777778,
SEN012,,,21.611111111111114,1.13
SEN048,,47.0,36.4,40.3
SEN022,,66.0,32.9,4.6
SEN032,,38.0,23.7,-3.5
SEN045,,81.0,25.5,-45.9
SEN016,,,39.8,19.6
SEN039,,33.0,34.611111111111114,9.398
SEN040,,70.0,23.111111111111107,
SEN022,,,31.4,23.6
SEN027,,34.0,39.5,-18.6
SEN029,,60.0,22.2,21.8
SEN050,,30.0,,0.8
SEN034,,47.0,17.77777777777778,42.0
UNKNOWN,,59.0,,39.4
SEN022,,54.0,30.27777777777778,
SEN047,,89.0,23.7,48.8
SEN033,,61.0,40.0,32.2
SEN030,,90.0,,1.92
SEN030,,89.0,39.0,3.5
SEN017,,87.0,28.72222222222222,25.1
SEN032,,73.0,26.5,2.9
SEN015,,,18.9,0.43
SEN037,,54.0,,17.7
SEN029,,,26.3,33.2
SEN042,,90.0,15.9,40.7
SEN008,,95.0,18.111111111111107,5.5
SEN018,,79.0,25.611111111111107,12.8
SEN045,,47.0,17.22222222222222,0.48
SEN035,,46.0,29.2,1.09
SEN022,,59.0,22.277777777777775,9.143999999999998
SEN019,,71.0,31.2,36.83
SEN040,,74.0,21.5,30.225999999999996
SEN030,2026-08-03 05:30:00,,26.6,40.894
UNKNOWN,,38.0,,18.0
SEN033,,82.0,19.7,
SEN011,,88.0,,24.9
SEN016,2026-07-27 05:30:00,44.0,28.88888888888889,0.24
SEN036,,66.0,29.11111111111111,39.8
SEN040,,33.0,32.8,35.1
SEN001,,,31.61111111111111,1.6
SEN031,,40.0,21.0,16.9
SEN040,,38.0,,3.7
UNKNOWN,,33.0,25.11111111111111,0.52
SEN012,,60.0,,37.7
SEN005,,86.0,20.222222222222225,24.892
SEN024,,79.0,26.5,24.1
SEN021,,,35.9,3.3
SEN022,,58.0,,1.51
SEN035,,31.0,,14.9
SEN033,,93.0,15.222222222222221,35.05199999999999
SEN033,,85.0,,35.4
SEN044,,54.0,27.5,26.7
SEN050,,77.0,33.72222222222222,25.6
SEN046,,35.0,,34.1
SEN017,,41.0,28.5,0.2
SEN024,,60.0,22.11111111111111,39.4
SEN007,,80.0,22.9,42.925999999999995
SEN003,,54.0,32.22222222222222,31.5
SEN021,,71.0,29.72222222222222,33.7
SEN012,,64.0,35.5,21.4
SEN030,,32.0,15.722222222222221,0.68
SEN047,,88.0,,43.687999999999995
SEN045,,33.0,17.4,31.9
SEN011,,49.0,31.38888888888889,44.704
SEN014,,93.0,25.27777777777778,49.529999999999994
SEN034,,50.0,28.5,38.9
SEN025,,73.0,16.7,31.3
SEN033,,30.0,26.4,15.748
SEN027,,57.0,,
SEN032,,57.0,39.111111111111114,48.513999999999996
SEN045,,,20.0,25.5
SEN020,,34.0,,11.43
SEN009,,40.0,37.4,28.7
UNKNOWN,,49.0,18.61111111111111,-29.1
SEN014,,48.0,36.3,22.352
SEN022,,41.0,27.88888888888889,16.509999999999998
SEN015,,71.0,26.38888888888889,-23.1
SEN040,,85.0,,41.2
SEN017,,35.0,33.3,18.2
SEN020,,82.0,27.22222222222222,46.0
SEN004,,45.0,,45.9
SEN027,,41.0,15.1,2.2
SEN020,,30.0,,26.416
SEN049,,71.0,26.888888888888893,22.7
SEN012,,34.0,29.0,45.974
SEN045,,93.0,37.7,14.3
SEN007,,,,37.9
UNKNOWN,,51.0,22.277777777777775,21.4
SEN010,,64.0,,24.9
SEN036,,,26.8,1.72
SEN022,,82.0,,44.1
UNKNOWN,,50.0,,44.8
SEN048,,80.0,30.88888888888889,14.477999999999998
SEN023,,59.0,29.27777777777778,13.0
SEN023,,48.0,25.888888888888886,4.3
SEN030,,42.0,16.9,43.0
SEN003,,49.0,35.111111111111114,3.6
SEN043,,81.0,23.72222222222222,26.1
SEN013,,82.0,35.5,0.24
SEN009,,30.0,37.0,37.3
SEN050,,83.0,,33.1
SEN037,,71.0,24.9,1.78
SEN046,,42.0,38.22222222222222,3.556
SEN015,,59.0,22.1,11.176
SEN016,,79.0,,37.337999999999994
SEN018,,32.0,19.388888888888893,5.8
SEN050,,71.0,18.4,32.2
SEN006,,49.0,,-24.7
SEN002,,55.0,37.7,1.4
SEN036,,88.0,20.3,17.0
SEN042,,64.0,,11.6
SEN047,,61.0,20.27777777777778,47.9
SEN038,,83.0,18.5,21.336
SEN039,,77.0,,3.302
SEN007,,48.0,19.777777777777775,21.9
SEN013,,54.0,35.1,0.15
SEN030,,33.0,17.2,19.3
SEN007,,72.0,18.277777777777782,-40.1
SEN026,,48.0,23.111111111111107,34.3
SEN034,2026-04-05 05:30:00,,27.61111111111111,17.2
SEN036,,58.0,27.77777777777778,27.1
SEN003,,34.0,38.7,45.72
SEN048,,89.0,31.5,31.496
SEN014,,35.0,28.5,
SEN003,,92.0,34.0,3.4
SEN043,,88.0,19.72222222222222,40.9
SEN033,,51.0,33.27777777777778,19.3
SEN010,,85.0,,47.1
SEN019,,56.0,36.5,
SEN032,,31.0,37.77777777777778,18.7
SEN041,,30.0,21.27777777777778,2.7
SEN038,,,29.4,
SEN045,,77.0,17.77777777777778,1.7
SEN002,,84.0,29.22222222222222,6.095999999999999
SEN046,,87.0,22.722222222222225,-30.8
UNKNOWN,,42.0,28.1,-45.2
SEN017,,38.0,16.0,6.1
SEN008,,58.0,27.2,30.987999999999996
SEN023,,46.0,18.77777777777778,22.6
UNKNOWN,,84.0,27.9,11.6
SEN014,,74.0,36.27777777777778,0.1
SEN025,,94.0,30.2,26.8
SEN039,,73.0,18.2,4.7
SEN034,,,21.5,-1.0
SEN022,,76.0,30.0,13.5
SEN028,,67.0,36.5,-34.6
SEN004,,77.0,39.0,-29.0
SEN004,,,17.5,19.558
SEN027,,,32.9,0.29
SEN005,,,19.88888888888889,19.2
SEN015,,41.0,,35.6
SEN006,,83.0,31.72222222222222,-37.8
SEN008,,84.0,38.1,22.098
SEN025,,33.0,19.2,-13.5
SEN028,,36.0,19.111111111111114,37.0
SEN037,,62.0,35.888888888888886,8.0
SEN036,,34.0,20.4,31.5
SEN044,,70.0,24.61111111111111,16.2
SEN017,,32.0,38.4,23.8
SEN007,,84.0,25.38888888888889,0.39
SEN035,,86.0,39.388888888888886,30.733999999999998
SEN016,,94.0,37.5,1.76
SEN002,,67.0,26.888888888888893,15.5
SEN001,,93.0,27.2,40.0
SEN047,,41.0,24.2,45.974
UNKNOWN,,70.0,28.000000000000004,15.9
SEN042,,44.0,30.22222222222222,48.6
SEN023,,62.0,20.5,22.098
SEN039,,69.0,35.72222222222222,25.654
SEN033,,44.0,31.2,48.7
SEN023,,63.0,37.5,38.8
SEN016,,61.0,,6.7
SEN027,,71.0,36.2,8.0
SEN005,,70.0,20.888888888888886,12.6
SEN044,,64.0,36.0,26.6
SEN013,,82.0,32.27777777777778,19.9
SEN038,,79.0,21.999999999999996,21.5
SEN004,,,,48.767999999999994
SEN009,,74.0,29.0,1.14
SEN010,,83.0,31.9,24.4
SEN050,,54.0,27.77777777777778,47.0
SEN016,,38.0,17.5,30.5
SEN005,,72.0,,-5.2
SEN036,,62.0,15.722222222222221,40.386
SEN039,,68.0,,
UNKNOWN,,88.0,28.5,36.7
SEN049,,94.0,24.27777777777778,17.9
SEN039,,70.0,23.22222222222222,22.9
SEN047,,94.0,32.2,24.13
SEN034,,57.0,39.1,28.0
SEN010,,44.0,,48.0
SEN036,,,32.5,21.336
SEN006,,68.0,15.11111111111111,24.3
SEN041,,,33.2,1.42
SEN049,,45.0,32.77777777777778,-31.2
UNKNOWN,,91.0,19.4,47.4
SEN033,,83.0,22.6,14.0
SEN040,,93.0,,1.39
SEN015,,88.0,34.9,2.9
SEN014,,,17.5,0.9
SEN008,,33.0,36.27777777777778,36.4
SEN031,,46.0,38.22222222222222,0.59
SEN018,,89.0,37.5,3.2
SEN047,,70.0,29.0,24.6
SEN020,,55.0,23.1,4.7
SEN002,2026-01-25 05:30:00,86.0,22.1,6.604
SEN014,,49.0,,12.4
SEN001,,79.0,24.777777777777775,44.0
SEN043,,44.0,35.1,27.7
SEN045,,43.0,22.0,11.684
SEN039,,43.0,36.1,41.9
SEN038,,48.0,30.9,44.2
SEN035,,41.0,36.8,16.6
SEN014,,33.0,17.0,0.2
SEN039,,51.0,,49.3
SEN005,,53.0,25.777777777777782,
SEN004,,38.0,17.6,-5.7
SEN045,,50.0,25.611111111111107,32.3
SEN005,,,,43.0
SEN038,,84.0,23.4,39.7
SEN049,,,30.72222222222222,33.019999999999996
SEN037,,60.0,31.1,7.7
SEN012,,87.0,17.4,33.782
SEN035,,93.0,21.6,8.5
SEN018,,81.0,34.388888888888886,13.716
SEN039,,84.0,17.5,38.1
SEN012,,71.0,37.3,12.4
SEN033,,95.0,35.111111111111114,
SEN012,,74.0,29.4,29.2
SEN013,,52.0,33.77777777777778,-6.1
SEN031,,84.0,,35.9
SEN032,,76.0,22.1,43.18
SEN026,,32.0,35.3,1.91
SEN045,,47.0,,10.1
SEN033,,63.0,30.2,0.73
SEN032,,,20.5,30.1
SEN024,,95.0,21.9,17.272000000000002
SEN047,,84.0,15.5,28.3
SEN029,,66.0,31.38888888888889,-27.0
SEN004,,51.0,23.9,16.9
SEN017,,92.0,25.7,15.3
SEN032,2026-06-30 05:30:00,60.0,22.4,32.2
SEN047,,36.0,39.111111111111114,42.2
SEN025,,42.0,32.388888888888886,4.3
SEN031,,82.0,27.1,
SEN020,,80.0,,8.4
SEN034,,57.0,,-15.4
SEN041,,86.0,16.7,31.5
SEN012,,35.0,30.2,35.6
SEN013,,82.0,15.277777777777779,8.0
SEN009,,57.0,15.8,-2.6
SEN050,,73.0,,37.2
SEN017,,93.0,,38.3
SEN025,,50.0,,13.3
SEN046,,59.0,,0.2
SEN015,2026-09-08 05:30:00,95.0,30.5,48.767999999999994
SEN034,,46.0,20.4,38.8
SEN025,,79.0,21.8,11.176
SEN004,,,17.3,12.1
UNKNOWN,,,29.8,15.493999999999998
SEN020,,81.0,37.388888888888886,14.0
SEN017,,95.0,,8.3
SEN047,,85.0,22.61111111111111,27.8
SEN009,,88.0,16.8,19.8
SEN039,,81.0,22.11111111111111,21.1
SEN027,,62.0,15.7,-25.5
SEN027,,88.0,15.7,42.6
SEN012,,,,11.2
SEN037,,86.0,35.2,22.605999999999998
SEN027,,38.0,,-42.1
SEN023,,94.0,,7.365999999999999
SEN044,,92.0,27.11111111111111,21.3
SEN012,,67.0,31.3,-39.6
SEN007,,64.0,31.61111111111111,
SEN017,,39.0,22.0,30.987999999999996
SEN022,,33.0,30.77777777777778,-30.9
SEN024,,52.0,32.388888888888886,41.91
SEN007,,57.0,34.8,7.6
SEN044,,77.0,32.27777777777778,1.16
SEN005,,30.0,,15.6
SEN010,,92.0,28.4,6.8
SEN042,,,23.4,7.7
SEN031,,87.0,16.6,48.6
SEN050,,32.0,37.7,45.4
SEN029,2026-07-30 05:30:00,95.0,25.0,38.3
SEN010,,76.0,25.6,
SEN013,,38.0,29.8,3.0
SEN049,,,21.1,31.9
SEN035,,67.0,,35.2
SEN027,,61.0,21.9,
SEN006,,75.0,25.6,-40.9
SEN037,,,15.777777777777779,34.1
SEN026,,42.0,34.2,28.5
SEN042,,44.0,,38.6
SEN044,,81.0,32.0,30.0
SEN018,,45.0,28.61111111111111,21.081999999999997
SEN017,,82.0,28.277777777777782,-21.1
SEN010,,74.0,22.38888888888889,-27.5
SEN041,,48.0,,-31.6
SEN026,,47.0,16.72222222222222,-28.8
SEN030,,70.0,26.4,18.1
SEN008,,58.0,27.3,36.4
UNKNOWN,,,25.4,18.0
SEN030,,64.0,,0.57
SEN041,,84.0,,28.701999999999995
UNKNOWN,,70.0,18.6,25.5
SEN008,,46.0,20.0,7.874
SEN006,,61.0,33.2,19.8
SEN032,,81.0,34.27777777777778,18.796
SEN015,,42.0,29.2,12.2
UNKNOWN,,91.0,26.27777777777778,21.3
SEN039,,36.0,18.7,24.2
SEN027,,70.0,30.9,0.72
SEN034,,89.0,16.7,1.02
SEN025,,79.0,21.1,1.48
SEN028,,87.0,33.888888888888886,
SEN050,,72.0,37.0,19.7
SEN027,,53.0,31.8,30.6
UNKNOWN,,76.0,17.38888888888889,44.958
SEN011,,49.0,17.6,1.52
SEN038,,84.0,,7.0
SEN046,,70.0,,47.7
UNKNOWN,,83.0,38.22222222222222,41.91
SEN030,,31.0,20.2,20.5
SEN032,2026-07-24 05:30:00,65.0,18.1,13.6
SEN019,,,16.88888888888889,22.098
SEN043,,34.0,18.7,8.2
SEN028,,47.0,,0.06
SEN033,,46.0,34.6,23.8
SEN009,,86.0,18.61111111111111,41.2
SEN013,,72.0,,29.0
SEN005,,36.0,21.38888888888889,40.8
SEN024,,82.0,32.111111111111114,8.889999999999999
UNKNOWN,,43.0,,
UNKNOWN,,45.0,24.1,41.2
SEN018,,89.0,22.38888888888889,34.5
SEN022,,57.0,,31.9
SEN019,,83.0,39.7,11.9
SEN038,,34.0,18.3,1.22
SEN043,,45.0,28.5,2.7
SEN037,,62.0,17.5,24.3
SEN046,,83.0,19.3,0.79
SEN034,,52.0,38.111111111111114,-14.5
SEN048,,68.0,29.0,31.241999999999997
SEN033,,82.0,35.7,21.2
SEN036,,72.0,17.88888888888889,2.4
SEN002,,90.0,25.27777777777778,-30.2
SEN042,,32.0,16.0,28.0
SEN001,,36.0,39.8,15.4
SEN040,,78.0,32.3,13.8
SEN031,,44.0,31.2,32.0
SEN004,,63.0,28.000000000000004,39.0
SEN047,,90.0,,22.86
SEN041,,79.0,30.0,8.9
SEN035,,76.0,21.722222222222218,5.5
SEN022,,68.0,28.2,3.4
SEN008,,,39.22222222222222,37.9
SEN048,,88.0,39.27777777777778,-11.1
SEN024,,56.0,25.38888888888889,38.5
SEN010,,85.0,34.2,25.9
SEN019,,50.0,,20.8
SEN004,,53.0,27.77777777777778,17.0
SEN040,,59.0,29.0,2.8
SEN021,,63.0,,31.8
SEN048,,77.0,18.7,16.5
SEN041,,82.0,,36.5
SEN039,,68.0,22.11111111111111,46.2
UNKNOWN,,30.0,17.0,1.5239999999999998
SEN049,,39.0,25.222222222222225,18.796
SEN003,,87.0,27.2,12.6
SEN012,,80.0,39.77777777777778,1.58
SEN043,,51.0,32.5,-34.5
SEN037,,60.0,23.61111111111111,1.2
SEN022,,71.0,19.61111111111111,29.4
SEN040,,71.0,,0.38
SEN015,,73.0,16.5,-33.0
SEN036,,90.0,36.72222222222222,12.446
SEN004,,56.0,32.8,5.0
SEN033,,69.0,,49.6
SEN042,,88.0,29.9,31.3
SEN002,,63.0,25.222222222222225,6.2
SEN049,,75.0,38.27777777777778,19.3
SEN005,,43.0,29.38888888888889,8.382
SEN044,,64.0,,11.8
SEN039,,65.0,,34.2
SEN010,,,19.27777777777778,37.9
SEN034,,,19.777777777777775,13.97
SEN015,,47.0,25.5,25.9
SEN009,,57.0,15.777777777777779,47.2
SEN026,,76.0,27.9,0.7
SEN027,,71.0,33.388888888888886,28.7
SEN031,,75.0,32.611111111111114,0.44
SEN031,,92.0,32.4,37.083999999999996
SEN003,,42.0,22.6,15.1
SEN044,,77.0,,23.2
SEN029,,40.0,37.611111111111114,7.0
SEN024,,,,-35.9
SEN028,,,,3.7
SEN008,,,38.0,18.541999999999998
SEN024,,33.0,19.6,8.8
SEN014,,33.0,33.6,36.3
SEN025,,77.0,20.777777777777782,-5.5
SEN042,,82.0,,15.0
SEN029,,35.0,24.88888888888889,38.9
SEN024,,58.0,17.7,7.874
SEN024,,64.0,28.9,39.2
SEN019,,47.0,35.72222222222222,0.4
SEN047,,42.0,33.6,24.1
SEN044,,90.0,,27.94
SEN030,,,26.77777777777778,43.3
SEN020,,76.0,37.1,27.2
SEN026,,42.0,20.500000000000004,19.6
UNKNOWN,,71.0,,-47.6
SEN001,,36.0,27.277777777777775,18.5
SEN004,,55.0,34.611111111111114,14.4
SEN032,,77.0,30.3,5.588
SEN009,,72.0,15.0,4.4
SEN006,,,21.77777777777778,31.4
SEN016,,91.0,23.9,0.22
SEN015,,37.0,,36.068
SEN008,,32.0,38.27777777777778,45.4
SEN044,,75.0,21.77777777777778,-36.1
SEN038,,77.0,19.388888888888893,42.6
SEN039,,,,25.1
SEN007,,32.0,38.72222222222222,27.0
SEN027,,59.0,33.0,18.7
SEN049,,87.0,31.4,24.3
SEN032,,59.0,36.5,32.3
SEN019,,52.0,33.611111111111114,41.8
SEN001,,84.0,29.5,0.6
UNKNOWN,,77.0,36.22222222222222,
SEN030,,53.0,19.222222222222218,27.9
SEN020,,79.0,26.0,45.466
SEN027,,62.0,,0.23
SEN041,,54.0,39.3,29.5
SEN011,,,27.88888888888889,-33.5
SEN003,,75.0,31.8,45.211999999999996
SEN009,,75.0,24.3,34.7
SEN043,,57.0,,11.1
SEN003,,71.0,20.4,45.3
SEN030,,51.0,32.6,
SEN009,,76.0,29.27777777777778,42.7
SEN007,,60.0,22.1,40.386
SEN050,,84.0,39.6,11.9
SEN049,,43.0,26.888888888888893,3.0
SEN001,,85.0,35.3,24.383999999999997
SEN021,,83.0,30.6,0.31
SEN006,,46.0,16.72222222222222,12.0
SEN005,,39.0,,49.7
SEN018,,73.0,23.5,7.0
SEN046,,75.0,21.722222222222218,-9.7
SEN007,,39.0,,27.7
SEN036,,70.0,31.5,38.608
UNKNOWN,,30.0,25.0,44.196
SEN001,,79.0,19.0,-46.6
SEN020,,31.0,37.3,16.9
SEN050,,81.0,17.9,6.604
SEN004,,41.0,24.9,12.0
SEN022,,,39.7,18.034
SEN048,,44.0,30.0,10.5
SEN038,,92.0,29.0,27.1
SEN016,,,16.77777777777778,
SEN038,,71.0,34.388888888888886,0.6
SEN044,,90.0,,23.8
SEN019,,61.0,,38.2
SEN004,,55.0,35.9,1.59
SEN007,,74.0,,41.2
SEN031,,77.0,20.27777777777778,0.46
SEN027,,56.0,34.888888888888886,
SEN001,,39.0,23.1,38.608
SEN046,,60.0,,16.002
SEN024,,86.0,15.3,47.1
SEN017,,30.0,16.77777777777778,31.7
SEN043,,72.0,37.388888888888886,47.6
SEN027,,34.0,26.38888888888889,9.3
UNKNOWN,,,32.611111111111114,3.5
UNKNOWN,,49.0,33.5,0.44
SEN023,,,,45.6
SEN048,,57.0,22.3,7.7
SEN030,,34.0,23.6,23.622
SEN029,,48.0,,38.862
SEN033,,38.0,32.6,3.7
SEN050,,90.0,,15.7
SEN003,,89.0,34.7,36.3
SEN043,,57.0,32.9,2.6
SEN022,,43.0,18.1,24.6
SEN050,,57.0,19.2,46.3
SEN017,,44.0,35.2,36.3
SEN049,,59.0,36.1,
SEN003,,43.0,,-40.2
SEN041,,88.0,,27.178
SEN013,,42.0,37.72222222222222,44.1
SEN048,,84.0,31.61111111111111,49.2
SEN005,,68.0,39.8,24.0
SEN038,,31.0,29.5,-21.7
SEN048,,38.0,37.72222222222222,40.6
SEN009,,94.0,37.2,17.6
SEN023,,,37.888888888888886,6.604
SEN037,,,,47.9
UNKNOWN,,74.0,33.9,29.8
SEN026,,41.0,24.111111111111114,15.2
SEN022,,60.0,21.888888888888893,-7.1
SEN023,,64.0,17.1,38.9
SEN010,,42.0,27.77777777777778,36.1
SEN016,,43.0,29.5,12.446
SEN050,,67.0,34.2,8.128
SEN049,,61.0,37.0,4.2
SEN016,,53.0,,16.2
SEN008,,80.0,20.38888888888889,16.764
SEN045,,87.0,,-47.6
SEN029,,77.0,18.77777777777778,0.1
SEN042,,83.0,19.88888888888889,3.5
SEN030,,,21.0,-2.7
SEN014,,70.0,23.277777777777782,
SEN044,,53.0,35.611111111111114,7.6
SEN002,,90.0,34.6,49.275999999999996
SEN013,,91.0,33.4,10.3
SEN032,,49.0,17.27777777777778,12.0
SEN004,,61.0,17.1,35.1
SEN017,,74.0,26.1,19.6
SEN044,,82.0,35.4,9.0
SEN024,,,20.2,19.8
SEN014,,56.0,,36.3
SEN047,,,19.222222222222218,-9.5
SEN026,,43.0,,15.9
SEN049,,52.0,22.6,26.5
SEN027,,46.0,21.1,43.8
SEN039,,94.0,22.38888888888889,-27.0
SEN042,,34.0,27.8,44.6
SEN025,,85.0,26.888888888888893,9.1
SEN006,,94.0,30.22222222222222,34.1
SEN008,,55.0,26.999999999999996,32.766
SEN005,,30.0,32.9,35.5
SEN001,,45.0,36.388888888888886,1.89
SEN011,,40.0,32.611111111111114,17.6
SEN038,,65.0,29.77777777777778,0.64
SEN029,,52.0,32.72222222222222,0.21
SEN021,,37.0,18.8,33.6
SEN025,,62.0,39.7,1.89
UNKNOWN,,92.0,26.0,10.0
SEN044,,76.0,26.0,39.0
SEN047,,78.0,19.777777777777775,4.3
SEN024,,69.0,17.5,32.4
SEN003,,55.0,,24.8
SEN010,,77.0,29.9,41.9
SEN035,,32.0,26.0,37.2
SEN003,,,25.9,43.9
SEN013,,56.0,39.2,44.3
SEN014,,94.0,29.11111111111111,45.5
SEN002,,88.0,35.4,17.525999999999996
SEN015,,85.0,15.6,-4.3
SEN027,,66.0,38.22222222222222,5.2
SEN047,,90.0,21.5,48.9
SEN025,,75.0,34.2,
SEN049,,76.0,35.8,1.8
SEN029,,83.0,,48.9
SEN002,,35.0,17.7,19.5
SEN004,,34.0,39.0,21.081999999999997
SEN043,,88.0,33.4,18.034
SEN050,,83.0,32.4,25.8
SEN002,,56.0,35.22222222222222,29.971999999999998
SEN035,,60.0,36.111111111111114,7.8
SEN027,,48.0,34.72222222222222,47.244
SEN008,,61.0,,8.1
SEN028,,75.0,16.77777777777778,1.1
SEN006,,,38.9,25.1
UNKNOWN,,80.0,30.77777777777778,8.128
SEN006,,53.0,21.22222222222222,5.7
SEN044,,57.0,22.7,-22.9
SEN037,,65.0,16.4,-31.6
SEN044,,46.0,19.222222222222218,47.751999999999995
SEN016,,35.0,16.4,8.9
SEN005,,77.0,32.6,32.0
UNKNOWN,,69.0,34.9,
SEN028,,85.0,,22.8
SEN029,,95.0,,
SEN008,,71.0,32.0,43.0
SEN009,,39.0,,21.4
SEN041,,35.0,,-49.2
SEN008,,49.0,,8.5
SEN027,,42.0,21.1,3.6
SEN032,,36.0,27.5,-9.4
SEN007,,47.0,31.11111111111111,43.8
SEN040,,52.0,32.77777777777778,-22.1
SEN035,,92.0,17.72222222222222,
SEN014,,87.0,29.72222222222222,5.0
SEN048,,55.0,,16.3
SEN006,,54.0,35.27777777777778,15.4
SEN015,,58.0,15.8,32.3
SEN050,,95.0,,12.8
SEN050,,76.0,18.3,20.32
SEN031,,48.0,,0.26
SEN015,,31.0,,45.6
SEN050,,42.0,37.9,44.1
SEN004,,75.0,36.7,
SEN002,,79.0,39.0,4.5
SEN030,,35.0,20.11111111111111,34.798
SEN021,,87.0,39.1,4.826
SEN022,,32.0,23.000000000000004,45.3
SEN022,,32.0,21.27777777777778,2.5
SEN046,,44.0,29.38888888888889,1.38
SEN020,,90.0,31.5,35.4
SEN043,,,35.2,37.3
SEN006,,,38.611111111111114,-14.8
SEN025,,84.0,26.5,11.684
SEN032,,80.0,20.5,27.4
SEN044,,61.0,29.77777777777778,20.7
SEN009,,35.0,25.500000000000004,39.9
SEN014,,81.0,24.1,43.942
SEN007,,90.0,36.0,26.6
SEN003,,95.0,39.9,49.4
SEN021,,68.0,38.4,4.3
SEN048,,74.0,33.8,13.4
SEN034,,95.0,38.611111111111114,4.3180000000000005
SEN011,,71.0,17.8,20.4
SEN035,,79.0,,24.892
SEN008,,85.0,36.22222222222222,40.7
SEN036,,81.0,20.27777777777778,18.6
SEN046,,64.0,37.22222222222222,29.717999999999996
SEN031,,65.0,32.4,19.3
SEN040,,43.0,,28.4
SEN011,,84.0,25.1,-17.6
SEN044,,41.0,38.22222222222222,-20.7
SEN040,,88.0,37.4,49.4
SEN049,,31.0,28.1,6.095999999999999
SEN006,,89.0,29.5,8.9
SEN037,,51.0,24.4,
SEN034,,85.0,15.8,20.4
SEN032,,45.0,26.0,46.5
SEN002,,47.0,23.0,-29.6
SEN040,,77.0,25.5,3.6
SEN048,,61.0,,49.6
SEN016,,31.0,35.5,19.9
SEN018,,,16.22222222222222,1.4
SEN046,,93.0,,29.971999999999998
SEN026,,45.0,28.22222222222222,40.8
SEN025,,30.0,37.4,24.3
SEN029,,,24.88888888888889,2.2859999999999996
SEN025,,81.0,,46.736
SEN041,,,21.999999999999996,1.6
SEN006,,50.0,39.77777777777778,7.6
SEN012,,77.0,22.61111111111111,32.7
SEN024,,72.0,,1.85
SEN003,,,31.0,0.54
SEN042,,88.0,37.111111111111114,13.8
SEN017,,63.0,38.5,0.11
SEN016,,68.0,32.611111111111114,31.496
SEN007,2026-05-23 05:30:00,63.0,19.222222222222218,34.5
SEN032,,55.0,35.611111111111114,31.2
SEN007,,37.0,23.0,27.6
SEN025,,93.0,36.388888888888886,13.8
SEN044,,32.0,39.111111111111114,31.5
SEN032,,,15.277777777777779,-17.6
SEN026,,31.0,17.0,46.8
UNKNOWN,,87.0,38.2,20.32
SEN011,,,,2.2859999999999996
SEN016,,89.0,28.2,14.5
SEN041,,93.0,20.611111111111107,24.5
SEN035,,83.0,28.2,38.4
SEN012,,44.0,36.22222222222222,41.3
SEN038,,90.0,19.222222222222218,11.0
SEN048,,47.0,36.1,
SEN021,,,20.777777777777782,19.6
SEN048,,81.0,15.61111111111111,-41.3
SEN027,,56.0,,45.2
SEN042,,35.0,32.27777777777778,
SEN023,,71.0,24.9,19.4
SEN026,,47.0,31.4,38.099999999999994
SEN035,,71.0,27.0,0.92
SEN002,,76.0,28.388888888888886,7.112
SEN029,,38.0,31.72222222222222,48.5
SEN048,,34.0,36.7,35.9
SEN011,,80.0,35.9,1.88
SEN006,,91.0,17.6,25.8
SEN005,,55.0,39.388888888888886,17.7
SEN047,,63.0,29.3,25.2
SEN020,,88.0,33.2,43.687999999999995
SEN040,,65.0,31.77777777777778,35.81399999999999
SEN009,,70.0,23.000000000000004,41.4
SEN008,,40.0,22.8,11.5
SEN032,,31.0,21.888888888888893,4.7
SEN018,,33.0,34.6,-42.0
SEN012,,36.0,30.77777777777778,6.095999999999999
SEN038,,77.0,28.3,18.9
SEN008,,57.0,19.0,33.4
SEN030,,43.0,32.5,-1.9
SEN020,,,24.7,37.337999999999994
SEN046,2026-03-05 05:30:00,52.0,,45.6
SEN009,,48.0,18.7,0.12
SEN025,,37.0,39.6,25.145999999999997
SEN021,,78.0,38.611111111111114,
SEN037,,37.0,23.8,
SEN022,,59.0,37.6,41.4
SEN042,,82.0,24.388888888888893,1.39
SEN045,,38.0,33.1,-10.8
SEN025,,36.0,33.6,23.4
SEN038,,37.0,35.0,1.016
SEN045,,54.0,26.77777777777778,21.0
SEN018,,84.0,26.77777777777778,20.1
SEN021,,51.0,18.8,15.4
SEN004,,66.0,21.2,5.1
SEN023,,67.0,,20.0
SEN011,,63.0,23.5,6.4
SEN026,2026-08-08 05:30:00,79.0,39.888888888888886,9.398
SEN001,,,18.1,47.0
SEN007,,80.0,34.3,47.8
SEN006,,52.0,,
SEN006,,75.0,20.0,-19.5
SEN010,,41.0,16.4,0.0
SEN023,,93.0,,0.9
SEN009,,89.0,30.8,39.624
SEN025,,84.0,19.9,-34.8
SEN044,,52.0,31.9,-28.9
SEN022,,38.0,34.1,10.413999999999998
SEN049,,37.0,24.4,42.672
SEN046,,42.0,22.9,1.87
SEN011,,,34.77777777777778,5.334
SEN008,,73.0,16.9,38.7
SEN014,,69.0,25.9,7.0
SEN047,,38.0,27.5,8.4
SEN038,,46.0,31.5,36.9
SEN050,,55.0,32.0,4.7
SEN029,,63.0,,1.94
SEN048,,72.0,39.22222222222222,49.9
SEN042,,68.0,26.4,9.652
SEN049,,32.0,29.61111111111111,39.8
SEN045,,75.0,15.222222222222221,0.74
SEN033,,35.0,16.9,0.14
SEN047,,57.0,31.7,3.2
SEN022,,84.0,36.4,15.493999999999998
SEN014,,77.0,19.4,26.6
SEN050,,66.0,26.38888888888889,15.3
SEN014,,33.0,,1.9
SEN015,,55.0,17.1,17.4
SEN045,,92.0,26.1,14.1
SEN031,,84.0,,21.2
SEN043,,94.0,34.77777777777778,9.652
SEN025,,72.0,17.88888888888889,49.9
SEN020,,49.0,37.9,1.84
SEN036,,79.0,23.1,1.3
SEN049,,74.0,,21.3
SEN030,,92.0,21.6,31.0
SEN004,,53.0,26.6,30.6
SEN049,2026-04-03 05:30:00,85.0,31.7,24.9
SEN032,,56.0,26.27777777777778,43.2
SEN014,,34.0,33.1,43.6
SEN033,,33.0,18.1,45.0
SEN041,,78.0,29.5,1.8
SEN009,,64.0,34.4,9.0
SEN032,,46.0,18.88888888888889,-20.9
SEN013,,32.0,28.0,33.274
SEN011,,93.0,,28.0
SEN036,,82.0,22.1,4.9
UNKNOWN,,64.0,29.77777777777778,44.1
SEN017,,,,23.3
SEN030,,63.0,27.5,-40.9
SEN012,2026-01-26 05:30:00,35.0,24.61111111111111,-38.7
SEN047,,60.0,,-7.9
SEN021,,45.0,15.722222222222221,21.4
SEN039,,53.0,,20.3
SEN009,,33.0,35.6,36.1
SEN018,,63.0,,1.9
SEN018,,59.0,33.8,-16.3
SEN002,,76.0,31.9,13.2
SEN025,,51.0,30.22222222222222,34.7
SEN040,,31.0,16.4,10.921999999999999
SEN014,,66.0,,37.7
SEN027,,45.0,28.000000000000004,41.65599999999999
SEN026,,89.0,29.0,0.61
SEN031,,72.0,38.8,15.6
SEN035,,69.0,27.6,27.4
SEN028,,31.0,36.1,19.2
SEN001,,,21.4,0.19
SEN025,,67.0,,-35.0
SEN019,,,,11.0
UNKNOWN,,54.0,,33.5
SEN001,,59.0,34.9,
UNKNOWN,,36.0,,10.3
SEN040,,,,-12.0
SEN025,,72.0,,43.7
SEN018,,41.0,23.8,-1.6
SEN037,,72.0,31.9,37.3
SEN032,,47.0,28.000000000000004,44.196
SEN036,,76.0,21.1,39.37
SEN028,,52.0,15.722222222222221,15.9
SEN003,,84.0,23.5,-36.7
SEN013,,,30.11111111111111,24.6
SEN013,,81.0,,48.767999999999994
SEN038,,34.0,16.7,-36.0
SEN007,,41.0,,23.9
SEN041,,44.0,31.77777777777778,44.2
SEN022,,40.0,22.3,17.8
SEN012,,64.0,30.22222222222222,-42.3
SEN022,,52.0,39.388888888888886,14.8
SEN036,,,29.3,-46.2
SEN019,,73.0,29.8,44.1
SEN009,,38.0,38.77777777777778,0.11
SEN037,,36.0,39.7,23.2
SEN020,,60.0,27.7,46.0
SEN007,,61.0,28.61111111111111,48.2
SEN023,,79.0,18.22222222222222,44.1
SEN037,,33.0,20.11111111111111,41.5
SEN028,,75.0,,37.8
SEN046,,30.0,28.4,7.3
SEN013,,95.0,32.6,36.0
SEN046,,32.0,15.5,30.479999999999997
SEN022,,82.0,,37.4
SEN020,,94.0,19.1,17.779999999999998
SEN045,,67.0,25.1,7.619999999999999
SEN004,,57.0,,5.9
SEN001,,76.0,16.88888888888889,0.53
SEN050,,75.0,22.7,13.7
SEN011,,,,
SEN027,,61.0,19.1,19.7
SEN006,,72.0,17.9,34.9
UNKNOWN,,85.0,34.5,17.1
SEN021,,68.0,24.499999999999996,-8.3
SEN045,,34.0,27.722222222222225,12.2
SEN046,,57.0,26.3,-23.8
SEN033,,51.0,24.0,18.3
SEN033,,71.0,28.22222222222222,22.1
SEN034,,48.0,,12.5
SEN041,,47.0,28.6,40.3
SEN024,,30.0,30.7,-18.6
SEN001,,33.0,29.27777777777778,19.9
SEN024,,31.0,36.22222222222222,15.4
SEN039,,33.0,25.1,34.798
SEN040,,57.0,38.22222222222222,48.2
SEN026,,86.0,16.38888888888889,-1.7
SEN008,,90.0,30.5,25.6
SEN007,,82.0,30.7,7.3
SEN041,,73.0,37.22222222222222,44.0
SEN004,,81.0,24.8,15.5
SEN022,,66.0,19.72222222222222,24.1
SEN037,,33.0,37.22222222222222,16.256
SEN038,,75.0,24.499999999999996,36.1
SEN030,,77.0,36.4,-39.7
SEN025,,46.0,36.9,-15.1
SEN044,,93.0,30.11111111111111,8.0
SEN027,,50.0,22.38888888888889,9.906
SEN043,,31.0,39.388888888888886,46.7
SEN037,,67.0,30.9,37.846
SEN010,,57.0,31.8,3.3
SEN016,,43.0,24.27777777777778,41.8
SEN023,,35.0,15.277777777777779,36.5
SEN005,,,37.5,30.8
SEN026,,80.0,21.22222222222222,26.162
SEN039,,77.0,29.6,49.0
SEN027,,58.0,38.0,-25.3
SEN010,,92.0,25.8,0.42
SEN014,,82.0,,40.5
SEN023,,72.0,39.9,39.5
SEN031,,66.0,26.5,21.2
SEN010,,52.0,25.3,12.7
SEN048,,62.0,,13.0
SEN021,,55.0,33.388888888888886,27.94
SEN021,,78.0,34.2,45.72
SEN020,,,36.4,32.766
SEN048,,81.0,17.2,30.5
SEN015,,36.0,26.0,44.3
SEN048,,90.0,17.2,34.3
SEN002,,49.0,35.27777777777778,25.6
SEN048,,76.0,16.9,24.3
UNKNOWN,,43.0,,32.5
SEN032,,43.0,,34.7
SEN036,,60.0,29.77777777777778,1.778
SEN032,,58.0,32.77777777777778,-12.6
SEN034,,63.0,,18.7
SEN042,,43.0,38.5,0.15
SEN033,,54.0,24.8,41.4
SEN011,,67.0,32.5,24.5
SEN017,,85.0,29.3,47.5
SEN023,,45.0,35.8,11.5
SEN017,,83.0,25.222222222222225,47.4
SEN050,,54.0,27.3,7.6
SEN007,,91.0,31.38888888888889,14.3
SEN048,,93.0,,48.00599999999999
SEN003,,46.0,21.6,6.095999999999999
SEN001,,63.0,37.27777777777778,21.2
SEN018,,76.0,19.2,-19.0
SEN040,,69.0,38.0,18.7
SEN028,,,15.61111111111111,33.3
SEN021,,47.0,,0.44
SEN001,,87.0,28.5,27.6
SEN009,,33.0,31.9,20.5
SEN013,,41.0,26.38888888888889,11.4
SEN009,,31.0,25.38888888888889,42.5
SEN047,,78.0,27.0,38.6
SEN030,,68.0,31.27777777777778,14.9
SEN018,,58.0,30.1,39.9
SEN004,,63.0,35.2,4.7
SEN013,,94.0,32.888888888888886,0.28
SEN043,,68.0,30.27777777777778,10.7
SEN006,,,35.22222222222222,
SEN003,,,39.5,16.6
SEN048,,67.0,25.27777777777778,38.9
SEN009,,87.0,28.9,20.6
SEN018,,73.0,,
SEN018,,69.0,38.72222222222222,1.16
SEN038,,53.0,19.4,13.5
SEN040,,86.0,20.222222222222225,13.462
SEN030,,71.0,21.9,0.8
SEN020,,45.0,37.77777777777778,
SEN039,,88.0,15.9,-17.6
SEN001,,91.0,33.111111111111114,32.004
SEN014,,93.0,24.5,24.8
SEN037,,64.0,30.9,
SEN011,,40.0,,20.4
SEN013,,88.0,21.5,4.0
SEN029,,73.0,34.5,43.7
SEN008,,82.0,32.8,30.479999999999997
SEN011,,89.0,,
UNKNOWN,,87.0,35.9,1.94
SEN037,,49.0,31.7,20.7
SEN020,,43.0,20.72222222222222,
SEN001,,80.0,26.38888888888889,1.79
SEN029,,51.0,22.9,2.4
SEN028,,89.0,25.0,47.3
SEN035,,55.0,28.8,46.5
SEN034,,94.0,,28.5
SEN026,,83.0,23.000000000000004,44.5
SEN023,,80.0,17.0,9.2
SEN016,,52.0,38.1,20.8
SEN010,,86.0,,6.5
SEN011,,,20.3,0.09
SEN040,,,32.888888888888886,20.3
SEN008,,75.0,23.77777777777778,9.9
SEN027,,81.0,18.277777777777782,16.6
SEN044,,,,45.7
SEN041,,49.0,34.0,9.8
SEN048,,48.0,24.4,28.3
SEN031,,64.0,31.4,-43.3
SEN036,,52.0,36.4,33.528
SEN049,,87.0,20.611111111111107,15.8
SEN009,,86.0,18.000000000000004,9.1
SEN027,,39.0,27.7,
SEN047,,67.0,29.2,14.9
SEN035,,91.0,32.8,24.13
SEN044,,,29.72222222222222,6.9
UNKNOWN,,37.0,15.222222222222221,42.7
SEN039,,58.0,25.11111111111111,-28.8
SEN031,,91.0,23.2,5.1
SEN009,,95.0,18.22222222222222,39.1
SEN030,,76.0,34.888888888888886,1.78
UNKNOWN,,90.0,19.6,30.987999999999996
SEN019,,65.0,35.3,0.3
SEN040,2026-05-20 05:30:00,55.0,33.22222222222222,43.2
SEN004,,94.0,,
SEN020,,60.0,37.0,1.2
SEN034,,33.0,31.3,5.5
SEN024,,41.0,38.1,19.5
SEN015,,70.0,21.722222222222218,21.8
SEN014,,34.0,,47.3
SEN030,,76.0,36.611111111111114,19.5
SEN040,,50.0,16.5,14.2
SEN012,,79.0,28.2,23.114
SEN011,,45.0,29.7,-3.5
SEN016,,88.0,29.22222222222222,-48.8
SEN028,,43.0,,6.4
SEN008,,81.0,17.9,35.4
SEN012,,68.0,17.61111111111111,2.4
SEN015,,38.0,37.7,49.6
SEN025,,66.0,36.4,47.6
SEN023,,93.0,21.1,16.7
SEN032,,50.0,17.8,32.4
SEN005,,30.0,23.61111111111111,32.9
SEN019,,78.0,34.388888888888886,37.2
SEN021,,51.0,32.6,46.482
SEN042,,92.0,20.3,43.4
SEN011,,76.0,18.000000000000004,-4.0
SEN033,,,29.0,18.8
SEN002,,38.0,39.77777777777778,5.4
SEN029,,48.0,37.2,46.482
SEN045,,74.0,39.6,33.4
SEN044,,51.0,31.1,5.9
SEN042,,37.0,34.9,12.9
SEN025,,32.0,27.5,
SEN039,,34.0,18.2,35.1
SEN050,,59.0,30.1,0.75
SEN027,,68.0,18.111111111111107,40.894
UNKNOWN,,76.0,29.27777777777778,45.8
SEN017,,,23.9,23.7
SEN049,,39.0,,35.05199999999999
SEN011,,90.0,21.22222222222222,48.1
SEN013,,35.0,39.6,
SEN027,,38.0,17.22222222222222,-41.4
SEN027,,54.0,26.27777777777778,40.894
SEN026,,76.0,34.3,6.7
SEN013,,76.0,29.77777777777778,1.016
SEN046,,68.0,38.5,12.2
SEN007,,42.0,22.7,43.7
SEN032,,59.0,29.0,19.049999999999997
SEN003,,79.0,23.9,35.81399999999999
SEN027,,46.0,,48.3
UNKNOWN,,36.0,,13.462
UNKNOWN,,,34.27777777777778,2.4
UNKNOWN,,,33.27777777777778,17.6
SEN022,,88.0,18.77777777777778,33.5
SEN003,,30.0,25.38888888888889,7.7
SEN010,,87.0,28.6,-32.6
SEN007,,57.0,26.27777777777778,12.4
SEN023,,79.0,35.27777777777778,47.9
UNKNOWN,,85.0,40.0,19.3
SEN050,,42.0,35.3,0.508
SEN048,,49.0,,10.2
SEN050,,,24.0,28.955999999999996
SEN014,,92.0,35.0,25.4
SEN010,,70.0,17.11111111111111,5.08
SEN038,,37.0,32.5,28.5
SEN036,,37.0,19.61111111111111,41.91
SEN018,,60.0,18.22222222222222,-25.2
SEN050,,,35.9,34.9
SEN018,,50.0,30.6,30.5
SEN004,,55.0,37.5,4.6
UNKNOWN,,94.0,31.1,37.6
SEN041,,89.0,35.0,0.35
SEN019,,71.0,16.8,19.7
SEN018,,65.0,16.3,
SEN004,,31.0,35.5,26.5
SEN001,,62.0,21.611111111111114,-44.2
SEN025,,36.0,32.77777777777778,47.6
SEN006,,56.0,34.22222222222222,4.6
SEN029,,34.0,28.000000000000004,0.44
SEN003,,78.0,,40.4
SEN012,,,20.11111111111111,38.3
SEN013,,53.0,26.5,45.7
SEN007,,81.0,31.1,41.2
SEN004,,,,0.94
SEN028,,71.0,30.7,0.508
SEN045,,90.0,,47.498
SEN049,,,17.0,
SEN037,,62.0,39.7,47.2
SEN033,,88.0,20.0,0.86
SEN011,,79.0,20.27777777777778,17.1
SEN031,,,20.8,14.1
SEN002,,49.0,21.9,45.211999999999996
SEN015,,94.0,,45.1
SEN046,,79.0,,0.5
SEN035,,76.0,15.6,-27.0
SEN028,,73.0,24.61111111111111,19.3
SEN041,,81.0,34.1,14.6
SEN011,,41.0,38.7,0.3
SEN010,,89.0,34.0,21.8
SEN049,,91.0,,0.43
SEN003,,64.0,32.4,37.592
SEN046,,35.0,28.5,16.002
SEN010,,33.0,37.5,-33.8
SEN010,,64.0,,5.0
SEN022,,49.0,27.88888888888889,31.2
SEN005,,65.0,31.4,-33.4
SEN005,,89.0,17.0,32.5
SEN027,,44.0,,7.619999999999999
SEN006,,57.0,25.9,-45.6
SEN003,,59.0,31.0,7.5
SEN037,,55.0,20.27777777777778,49.8
SEN009,,66.0,,4.9
SEN007,,83.0,28.88888888888889,46.9
SEN032,,54.0,,8.8
SEN008,,45.0,22.2,20.2
SEN050,,79.0,,24.4
SEN041,,81.0,39.0,38.354
SEN020,,91.0,,19.049999999999997
SEN013,,79.0,22.61111111111111,17.2
SEN030,,,34.7,42.0
SEN023,,41.0,17.3,29.2
UNKNOWN,,37.0,22.722222222222225,34.4
SEN013,,42.0,16.72222222222222,3.5
SEN019,,47.0,17.61111111111111,19.049999999999997
SEN006,,92.0,27.1,24.892
SEN002,,48.0,15.38888888888889,
SEN045,,,37.611111111111114,8.6
SEN023,,95.0,35.5,45.1
SEN039,,36.0,33.5,1.22
SEN016,,43.0,,-45.1
SEN012,,49.0,30.11111111111111,10.413999999999998
SEN029,,39.0,37.7,48.26
SEN050,,43.0,22.2,27.4
SEN013,,66.0,29.9,13.8
SEN016,,,,1.65
SEN026,,61.0,,40.4
UNKNOWN,,42.0,39.2,9.8
SEN029,,,31.2,43.0
SEN013,,70.0,31.77777777777778,12.191999999999998
SEN024,,90.0,17.3,48.6
SEN026,,74.0,,-38.9
SEN041,,67.0,18.7,43.2
SEN042,,50.0,28.8,38.7
SEN003,,84.0,,36.7
SEN003,,79.0,38.5,12.3
SEN012,,61.0,25.11111111111111,-23.2
SEN033,,,29.1,-13.7
SEN010,,67.0,,8.5
SEN020,,83.0,37.2,4.8
SEN016,,86.0,27.5,38.7
SEN010,,34.0,37.111111111111114,38.9
SEN013,,57.0,29.9,16.9
SEN040,,78.0,21.722222222222218,44.5
SEN021,,60.0,,33.2
SEN012,,53.0,20.8,25.5
SEN014,,67.0,36.9,48.7
UNKNOWN,,,15.2,26.0
SEN020,,95.0,21.22222222222222,3.0
SEN022,,69.0,39.4,9.8
SEN023,,79.0,20.2,14.9
SEN019,,58.0,24.3,-37.5
SEN030,,94.0,,13.6
SEN015,,31.0,38.72222222222222,30.1
SEN027,,87.0,38.0,41.91
SEN020,,95.0,,46.7
SEN035,,,34.7,8.5
SEN049,,71.0,34.6,
SEN002,,85.0,16.3,
SEN029,,44.0,30.1,33.528
SEN010,,50.0,,21.8
UNKNOWN,,56.0,26.6,0.31
SEN050,,89.0,18.72222222222222,-10.1
SEN006,,61.0,20.9,3.7
SEN048,2026-06-26 05:30:00,,18.22222222222222,43.7
SEN048,,49.0,35.5,24.13
SEN005,,63.0,29.6,14.731999999999998
SEN009,,49.0,39.9,28.448
SEN048,,47.0,15.61111111111111,42.0
SEN005,,,34.7,3.5
SEN048,,48.0,26.999999999999996,38.608
SEN032,,81.0,,9.8
SEN019,,47.0,19.88888888888889,4.3180000000000005
SEN041,,71.0,18.61111111111111,-4.4
UNKNOWN,2026-01-30 05:30:00,76.0,20.222222222222225,44.4
SEN046,,81.0,15.8,41.9
SEN008,,,39.888888888888886,31.7
SEN040,,77.0,,20.2
SEN005,,38.0,38.388888888888886,16.2
SEN035,,84.0,20.777777777777782,1.36
SEN033,,78.0,38.0,1.72
SEN012,,,,32.7
SEN020,,43.0,34.22222222222222,39.0
SEN003,,76.0,17.27777777777778,39.2
SEN012,,52.0,39.0,29.717999999999996
SEN017,,87.0,39.888888888888886,7.8
SEN031,,67.0,,46.6
SEN042,,85.0,25.8,20.5
SEN015,,60.0,,46.0
SEN042,,50.0,27.8,0.8
SEN016,,75.0,31.22222222222222,40.1
UNKNOWN,,,,15.8
SEN006,,80.0,15.277777777777779,0.35
UNKNOWN,,,17.8,22.0
SEN006,,55.0,27.277777777777775,
SEN008,,78.0,22.6,-21.9
SEN028,,36.0,32.888888888888886,6.2
SEN032,,78.0,,-26.5
SEN005,,72.0,38.5,0.35
SEN011,,92.0,16.8,
SEN011,,56.0,,42.8
SEN021,,44.0,21.0,4.9
SEN011,,,,4.0
SEN003,,40.0,30.1,25.0
SEN038,,55.0,28.7,33.8
SEN046,,32.0,30.22222222222222,-45.5
SEN011,,37.0,30.4,0.55
SEN027,,91.0,,
SEN010,,52.0,32.0,13.716
SEN045,,55.0,,22.5
SEN005,,30.0,32.4,11.8
SEN026,,46.0,22.5,45.974
SEN013,,35.0,31.6,3.4
SEN013,,63.0,31.9,0.52
SEN045,,91.0,,6.8
SEN030,2026-08-24 05:30:00,42.0,30.6,37.0
SEN010,,33.0,17.9,41.91
SEN040,,51.0,38.0,36.8
SEN002,,82.0,23.88888888888889,
SEN035,,45.0,17.0,41.0
SEN002,,81.0,18.111111111111107,-4.4
SEN011,,64.0,36.5,16.8
SEN037,,69.0,21.38888888888889,4.7
SEN026,,73.0,27.7,47.5
SEN013,,76.0,31.6,26.7
SEN046,,88.0,33.27777777777778,37.0
SEN022,,55.0,20.5,1.32
SEN007,,65.0,35.22222222222222,36.1
SEN040,,57.0,16.27777777777778,-43.2
SEN004,,85.0,31.0,24.637999999999998
SEN010,,66.0,,20.4
SEN015,,85.0,,21.59
SEN009,,,23.000000000000004,-16.3
SEN036,,89.0,,-44.3
SEN005,,49.0,32.77777777777778,0.0
SEN014,,93.0,16.77777777777778,2.6
SEN028,,53.0,18.0,0.24
SEN044,,77.0,,36.57599999999999
SEN026,,53.0,31.0,30.6
SEN042,,51.0,23.2,20.5
SEN002,,73.0,30.9,9.143999999999998
SEN006,,62.0,32.0,25.5
SEN007,,68.0,20.500000000000004,1.16
SEN006,,36.0,25.222222222222225,1.37
SEN032,,67.0,29.22222222222222,0.91
SEN005,,39.0,17.61111111111111,37.1
UNKNOWN,,,23.000000000000004,0.19
SEN049,,39.0,37.888888888888886,45.974
SEN008,,95.0,19.3,41.0
SEN014,,65.0,21.27777777777778,32.004
SEN048,,95.0,24.72222222222222,42.672
SEN019,,85.0,,6.7
SEN049,,79.0,15.88888888888889,20.574
SEN008,,81.0,28.3,20.4
SEN039,,,16.7,0.33
SEN005,,66.0,28.9,13.6
SEN046,,42.0,22.5,24.892
SEN010,,,23.61111111111111,34.5
UNKNOWN,,91.0,39.9,26.2
SEN016,,83.0,17.72222222222222,45.8
SEN041,,35.0,18.9,24.5
SEN025,,37.0,24.3,38.4
SEN040,,93.0,17.2,8.128
SEN030,,56.0,27.77777777777778,42.672
SEN042,,45.0,,4.6
SEN014,,49.0,,25.7
SEN049,,52.0,37.388888888888886,16.4
SEN024,,90.0,,45.72
SEN038,,76.0,35.4,3.1
SEN005,,,20.2,40.3
SEN011,,,,
SEN008,,33.0,36.8,43.434
SEN014,,31.0,26.4,0.13
SEN022,,53.0,32.2,47.498
SEN023,,91.0,38.3,36.0
SEN015,,40.0,21.2,-27.1
SEN007,,92.0,34.5,7.365999999999999
SEN030,,,21.27777777777778,1.85
SEN010,,88.0,22.22222222222222,0.7
SEN019,,84.0,37.2,-39.5
SEN042,,62.0,27.22222222222222,44.5
SEN028,,82.0,35.3,5.08
SEN028,,53.0,27.22222222222222,7.3
SEN038,,,34.388888888888886,2.9
SEN023,,42.0,20.72222222222222,27.9
SEN039,,53.0,16.4,1.8
SEN038,,41.0,36.2,-45.1
SEN015,,44.0,26.5,36.0
SEN050,,86.0,,27.432
SEN039,,36.0,22.22222222222222,11.3
SEN028,,48.0,17.5,3.6
SEN036,,79.0,20.72222222222222,48.513999999999996
SEN030,,35.0,18.2,45.8
SEN016,,58.0,37.388888888888886,
SEN002,,90.0,29.4,-39.8
SEN013,,30.0,28.5,2.6
UNKNOWN,,,38.0,25.1
UNKNOWN,,70.0,35.888888888888886,25.7
SEN025,,42.0,35.72222222222222,0.38
SEN022,,51.0,15.722222222222221,45.0
SEN033,,94.0,33.888888888888886,25.4
SEN047,,57.0,,13.0
SEN032,,82.0,,41.7
SEN040,,92.0,35.72222222222222,
SEN039,,57.0,,22.6
SEN023,,38.0,20.27777777777778,7.5
SEN032,,40.0,36.6,45.3
SEN038,,61.0,25.3,22.7
SEN005,,80.0,18.4,11.2
SEN023,,93.0,,38.862
SEN028,,58.0,27.7,19.8
SEN026,,61.0,36.2,25.4
SEN007,,64.0,20.8,-15.8
SEN007,,53.0,27.6,
SEN009,,54.0,20.5,48.513999999999996
SEN001,,61.0,31.11111111111111,0.508
SEN013,,44.0,,47.3
SEN007,,91.0,38.22222222222222,-48.1
SEN015,,47.0,,11.3
SEN022,,32.0,27.9,0.508
SEN020,,56.0,22.11111111111111,-32.1
SEN027,,77.0,20.2,22.6
SEN019,,57.0,21.38888888888889,7.1
SEN030,,65.0,36.0,0.0
SEN027,,44.0,24.0,47.498
SEN001,,68.0,22.1,40.3
SEN008,,92.0,29.2,15.3
SEN027,,40.0,23.3,33.0
SEN033,,76.0,20.3,46.0
SEN018,,83.0,17.5,26.0
SEN029,,33.0,,45.974
SEN046,,82.0,26.4,7.8
SEN017,,34.0,18.22222222222222,15.493999999999998
SEN048,,63.0,19.5,-29.9
SEN018,,,,-26.3
SEN027,,61.0,22.4,4.1
UNKNOWN,,58.0,,4.4
SEN016,,79.0,24.0,36.6
SEN025,,62.0,16.9,15.9
SEN041,,32.0,37.0,0.68
SEN029,,70.0,23.0,39.7
SEN040,,85.0,32.9,19.4
SEN046,,47.0,38.888888888888886,47.3
SEN046,,82.0,36.3,32.512
SEN014,,71.0,,1.0
SEN024,,38.0,32.0,22.4
SEN026,,31.0,,15.8
SEN034,,45.0,30.5,5.8
SEN008,,43.0,27.7,-19.4
SEN043,,66.0,,45.2
SEN041,,78.0,29.61111111111111,1.0
SEN043,,86.0,18.277777777777782,-42.3
SEN050,,,24.222222222222218,22.86
SEN009,,66.0,15.5,1.81
SEN036,,92.0,37.27777777777778,27.3
SEN019,,58.0,34.6,34.29
SEN010,,36.0,33.22222222222222,21.7
SEN031,,30.0,36.0,17.7
SEN037,,78.0,16.38888888888889,
SEN040,,42.0,24.72222222222222,1.23
SEN024,,74.0,26.22222222222222,4.5
SEN035,,58.0,28.77777777777778,20.2
SEN044,,70.0,37.111111111111114,1.2
SEN032,,,24.388888888888893,1.09
SEN015,,,27.77777777777778,27.9
SEN027,,69.0,25.3,29.3
SEN025,,47.0,39.111111111111114,34.798
SEN050,,95.0,22.2,12.191999999999998
SEN025,,62.0,18.9,1.27
SEN034,,58.0,15.88888888888889,1.78
SEN031,,40.0,31.7,45.8
SEN020,,66.0,19.8,18.0
SEN029,,84.0,22.7,-48.7
SEN033,,46.0,20.2,-24.9
SEN039,,52.0,,41.1
SEN022,,90.0,26.22222222222222,
SEN040,,72.0,15.9,29.3
SEN018,,47.0,28.1,36.068
SEN007,,,28.9,11.176
SEN023,,74.0,24.6,25.2
SEN030,,57.0,33.77777777777778,9.6
SEN007,,39.0,23.277777777777782,32.4
SEN002,,37.0,33.72222222222222,-7.6
SEN017,,,21.0,-37.5
SEN002,,86.0,23.111111111111107,15.0
SEN018,,47.0,,38.7
SEN007,,34.0,36.0,33.782
UNKNOWN,,60.0,27.61111111111111,30.7
SEN023,,40.0,25.1,26.6
SEN020,,45.0,22.61111111111111,8.3
SEN041,,89.0,38.3,44.3
UNKNOWN,,72.0,28.4,15.8
SEN029,,48.0,38.388888888888886,20.2
SEN029,,54.0,19.0,42.925999999999995
SEN001,,46.0,16.27777777777778,41.1
SEN009,,69.0,29.1,42.5
SEN019,,59.0,,13.208
SEN017,,36.0,18.3,23.114
SEN012,,67.0,24.0,21.8
SEN038,,65.0,16.27777777777778,10.1
SEN029,,83.0,32.0,21.843999999999998
SEN024,,81.0,32.4,1.24
SEN008,,58.0,25.4,
SEN031,,54.0,,17.8
SEN010,,65.0,30.2,-31.8
SEN042,,61.0,39.8,4.0
SEN040,,83.0,19.388888888888893,48.0
SEN030,,41.0,39.4,0.09
SEN032,,,19.0,45.974
SEN022,,70.0,33.0,7.9
SEN038,,81.0,,13.8
SEN011,2026-01-08 05:30:00,53.0,35.4,16.7
SEN024,,31.0,,18.796
SEN044,,65.0,26.6,-15.7
SEN002,,88.0,18.5,34.3
SEN047,,80.0,32.111111111111114,12.0
SEN009,,,28.9,13.97
SEN032,,63.0,26.38888888888889,49.1
SEN037,2026-05-18 05:30:00,76.0,19.777777777777775,29.971999999999998
SEN011,,70.0,19.9,19.6
SEN012,,68.0,35.388888888888886,25.9
SEN041,,46.0,32.5,7.365999999999999
SEN028,2026-07-09 05:30:00,,17.4,1.94
SEN047,,90.0,20.8,32.3
SEN029,,50.0,32.9,11.937999999999999
SEN018,,40.0,,14.9
SEN003,,64.0,24.4,21.1
SEN012,,43.0,,
SEN049,,83.0,23.5,44.6
SEN004,,,28.72222222222222,46.6
UNKNOWN,,86.0,33.4,9.143999999999998
SEN047,2026-04-26 05:30:00,50.0,31.72222222222222,27.5
SEN020,,77.0,37.27777777777778,4.5
SEN014,,,34.1,37.083999999999996
SEN029,,88.0,30.9,35.7
SEN010,,80.0,,26.1
SEN006,,71.0,37.9,0.88
SEN009,,61.0,15.722222222222221,29.7
SEN050,,69.0,33.7,38.0
SEN030,,80.0,31.88888888888889,8.9
SEN009,,80.0,25.2,17.1
UNKNOWN,,67.0,35.111111111111114,0.1
SEN015,,51.0,27.9,7.112
UNKNOWN,,39.0,25.500000000000004,12.8
SEN030,,90.0,,9.5
UNKNOWN,,,,43.8
SEN025,,64.0,22.77777777777778,5.8
SEN031,,77.0,35.0,40.9
SEN005,,45.0,28.88888888888889,1.94
SEN019,2026-09-09 05:30:00,30.0,25.0,12.191999999999998
SEN037,,72.0,18.72222222222222,-39.2
SEN004,,40.0,38.72222222222222,19.8
SEN012,,,32.5,22.3
SEN029,,71.0,,
SEN001,,52.0,17.11111111111111,46.3
SEN040,,75.0,,46.0
SEN015,,70.0,33.388888888888886,1.8
SEN012,,80.0,19.222222222222218,18.0
SEN015,,32.0,20.38888888888889,18.287999999999997
SEN049,,78.0,26.9,17.018
SEN026,,80.0,21.6,18.8
SEN027,,30.0,25.6,45.211999999999996
SEN035,,46.0,38.6,12.7
SEN008,,,,40.7
SEN039,,55.0,25.4,43.0
SEN031,,54.0,31.9,26.924
SEN010,,88.0,35.111111111111114,-1.2
SEN024,,32.0,32.4,26.4
SEN004,,36.0,22.22222222222222,41.91
SEN005,,,32.611111111111114,23.875999999999998
SEN030,,84.0,,21.3
SEN009,,,,25.3
SEN004,,41.0,20.1,-7.7
SEN008,2026-08-19 05:30:00,,,42.3
SEN011,,41.0,,4.9
SEN011,,77.0,23.1,23.875999999999998
SEN007,,74.0,16.1,26.7
SEN029,,48.0,32.7,38.0
SEN017,,95.0,26.27777777777778,32.2
SEN034,,31.0,33.2,28.5
SEN029,,77.0,32.72222222222222,-10.3
SEN017,,64.0,35.7,44.196
SEN042,,93.0,18.72222222222222,-13.3
SEN038,,70.0,,4.5
SEN027,,92.0,29.61111111111111,35.3
SEN029,,89.0,31.0,40.7
SEN030,,33.0,25.2,-22.2
SEN038,,,24.388888888888893,42.1
UNKNOWN,,92.0,22.3,26.1
SEN027,,93.0,38.6,14.1
SEN008,,86.0,24.0,18.2
SEN048,,74.0,20.72222222222222,0.508
SEN001,,36.0,35.0,40.0
SEN017,,44.0,38.8,17.4
SEN045,,72.0,17.2,26.416
SEN017,,57.0,35.22222222222222,24.637999999999998
SEN005,,,,-17.6
SEN029,,39.0,18.111111111111107,20.066
SEN022,2026-07-21 05:30:00,,35.9,44.9
UNKNOWN,,30.0,23.6,20.2
SEN005,2026-04-29 05:30:00,71.0,28.9,14.8
SEN010,,33.0,31.9,28.5
SEN026,,52.0,31.77777777777778,45.2
SEN047,,86.0,18.72222222222222,38.2
SEN044,,63.0,24.0,8.6
SEN024,,92.0,28.7,-30.7
SEN041,,50.0,37.27777777777778,22.5
SEN015,,40.0,,8.382
SEN040,,45.0,17.77777777777778,14.5
UNKNOWN,,76.0,35.5,1.8
SEN029,,,33.611111111111114,41.4
SEN045,,33.0,17.38888888888889,0.2
SEN013,,74.0,26.888888888888893,31.9
SEN030,,54.0,,39.8
SEN022,,67.0,,20.4
SEN025,,40.0,25.4,0.7
SEN005,,,36.3,20.2
SEN046,,64.0,22.5,-40.7
SEN018,,74.0,,21.8
SEN049,,66.0,,38.3
SEN026,,43.0,32.77777777777778,46.8
SEN027,,93.0,20.9,0.2
SEN030,,87.0,34.5,40.132
SEN035,,90.0,,0.34
SEN023,,57.0,21.1,35.3
SEN007,,,30.72222222222222,34.3
SEN034,,55.0,26.4,5.3
SEN012,,41.0,,7.7
SEN003,,86.0,25.3,14.4
SEN021,,88.0,36.6,29.3
UNKNOWN,,48.0,20.7,28.3
SEN019,,66.0,37.7,19.1
SEN012,,68.0,25.1,13.0
SEN035,,61.0,23.88888888888889,33.6
SEN008,,40.0,,44.6
SEN040,,85.0,15.2,
SEN025,,,15.9,10.5
SEN048,,77.0,19.0,-14.6
SEN030,,41.0,34.22222222222222,39.8
SEN009,,69.0,18.72222222222222,37.083999999999996
SEN019,,42.0,22.5,-17.0
SEN039,,50.0,25.0,35.559999999999995
SEN035,,86.0,,20.9
SEN002,,58.0,26.0,43.7
SEN002,,31.0,29.8,
SEN039,,53.0,,0.9
SEN026,,70.0,39.7,1.15
SEN020,,,27.5,18.2
SEN019,,90.0,34.8,48.513999999999996
SEN023,,52.0,30.0,3.9
SEN005,,64.0,37.0,22.9
SEN036,,43.0,29.8,-48.2
SEN010,,75.0,,14.224
UNKNOWN,,64.0,38.72222222222222,43.434
SEN048,,84.0,36.3,29.4
SEN039,,51.0,15.8,42.7
SEN019,,61.0,22.722222222222225,
SEN010,,74.0,31.2,-19.1
SEN042,,,23.277777777777782,
SEN026,,,,27.686
SEN048,,,,6.0
SEN025,,35.0,20.222222222222225,16.0
SEN040,,86.0,29.11111111111111,27.5
SEN037,,45.0,26.7,30.733999999999998
SEN008,,78.0,20.611111111111107,28.448
SEN027,,81.0,20.9,-42.8
SEN001,,52.0,37.4,43.8
SEN010,,,31.27777777777778,33.5
SEN043,,32.0,,7.619999999999999
SEN023,,76.0,31.2,-29.5
SEN032,,70.0,37.1,3.3
SEN014,,49.0,15.222222222222221,8.6
SEN033,,78.0,26.5,12.3
SEN003,,80.0,27.5,29.717999999999996
SEN045,,61.0,,41.0
SEN014,,40.0,25.27777777777778,8.5
SEN018,,61.0,37.5,42.7
SEN004,,59.0,16.27777777777778,18.6
SEN017,,50.0,22.2,9.5
SEN006,,,20.5,23.5
SEN046,,35.0,38.72222222222222,31.9
SEN047,,39.0,,14.8
SEN049,,,32.111111111111114,0.35
SEN018,,80.0,22.3,32.7
SEN032,,38.0,,-50.0
SEN017,,35.0,,27.4
SEN026,,79.0,32.0,1.54
SEN007,,78.0,26.0,46.8
SEN010,,76.0,22.88888888888889,10.9
SEN006,,,31.22222222222222,15.1
SEN035,,,,-2.5
SEN035,,77.0,35.5,5.9
SEN008,,94.0,23.22222222222222,1.78
SEN029,,60.0,27.88888888888889,40.7
SEN041,,92.0,,48.6
SEN017,,38.0,37.5,21.4
SEN010,,87.0,,
SEN004,,87.0,25.5,25.6
SEN015,,89.0,18.22222222222222,6.9
SEN010,,38.0,32.6,1.2
SEN021,,65.0,24.27777777777778,37.0
SEN016,,47.0,21.888888888888893,32.512
SEN026,,84.0,19.111111111111114,28.2
SEN017,,52.0,22.277777777777775,49.1
SEN021,,70.0,15.3,0.79
SEN048,,82.0,,11.2
SEN025,,46.0,18.3,46.5
SEN038,,39.0,30.88888888888889,0.1
SEN029,,,,33.9
UNKNOWN,,,38.888888888888886,3.7
SEN001,,62.0,20.0,34.29
SEN007,,50.0,22.22222222222222,47.0
SEN005,,76.0,17.8,1.03
SEN026,,61.0,,19.5
SEN037,,,33.111111111111114,33.4
SEN043,,,36.6,43.4
SEN027,,45.0,30.77777777777778,25.2
SEN005,,65.0,18.388888888888886,-39.0
SEN002,,34.0,34.111111111111114,15.493999999999998
SEN047,,43.0,38.5,-10.9
SEN012,,77.0,30.6,1.8
SEN002,,39.0,,47.751999999999995
SEN020,,46.0,,34.3
SEN014,,34.0,27.277777777777775,45.211999999999996
SEN045,,62.0,21.5,40.386
SEN007,,39.0,17.38888888888889,5.588
SEN050,,64.0,34.3,18.034
SEN018,,31.0,35.5,16.4
SEN026,,35.0,19.777777777777775,2.2859999999999996
SEN007,,58.0,23.61111111111111,28.7
SEN037,,94.0,16.2,3.7
SEN033,,82.0,25.611111111111107,22.86
SEN039,,67.0,35.7,6.4
SEN022,,48.0,35.72222222222222,37.5
SEN045,,,18.4,6.6
SEN041,,87.0,27.22222222222222,20.5
SEN036,,,29.61111111111111,31.75
SEN046,,37.0,23.4,0.33
SEN017,,66.0,18.0,20.5
SEN041,,87.0,26.1,9.5
SEN034,,93.0,25.38888888888889,19.4
SEN017,,,19.72222222222222,-17.9
SEN041,,91.0,28.5,19.4
SEN011,,60.0,28.000000000000004,0.52
SEN007,,,30.5,-49.6
SEN019,,65.0,15.1,29.209999999999997
SEN014,,70.0,26.722222222222218,11.7
SEN005,,44.0,26.999999999999996,19.3
SEN009,,39.0,27.61111111111111,44.5
SEN019,,89.0,25.1,1.59
SEN045,,73.0,33.6,1.9
SEN027,,68.0,28.77777777777778,28.3
SEN029,,59.0,35.6,25.0
SEN002,,84.0,30.77777777777778,33.782
SEN030,,86.0,21.1,43.6
SEN016,,67.0,18.277777777777782,33.0
SEN014,,62.0,26.888888888888893,48.00599999999999
SEN024,,79.0,17.0,27.94
SEN014,,62.0,27.2,-27.8
SEN033,,83.0,38.111111111111114,24.6
SEN006,,77.0,34.7,46.5
SEN014,,49.0,19.88888888888889,
SEN049,,71.0,25.7,9.1
SEN006,,40.0,36.5,29.1
SEN047,,,27.22222222222222,22.3
SEN005,,34.0,20.38888888888889,26.416
SEN035,,91.0,,18.0
UNKNOWN,,84.0,22.11111111111111,40.2
SEN009,,93.0,19.222222222222218,39.116
SEN016,,50.0,28.5,12.7
SEN039,,,16.3,48.1
SEN024,,92.0,35.4,0.35
SEN038,,39.0,30.5,1.4
SEN048,,65.0,35.22222222222222,1.78
SEN050,,47.0,31.9,30.2
SEN046,,,35.27777777777778,32.5
SEN050,,83.0,38.111111111111114,42.163999999999994
SEN049,,52.0,36.0,30.0
SEN008,,51.0,33.27777777777778,
SEN031,,42.0,35.1,37.7
SEN017,,55.0,39.111111111111114,15.0
SEN026,,60.0,31.1,28.1
SEN044,,43.0,23.8,16.5
SEN045,,56.0,29.38888888888889,31.0
SEN001,,82.0,19.0,12.9
SEN050,,94.0,,44.6
SEN024,,55.0,37.0,15.6
SEN035,,46.0,,5.0
SEN037,,76.0,28.0,44.958
SEN027,,38.0,,49.4
SEN001,,,18.0,28.4
SEN021,,58.0,38.9,7.112
SEN042,,59.0,35.0,44.3
SEN004,,62.0,27.9,40.5
SEN031,,40.0,25.72222222222222,0.97
SEN025,,42.0,32.7,20.3
UNKNOWN,,,25.888888888888886,34.2
SEN048,,86.0,29.77777777777778,0.2
SEN006,,76.0,20.0,0.48
SEN034,,31.0,23.1,
SEN041,,87.0,31.8,5.4
SEN019,,46.0,16.77777777777778,41.5
UNKNOWN,,50.0,26.5,23.0
SEN031,,78.0,31.0,46.2
SEN019,,65.0,17.61111111111111,18.8
SEN031,,,26.9,49.3
SEN036,,54.0,,-29.1
SEN048,,79.0,,47.8
SEN025,,52.0,23.9,32.9
SEN046,,50.0,33.1,26.0
SEN033,,31.0,25.0,9.398
SEN042,,50.0,,16.2
SEN043,,45.0,20.7,11.4
SEN021,,77.0,26.999999999999996,24.0
SEN020,,37.0,19.2,7.7
SEN042,,47.0,24.5,37.337999999999994
SEN001,,52.0,,1.63
SEN050,,,22.2,5.5
SEN030,,,23.3,1.34
SEN039,,66.0,19.222222222222218,24.4
SEN045,,,19.388888888888893,39.878
SEN050,,51.0,38.1,20.6
SEN002,,83.0,34.5,34.2
SEN034,,56.0,16.5,1.39
SEN009,,63.0,24.777777777777775,26.8
SEN005,,48.0,,48.26
SEN032,,90.0,16.4,30.9
SEN005,,40.0,35.2,0.75
SEN024,,77.0,30.4,27.6
SEN028,,57.0,,34.9
SEN026,,64.0,22.6,
SEN023,,93.0,29.4,40.9
SEN041,,54.0,35.77777777777778,1.2
SEN048,,60.0,33.888888888888886,1.23
SEN019,,85.0,28.5,4.3180000000000005
SEN026,,57.0,22.8,9.3
SEN032,,95.0,17.8,8.2
SEN045,,81.0,36.5,-36.0
SEN019,,67.0,16.77777777777778,-19.7
SEN045,,62.0,21.3,32.9
SEN022,,57.0,25.3,10.16
SEN025,,84.0,25.8,20.5
SEN048,,47.0,36.0,28.194000000000003
SEN039,,,24.0,23.114
SEN042,,93.0,,1.2
UNKNOWN,,39.0,31.2,45.1
SEN023,,84.0,27.2,22.6
SEN044,,33.0,26.999999999999996,32.1
SEN025,,40.0,20.7,28.6
SEN004,,37.0,32.7,-47.4
SEN031,,53.0,34.3,15.6
SEN035,,45.0,38.72222222222222,6.9
SEN013,,,15.9,-43.9
SEN023,,85.0,38.611111111111114,24.2
SEN048,,54.0,21.7,13.7
SEN029,,31.0,25.8,28.448
SEN006,,94.0,37.611111111111114,-41.0
SEN043,,51.0,38.111111111111114,41.8
SEN045,,82.0,,
SEN015,,84.0,22.5,30.1
SEN024,,77.0,17.9,14.0
SEN011,,54.0,37.8,-34.2
SEN038,,77.0,37.888888888888886,12.446
SEN033,,55.0,16.2,24.5
SEN049,,94.0,15.6,20.574
SEN015,,50.0,,27.7
SEN016,,42.0,29.0,1.8
SEN036,,,,14.985999999999999
SEN021,,68.0,38.611111111111114,0.93
SEN037,,33.0,20.7,25.4
SEN023,,58.0,38.1,-25.7
SEN016,,,32.1,30.8
SEN046,,81.0,18.72222222222222,28.8
SEN009,,84.0,15.722222222222221,23.368
SEN045,,71.0,38.7,29.1
SEN050,,41.0,15.222222222222221,31.4
SEN018,,39.0,27.3,48.1
SEN042,,50.0,27.722222222222225,37.6
SEN013,,77.0,22.5,-28.4
SEN033,,61.0,37.27777777777778,-32.1
SEN026,,45.0,,20.066
SEN012,,83.0,25.3,12.953999999999999
SEN028,,45.0,34.77777777777778,12.191999999999998
SEN036,,59.0,22.11111111111111,0.81
SEN038,,70.0,15.88888888888889,3.4
SEN025,,74.0,29.22222222222222,
SEN050,,87.0,21.9,24.4
SEN048,,,39.0,-16.3
SEN008,,39.0,27.9,-37.1
SEN042,,67.0,34.7,26.669999999999998
SEN011,,79.0,15.3,-42.9
SEN038,,47.0,,22.6
SEN023,,46.0,25.1,43.4
SEN045,,63.0,26.77777777777778,26.669999999999998
SEN028,,52.0,32.3,41.401999999999994
SEN036,,94.0,27.4,37.846
SEN041,,73.0,22.722222222222225,2.1
SEN047,,,16.1,16.9
UNKNOWN,,61.0,36.77777777777778,-26.3
SEN017,,50.0,26.6,44.1
SEN005,,,35.22222222222222,26.4
SEN047,,37.0,,18.7
SEN025,,78.0,25.611111111111107,5.8
SEN028,,51.0,31.61111111111111,0.6
SEN039,,39.0,,13.0
SEN046,,89.0,38.4,34.9
SEN014,,40.0,29.27777777777778,41.2
SEN033,,,35.27777777777778,32.2
SEN031,,95.0,16.0,47.7
SEN020,,48.0,38.2,
SEN007,,83.0,,29.717999999999996
SEN023,,86.0,17.2,0.21
SEN040,,74.0,24.499999999999996,0.254
SEN029,,58.0,,49.4
SEN031,,81.0,19.27777777777778,1.22
SEN028,,91.0,35.111111111111114,-29.4
SEN044,,67.0,21.722222222222218,7.2
SEN044,,89.0,26.5,44.8
SEN004,,39.0,23.8,43.7
UNKNOWN,,52.0,35.5,1.89
SEN048,,91.0,,1.28
SEN050,,88.0,28.388888888888886,4.4
SEN047,,,17.1,42.418
SEN006,,,,4.3
SEN031,,79.0,28.77777777777778,31.5
SEN018,,72.0,34.888888888888886,25.6
SEN033,,86.0,,7.6
SEN039,,42.0,39.888888888888886,22.6
SEN031,,42.0,31.7,29.8
SEN003,,77.0,,0.4
SEN030,,63.0,30.8,48.7
SEN029,,39.0,39.1,1.8
SEN025,,75.0,35.0,1.26
SEN027,,67.0,38.1,26.7
SEN014,,76.0,39.5,44.4
SEN010,,58.0,24.499999999999996,37.4
SEN007,,84.0,16.8,14.9
SEN020,,82.0,16.9,1.05
SEN041,,40.0,,6.5
SEN032,,80.0,22.722222222222225,41.5
SEN014,,30.0,36.1,48.4
SEN032,,43.0,34.6,-44.1
SEN017,,50.0,15.5,-30.5
SEN040,,,18.77777777777778,45.7
SEN007,,,28.388888888888886,47.3
SEN044,,,22.22222222222222,-41.0
SEN013,,47.0,33.27777777777778,42.6
SEN025,,77.0,26.6,5.588
SEN002,,52.0,19.0,18.796
SEN038,,82.0,29.0,37.1
SEN009,,66.0,27.4,1.23
SEN038,,44.0,34.22222222222222,37.592
UNKNOWN,,37.0,20.3,19.3
SEN025,,57.0,27.61111111111111,42.4
UNKNOWN,,56.0,35.611111111111114,31.4
SEN016,,47.0,39.8,0.96
SEN016,,60.0,17.11111111111111,14.4
SEN035,,,18.7,-42.6
SEN021,,36.0,35.5,6.8
SEN023,,94.0,,-48.1
SEN005,,66.0,26.22222222222222,
SEN044,,45.0,27.4,19.6
SEN019,,80.0,28.9,32.6
SEN019,,87.0,19.222222222222218,19.6
SEN045,,,24.111111111111114,1.2
SEN044,,40.0,26.611111111111114,22.098
SEN002,,62.0,24.8,37.4
SEN033,,92.0,,23.7
SEN016,,47.0,17.9,42.7
SEN033,,74.0,26.38888888888889,0.36
SEN012,,57.0,35.7,22.7
SEN038,,79.0,38.1,42.6
SEN005,,47.0,21.11111111111111,44.6
SEN015,,92.0,38.0,-21.9
SEN016,,89.0,31.77777777777778,30.8
SEN010,,38.0,21.611111111111114,29.3
SEN033,,33.0,26.4,41.1
SEN032,,80.0,22.8,8.5
SEN045,,38.0,20.0,36.2
SEN003,,63.0,38.27777777777778,37.846
SEN001,,88.0,26.6,25.145999999999997
SEN041,,76.0,16.5,46.6
SEN026,,60.0,15.61111111111111,27.8
SEN046,,34.0,19.3,27.5
SEN009,,46.0,18.77777777777778,44.1
SEN026,,71.0,20.1,47.244
SEN013,,82.0,39.27777777777778,40.8
SEN037,,87.0,,44.8
SEN012,,47.0,21.0,15.3
UNKNOWN,,56.0,27.5,
SEN004,,85.0,,6.5
SEN046,,63.0,30.27777777777778,49.6
SEN017,,63.0,34.2,18.4
SEN042,,72.0,35.2,41.3
SEN022,,,16.4,1.87
SEN036,,86.0,19.1,28.194000000000003
SEN024,,66.0,19.1,15.493999999999998
SEN050,,72.0,36.7,9.1
SEN007,,66.0,21.2,4.7
SEN028,,67.0,18.5,48.9
SEN025,,55.0,27.1,6.2
SEN029,,37.0,31.88888888888889,28.4
SEN025,,74.0,,43.0
SEN020,,,27.1,1.57
SEN036,,30.0,17.5,37.083999999999996
SEN050,,36.0,17.4,10.4
SEN035,,92.0,28.77777777777778,35.2
SEN042,,42.0,34.2,11.176
SEN029,,48.0,20.611111111111107,35.1
SEN025,,32.0,21.5,-34.0
SEN027,,46.0,38.22222222222222,
SEN002,2026-08-19 05:30:00,33.0,,4.4
SEN042,,41.0,21.2,16.7
SEN041,,75.0,30.8,-9.2
SEN047,,42.0,26.888888888888893,25.5
SEN049,,,34.388888888888886,44.0
SEN032,,38.0,25.611111111111107,38.7
SEN046,,78.0,,1.5
SEN004,,92.0,,48.1
SEN020,,63.0,26.722222222222218,21.7
SEN008,,93.0,34.611111111111114,42.7
SEN015,,84.0,32.9,0.29
SEN028,,52.0,36.888888888888886,0.21
SEN030,,37.0,,23.875999999999998
SEN042,,,21.22222222222222,25.4
SEN004,,41.0,17.22222222222222,30.2
SEN044,,91.0,27.3,46.2
SEN014,,,16.3,0.4
SEN008,,55.0,,39.878
SEN044,,38.0,25.4,35.0
SEN030,,36.0,,
SEN039,,67.0,22.22222222222222,21.0
SEN027,,69.0,32.5,45.7
SEN011,,40.0,37.888888888888886,18.8
SEN027,,,33.3,19.0
SEN020,,55.0,16.61111111111111,43.3
SEN012,,83.0,37.3,-2.9
SEN035,,42.0,39.0,12.953999999999999
SEN025,,51.0,,24.3
SEN045,,45.0,19.4,24.0
SEN046,,40.0,,42.7
SEN047,,62.0,30.2,-34.7
SEN050,,69.0,38.22222222222222,6.5
SEN048,,66.0,17.4,39.7
SEN026,,54.0,25.6,7.7
SEN035,,,21.5,3.302
SEN047,,55.0,,49.6
SEN010,,68.0,38.388888888888886,19.9
SEN045,,32.0,33.9,9.1
SEN019,,60.0,20.1,17.1
SEN019,,53.0,28.22222222222222,19.5
SEN050,,79.0,36.888888888888886,9.1
SEN007,,87.0,31.88888888888889,28.0
UNKNOWN,,32.0,15.222222222222221,24.383999999999997
SEN041,,31.0,22.2,12.3
SEN039,,32.0,37.7,-16.3
SEN011,,85.0,20.7,47.5
SEN028,,47.0,31.72222222222222,5.9
SEN004,,51.0,,15.1
SEN037,,76.0,31.3,43.687999999999995
UNKNOWN,,94.0,32.8,21.4
SEN031,,51.0,31.77777777777778,11.8
SEN039,,37.0,20.0,2.2
SEN025,,81.0,37.22222222222222,28.3
UNKNOWN,,41.0,30.22222222222222,9.1
UNKNOWN,,70.0,30.9,34.544000000000004
SEN033,,69.0,16.61111111111111,47.244
SEN018,,40.0,,-34.6
SEN018,,69.0,36.3,0.65
SEN007,,46.0,,3.2
SEN015,,93.0,28.88888888888889,-42.6
SEN037,,79.0,,-28.9
SEN005,,84.0,,38.8
SEN031,,37.0,35.77777777777778,42.6
SEN046,,93.0,39.8,21.5
UNKNOWN,,86.0,24.9,21.0
SEN033,,,23.61111111111111,37.0
SEN022,,80.0,37.9,37.8
SEN021,,51.0,30.72222222222222,34.6
SEN050,,40.0,31.22222222222222,
SEN041,,54.0,23.7,31.5
SEN049,,39.0,30.27777777777778,
SEN010,,61.0,16.9,41.7
SEN028,,88.0,,10.7
SEN006,,91.0,38.4,33.2
SEN011,,81.0,17.88888888888889,0.99
SEN015,,49.0,19.9,19.0
SEN033,,80.0,16.8,
SEN028,,78.0,27.77777777777778,-5.3
SEN043,,47.0,,19.0
SEN009,,85.0,32.8,5.3
SEN035,,48.0,,-9.5
SEN017,,,,34.6
SEN002,,78.0,,0.9
SEN045,,30.0,,23.5
SEN039,,70.0,32.611111111111114,20.1
SEN042,,57.0,18.9,23.622
SEN041,,86.0,,3.8099999999999996
SEN020,,85.0,23.77777777777778,38.354
SEN022,,,20.777777777777782,4.5
SEN026,,51.0,,19.4
SEN042,,,32.888888888888886,44.6
SEN045,,57.0,35.2,46.482
SEN045,,42.0,29.61111111111111,1.016
UNKNOWN,,,15.222222222222221,21.843999999999998
SEN018,,78.0,22.61111111111111,40.894
SEN015,,74.0,30.4,7.3
SEN046,,64.0,30.5,21.3
SEN037,,82.0,34.27777777777778,35.2
SEN004,,64.0,38.0,
SEN038,,,27.1,24.9
SEN022,,69.0,23.8,-27.7
SEN004,,64.0,35.3,-6.7
SEN018,,60.0,26.77777777777778,14.9
SEN038,,74.0,,1.83
SEN029,,87.0,,44.7
SEN016,,65.0,35.6,9.9
SEN022,,87.0,29.7,47.0
SEN016,,94.0,30.8,43.687999999999995
SEN046,,64.0,21.611111111111114,46.2
SEN025,,74.0,16.9,48.7
SEN012,,63.0,17.3,16.9
UNKNOWN,,41.0,38.77777777777778,2.7
SEN034,,72.0,21.3,
SEN023,,63.0,20.6,33.8
SEN022,,50.0,29.77777777777778,7.9
SEN003,,94.0,,
SEN008,,76.0,,42.3
SEN021,,46.0,,6.2
SEN001,,37.0,,14.4
SEN033,,,15.61111111111111,49.784
SEN003,,54.0,17.11111111111111,19.2
SEN009,,53.0,17.5,10.3
SEN017,,67.0,,27.686
SEN036,,91.0,20.4,6.095999999999999
SEN032,,73.0,25.3,8.0
SEN033,,52.0,39.4,8.4
UNKNOWN,,65.0,,8.889999999999999
SEN038,,40.0,29.6,1.7
SEN009,,30.0,20.9,
SEN014,,,32.9,30.225999999999996
SEN038,,68.0,25.888888888888886,
SEN015,,47.0,38.8,23.3
SEN003,,40.0,17.4,3.2
SEN009,,37.0,16.61111111111111,0.54
SEN033,,45.0,34.0,40.5
SEN023,,69.0,16.38888888888889,28.6
SEN004,,80.0,27.1,-20.8
SEN041,,65.0,,
SEN028,,34.0,19.5,6.0
SEN020,,55.0,26.0,37.083999999999996
SEN031,,87.0,26.8,1.94
SEN010,,68.0,36.611111111111114,-23.2
SEN044,,,18.2,
UNKNOWN,,65.0,,34.9
SEN035,2026-09-03 05:30:00,40.0,20.222222222222225,27.178
SEN039,,68.0,18.000000000000004,26.9
SEN035,,89.0,17.88888888888889,8.8
SEN048,,,35.611111111111114,39.9
SEN003,,50.0,16.88888888888889,10.5
SEN020,,67.0,24.27777777777778,32.1
SEN007,,37.0,33.77777777777778,0.12
SEN011,,86.0,19.72222222222222,35.0
SEN029,,,38.7,0.4
SEN016,,53.0,25.888888888888886,38.6
SEN020,2026-01-22 05:30:00,85.0,,11.9
SEN016,,78.0,31.9,-22.8
SEN042,,80.0,28.7,1.74
SEN041,,33.0,23.9,-5.0
SEN035,,42.0,,40.2
SEN037,,45.0,21.22222222222222,0.35
SEN036,,74.0,,44.0
SEN025,2026-01-07 05:30:00,56.0,31.2,0.55
SEN017,,48.0,19.0,13.7
SEN012,,70.0,35.4,-7.9
SEN002,,44.0,15.3,30.8
SEN004,,32.0,17.38888888888889,20.827999999999996
SEN016,,32.0,,8.3
SEN041,,83.0,24.9,
SEN036,,59.0,30.38888888888889,42.163999999999994
SEN028,,76.0,21.722222222222218,1.31
SEN025,,82.0,16.38888888888889,27.3
SEN020,,33.0,22.277777777777775,46.7
SEN039,,,38.72222222222222,32.0
SEN010,,61.0,34.888888888888886,40.132
SEN043,,67.0,29.5,48.5
SEN035,,88.0,,16.8
SEN003,,35.0,16.8,30.1
SEN011,,33.0,27.3,16.3
SEN011,,49.0,38.72222222222222,16.6
SEN041,,71.0,39.2,17.2
UNKNOWN,,72.0,28.6,31.75
SEN045,,62.0,18.6,1.778
SEN027,,53.0,,-28.7
SEN040,,78.0,29.1,25.4
SEN031,,30.0,31.11111111111111,37.846
SEN020,,59.0,36.4,35.81399999999999
SEN026,,86.0,28.3,
SEN040,,38.0,38.6,5.842
SEN018,,,23.4,2.032
SEN001,,,,34.4
SEN001,,43.0,,39.9
SEN048,,,32.72222222222222,6.3
SEN034,,77.0,15.722222222222221,0.85
SEN048,,81.0,19.72222222222222,12.9
SEN012,,63.0,32.5,14.8
SEN010,,72.0,,1.05
SEN044,,53.0,28.2,19.1
SEN049,,,31.0,10.921999999999999
SEN005,,49.0,22.3,45.0
SEN001,,50.0,19.4,1.63
SEN033,,37.0,29.2,-45.6
SEN032,,81.0,21.0,-19.2
SEN005,,,23.3,-18.9
SEN018,,56.0,17.6,49.8
SEN005,,74.0,,33.9
SEN001,,42.0,34.4,34.9
SEN016,,42.0,28.1,42.6
SEN035,,45.0,18.88888888888889,22.4
SEN019,,39.0,19.6,
SEN043,,88.0,23.5,15.9
SEN049,,69.0,17.38888888888889,-11.2
SEN020,,53.0,,9.1
SEN008,,88.0,,41.7
SEN050,,,26.5,35.8
SEN022,,49.0,32.0,8.4
SEN039,,31.0,35.5,20.827999999999996
SEN030,,,22.277777777777775,42.6
SEN039,,93.0,36.9,11.9
SEN009,,56.0,27.6,6.0
SEN021,,69.0,31.1,24.4
SEN036,,31.0,30.2,24.0
SEN003,,53.0,28.2,19.9
SEN001,,87.0,19.388888888888893,-41.9
SEN013,,40.0,34.3,29.5
SEN050,,41.0,25.0,42.1
SEN027,,66.0,26.6,39.4
SEN036,,57.0,31.22222222222222,-26.6
SEN048,,67.0,,44.0
SEN025,,82.0,19.222222222222218,2.3
SEN001,,,36.6,36.83
SEN044,,61.0,26.611111111111114,24.8
SEN041,,58.0,31.77777777777778,36.8
SEN019,,42.0,20.7,32.512
SEN043,,60.0,22.77777777777778,31.496
SEN011,,61.0,39.1,16.8
SEN041,,30.0,30.11111111111111,13.4
SEN020,,89.0,22.38888888888889,0.37
SEN010,,,19.0,32.0
SEN007,,83.0,21.1,17.2
SEN014,,52.0,28.2,26.924
SEN043,,65.0,17.8,45.5
SEN041,,33.0,19.9,22.8
SEN004,,,39.27777777777778,29.9
SEN032,,76.0,30.2,37.7
SEN042,,68.0,15.2,-35.1
SEN034,,44.0,31.72222222222222,
SEN043,,95.0,33.0,47.244
SEN001,,38.0,,45.8
SEN032,,53.0,36.77777777777778,2.2
SEN017,,,28.5,35.05199999999999
SEN034,,52.0,35.111111111111114,30.479999999999997
SEN022,,78.0,36.72222222222222,1.91
SEN009,2026-04-11 05:30:00,34.0,38.6,-18.7
SEN009,,,17.9,26.9
UNKNOWN,,63.0,32.5,21.1
SEN036,,79.0,30.2,
SEN045,2026-08-01 05:30:00,64.0,29.27777777777778,1.21
SEN037,,84.0,24.388888888888893,15.3
SEN038,,79.0,18.0,0.33
SEN035,,78.0,36.3,35.306
SEN027,,74.0,19.9,26.669999999999998
SEN025,,51.0,21.9,13.5
SEN023,,53.0,22.88888888888889,20.6
SEN041,,,21.722222222222218,31.0
SEN018,,59.0,,15.3
SEN009,,49.0,37.6,38.862
SEN002,,,27.4,9.1
SEN011,,83.0,28.72222222222222,-0.1
SEN006,,31.0,19.8,48.00599999999999
SEN025,,87.0,16.5,34.29
SEN018,,33.0,33.388888888888886,11.6
SEN050,,78.0,29.72222222222222,45.8
SEN012,,40.0,20.4,47.6
UNKNOWN,,55.0,,13.0
UNKNOWN,,45.0,32.7,48.8
SEN022,,78.0,15.222222222222221,9.9
SEN035,,85.0,28.77777777777778,8.6
SEN020,,88.0,32.888888888888886,18.1
SEN028,,36.0,30.8,9.6
SEN020,,,22.77777777777778,22.6
SEN003,,40.0,35.0,49.784
SEN027,,80.0,,33.0
SEN020,,,39.1,14.1
SEN016,,,18.0,18.6
SEN025,,68.0,39.9,-39.2
SEN039,,46.0,39.72222222222222,43.4
SEN010,,71.0,24.27777777777778,42.3
SEN041,,90.0,,46.6
SEN021,,71.0,29.27777777777778,-47.2
SEN025,,53.0,17.11111111111111,40.9
SEN002,,61.0,16.2,42.8
SEN023,,41.0,,5.7
SEN044,,74.0,28.88888888888889,1.08
SEN039,,,27.7,41.3
SEN013,,,38.6,2.2
SEN017,,,22.722222222222225,41.1
SEN020,,77.0,31.4,1.04
SEN013,,74.0,33.0,30.2
SEN013,,81.0,31.22222222222222,46.99
SEN009,,57.0,,23.9
SEN027,,,34.388888888888886,-27.8
SEN034,,90.0,,47.7
SEN035,,73.0,23.3,7.2
SEN037,,73.0,21.0,23.114
SEN018,,75.0,39.111111111111114,11.7
SEN005,,69.0,30.27777777777778,-48.0
SEN004,,,20.4,43.9
SEN011,,80.0,29.77777777777778,27.8
SEN013,,95.0,24.777777777777775,36.1
SEN043,,51.0,23.6,40.386
SEN020,,58.0,,31.9
SEN033,,51.0,34.1,42.5
SEN010,,42.0,19.8,27.7
SEN048,,62.0,26.999999999999996,
SEN049,,73.0,33.111111111111114,13.3
SEN017,,34.0,,5.3
SEN036,,60.0,24.499999999999996,31.496
SEN047,,,36.22222222222222,-2.4
SEN040,,34.0,21.8,34.4
SEN008,,88.0,,16.509999999999998
SEN040,,87.0,23.0,25.3
SEN003,,78.0,26.3,-11.1
SEN006,,56.0,32.72222222222222,36.9
SEN007,,75.0,24.3,41.5
SEN001,,48.0,31.22222222222222,
SEN006,,,26.0,17.7
SEN046,,93.0,,16.9
SEN005,,58.0,,41.65599999999999
SEN049,,,18.22222222222222,32.7
SEN036,,95.0,24.72222222222222,45.211999999999996
SEN013,,33.0,31.5,45.9
UNKNOWN,,64.0,19.0,6.0
SEN026,,76.0,16.11111111111111,21.0
UNKNOWN,,74.0,,22.5
SEN034,,37.0,34.111111111111114,-41.7
SEN050,,31.0,32.111111111111114,14.8
SEN037,,54.0,30.4,45.466
SEN035,,39.0,30.88888888888889,33.6
SEN033,,52.0,38.0,42.6
UNKNOWN,,64.0,35.0,8.7
SEN012,,45.0,33.2,40.4
SEN019,,39.0,16.88888888888889,1.44
SEN004,,73.0,25.8,29.9
SEN046,,45.0,36.2,-32.7
SEN036,,42.0,30.1,-32.6
SEN021,,47.0,36.3,7.1
SEN010,,69.0,,1.71
SEN037,,73.0,,13.6
SEN030,,,,19.4
SEN046,,79.0,32.22222222222222,19.3
SEN029,,34.0,21.38888888888889,20.1
SEN006,,47.0,17.5,24.6
SEN024,,36.0,29.8,34.3
SEN007,,,17.1,
SEN037,,47.0,21.3,17.4
SEN001,,,26.0,40.3
SEN016,2026-02-12 05:30:00,33.0,17.2,7.2
SEN041,,68.0,19.777777777777775,42.418
SEN029,,40.0,19.72222222222222,26.669999999999998
SEN003,,34.0,23.000000000000004,0.79
SEN001,,89.0,23.0,0.58
SEN011,,,28.9,
SEN040,,43.0,38.6,27.2
SEN022,,59.0,30.5,18.287999999999997
SEN044,,39.0,26.1,-23.5
SEN032,,60.0,26.77777777777778,-7.9
SEN025,,84.0,37.6,40.8
SEN009,,58.0,22.6,36.8
SEN025,,81.0,32.1,5.1
SEN015,,66.0,20.1,49.3
SEN015,,82.0,31.5,10.413999999999998
SEN003,,88.0,,23.9
SEN045,,50.0,17.77777777777778,39.116
SEN037,,87.0,38.0,19.812
SEN050,,32.0,37.22222222222222,30.733999999999998
SEN018,,65.0,24.388888888888893,42.1
SEN032,,70.0,28.61111111111111,4.3180000000000005
SEN027,,51.0,38.8,-0.8
SEN028,,47.0,,35.306
SEN027,,,,13.2
SEN028,2026-01-17 05:30:00,60.0,27.61111111111111,-7.0
SEN002,,58.0,31.72222222222222,1.54
SEN035,,,28.2,0.2
SEN004,,81.0,29.3,12.7
SEN015,,37.0,39.0,
SEN027,,76.0,39.27777777777778,30.2
SEN012,,66.0,27.9,31.6
SEN004,,,17.5,-30.1
SEN008,,42.0,28.4,46.8
SEN039,,42.0,,10.8
SEN029,,67.0,33.27777777777778,37.8
SEN020,,85.0,20.222222222222225,-26.2
SEN025,,44.0,25.1,-32.6
SEN037,,63.0,27.88888888888889,37.9
SEN046,,33.0,26.8,16.4
SEN037,,94.0,22.1,22.5
SEN014,,36.0,30.1,44.704
SEN030,,45.0,,34.0
SEN003,,70.0,,29.2
SEN019,,68.0,37.888888888888886,3.9
SEN034,,59.0,28.2,48.3
SEN038,,42.0,24.88888888888889,-3.3
SEN002,,36.0,26.888888888888893,8.5
SEN040,,65.0,,10.4
SEN040,,86.0,24.4,
SEN047,,,27.9,-38.7
SEN002,,81.0,32.1,23.0
SEN001,,64.0,31.72222222222222,11.937999999999999
SEN026,,76.0,30.27777777777778,43.1
SEN045,,95.0,37.72222222222222,-34.2
SEN015,,86.0,24.388888888888893,24.383999999999997
SEN047,,58.0,,46.7
SEN029,,94.0,23.5,3.2
SEN022,,81.0,35.5,31.496
SEN015,,79.0,,45.7
SEN032,,88.0,38.22222222222222,24.637999999999998
SEN016,,36.0,33.3,30.6
SEN023,,48.0,22.5,35.1
SEN008,,,28.7,49.022
SEN050,,93.0,32.611111111111114,
SEN006,,43.0,36.5,-31.2
SEN006,,,26.0,43.9
SEN009,,50.0,19.8,11.2
SEN048,,93.0,17.38888888888889,39.8
SEN012,,50.0,27.88888888888889,0.52
SEN037,,86.0,,43.1
SEN003,,,23.22222222222222,-45.6
SEN006,,66.0,18.1,11.43
SEN019,,95.0,24.0,31.5
SEN011,,,28.77777777777778,39.37
SEN010,2026-09-06 05:30:00,32.0,16.8,41.148
SEN026,,47.0,24.222222222222218,41.2
SEN042,,56.0,,10.5
SEN018,,65.0,24.88888888888889,37.2
SEN022,,,,24.8
SEN019,,,23.3,32.4
SEN005,,69.0,,0.93
SEN018,,73.0,24.388888888888893,5.0
SEN017,,,31.2,36.0
UNKNOWN,,61.0,33.5,25.5
SEN022,,88.0,25.38888888888889,16.2
SEN048,,31.0,20.72222222222222,9.143999999999998
SEN013,2026-01-31 05:30:00,95.0,26.9,24.5
SEN040,,,30.7,16.256
SEN023,,,18.3,27.3
SEN005,,,17.8,38.6
SEN026,,92.0,32.22222222222222,1.57
SEN049,,87.0,19.222222222222218,38.3
SEN010,,,25.7,14.7
SEN024,,93.0,40.0,4.7
SEN040,,61.0,28.5,
SEN044,,45.0,19.777777777777775,38.3
SEN031,,45.0,34.111111111111114,18.034
SEN019,,44.0,,-36.2
SEN013,,30.0,18.1,33.9
SEN044,,,21.4,15.5
SEN048,,82.0,37.77777777777778,44.196
SEN040,,52.0,27.277777777777775,
SEN035,,51.0,37.4,34.29
SEN012,,42.0,,36.6
SEN048,,48.0,,26.669999999999998
SEN045,,,21.2,-23.4
SEN043,,95.0,,1.65
SEN020,,94.0,15.88888888888889,41.3
SEN007,,52.0,39.5,31.3
SEN033,,31.0,22.3,28.8
UNKNOWN,,64.0,26.4,21.59
SEN012,,,,-30.2
SEN045,,35.0,21.3,26.6
SEN004,,72.0,26.27777777777778,0.14
SEN018,,,32.1,37.8
SEN019,,57.0,,20.2
SEN041,,,16.27777777777778,29.2
SEN007,,47.0,35.8,9.143999999999998
SEN043,,74.0,24.6,15.6
SEN010,,93.0,15.11111111111111,6.604
SEN007,,89.0,25.3,-41.4
SEN048,,71.0,35.888888888888886,7.1
SEN023,,31.0,37.611111111111114,34.0
SEN003,,35.0,21.38888888888889,32.0
SEN029,,,36.22222222222222,38.0
SEN045,,35.0,20.0,-7.7
SEN045,,72.0,27.277777777777775,16.002
SEN014,,59.0,17.5,20.4
SEN017,,88.0,19.0,22.6
SEN041,,58.0,16.5,30.733999999999998
SEN022,,36.0,16.61111111111111,19.304
SEN050,,84.0,15.777777777777779,4.2
SEN036,,61.0,30.2,10.3
SEN038,,74.0,26.5,22.2
SEN038,,63.0,37.388888888888886,1.21
SEN028,,95.0,29.27777777777778,6.8
SEN009,,47.0,16.5,2.9
SEN012,,,,12.9
UNKNOWN,,53.0,18.88888888888889,43.942
SEN047,,58.0,19.1,-49.1
SEN032,,60.0,39.2,19.812
SEN023,,33.0,34.888888888888886,-23.7
SEN043,,49.0,20.611111111111107,3.0
SEN001,,67.0,,3.302
SEN039,,49.0,,5.9
SEN017,,78.0,25.27777777777778,1.4
SEN045,,57.0,28.22222222222222,20.9
SEN028,,78.0,20.7,0.1
SEN022,,47.0,,32.9
SEN024,,58.0,,40.2
SEN031,,64.0,33.2,29.5
SEN013,,81.0,30.2,-45.0
SEN043,,83.0,21.8,1.66
SEN044,,62.0,38.111111111111114,43.3
SEN042,,66.0,36.611111111111114,-40.8
SEN025,,79.0,30.9,23.875999999999998
SEN019,,48.0,33.888888888888886,2.5
SEN033,,76.0,20.27777777777778,7.9
SEN042,,95.0,36.3,20.9
SEN040,,,32.7,0.508
SEN017,,89.0,20.5,9.398
SEN022,,73.0,26.999999999999996,0.86
SEN021,,39.0,18.0,34.0
SEN034,,34.0,23.2,17.7
SEN035,,58.0,15.0,48.2
SEN036,,39.0,,8.0
SEN039,,44.0,34.111111111111114,35.3
SEN040,,39.0,22.6,0.39
SEN010,,67.0,29.38888888888889,
SEN017,,93.0,19.499999999999996,46.3
SEN047,,83.0,25.1,48.4
SEN044,,94.0,22.11111111111111,1.84
SEN007,,32.0,,40.0
SEN011,,53.0,,-15.7
SEN016,,56.0,26.1,14.5
SEN010,,,,0.69
SEN020,,93.0,26.3,-19.4
SEN041,,47.0,,13.2
SEN038,,52.0,22.2,
SEN042,,68.0,35.6,-10.6
SEN028,,33.0,38.4,21.59
SEN046,,50.0,19.9,36.7
SEN044,,49.0,37.111111111111114,15.9
SEN039,,37.0,25.11111111111111,32.004
SEN049,,56.0,23.7,26.2
SEN029,,38.0,35.9,31.241999999999997
SEN003,,79.0,38.77777777777778,3.8
SEN014,,83.0,29.38888888888889,41.91
SEN004,,92.0,29.72222222222222,14.477999999999998
SEN025,,47.0,,40.0
SEN011,,39.0,21.5,31.2
SEN050,,42.0,36.72222222222222,8.1
SEN050,,43.0,,6.095999999999999
SEN022,,39.0,26.888888888888893,-30.0
SEN016,,88.0,18.3,35.7
SEN021,,73.0,38.27777777777778,-40.1
SEN009,,89.0,18.277777777777782,13.462
SEN016,,40.0,35.72222222222222,5.08
SEN013,,66.0,15.7,13.462
SEN027,,53.0,36.77777777777778,24.4
SEN013,,82.0,25.888888888888886,39.7
SEN011,,66.0,,41.148
SEN008,,66.0,15.2,14.8
SEN040,,91.0,34.9,1.63
SEN037,,68.0,20.9,-20.8
SEN020,,53.0,32.5,46.7
SEN015,,95.0,34.6,14.1
UNKNOWN,,84.0,,40.386
SEN029,,45.0,25.4,20.066
SEN007,,86.0,30.3,36.8
SEN014,2026-05-23 05:30:00,33.0,39.7,-42.5
SEN031,2026-08-31 05:30:00,63.0,33.72222222222222,4.826
SEN013,,47.0,18.3,2.3
SEN030,,32.0,34.0,30.225999999999996
SEN049,,60.0,,36.57599999999999
SEN036,,95.0,34.611111111111114,-27.0
SEN028,,36.0,,7.8
SEN029,,37.0,33.888888888888886,23.6
SEN047,,50.0,35.77777777777778,
SEN025,,44.0,39.5,22.1
SEN015,,59.0,16.6,-3.0
SEN012,,49.0,28.7,40.3
SEN038,,59.0,33.5,0.26
SEN040,,88.0,29.1,-31.5
SEN039,,84.0,22.0,30.4
SEN038,,91.0,21.22222222222222,26.4
SEN009,,48.0,32.388888888888886,-12.9
SEN048,,,15.38888888888889,
SEN033,,38.0,36.0,0.47
SEN028,,37.0,,48.8
SEN046,,54.0,39.3,8.3
SEN050,,30.0,,38.0
SEN001,,92.0,34.72222222222222,0.46
UNKNOWN,,86.0,29.3,20.5
SEN007,,,27.6,-40.0
SEN021,,35.0,19.4,20.3
SEN017,,92.0,16.38888888888889,1.03
SEN006,,65.0,16.38888888888889,17.8
SEN049,,69.0,32.611111111111114,19.5
SEN014,,,15.9,7.874
SEN046,,49.0,21.8,28.1
SEN023,,72.0,20.9,16.6
UNKNOWN,,,17.2,33.2
SEN017,,,15.38888888888889,23.114
SEN016,,49.0,26.722222222222218,
SEN007,,30.0,22.4,16.5
SEN015,,74.0,20.0,-38.6
SEN010,,81.0,,19.8
SEN042,,67.0,,3.6
SEN004,,88.0,32.388888888888886,10.1
SEN030,,73.0,,
SEN036,,63.0,33.0,29.2
SEN009,,62.0,15.6,24.0
SEN007,,,18.5,
SEN026,,68.0,39.388888888888886,44.704
SEN030,,62.0,29.4,15.748
SEN019,,44.0,37.5,-41.5
SEN006,,69.0,28.72222222222222,-43.8
SEN040,,52.0,15.222222222222221,-0.8
SEN026,,41.0,,-29.9
SEN044,,,,1.45
SEN050,,35.0,34.0,0.2
SEN043,,85.0,26.6,44.5
SEN007,,41.0,29.27777777777778,40.3
UNKNOWN,,36.0,,49.022
SEN021,,,36.2,24.2
SEN010,,71.0,26.611111111111114,1.06
SEN040,,74.0,28.111111111111107,6.9
SEN017,,,29.11111111111111,-44.7
SEN024,,,35.388888888888886,2.9
SEN009,,74.0,36.5,28.0
SEN007,,80.0,20.38888888888889,30.225999999999996
SEN020,,69.0,27.6,25.2
SEN027,,,22.277777777777775,21.1
SEN006,,,,8.1
SEN006,,33.0,25.4,3.302
SEN032,,68.0,25.777777777777782,48.3
SEN036,,64.0,29.9,46.9
SEN036,,61.0,23.2,24.1
SEN003,,76.0,33.0,0.45
SEN037,,30.0,17.1,-16.4
SEN024,,39.0,18.3,1.96
SEN023,,70.0,25.222222222222225,32.512
SEN011,,62.0,,37.6
SEN032,,32.0,17.6,38.0
SEN011,,,34.0,19.7
SEN035,,87.0,31.9,25.2
SEN027,,45.0,26.38888888888889,46.8
SEN038,,42.0,27.8,22.86
SEN017,,53.0,15.277777777777779,23.9
SEN031,,54.0,,16.0
SEN019,,,23.22222222222222,23.875999999999998
UNKNOWN,,82.0,29.27777777777778,32.9
UNKNOWN,,30.0,,32.004
SEN015,,57.0,23.388888888888886,13.2
SEN047,,79.0,16.38888888888889,37.1
SEN043,,62.0,26.2,-43.1
SEN045,,51.0,23.72222222222222,7.874
UNKNOWN,,,23.388888888888886,42.0
SEN008,,,20.5,32.8
SEN024,,84.0,,-19.4
SEN003,,52.0,16.5,-18.0
UNKNOWN,,94.0,16.72222222222222,1.12
UNKNOWN,,57.0,34.111111111111114,-47.7
SEN037,,68.0,17.9,-6.1
SEN049,,,39.8,29.3
SEN009,,58.0,,26.1
SEN050,,79.0,32.8,26.7
SEN011,,44.0,35.611111111111114,4.8
SEN025,,69.0,31.1,36.3
SEN050,,45.0,18.77777777777778,43.9
SEN022,,33.0,38.77777777777778,32.8
SEN032,,35.0,,19.5
SEN044,,67.0,,41.3
SEN023,,69.0,37.9,27.1
SEN015,,67.0,18.9,18.8
SEN044,,32.0,,
SEN008,,42.0,,1.4
SEN007,,65.0,35.888888888888886,14.1
SEN045,,80.0,19.111111111111114,26.5
SEN042,,,28.2,41.4
SEN046,,37.0,19.88888888888889,48.1
SEN025,,94.0,33.22222222222222,-34.9
SEN035,,35.0,32.611111111111114,14.985999999999999
SEN005,,72.0,23.8,-19.2
UNKNOWN,,36.0,21.22222222222222,38.6
SEN025,,71.0,28.3,9.2
UNKNOWN,,58.0,21.6,-24.2
SEN042,,75.0,17.8,26.162
SEN048,,,,48.3
SEN007,,86.0,26.1,-4.3
SEN021,,43.0,,2.3
SEN024,,93.0,19.88888888888889,26.0
SEN004,,49.0,26.2,6.2
SEN035,,83.0,26.22222222222222,1.23
SEN035,,85.0,36.4,34.1
SEN010,,59.0,22.4,23.368
SEN031,,89.0,17.6,11.684
SEN042,,35.0,28.4,32.004
SEN025,,41.0,29.0,32.4
UNKNOWN,,31.0,16.38888888888889,-49.5
SEN014,,35.0,24.4,-5.4
SEN031,,76.0,16.27777777777778,9.143999999999998
SEN017,,55.0,29.22222222222222,28.8
SEN010,,89.0,36.4,42.6
SEN047,,41.0,,42.2
SEN042,2026-03-30 05:30:00,,,
SEN044,,95.0,24.777777777777775,6.3
SEN046,,53.0,19.388888888888893,6.9
SEN019,,86.0,17.8,2.6
SEN044,,76.0,31.7,
SEN021,,,15.9,45.0
SEN017,,89.0,24.4,34.3
SEN047,,64.0,25.4,44.9
SEN019,,45.0,15.222222222222221,25.7
SEN028,,74.0,31.72222222222222,35.6
SEN007,,94.0,23.88888888888889,1.92
SEN028,,55.0,,
SEN017,,43.0,,35.2
SEN044,,88.0,40.0,47.5
SEN024,,32.0,35.72222222222222,32.766
SEN034,,73.0,27.11111111111111,2.6
SEN046,,77.0,21.4,6.35
SEN042,,83.0,,5.1
SEN018,,78.0,30.2,42.1
SEN030,,87.0,36.1,1.78
SEN002,,,30.11111111111111,1.47
SEN008,,61.0,,38.099999999999994
SEN032,,73.0,24.111111111111114,3.4
SEN021,,61.0,,37.337999999999994
SEN014,,45.0,24.3,49.022
SEN026,,78.0,34.2,9.906
SEN014,,76.0,28.77777777777778,36.3
SEN008,,79.0,33.6,9.3
SEN036,,94.0,,14.2
UNKNOWN,,83.0,38.7,24.383999999999997
SEN008,,42.0,,16.1
SEN023,,43.0,38.8,1.45
SEN001,,76.0,28.000000000000004,44.1
SEN040,,48.0,,1.07
SEN028,,64.0,32.0,39.4
SEN011,,,33.72222222222222,26.6
UNKNOWN,,78.0,28.5,13.6
SEN010,,49.0,32.388888888888886,16.9
SEN003,,81.0,22.7,13.2
SEN026,,34.0,39.2,-9.6
SEN024,,61.0,26.611111111111114,10.6
SEN032,,,28.5,0.89
SEN038,,41.0,22.61111111111111,31.6
SEN008,,70.0,15.4,47.7
SEN004,,30.0,,0.46
SEN037,,91.0,20.11111111111111,-47.7
SEN033,,35.0,17.11111111111111,31.6
SEN009,,83.0,17.8,39.2
SEN014,,43.0,20.0,0.2
SEN038,,54.0,34.111111111111114,15.748
SEN032,,53.0,22.0,24.0
SEN012,,80.0,30.1,24.2
SEN019,,,22.61111111111111,25.7
UNKNOWN,,77.0,35.888888888888886,29.209999999999997
SEN015,,79.0,30.3,11.0
SEN007,,46.0,19.222222222222218,3.556
SEN017,,82.0,25.3,40.3
UNKNOWN,,,39.3,14.4
SEN010,,72.0,30.72222222222222,29.463999999999995
SEN024,,55.0,24.1,49.4
SEN044,,51.0,19.222222222222218,20.827999999999996
SEN033,,30.0,,34.9
SEN009,,87.0,31.4,0.53
SEN050,,69.0,,
SEN010,,77.0,24.72222222222222,3.5
SEN013,,77.0,26.4,43.942
SEN036,,,,9.9
SEN008,,57.0,33.111111111111114,22.86
SEN032,,77.0,29.77777777777778,43.9
SEN023,,90.0,40.0,18.9
SEN029,,42.0,20.611111111111107,-35.0
SEN003,,52.0,28.88888888888889,29.5
SEN026,,86.0,17.38888888888889,5.0
SEN018,,35.0,22.0,3.2
SEN018,,41.0,31.9,46.1
SEN029,,95.0,37.7,7.3
UNKNOWN,,57.0,37.5,27.432
SEN006,,58.0,27.4,16.002
SEN029,,68.0,,5.4
SEN001,,,15.38888888888889,-4.4
SEN016,,43.0,20.6,1.62
SEN018,,92.0,25.3,11.7
SEN035,,61.0,25.777777777777782,33.019999999999996
SEN039,,45.0,,0.4
SEN016,,42.0,29.0,33.9
SEN011,,58.0,36.111111111111114,7.7
SEN005,,52.0,19.0,0.15
SEN046,,84.0,30.27777777777778,39.4
SEN014,,33.0,,0.48
SEN009,,82.0,37.1,26.8
SEN016,,33.0,31.72222222222222,0.9
SEN034,,36.0,18.2,38.7
SEN047,,,19.72222222222222,49.275999999999996
SEN037,,51.0,21.9,0.59
SEN028,,38.0,24.388888888888893,30.4
SEN022,,63.0,20.888888888888886,27.8
SEN003,,60.0,,22.605999999999998
SEN033,,35.0,16.2,39.37
SEN008,,37.0,29.38888888888889,26.924
SEN035,,76.0,27.8,16.7
SEN025,,76.0,16.3,24.7
SEN020,,52.0,33.72222222222222,22.0
SEN028,,44.0,23.5,
SEN010,,50.0,,37.8
SEN028,,81.0,35.111111111111114,43.1
SEN038,,86.0,37.22222222222222,15.748
SEN041,,60.0,15.88888888888889,5.6
SEN017,,39.0,17.3,
SEN031,,91.0,16.7,38.6
SEN028,,,,27.4
SEN036,,,19.7,21.6
SEN009,,33.0,31.8,5.6
SEN008,,57.0,,0.88
SEN006,,62.0,31.2,9.652
SEN018,,66.0,18.6,26.924
SEN019,,35.0,25.27777777777778,0.7
SEN021,,92.0,,1.34
SEN030,,60.0,20.1,37.3
SEN009,,46.0,37.888888888888886,
SEN049,,85.0,28.8,40.2
SEN046,,93.0,32.3,37.592
SEN032,,89.0,,3.6
SEN011,,31.0,31.2,28.194000000000003
SEN032,,59.0,26.3,26.4
SEN035,,95.0,26.888888888888893,5.6
SEN006,,30.0,,
SEN050,,31.0,16.88888888888889,20.32
SEN023,,57.0,36.5,
SEN027,,36.0,35.27777777777778,17.525999999999996
SEN048,,31.0,17.22222222222222,0.6
UNKNOWN,,,32.1,4.4
SEN040,,79.0,23.61111111111111,9.4
SEN027,,55.0,,-33.7
SEN001,,49.0,21.1,21.1
SEN004,,65.0,39.611111111111114,49.4
SEN041,,58.0,24.0,4.064
SEN019,,,15.0,1.59
SEN041,,61.0,,-7.0
SEN041,,94.0,35.27777777777778,46.8
SEN043,2026-03-28 05:30:00,,16.0,34.6
SEN048,,57.0,16.72222222222222,6.7
SEN023,,86.0,,1.02
SEN050,,48.0,22.77777777777778,3.556
SEN003,,78.0,,
SEN049,,78.0,38.888888888888886,
SEN020,,37.0,20.38888888888889,27.7
SEN034,,,31.88888888888889,-42.8
SEN017,,84.0,32.611111111111114,-32.1
SEN006,,31.0,31.11111111111111,44.5
SEN025,,,20.9,24.0
SEN010,,43.0,38.27777777777778,20.3
SEN013,,46.0,25.1,49.529999999999994
SEN029,,79.0,36.6,5.6
SEN016,,54.0,20.2,34.798
SEN013,,56.0,,24.2
SEN010,,83.0,31.3,24.4
SEN001,,47.0,27.22222222222222,17.0
SEN022,,60.0,36.5,0.73
SEN025,,90.0,19.3,31.1
SEN050,,63.0,,33.782
SEN039,,57.0,22.7,30.0
SEN039,,36.0,24.777777777777775,13.97
SEN008,,,24.61111111111111,34.544000000000004
SEN014,,61.0,15.9,25.1
SEN001,,44.0,23.111111111111107,13.7
SEN007,,39.0,38.2,34.8
SEN013,,40.0,38.2,39.7
SEN043,,42.0,31.5,27.178
SEN007,,52.0,33.5,11.3
SEN041,,32.0,19.0,0.08
SEN040,,94.0,19.4,-48.2
SEN044,,70.0,,39.9
SEN050,,47.0,16.22222222222222,9.0
SEN035,,,25.27777777777778,-10.0
SEN019,,94.0,39.388888888888886,9.7
SEN015,,38.0,37.3,4.5
SEN036,,48.0,29.8,4.9
SEN041,,,17.27777777777778,48.513999999999996
SEN045,,88.0,,33.782
SEN012,,46.0,36.0,5.3
SEN025,,89.0,39.0,0.32
SEN039,,60.0,33.5,46.1
SEN010,,52.0,18.388888888888886,24.8
SEN013,,66.0,20.611111111111107,6.35
SEN036,,63.0,20.38888888888889,16.7
SEN028,,85.0,21.8,36.8
SEN006,,56.0,37.22222222222222,19.812
SEN009,,95.0,18.2,43.942
SEN033,,39.0,,28.448
SEN033,,92.0,17.2,39.1
SEN026,,47.0,26.27777777777778,-4.0
SEN040,,95.0,17.61111111111111,-33.9
SEN025,,32.0,34.9,39.1
SEN031,,73.0,21.7,0.4
SEN042,,41.0,39.888888888888886,32.257999999999996
SEN042,,46.0,23.111111111111107,43.6
SEN012,,,32.111111111111114,23.3
SEN022,,76.0,18.2,43.0
SEN005,,78.0,27.2,19.2
SEN003,,74.0,27.5,48.2
SEN029,,76.0,24.72222222222222,-21.0
UNKNOWN,,,34.611111111111114,34.036
UNKNOWN,,90.0,26.5,
SEN050,,67.0,18.277777777777782,0.71
SEN027,,57.0,17.6,47.8
SEN003,,56.0,28.77777777777778,32.004
SEN038,,45.0,23.1,41.401999999999994
SEN019,,73.0,23.388888888888886,9.5
SEN014,,80.0,37.0,21.0
SEN037,,50.0,30.11111111111111,30.225999999999996
SEN024,,38.0,34.27777777777778,39.624
SEN004,,62.0,25.9,-22.5
SEN011,,,32.2,26.162
SEN027,,61.0,23.88888888888889,
SEN010,,31.0,31.5,25.4
UNKNOWN,,,,38.1
SEN039,,58.0,21.5,
SEN028,,89.0,15.11111111111111,46.3
SEN036,,,30.5,47.5
SEN036,,55.0,28.1,4.0
SEN039,,91.0,22.722222222222225,26.924
SEN027,,94.0,20.38888888888889,18.1
SEN036,,60.0,21.5,9.4
SEN034,,32.0,36.888888888888886,
SEN048,,50.0,33.0,32.7
SEN046,,58.0,33.27777777777778,
SEN018,,47.0,,24.892
SEN017,,,31.72222222222222,46.99
SEN014,,48.0,19.9,14.1
SEN040,,77.0,39.111111111111114,11.937999999999999
SEN044,,50.0,19.111111111111114,47.2
SEN030,,70.0,39.27777777777778,46.9
SEN002,,38.0,32.6,39.7
SEN023,,34.0,32.888888888888886,
SEN006,,85.0,27.5,27.4
SEN005,,60.0,,-34.3
SEN035,,68.0,34.27777777777778,1.38
SEN007,,64.0,16.7,38.0
SEN031,,56.0,37.4,1.94
UNKNOWN,,34.0,30.88888888888889,11.684
SEN002,,66.0,23.5,29.7
SEN018,,86.0,16.6,28.7
SEN010,,95.0,23.9,30.7
SEN048,,30.0,24.72222222222222,1.65
SEN016,,74.0,28.5,9.5
SEN048,,88.0,20.9,
SEN029,,,18.6,1.89
SEN006,,64.0,17.6,11.43
SEN033,,49.0,31.4,
SEN047,,,30.6,48.513999999999996
SEN048,,83.0,31.77777777777778,29.2
SEN050,,40.0,,1.0
SEN036,,55.0,30.2,1.89
SEN035,,86.0,18.22222222222222,1.45
SEN034,,,36.27777777777778,11.176
SEN009,,58.0,19.388888888888893,3.302
SEN017,,31.0,22.8,41.0
SEN049,,54.0,,42.7
UNKNOWN,,,39.611111111111114,18.5
SEN048,,92.0,15.2,45.7
UNKNOWN,,84.0,35.9,7.5
SEN027,,77.0,30.5,18.034
SEN031,,44.0,16.27777777777778,7.3
SEN001,,92.0,21.0,9.9
SEN050,,46.0,32.8,1.54
SEN015,,54.0,,6.9
SEN012,,37.0,32.888888888888886,20.0
SEN015,,57.0,27.38888888888889,42.7
SEN007,,35.0,17.0,32.1
SEN012,,70.0,29.7,49.9
SEN032,,46.0,26.4,29.8
SEN044,,53.0,29.5,1.8
SEN019,,51.0,27.61111111111111,-0.2
UNKNOWN,,89.0,,
SEN021,,83.0,18.77777777777778,32.2
SEN029,,69.0,27.11111111111111,43.5
SEN036,,90.0,32.6,21.8
SEN037,,46.0,34.9,4.0
SEN006,,49.0,39.0,29.8
SEN008,,33.0,23.5,0.4
SEN032,,56.0,,22.8
SEN029,,72.0,,10.413999999999998
SEN038,,80.0,22.38888888888889,-2.0
SEN040,,85.0,33.2,45.4
SEN014,,69.0,34.3,-38.3
SEN010,,86.0,16.3,35.0
SEN041,,49.0,16.88888888888889,23.6
SEN028,,85.0,37.5,16.002
UNKNOWN,,89.0,30.6,12.2
SEN013,,75.0,18.6,40.4
SEN046,,67.0,28.0,1.3
SEN017,,91.0,35.8,-6.4
SEN038,,32.0,15.8,4.826
UNKNOWN,,49.0,36.6,4.8
SEN007,,82.0,15.4,0.08
SEN010,,,35.611111111111114,33.528
SEN021,,72.0,39.4,0.4
UNKNOWN,,86.0,24.72222222222222,-21.2
SEN014,,39.0,23.9,11.5
SEN023,,60.0,16.5,18.287999999999997
SEN050,,60.0,29.72222222222222,
SEN011,,90.0,18.277777777777782,19.6
SEN005,,91.0,31.72222222222222,-12.9
UNKNOWN,,60.0,,4.3
SEN036,,68.0,28.7,-12.0
SEN002,,34.0,34.388888888888886,29.0
SEN033,,49.0,39.388888888888886,37.8
SEN008,,85.0,,4.8
UNKNOWN,,91.0,18.3,-34.0
SEN050,,70.0,31.3,18.8
SEN014,,94.0,30.4,0.1
UNKNOWN,,77.0,35.611111111111114,46.0
SEN009,,65.0,38.6,-20.7
SEN030,,55.0,26.77777777777778,31.2
SEN038,,70.0,37.9,38.608
SEN027,,38.0,36.611111111111114,32.0
SEN049,,38.0,39.8,16.9
SEN011,,49.0,23.2,37.9
SEN033,,,,9.398
SEN017,,34.0,34.4,
SEN027,,69.0,16.7,46.1
SEN049,,73.0,36.0,9.7
SEN026,2026-09-03 05:30:00,53.0,16.5,1.016
SEN014,,51.0,28.1,-18.0
SEN034,,78.0,17.27777777777778,40.2
SEN044,,54.0,36.111111111111114,25.5
SEN019,,33.0,30.72222222222222,45.5
SEN009,,54.0,22.88888888888889,35.3
SEN024,,35.0,29.9,38.8
SEN023,2026-07-14 05:30:00,89.0,28.3,42.7
SEN048,,80.0,17.11111111111111,40.0
SEN040,,59.0,,0.04
SEN010,,,18.6,-18.3
SEN011,,50.0,27.3,2.7
SEN009,2026-07-30 05:30:00,71.0,19.7,0.06
SEN049,,83.0,37.888888888888886,33.274
SEN013,,88.0,21.38888888888889,13.3
SEN010,,73.0,33.22222222222222,10.8
SEN050,,41.0,30.0,24.4
SEN005,,94.0,17.6,11.684
SEN050,,,16.5,11.3
SEN025,,33.0,34.72222222222222,9.398
SEN043,,82.0,22.22222222222222,-36.0
SEN040,,,,4.5
SEN037,,88.0,34.72222222222222,23.6
SEN037,,,,1.76
SEN037,,,36.3,-6.5
SEN021,,32.0,29.2,3.3
SEN005,,77.0,27.22222222222222,43.9
SEN007,,47.0,29.77777777777778,49.4
SEN023,,64.0,34.7,
SEN008,,38.0,22.3,1.0
SEN010,,74.0,17.61111111111111,37.5
SEN027,,45.0,35.111111111111114,39.5
SEN017,,55.0,17.7,41.0
SEN048,,50.0,36.5,49.6
SEN001,,,20.3,
SEN008,,83.0,,6.8
SEN037,,74.0,20.8,20.9
SEN030,,53.0,17.5,3.4
SEN025,,56.0,,
SEN017,,32.0,36.7,3.6
SEN028,,53.0,22.4,1.05
SEN039,,86.0,28.0,46.5
UNKNOWN,,81.0,15.777777777777779,1.69
SEN006,,74.0,34.611111111111114,-32.2
SEN021,,83.0,31.7,48.1
SEN017,,65.0,28.0,23.875999999999998
SEN049,,59.0,23.6,38.099999999999994
SEN048,,65.0,15.8,18.1
SEN021,,89.0,,10.1
SEN006,,76.0,34.4,26.924
SEN017,,59.0,33.5,11.3
SEN029,,58.0,,30.1
SEN001,,45.0,,-4.4
SEN020,,61.0,34.5,50.0
UNKNOWN,,40.0,20.2,1.04
SEN018,,36.0,26.3,4.571999999999999
SEN042,,32.0,,
SEN037,,61.0,33.611111111111114,37.6
SEN017,,83.0,34.8,0.43
SEN041,,62.0,34.27777777777778,1.17
SEN006,,34.0,27.5,32.3
SEN014,,,30.0,34.6
SEN020,,94.0,33.0,2.794
SEN045,,48.0,28.3,24.1
SEN041,,39.0,,15.5
SEN005,,73.0,20.0,
SEN011,2026-03-27 05:30:00,74.0,33.2,
SEN028,,77.0,25.72222222222222,42.5
SEN008,,,,-42.2
SEN049,,44.0,25.0,1.2
SEN028,,35.0,35.27777777777778,15.2
SEN033,,74.0,36.6,42.1
SEN015,,82.0,34.0,34.4
SEN002,,,,-48.4
SEN004,,58.0,23.111111111111107,21.5
SEN032,,,26.999999999999996,20.32
SEN030,,85.0,30.7,29.3
SEN010,,68.0,18.3,-41.6
SEN001,,85.0,31.4,21.4
SEN044,,32.0,17.4,-42.2
SEN048,,,24.777777777777775,30.9
SEN018,,91.0,29.88888888888889,12.8
SEN005,,80.0,15.38888888888889,
SEN018,,86.0,25.611111111111107,49.3
SEN037,,75.0,,17.5
SEN032,,36.0,33.22222222222222,3.8
SEN013,,55.0,34.5,-36.1
SEN043,,82.0,,11.7
SEN039,,89.0,22.8,18.3
SEN006,,,32.77777777777778,-22.2
SEN006,,32.0,,31.6
SEN020,,53.0,34.8,1.11
SEN006,,78.0,18.77777777777778,24.2
UNKNOWN,,90.0,18.000000000000004,11.1
SEN046,,,28.0,10.0
SEN018,,45.0,31.72222222222222,35.4
SEN007,,72.0,32.3,-31.7
SEN030,,56.0,16.5,-14.6
SEN028,,65.0,21.38888888888889,17.6
SEN025,,83.0,28.111111111111107,5.5
SEN026,,,34.72222222222222,11.0
SEN026,,64.0,23.3,
SEN001,,81.0,39.4,25.2
SEN048,,30.0,33.5,
SEN030,,86.0,27.77777777777778,44.4
SEN002,,58.0,16.5,1.2
SEN034,,91.0,18.5,40.8
SEN040,,,38.0,32.0
UNKNOWN,,53.0,33.2,10.2
SEN004,,82.0,26.611111111111114,11.684
SEN041,,,29.77777777777778,-42.4
SEN019,,76.0,,-31.6
SEN020,,31.0,26.611111111111114,16.8
SEN032,,37.0,36.3,0.7
SEN015,,49.0,20.9,17.4
SEN016,,56.0,,15.6
SEN038,,38.0,34.611111111111114,14.985999999999999
SEN023,2026-04-06 05:30:00,94.0,27.5,3.3
SEN001,,90.0,18.388888888888886,16.6
SEN021,,94.0,19.4,32.9
SEN004,,95.0,37.77777777777778,16.509999999999998
SEN009,,92.0,20.3,23.114
SEN010,,76.0,33.388888888888886,-38.7
SEN021,,49.0,17.11111111111111,-32.3
SEN013,,78.0,29.88888888888889,19.1
SEN048,,68.0,21.5,21.0
SEN031,,72.0,27.722222222222225,17.525999999999996
SEN047,,94.0,,46.1
SEN015,,78.0,27.7,44.4
SEN004,,78.0,37.6,36.068
SEN043,,90.0,28.6,47.6
SEN008,,45.0,31.2,42.418
SEN020,,90.0,25.888888888888886,17.9
SEN042,,89.0,33.72222222222222,40.2
SEN042,,66.0,25.0,19.0
SEN015,,,33.1,0.54
SEN046,,73.0,25.27777777777778,
SEN026,,93.0,38.0,25.1
SEN040,,51.0,16.7,25.5
UNKNOWN,,56.0,23.1,39.624
SEN005,,73.0,31.2,1.87
SEN007,,,19.0,37.8
SEN014,,41.0,21.5,1.81
SEN039,,41.0,30.5,27.178
SEN031,,58.0,32.27777777777778,37.337999999999994
SEN029,,64.0,38.27777777777778,9.1
SEN029,,75.0,36.2,37.5
SEN026,,35.0,33.22222222222222,45.974
SEN021,,94.0,27.9,10.2
SEN008,,72.0,31.7,22.3
SEN043,,74.0,32.5,3.7
SEN006,,77.0,19.1,-33.1
UNKNOWN,,58.0,16.77777777777778,26.9
SEN018,,94.0,25.4,3.8
SEN019,,53.0,39.611111111111114,26.1
SEN013,,61.0,36.1,45.8
SEN033,,32.0,21.5,0.62
SEN023,,71.0,21.5,14.3
SEN034,,83.0,30.3,1.79
SEN024,,63.0,33.2,39.0
SEN011,,44.0,29.88888888888889,22.4
SEN030,,64.0,15.11111111111111,-11.1
SEN002,,56.0,15.2,16.7
UNKNOWN,,82.0,17.0,0.03
SEN014,,91.0,35.388888888888886,29.463999999999995
SEN008,,48.0,39.1,-2.8
UNKNOWN,,58.0,15.9,42.2
SEN037,,43.0,,11.9
SEN038,,67.0,35.2,29.6
SEN024,,54.0,39.1,11.43
SEN031,,90.0,35.388888888888886,40.1
UNKNOWN,,36.0,26.1,46.2
SEN023,,80.0,,19.2
SEN046,,80.0,33.4,21.3
SEN014,,45.0,23.1,-20.4
SEN046,,31.0,32.6,26.6
SEN046,,75.0,15.61111111111111,34.6
UNKNOWN,,50.0,35.22222222222222,-37.3
SEN024,,95.0,17.3,0.56
UNKNOWN,,43.0,30.38888888888889,14.2
SEN025,2026-05-16 05:30:00,79.0,20.1,
SEN014,,83.0,31.61111111111111,40.2
SEN017,,72.0,17.7,31.241999999999997
SEN041,,46.0,,0.83
SEN022,,,32.388888888888886,-34.7
SEN036,,57.0,,23.875999999999998
SEN050,,,16.1,-31.6
SEN042,,33.0,32.5,38.7
SEN036,,87.0,31.88888888888889,5.1
SEN033,,50.0,27.0,4.2
SEN006,,45.0,38.611111111111114,40.0
SEN042,,78.0,21.0,0.9
SEN039,,79.0,26.27777777777778,0.36
SEN036,,37.0,23.9,2.7
SEN006,,63.0,,-2.6
SEN034,,,15.7,22.352
SEN027,,78.0,32.1,1.11
SEN029,,,18.9,
SEN036,,57.0,38.22222222222222,-44.0
SEN011,,44.0,16.4,5.2
SEN016,,69.0,15.5,0.86
SEN029,,94.0,,16.7
SEN044,,36.0,24.2,30.8
SEN039,,73.0,21.888888888888893,43.18
SEN023,,85.0,37.77777777777778,1.9
SEN029,,68.0,22.2,33.019999999999996
SEN042,,34.0,20.5,-20.5
SEN012,,78.0,,10.0
SEN014,,33.0,32.611111111111114,-49.0
SEN029,,90.0,30.77777777777778,47.0
SEN050,,63.0,,49.2
SEN004,,44.0,33.5,12.7
SEN013,,,16.38888888888889,48.0
SEN004,,58.0,30.2,30.8
SEN012,,,18.6,
SEN021,,65.0,,0.72
SEN005,,60.0,29.8,44.4
SEN037,,58.0,27.8,1.64
SEN039,,67.0,37.77777777777778,27.5
SEN050,,74.0,20.8,25.8
SEN016,,49.0,17.4,16.002
SEN043,,60.0,16.27777777777778,-26.5
SEN043,,94.0,,29.7
SEN021,,42.0,38.888888888888886,3.302
SEN030,,56.0,17.4,28.3
SEN014,,,21.77777777777778,41.6
SEN009,,,39.2,0.9
SEN007,,56.0,21.11111111111111,26.7
SEN029,,,16.1,42.2
SEN033,,87.0,17.9,0.97
SEN044,,50.0,,24.2
SEN020,,81.0,21.3,0.13
SEN037,,59.0,36.9,5.6
SEN005,,81.0,31.0,46.3
UNKNOWN,,64.0,36.7,10.2
SEN008,,83.0,32.1,18.541999999999998
SEN050,,55.0,35.3,
SEN014,,37.0,,25.2
UNKNOWN,,45.0,34.8,4.2
SEN013,,65.0,27.7,18.6
SEN012,,,34.27777777777778,23.622
SEN018,,44.0,37.5,15.6
SEN009,,79.0,36.388888888888886,49.9
SEN044,,47.0,23.5,17.3
SEN009,,76.0,31.9,26.7
SEN044,,42.0,31.8,18.541999999999998
SEN006,,,16.5,1.7
SEN035,,72.0,30.3,23.1
SEN039,,35.0,35.9,19.7
SEN005,,39.0,24.1,-32.9
SEN031,,33.0,18.5,4.571999999999999
SEN001,,30.0,,32.5
SEN042,,33.0,36.2,29.0
SEN012,,68.0,20.500000000000004,2.2
SEN012,,48.0,34.611111111111114,48.767999999999994
SEN007,,93.0,34.5,28.9
SEN048,,54.0,27.2,26.6
SEN026,,49.0,,23.4
SEN011,,80.0,18.6,48.8
SEN032,,95.0,19.2,46.6
SEN042,,39.0,18.4,0.7
SEN036,,,22.3,29.9
SEN032,,91.0,,18.9
SEN004,,45.0,16.38888888888889,18.8
SEN006,,43.0,,34.6
SEN027,,43.0,32.5,23.6
SEN004,,74.0,25.72222222222222,39.116
SEN046,,54.0,33.388888888888886,1.56
SEN040,,65.0,33.388888888888886,37.5
SEN010,,57.0,38.9,-9.1
SEN016,,78.0,16.61111111111111,38.5
SEN034,,53.0,21.0,18.3
SEN002,,79.0,23.7,45.7
SEN008,,91.0,33.72222222222222,24.2
SEN043,,79.0,38.6,-9.2
SEN020,,38.0,24.2,39.2
UNKNOWN,,79.0,33.388888888888886,5.0
SEN001,,52.0,21.7,-27.2
SEN021,,30.0,15.38888888888889,16.002
SEN006,,79.0,17.27777777777778,17.2
SEN017,,86.0,21.0,15.8
SEN028,,94.0,19.4,0.508
SEN037,,39.0,20.8,34.29
SEN003,,72.0,,-2.3
SEN041,,,,11.4
SEN008,,85.0,15.1,33.528
SEN008,,72.0,28.72222222222222,38.2
SEN050,,40.0,17.6,4.826
SEN043,,85.0,29.11111111111111,0.63
UNKNOWN,,32.0,16.0,
SEN014,,87.0,18.0,45.2
SEN025,,89.0,37.3,
SEN030,,67.0,24.777777777777775,1.016
SEN029,,36.0,33.9,-46.6
SEN009,,35.0,28.7,45.72
SEN026,,67.0,27.277777777777775,-16.4
SEN004,,43.0,30.0,14.7
SEN032,,30.0,30.2,27.432
SEN022,,59.0,17.77777777777778,22.8
SEN048,,54.0,37.0,36.5
SEN009,,94.0,24.3,48.767999999999994
SEN014,,88.0,,44.5
SEN015,,89.0,33.611111111111114,15.748
SEN031,,77.0,24.499999999999996,0.94
SEN048,,32.0,34.2,13.4
SEN010,,52.0,17.1,5.3
SEN004,,71.0,36.8,38.1
SEN002,,93.0,15.777777777777779,
SEN019,,64.0,,23.1
UNKNOWN,,73.0,27.277777777777775,32.2
SEN008,,37.0,21.722222222222218,-49.4
SEN001,,68.0,,44.0
SEN025,,82.0,19.6,22.2
SEN028,,49.0,39.3,42.418
SEN036,,58.0,32.888888888888886,-5.0
SEN019,,44.0,,35.3
SEN030,,54.0,17.61111111111111,4.3
SEN014,,39.0,21.6,44.3
SEN014,,50.0,,8.7
SEN009,,66.0,40.0,
SEN046,,40.0,27.5,34.0
SEN005,,,37.4,-0.1
SEN021,,,,-46.7
SEN012,,,33.888888888888886,-11.6
SEN028,,62.0,,17.6
SEN011,,94.0,27.2,20.8
SEN044,,62.0,18.000000000000004,44.7
SEN007,,49.0,39.5,40.9
SEN002,,60.0,,11.1
SEN003,,62.0,21.5,43.0
SEN040,,82.0,37.72222222222222,
SEN017,,43.0,29.22222222222222,0.07
SEN050,,92.0,16.5,-31.3
SEN035,,87.0,20.11111111111111,46.3
SEN025,,32.0,39.611111111111114,26.416
SEN047,,59.0,29.5,29.9
SEN041,,33.0,33.2,48.3
UNKNOWN,,86.0,18.8,13.2
SEN022,,85.0,36.4,10.2
SEN042,,84.0,19.777777777777775,45.1
SEN012,,86.0,26.27777777777778,2.032
SEN043,,46.0,21.999999999999996,4.064
SEN016,,63.0,15.1,0.2
SEN023,2026-05-02 05:30:00,68.0,20.1,4.0
SEN012,,,,30.6
SEN019,,34.0,23.4,42.9
SEN012,,48.0,31.38888888888889,36.3
SEN026,,90.0,25.4,-37.2
SEN012,,,24.3,7.6
SEN033,,,17.4,13.2
SEN027,,40.0,21.722222222222218,3.1
SEN028,,40.0,16.11111111111111,12.953999999999999
SEN038,,58.0,23.388888888888886,45.3
SEN018,,,27.5,35.306
SEN017,,53.0,32.22222222222222,16.5
SEN032,,34.0,15.7,30.0
SEN048,,44.0,,49.1
UNKNOWN,,89.0,30.5,20.4
SEN024,,90.0,17.3,1.22
UNKNOWN,,76.0,32.3,48.4
SEN022,,64.0,30.4,0.59
SEN021,,,28.77777777777778,1.21
SEN043,,52.0,30.5,0.7619999999999999
SEN040,,53.0,32.388888888888886,20.9
SEN017,,30.0,39.888888888888886,26.4
SEN014,,58.0,15.11111111111111,26.4
SEN016,,59.0,36.77777777777778,38.1
SEN020,,80.0,34.611111111111114,-38.4
SEN032,,56.0,19.6,2.2
SEN039,,42.0,,0.25
SEN023,,48.0,15.5,11.2
SEN012,,,22.11111111111111,42.3
SEN017,,,24.61111111111111,5.08
SEN017,,,39.6,18.287999999999997
SEN017,,69.0,19.88888888888889,16.9
SEN005,,55.0,17.7,1.27
SEN012,,40.0,29.11111111111111,44.3
SEN006,,,17.4,-4.0
SEN025,,88.0,17.0,5.0
SEN032,,71.0,31.4,34.4
SEN041,,69.0,32.1,14.224
SEN001,,82.0,,-46.5
SEN007,,64.0,,1.96
SEN042,,91.0,28.277777777777782,5.1
SEN045,,31.0,31.9,43.687999999999995
SEN038,,83.0,22.7,28.7
SEN046,,79.0,17.11111111111111,17.272000000000002
SEN004,,38.0,34.111111111111114,
SEN014,,84.0,,0.67
SEN033,,77.0,30.6,33.4
SEN046,,49.0,35.4,3.2
SEN003,,,18.111111111111107,4.571999999999999
SEN046,,90.0,,0.11
SEN008,,86.0,18.5,15.6
SEN011,,36.0,22.5,10.2
SEN013,,30.0,23.72222222222222,50.038
SEN020,,,,15.3
SEN026,,94.0,,49.9
SEN030,,84.0,26.77777777777778,1.27
SEN041,,36.0,30.1,38.8
UNKNOWN,,,30.9,45.7
SEN010,,50.0,35.611111111111114,-8.7
SEN014,,92.0,22.5,4.9
SEN012,,74.0,16.77777777777778,-25.7
SEN018,,53.0,39.6,48.9
SEN020,,42.0,23.88888888888889,28.4
SEN010,,32.0,27.3,13.8
SEN020,,82.0,27.5,-19.7
SEN002,,51.0,29.7,20.6
SEN007,,,17.72222222222222,46.6
SEN017,,31.0,18.77777777777778,46.1
SEN025,,87.0,32.22222222222222,-44.9
SEN001,,88.0,30.1,0.39
UNKNOWN,,81.0,32.6,40.7
SEN001,,60.0,,48.767999999999994
SEN025,,64.0,18.61111111111111,14.1
SEN031,,,16.22222222222222,43.0
SEN036,,66.0,,40.3
SEN019,,,33.611111111111114,12.2
SEN006,,49.0,21.999999999999996,5.7
SEN037,,55.0,38.7,16.0
SEN019,,38.0,30.1,7.7
UNKNOWN,,68.0,18.388888888888886,-1.1
SEN040,,85.0,20.0,-45.4
SEN002,,47.0,19.88888888888889,2.7
SEN033,,37.0,27.5,42.2
SEN045,,41.0,38.2,17.0
SEN031,,48.0,23.0,23.875999999999998
SEN039,2026-01-06 05:30:00,,27.77777777777778,-32.0
SEN038,,95.0,34.2,43.8
SEN033,,82.0,35.7,1.84
SEN004,,91.0,39.888888888888886,46.0
SEN022,,69.0,,8.2
SEN012,,74.0,20.7,
SEN015,,70.0,28.77777777777778,9.0
SEN018,,78.0,15.1,0.93
SEN032,,35.0,24.222222222222218,32.766
SEN037,,90.0,19.777777777777775,38.354
SEN042,,48.0,34.388888888888886,1.91
SEN014,,,27.2,19.7
SEN004,,84.0,37.72222222222222,0.55
SEN010,,89.0,27.7,48.00599999999999
SEN031,,,29.5,15.0
SEN038,,33.0,22.1,29.4
SEN013,,41.0,16.88888888888889,1.95
SEN003,,57.0,,12.7
SEN032,,63.0,21.9,1.63
SEN001,,83.0,32.5,1.778
SEN015,,92.0,16.0,20.8
SEN033,,45.0,35.77777777777778,40.386
UNKNOWN,,43.0,29.22222222222222,25.9
SEN018,,88.0,38.0,-10.7
SEN039,,33.0,21.5,18.5
UNKNOWN,,94.0,28.4,
SEN047,,57.0,,1.778
SEN029,,73.0,27.77777777777778,11.937999999999999
SEN035,,,21.999999999999996,14.985999999999999
SEN022,,52.0,31.22222222222222,24.8
SEN028,,48.0,39.72222222222222,-27.2
SEN009,,,20.611111111111107,28.1
SEN032,,85.0,,18.796
SEN022,,85.0,39.0,22.9
SEN044,,,34.5,-46.8
SEN005,,36.0,,24.5
SEN012,,34.0,16.4,18.2
SEN047,,60.0,27.22222222222222,19.049999999999997
SEN041,,76.0,21.4,29.0
SEN027,,91.0,19.61111111111111,35.1
UNKNOWN,,32.0,36.111111111111114,45.2
SEN010,,74.0,20.777777777777782,21.6
SEN041,,31.0,26.6,7.3
SEN017,,33.0,31.61111111111111,15.1
SEN012,,59.0,30.27777777777778,-22.1
SEN038,,75.0,17.6,-4.1
SEN013,,73.0,36.5,40.4
SEN032,,62.0,30.3,43.4
SEN047,,74.0,30.9,-37.5
SEN027,,,19.88888888888889,0.15
SEN003,,38.0,36.888888888888886,42.418
SEN031,,44.0,16.22222222222222,30.4
UNKNOWN,,68.0,25.500000000000004,41.1
SEN031,,87.0,37.4,39.6
SEN012,,,19.777777777777775,1.65
SEN008,,42.0,37.111111111111114,5.334
SEN016,,49.0,20.0,5.2
SEN045,,65.0,37.6,46.2
SEN025,,37.0,32.1,-11.8
SEN023,,,30.7,12.1
SEN042,,58.0,24.6,4.2
SEN002,,64.0,36.7,5.588
SEN024,,40.0,36.4,-29.6
SEN019,,,26.4,44.6
SEN005,,,32.7,-5.6
SEN037,,77.0,15.38888888888889,-28.4
SEN021,,82.0,,28.955999999999996
SEN037,,93.0,36.5,5.842
SEN048,,78.0,28.111111111111107,8.0
SEN005,,63.0,,1.47
SEN038,,87.0,31.9,
SEN006,,,31.6,
SEN009,,43.0,35.0,-27.0
SEN013,,76.0,18.22222222222222,10.6
SEN028,,82.0,21.7,-38.6
SEN043,,41.0,,-13.6
SEN010,,91.0,16.77777777777778,33.6
SEN045,,55.0,30.27777777777778,32.2
SEN033,,84.0,38.388888888888886,9.1
SEN026,,84.0,26.999999999999996,-39.3
SEN008,,46.0,24.222222222222218,37.0
SEN006,,91.0,23.5,26.1
SEN050,,60.0,34.27777777777778,1.84
SEN024,,84.0,32.0,
SEN039,,,34.72222222222222,1.74
SEN018,,70.0,,33.8
SEN040,,33.0,17.77777777777778,10.413999999999998
SEN033,,56.0,31.61111111111111,19.2
SEN046,,43.0,29.9,46.9
SEN015,,45.0,21.22222222222222,9.398
SEN036,,82.0,39.3,9.7
SEN018,,45.0,25.611111111111107,28.2
SEN032,,48.0,16.5,5.0
SEN034,,46.0,26.0,18.034
UNKNOWN,2026-01-07 05:30:00,64.0,39.9,-25.1
SEN021,,38.0,23.7,19.3
SEN041,,77.0,35.22222222222222,
SEN031,,68.0,24.72222222222222,26.8
SEN020,,73.0,32.4,49.0
SEN012,,,25.27777777777778,-34.8
SEN049,,74.0,31.38888888888889,0.25
UNKNOWN,,58.0,39.27777777777778,32.4
SEN010,,32.0,39.7,12.6
SEN040,,34.0,15.9,17.8
SEN017,,64.0,18.72222222222222,17.525999999999996
SEN010,,74.0,18.6,48.0
SEN050,,84.0,26.7,28.0
SEN023,,68.0,25.9,18.4
SEN008,2026-07-19 05:30:00,35.0,32.27777777777778,49.8
SEN002,,81.0,,9.3
SEN026,,77.0,22.7,17.3
SEN009,,,,44.196
SEN037,,38.0,20.888888888888886,11.684
SEN045,,48.0,38.6,-2.2
SEN040,,65.0,29.38888888888889,28.8
SEN022,,67.0,32.7,15.5
SEN011,,,21.22222222222222,3.5
SEN033,,,25.6,22.1
SEN038,,61.0,18.388888888888886,
SEN008,,35.0,18.5,32.8
SEN029,,,17.8,9.7
SEN028,,39.0,32.611111111111114,-17.7
SEN016,,93.0,15.5,23.875999999999998
SEN032,,93.0,34.6,
SEN013,,75.0,34.0,20.2
SEN036,,43.0,34.9,0.5
SEN042,,43.0,15.1,24.13
SEN042,,77.0,38.27777777777778,23.114
SEN025,,32.0,28.4,11.684
SEN020,,88.0,15.777777777777779,0.17
SEN042,,69.0,29.6,39.624
SEN045,,37.0,21.11111111111111,2.54
SEN021,,54.0,28.9,
SEN018,,36.0,23.4,-42.8
SEN040,,72.0,25.611111111111107,30.0
SEN005,,83.0,30.22222222222222,1.6
SEN045,,37.0,,1.46
SEN027,,52.0,32.77777777777778,
SEN037,,64.0,,-28.9
SEN007,,80.0,19.777777777777775,
SEN003,,93.0,25.777777777777782,0.8
SEN037,,32.0,15.222222222222221,11.43
SEN005,,77.0,34.2,-20.5
SEN021,,,27.8,8.0
SEN022,,74.0,17.3,0.55
SEN037,,88.0,30.9,19.049999999999997
SEN004,,52.0,32.5,44.2
SEN041,,34.0,23.22222222222222,
SEN016,,52.0,37.388888888888886,46.9
SEN035,,58.0,20.222222222222225,-45.0
SEN007,,64.0,15.5,30.479999999999997
SEN019,,32.0,23.9,7.1
SEN037,,65.0,21.1,3.9
SEN036,,69.0,30.61111111111111,40.2
UNKNOWN,,66.0,,1.52
SEN015,,62.0,25.3,-13.0
SEN019,,65.0,15.8,23.8
SEN015,,84.0,28.9,1.11
SEN029,,70.0,31.9,34.7
SEN009,,85.0,16.22222222222222,
SEN029,,66.0,22.1,26.2
SEN045,,39.0,25.9,41.8
SEN040,,43.0,,
SEN018,,73.0,29.1,40.5
SEN006,,,38.72222222222222,44.2
SEN049,,71.0,,4.6
SEN026,,82.0,,47.244
SEN022,,59.0,29.3,18.1
SEN027,,65.0,25.0,27.5
SEN048,,34.0,34.1,38.7
SEN045,,88.0,21.8,
SEN004,,79.0,32.611111111111114,38.3
SEN036,,43.0,23.000000000000004,10.8
SEN034,,60.0,25.11111111111111,48.6
SEN008,,42.0,,40.5
UNKNOWN,,,29.5,40.1
SEN014,,,35.2,29.7
SEN048,,95.0,31.1,48.1
SEN019,,93.0,18.22222222222222,24.9
SEN021,,43.0,34.22222222222222,19.1
SEN013,,68.0,21.7,
SEN016,,89.0,,49.7
SEN032,,67.0,25.72222222222222,0.0
SEN040,,90.0,29.6,
SEN014,,51.0,25.1,34.7
SEN041,,69.0,15.11111111111111,33.4
SEN017,,64.0,20.0,0.87
SEN032,,66.0,28.9,39.878
SEN014,,85.0,39.611111111111114,34.2
SEN033,,67.0,26.8,
SEN015,,53.0,26.2,-25.1
SEN045,,36.0,31.27777777777778,2.7
SEN039,,72.0,22.9,10.8
SEN049,,47.0,23.277777777777782,48.00599999999999
SEN016,,72.0,22.77777777777778,9.906
UNKNOWN,,85.0,,-32.1
SEN033,,64.0,19.5,2.8
SEN029,,83.0,,20.0
SEN047,,79.0,29.11111111111111,32.512
SEN013,,62.0,34.4,1.17
SEN034,,38.0,19.222222222222218,42.9
SEN006,,47.0,35.27777777777778,39.9
SEN029,,31.0,38.2,39.878
SEN007,,52.0,21.38888888888889,27.686
SEN020,,79.0,39.9,9.9
SEN024,,94.0,,21.0
SEN004,,42.0,20.4,34.0
SEN042,,86.0,28.2,24.0
SEN007,,,23.111111111111107,26.4
SEN005,,44.0,,28.4
SEN039,,56.0,30.0,5.1
UNKNOWN,,48.0,27.38888888888889,2.54
SEN013,,62.0,18.0,41.8
SEN046,,62.0,33.6,1.34
SEN040,,43.0,22.77777777777778,21.6
SEN046,,74.0,19.88888888888889,9.6
SEN022,,68.0,16.88888888888889,13.2
SEN007,,52.0,,-28.3
SEN003,,64.0,21.11111111111111,40.8
SEN014,,46.0,22.277777777777775,16.2
SEN010,,76.0,,2.2
SEN004,,54.0,23.111111111111107,-33.9
SEN004,,66.0,37.2,8.128
SEN014,,85.0,38.77777777777778,14.6
SEN008,,84.0,20.0,-2.7
SEN005,,89.0,24.388888888888893,33.7
SEN050,,82.0,30.0,-19.2
SEN019,,36.0,29.5,6.1
SEN008,,54.0,,
SEN048,,68.0,16.4,32.004
SEN048,,37.0,20.7,3.556
SEN037,,59.0,25.222222222222225,49.7
SEN015,,85.0,26.7,48.5
SEN045,,,29.27777777777778,0.55
SEN033,,,20.888888888888886,48.0
SEN011,,49.0,19.61111111111111,0.67
SEN022,,74.0,,1.5
SEN037,,44.0,39.27777777777778,20.1
SEN022,,86.0,33.3,1.7
SEN019,,,19.111111111111114,-35.2
SEN022,,76.0,27.77777777777778,25.907999999999998
SEN043,,68.0,20.888888888888886,47.3
SEN018,,77.0,21.5,15.0
SEN017,,81.0,29.22222222222222,49.8
SEN030,,60.0,35.7,18.7
SEN025,,,16.4,36.068
SEN038,,60.0,29.0,30.987999999999996
SEN049,,78.0,27.6,45.3
SEN050,,62.0,26.0,20.32
SEN035,,93.0,33.0,1.24
SEN001,,,39.6,12.6
SEN041,,59.0,28.88888888888889,1.39
SEN030,,60.0,15.1,43.7
SEN008,,52.0,30.8,48.00599999999999
SEN025,,34.0,33.111111111111114,0.55
SEN002,,75.0,34.3,32.3
SEN012,,47.0,18.2,44.8
SEN026,,39.0,,
SEN001,,75.0,36.611111111111114,48.6
SEN032,,92.0,16.61111111111111,6.0
SEN045,,,17.6,29.5
SEN038,,77.0,22.7,30.0
SEN021,,66.0,,16.6
SEN047,,81.0,23.111111111111107,32.9
SEN049,,61.0,32.2,27.432
SEN020,,75.0,,7.0
SEN016,,93.0,39.77777777777778,24.5
SEN006,,79.0,,
SEN027,,36.0,,
SEN032,,,35.388888888888886,1.2
SEN007,,71.0,30.5,25.5
SEN048,,59.0,15.777777777777779,0.67
SEN005,,82.0,26.77777777777778,39.3
SEN007,,,,2.54
SEN008,,84.0,31.11111111111111,-20.9
SEN015,,41.0,28.9,42.1
SEN047,,42.0,30.2,16.764
SEN043,,51.0,17.11111111111111,36.7
SEN034,,39.0,25.222222222222225,11.0
SEN007,,34.0,28.388888888888886,24.0
SEN021,,58.0,33.5,44.449999999999996
SEN002,,66.0,21.38888888888889,39.7
SEN010,,90.0,27.77777777777778,21.1
SEN039,,,,0.6
SEN018,,55.0,34.0,0.66
SEN049,,60.0,34.27777777777778,7.1
SEN012,,87.0,36.2,17.6
SEN004,,38.0,28.6,-21.6
SEN002,,62.0,36.0,
SEN020,,35.0,39.2,24.4
SEN044,,90.0,25.777777777777782,
SEN046,,39.0,35.8,31.2
SEN005,,93.0,,48.7
SEN006,,49.0,37.72222222222222,0.52
SEN007,,,18.3,33.1
SEN036,,30.0,22.8,21.7
SEN031,,45.0,,39.878
SEN002,,,28.3,26.0
SEN021,,47.0,38.2,1.8
SEN003,,34.0,31.22222222222222,45.2
SEN005,,59.0,16.0,23.6
SEN041,,79.0,32.388888888888886,44.196
SEN013,,70.0,24.5,1.04
SEN019,,,19.88888888888889,-47.9
SEN005,,,18.277777777777782,35.1
SEN012,,54.0,36.9,-15.8
SEN003,,54.0,32.611111111111114,-13.7
SEN046,,58.0,26.8,10.4
SEN040,,60.0,,
SEN035,,67.0,21.38888888888889,-44.1
SEN017,,35.0,36.111111111111114,3.7
SEN033,,42.0,23.2,1.69
SEN022,,65.0,34.22222222222222,27.5
SEN048,,52.0,18.5,32.8
SEN022,,51.0,17.5,14.1
SEN045,,79.0,26.0,24.3
SEN024,,68.0,,-22.5
SEN034,,81.0,18.388888888888886,4.9
SEN022,,34.0,19.499999999999996,41.8
UNKNOWN,,,22.11111111111111,49.6
SEN026,,,31.2,1.3
SEN005,,48.0,34.388888888888886,3.5
SEN035,,60.0,,12.953999999999999
SEN011,,88.0,,21.9
SEN044,,58.0,17.2,-38.2
SEN035,,89.0,20.0,28.9
SEN009,,37.0,23.388888888888886,30.479999999999997
SEN010,,37.0,,43.2
SEN046,,61.0,,12.0
SEN015,,68.0,33.2,44.8
SEN034,,43.0,,25.9
SEN018,,75.0,28.277777777777782,20.6
SEN002,,75.0,29.7,31.7
SEN050,,,,34.036
SEN048,,67.0,17.38888888888889,0.37
SEN014,,76.0,26.8,10.3
SEN030,,41.0,26.1,3.0
SEN019,,,,21.4
SEN011,,90.0,25.0,30.1
SEN014,,,19.88888888888889,48.513999999999996
SEN018,,70.0,27.6,17.1
SEN043,,54.0,28.5,45.9
SEN001,,32.0,31.2,16.9
SEN020,,61.0,15.777777777777779,
SEN042,,41.0,,22.6
SEN019,,45.0,30.2,13.0
SEN010,,76.0,26.3,3.8099999999999996
SEN013,,34.0,39.5,21.4
SEN034,,,25.7,37.7
SEN006,,46.0,32.9,10.668
SEN041,,87.0,29.1,30.7
SEN022,,47.0,17.61111111111111,
SEN008,,53.0,27.22222222222222,24.1
SEN042,,94.0,35.5,19.5
SEN001,,73.0,31.9,3.2
SEN030,,45.0,33.72222222222222,39.5
SEN025,,68.0,37.1,4.7
SEN020,,60.0,,41.5
SEN002,,89.0,,13.6
UNKNOWN,,32.0,,14.731999999999998
SEN038,,87.0,20.5,17.9
SEN001,,53.0,30.61111111111111,46.482
SEN016,,50.0,38.2,39.624
SEN016,,60.0,19.499999999999996,-20.3
SEN031,,95.0,19.61111111111111,10.7
SEN005,,50.0,34.5,6.8
SEN043,,55.0,36.111111111111114,22.9
SEN009,,71.0,26.27777777777778,1.24
SEN025,,59.0,34.3,-9.1
SEN048,,84.0,23.4,12.8
SEN017,,89.0,,-18.2
SEN002,,81.0,,36.1
SEN026,,34.0,21.722222222222218,1.62
SEN022,,76.0,19.0,34.8
SEN002,,49.0,25.777777777777782,16.0
SEN046,,86.0,26.38888888888889,-4.8
SEN010,,95.0,26.888888888888893,44.449999999999996
SEN030,,34.0,37.2,47.5
SEN045,,75.0,27.2,37.337999999999994
SEN014,,,,21.1
SEN024,,79.0,30.77777777777778,26.9
SEN002,,82.0,30.0,20.6
SEN041,,87.0,27.0,2.8
SEN039,,50.0,30.22222222222222,0.81
SEN025,,77.0,18.111111111111107,20.3
SEN012,,85.0,,-30.5
SEN039,,55.0,20.611111111111107,28.955999999999996
SEN046,,78.0,40.0,16.5
SEN006,,53.0,35.1,25.2
SEN003,,78.0,25.777777777777782,
SEN007,,52.0,,-18.0
SEN043,2026-06-26 05:30:00,71.0,29.22222222222222,35.8
SEN043,,55.0,33.888888888888886,-2.5
SEN039,,94.0,16.1,30.9
SEN009,,40.0,26.888888888888893,44.8
SEN049,,54.0,,17.2
SEN048,,60.0,25.4,22.4
SEN049,2026-08-19 05:30:00,33.0,33.3,17.9
SEN046,,53.0,,25.8
SEN031,,74.0,16.0,0.34
SEN041,,,,35.559999999999995
SEN023,,73.0,39.6,34.8
SEN010,,55.0,18.000000000000004,23.8
SEN015,,72.0,22.7,17.6
SEN017,,63.0,16.7,0.52
SEN028,,45.0,17.8,32.3
SEN026,,69.0,27.3,-16.7
UNKNOWN,,80.0,31.11111111111111,49.784
SEN004,,63.0,,39.5
SEN047,,60.0,15.6,35.4
SEN012,,41.0,21.9,5.842
SEN004,,37.0,26.27777777777778,46.8
SEN007,,39.0,17.77777777777778,15.0
SEN021,,91.0,32.2,13.0
SEN041,,77.0,,14.8
SEN040,,,,-44.6
UNKNOWN,,79.0,39.111111111111114,8.889999999999999
SEN028,,68.0,29.0,6.1
SEN008,,86.0,,20.1
SEN022,,,26.27777777777778,1.17
SEN014,,87.0,25.11111111111111,1.87
SEN041,,72.0,33.611111111111114,38.608
SEN033,,92.0,32.2,14.7
SEN003,,37.0,16.61111111111111,7.5
SEN045,,33.0,34.888888888888886,7.6
SEN014,,35.0,29.0,-16.0
SEN016,,89.0,39.4,20.1
SEN026,,46.0,18.000000000000004,4.2
SEN049,,42.0,,38.9
SEN006,,46.0,,10.2
SEN002,,95.0,31.2,9.3
UNKNOWN,,,22.722222222222225,-2.1
SEN009,,39.0,29.8,39.6
SEN018,,76.0,35.111111111111114,0.02
SEN014,,86.0,,0.7
SEN044,,81.0,,13.462
SEN043,,86.0,20.0,-15.5
UNKNOWN,,45.0,35.0,-14.8
SEN016,,76.0,15.5,20.2
SEN033,,68.0,18.111111111111107,43.3
SEN047,,,25.0,8.8
SEN043,,88.0,15.3,0.0
SEN045,,87.0,35.0,42.6
SEN005,,43.0,32.4,17.6
SEN026,,39.0,26.611111111111114,37.5
SEN031,,88.0,38.6,-8.5
SEN031,,80.0,15.38888888888889,0.9
SEN017,,61.0,17.8,46.3
SEN006,,32.0,31.38888888888889,31.9
SEN011,,89.0,31.6,-5.9
SEN020,,92.0,,17.6
SEN025,,82.0,24.388888888888893,1.39
SEN016,,92.0,26.9,1.6
SEN049,,46.0,26.4,5.7
SEN020,,49.0,17.0,25.4
SEN034,,89.0,,49.022
UNKNOWN,,31.0,22.38888888888889,29.463999999999995
SEN023,,38.0,16.1,0.26
SEN006,,50.0,36.888888888888886,31.6
SEN034,,60.0,28.3,43.6
SEN012,,82.0,,
SEN008,,69.0,39.2,29.6
SEN033,,90.0,32.388888888888886,1.47
SEN031,,53.0,21.4,1.75
SEN034,,,34.9,0.61
SEN027,,,30.7,48.767999999999994
SEN021,,51.0,18.277777777777782,49.784
SEN012,,49.0,27.1,-10.1
SEN040,,,33.3,27.6
SEN026,,50.0,34.6,46.2
SEN009,,52.0,16.11111111111111,5.08
SEN011,,70.0,24.222222222222218,22.8
SEN007,,31.0,20.0,44.9
SEN027,,63.0,29.77777777777778,27.94
UNKNOWN,,68.0,27.1,37.592
SEN004,,,16.0,6.6
SEN038,,89.0,35.0,1.7
SEN021,,62.0,25.1,47.3
SEN013,,61.0,28.88888888888889,18.287999999999997
SEN023,,55.0,21.22222222222222,15.239999999999998
SEN040,,73.0,31.9,12.8
SEN033,,31.0,32.5,21.4
SEN033,,50.0,26.4,19.558
SEN016,,88.0,39.7,8.1
SEN031,,91.0,38.27777777777778,-7.7
SEN042,,34.0,20.611111111111107,39.116
SEN022,,66.0,27.1,6.5
SEN034,,78.0,36.72222222222222,20.9
SEN048,,74.0,29.9,
SEN022,,67.0,26.0,33.019999999999996
SEN031,,89.0,17.5,22.3
SEN026,,57.0,18.7,21.0
SEN050,,49.0,24.3,43.0
SEN033,,86.0,,30.2
SEN006,,42.0,37.9,27.1
SEN028,,34.0,21.0,5.2
SEN022,,41.0,,21.3
SEN031,,,33.111111111111114,36.321999999999996
SEN004,,86.0,40.0,44.1
SEN029,,53.0,27.7,32.0
SEN038,,82.0,26.9,39.7
SEN019,,51.0,34.9,12.9
SEN015,,71.0,30.72222222222222,19.812
SEN032,,,30.6,47.2
SEN024,,42.0,20.27777777777778,1.28
SEN012,,,,8.6
UNKNOWN,,76.0,20.5,21.4
SEN044,,56.0,32.111111111111114,41.401999999999994
SEN015,,72.0,,
SEN020,,67.0,34.111111111111114,
SEN012,,33.0,17.22222222222222,28.3
SEN027,,35.0,29.7,27.686
SEN048,,94.0,22.3,19.9
SEN003,,58.0,30.6,1.65
SEN038,,65.0,17.7,33.9
SEN050,,56.0,32.8,45.4
SEN011,,86.0,26.0,-42.9
SEN004,,48.0,23.111111111111107,33.528
SEN042,,32.0,37.22222222222222,31.0
SEN045,,80.0,26.77777777777778,24.1
SEN002,,39.0,35.1,10.8
SEN031,,58.0,17.6,35.6
SEN031,,71.0,30.22222222222222,12.5
SEN030,,73.0,24.388888888888893,29.4
SEN004,,44.0,37.27777777777778,0.35
SEN037,,94.0,34.0,32.1
SEN008,,89.0,,46.228
SEN030,,93.0,36.72222222222222,30.9
SEN022,,88.0,24.0,48.2
SEN048,,80.0,17.61111111111111,8.889999999999999
SEN024,,86.0,21.0,26.6
SEN003,,31.0,23.7,40.0
SEN001,,59.0,32.9,33.5
SEN001,,43.0,,-0.2
SEN013,,84.0,35.3,44.4
UNKNOWN,,85.0,36.22222222222222,36.8
SEN035,,61.0,16.0,20.9
SEN024,,53.0,23.5,17.2
SEN030,,71.0,26.22222222222222,2.1
SEN044,,64.0,15.5,3.8
SEN011,,56.0,,5.4
SEN013,,80.0,,1.39
SEN014,,61.0,34.3,2.3
SEN050,,77.0,34.72222222222222,-4.6
UNKNOWN,,31.0,21.3,34.0
SEN020,,62.0,18.77777777777778,0.94
SEN009,,,25.888888888888886,47.5
SEN028,,,30.1,36.6
UNKNOWN,,75.0,23.88888888888889,38.354
SEN009,,72.0,29.7,-10.7
SEN030,,51.0,36.4,15.0
SEN001,,60.0,25.777777777777782,11.684
SEN021,,31.0,25.72222222222222,40.9
SEN041,,75.0,24.5,44.1
SEN033,,85.0,39.2,17.525999999999996
SEN011,,85.0,33.27777777777778,24.2
SEN049,,90.0,32.22222222222222,15.748
SEN034,,64.0,35.0,
UNKNOWN,,82.0,31.1,36.9
SEN005,,30.0,15.722222222222221,0.52
UNKNOWN,,,,13.2
SEN016,,42.0,,2.7
UNKNOWN,2026-04-30 05:30:00,85.0,,2.7
SEN004,,68.0,23.9,30.2
SEN015,,45.0,34.9,25.8
SEN005,,48.0,21.9,0.2
SEN024,,59.0,,12.7
SEN042,,37.0,26.0,24.7
SEN014,,87.0,,10.6
SEN037,,39.0,29.61111111111111,14.7
SEN010,,95.0,15.2,16.002
SEN027,,90.0,27.88888888888889,13.2
SEN033,,38.0,25.9,13.0
SEN039,,85.0,30.2,-25.6
SEN042,,41.0,38.0,0.07
SEN021,,79.0,21.11111111111111,28.8
SEN049,,64.0,33.2,28.3
SEN031,,,38.388888888888886,
UNKNOWN,,34.0,21.6,
SEN047,2026-04-28 05:30:00,49.0,,
SEN017,,87.0,36.7,13.0
SEN039,,40.0,16.5,30.733999999999998
SEN047,,71.0,,7.0
SEN042,,85.0,,32.7
SEN039,,36.0,23.5,24.3
SEN003,,40.0,20.888888888888886,22.1
SEN031,,91.0,21.7,43.6
SEN049,,55.0,18.111111111111107,29.0
SEN025,,75.0,31.1,0.76
SEN022,,40.0,17.0,41.401999999999994
SEN039,,,17.77777777777778,30.987999999999996
SEN028,,83.0,31.5,45.4
SEN022,,95.0,17.6,31.8
SEN028,,52.0,24.8,0.63
SEN002,,42.0,28.3,10.413999999999998
SEN003,,77.0,25.11111111111111,
SEN001,,79.0,20.38888888888889,4.571999999999999
SEN042,,31.0,16.0,26.924
SEN040,,44.0,29.3,38.1
SEN037,,77.0,39.8,15.8
SEN050,,77.0,,26.9
SEN007,,87.0,31.0,18.6
UNKNOWN,,54.0,20.7,23.1
SEN006,,,21.2,22.0
SEN006,,41.0,33.3,21.2
SEN008,,33.0,25.9,21.8
SEN039,,36.0,25.888888888888886,10.9
SEN038,,37.0,30.2,15.7
SEN014,,52.0,16.3,-3.3
SEN036,,63.0,27.22222222222222,23.1
SEN003,,59.0,,2.2
SEN015,,77.0,39.7,45.2
SEN019,,95.0,20.8,44.3
SEN014,,60.0,18.388888888888886,49.6
SEN009,,80.0,36.0,33.8
SEN046,,62.0,26.38888888888889,15.2
SEN034,,32.0,23.88888888888889,37.7
SEN015,,45.0,17.2,46.2
SEN023,,41.0,24.3,14.6
SEN013,,53.0,33.1,29.971999999999998
SEN019,,42.0,38.27777777777778,23.5
SEN046,,45.0,27.88888888888889,1.36
SEN016,,79.0,16.8,20.32
SEN027,,68.0,26.7,31.2
SEN015,,49.0,21.6,12.5
SEN011,,78.0,17.38888888888889,4.9
SEN017,,56.0,20.0,6.858
SEN049,,46.0,27.6,33.2
SEN003,,,20.11111111111111,21.081999999999997
SEN009,,86.0,32.2,26.4
SEN035,,70.0,,0.36
SEN011,,38.0,18.77777777777778,16.509999999999998
SEN042,,70.0,23.77777777777778,11.7
SEN046,,65.0,39.0,
SEN024,,43.0,29.3,45.0
SEN048,,43.0,33.27777777777778,35.9
SEN038,,,25.611111111111107,46.482
SEN026,,90.0,36.611111111111114,36.1
SEN017,2026-04-30 05:30:00,77.0,,26.2
SEN028,,40.0,39.0,6.2
SEN036,,47.0,37.111111111111114,44.9
SEN023,,78.0,,21.5
SEN025,,,16.88888888888889,-20.1
SEN046,,44.0,30.8,21.7
SEN034,,39.0,16.1,-17.8
SEN043,,32.0,22.1,29.209999999999997
SEN012,,72.0,38.888888888888886,42.0
SEN015,,83.0,35.77777777777778,45.4
SEN009,,91.0,34.9,22.1
SEN035,,68.0,37.888888888888886,10.2
SEN033,2026-09-07 05:30:00,73.0,20.3,26.8
SEN004,,88.0,35.22222222222222,
SEN025,,,20.7,6.0
SEN004,,50.0,,40.386
UNKNOWN,,68.0,,11.0
SEN020,,57.0,16.4,-49.8
SEN019,,95.0,39.4,0.59
SEN037,,67.0,28.2,23.5
SEN039,,64.0,,45.2
SEN025,,38.0,19.8,10.7
SEN011,,45.0,29.5,13.5
SEN036,,86.0,34.8,-35.4
SEN032,,36.0,,2.2859999999999996
SEN003,,70.0,37.0,0.68
UNKNOWN,,74.0,20.0,0.85
SEN019,,59.0,38.3,2.54
SEN021,,84.0,17.1,46.7
SEN004,,63.0,28.388888888888886,47.6
SEN005,,56.0,23.2,17.9
SEN034,,93.0,27.88888888888889,18.7
SEN045,,76.0,25.3,29.4
SEN046,,,29.5,6.858
SEN017,,43.0,32.888888888888886,10.9
SEN050,,40.0,25.27777777777778,34.7
SEN008,,35.0,32.111111111111114,-10.1
SEN006,,33.0,39.27777777777778,34.3
SEN011,,42.0,26.8,0.7
SEN050,,35.0,34.9,1.74
SEN011,,50.0,20.1,7.6
SEN049,,43.0,31.1,49.5
SEN042,,39.0,,1.57
SEN040,,40.0,36.5,48.1
SEN049,,83.0,16.61111111111111,42.0
SEN031,,91.0,15.61111111111111,32.1
SEN013,,71.0,34.5,-17.5
SEN025,,50.0,16.0,-28.6
SEN039,,49.0,17.1,34.5
SEN016,,38.0,28.1,0.6
SEN001,,35.0,30.0,9.143999999999998
SEN028,,34.0,,14.1
SEN005,,59.0,,22.1
SEN003,,35.0,20.1,14.4
SEN033,,51.0,35.22222222222222,40.64
SEN013,,67.0,29.5,5.6
SEN028,,39.0,24.222222222222218,49.1
UNKNOWN,,30.0,23.3,33.6
SEN003,,82.0,32.388888888888886,41.4
SEN020,,61.0,37.111111111111114,33.274
SEN005,,50.0,39.888888888888886,0.0
SEN018,,38.0,18.7,41.91
SEN024,,92.0,32.22222222222222,33.274
SEN007,,,32.7,48.767999999999994
SEN031,,37.0,30.22222222222222,
SEN027,,89.0,,-12.6
SEN022,,58.0,24.2,41.401999999999994
SEN042,,82.0,17.38888888888889,1.6
SEN014,,60.0,26.999999999999996,
SEN014,,93.0,28.2,44.8
SEN024,,51.0,16.2,40.9
SEN045,,68.0,23.000000000000004,32.5
SEN048,,30.0,23.72222222222222,21.2
SEN009,,84.0,,6.095999999999999
SEN043,,37.0,31.61111111111111,23.9
SEN026,,34.0,35.6,27.3
SEN037,,,19.388888888888893,42.0
SEN031,,76.0,33.3,24.3
SEN047,,45.0,30.7,46.4
SEN012,,44.0,17.5,45.0
SEN001,,92.0,37.4,36.0
UNKNOWN,,94.0,33.4,26.7
SEN039,,52.0,,3.0479999999999996
SEN035,,35.0,26.5,43.18
SEN007,,,29.22222222222222,13.8
SEN009,,42.0,30.61111111111111,33.782
SEN002,,48.0,38.27777777777778,-45.3
SEN033,,30.0,24.27777777777778,22.9
UNKNOWN,,53.0,28.77777777777778,2.8
SEN006,,91.0,25.5,-12.9
SEN039,,31.0,31.2,-31.7
SEN013,,62.0,35.388888888888886,42.2
SEN017,,49.0,38.0,1.26
UNKNOWN,,,21.38888888888889,25.3
SEN046,,55.0,33.22222222222222,31.2
SEN002,,60.0,17.7,21.081999999999997
UNKNOWN,,71.0,30.7,42.418
SEN016,,65.0,30.8,31.3
SEN049,,30.0,,27.686
SEN019,,58.0,27.4,0.67
SEN040,,83.0,20.222222222222225,31.5
SEN021,,40.0,,26.1
SEN017,,88.0,24.5,3.8
SEN040,,56.0,15.277777777777779,26.162
SEN035,,,38.22222222222222,13.0
SEN036,,40.0,,1.59
SEN004,,35.0,29.38888888888889,5.3
SEN017,,,17.5,38.608
SEN041,,,21.722222222222218,41.6
SEN026,,62.0,,8.128
SEN033,,47.0,,14.8
SEN035,,70.0,,
SEN046,,32.0,,14.1
SEN020,,65.0,36.22222222222222,0.7
SEN008,,50.0,32.611111111111114,-6.7
SEN005,,94.0,,10.4
SEN027,,88.0,22.4,1.28
SEN044,,70.0,30.0,17.5
SEN044,,83.0,20.222222222222225,23.875999999999998
SEN005,,39.0,16.38888888888889,7.5
UNKNOWN,,82.0,22.7,
SEN030,,,35.111111111111114,10.668
SEN040,,75.0,19.72222222222222,38.2
SEN032,,94.0,15.222222222222221,1.49
SEN031,,39.0,21.6,-19.1
SEN043,,44.0,39.8,-6.9
SEN004,2026-07-29 05:30:00,74.0,,47.5
SEN013,,72.0,21.2,-25.8
SEN035,,37.0,35.4,1.5
SEN021,,85.0,38.5,43.5
SEN016,,45.0,25.72222222222222,
SEN032,,,,20.2
SEN021,,42.0,19.72222222222222,3.8099999999999996
SEN031,,94.0,22.11111111111111,38.862
SEN042,,46.0,27.6,31.1
SEN046,,61.0,,0.98
SEN031,,67.0,32.388888888888886,26.1
SEN021,,65.0,30.77777777777778,0.91
SEN007,,58.0,16.6,26.162
UNKNOWN,,59.0,16.2,36.3
SEN032,,54.0,,43.434
SEN048,,34.0,37.5,-19.2
SEN008,,35.0,24.88888888888889,28.4
SEN041,,,25.3,4.826
SEN025,,67.0,16.88888888888889,21.9
SEN042,,88.0,28.8,42.925999999999995
SEN050,,,22.2,30.225999999999996
SEN033,,84.0,16.22222222222222,16.6
SEN034,,74.0,30.88888888888889,15.9
SEN007,,33.0,23.000000000000004,
SEN031,,45.0,31.9,49.8
SEN010,,56.0,28.000000000000004,36.7
SEN020,,50.0,37.72222222222222,34.036
SEN008,,,29.4,9.398
SEN017,,48.0,37.0,44.704
SEN016,,65.0,19.7,44.704
SEN003,,53.0,23.61111111111111,36.57599999999999
SEN046,,,20.72222222222222,45.9
SEN005,,78.0,22.9,16.3
SEN036,,53.0,33.3,0.71
SEN033,,70.0,,21.0
SEN041,,53.0,20.6,9.652
SEN031,,39.0,35.7,10.5
SEN006,,66.0,31.6,-39.0
SEN008,,83.0,39.388888888888886,3.6
SEN008,,76.0,19.7,13.97
SEN045,,72.0,,
SEN029,2026-03-05 05:30:00,84.0,24.388888888888893,34.6
SEN013,,52.0,39.0,9.398
SEN034,,68.0,16.5,30.8
SEN002,,92.0,27.6,39.1
SEN044,,87.0,,35.2
SEN040,,81.0,19.4,41.5
SEN032,,91.0,34.9,9.143999999999998
SEN034,,81.0,,28.8
SEN032,,45.0,39.111111111111114,2.54
SEN019,,60.0,20.0,47.6
SEN025,,58.0,38.27777777777778,47.5
SEN027,,37.0,29.88888888888889,
SEN020,,44.0,,38.354
SEN029,,37.0,,41.0
SEN040,,,16.27777777777778,0.7619999999999999
SEN034,,60.0,,1.778
UNKNOWN,,69.0,33.888888888888886,0.8
SEN004,,57.0,23.8,0.4
SEN005,,36.0,27.1,20.8
SEN010,,79.0,23.388888888888886,8.128
SEN048,,83.0,34.7,27.6
SEN003,,66.0,19.9,34.3
SEN029,,57.0,,46.5
SEN016,,58.0,,29.209999999999997
SEN031,,51.0,28.1,18.0
SEN035,,37.0,26.27777777777778,32.8
SEN012,,,32.77777777777778,-30.7
SEN003,,93.0,25.9,18.4
SEN020,,55.0,24.499999999999996,30.0
SEN028,,94.0,,35.2
SEN007,,38.0,34.611111111111114,-0.4
SEN017,,36.0,39.3,11.0
SEN008,,74.0,18.1,-29.0
SEN036,,,23.5,18.9
SEN014,,71.0,38.72222222222222,23.9
SEN045,,44.0,36.611111111111114,2.9
SEN002,,32.0,28.3,48.7
SEN011,,60.0,,30.225999999999996
SEN015,,92.0,16.0,-41.7
SEN014,,32.0,,-29.1
SEN030,,50.0,19.0,29.0
UNKNOWN,,35.0,18.9,32.6
SEN015,,,28.3,32.5
SEN026,,32.0,32.0,1.3
SEN032,,69.0,32.111111111111114,29.8
SEN025,,42.0,,48.9
SEN029,,69.0,25.38888888888889,
SEN030,,57.0,36.611111111111114,49.0
SEN018,,94.0,31.11111111111111,0.65
SEN026,,60.0,24.0,44.8
SEN034,,86.0,31.0,27.6
SEN021,,74.0,31.7,41.6
SEN040,,56.0,27.5,7.365999999999999
SEN001,,38.0,36.0,42.3
SEN028,,85.0,34.7,41.7
SEN029,,32.0,36.5,46.4
SEN036,,69.0,25.4,45.72
SEN034,,43.0,22.11111111111111,3.1
SEN049,,71.0,21.999999999999996,-21.5
UNKNOWN,,36.0,17.8,15.9
SEN038,,43.0,15.222222222222221,48.5
SEN011,,89.0,22.0,23.368
SEN036,,42.0,39.5,1.97
SEN026,,55.0,18.0,14.731999999999998
SEN046,,91.0,30.61111111111111,39.624
SEN005,,69.0,38.5,43.1
SEN029,,95.0,37.5,32.4
SEN038,,86.0,29.6,29.0
SEN018,,30.0,19.88888888888889,10.3
SEN048,,74.0,28.2,
SEN011,,66.0,38.9,1.79
SEN026,,64.0,19.72222222222222,0.4
SEN015,,39.0,32.3,1.2
SEN027,,84.0,37.888888888888886,21.7
UNKNOWN,,,,0.86
SEN039,,67.0,30.6,0.06
SEN015,,61.0,33.611111111111114,34.4
SEN020,,83.0,,22.352
SEN030,,71.0,38.5,4.9
SEN040,,,35.611111111111114,32.6
SEN022,,,29.6,12.2
SEN045,,31.0,26.888888888888893,28.4
SEN003,,93.0,33.3,22.5
SEN048,,35.0,19.7,
SEN037,,67.0,,45.3
SEN009,,31.0,,
SEN020,,67.0,27.7,6.0
SEN030,,60.0,15.9,40.386
SEN027,,84.0,22.277777777777775,19.0
SEN032,,94.0,18.61111111111111,30.2
SEN010,2026-05-01 05:30:00,,27.8,19.5
SEN018,,80.0,36.0,0.58
SEN005,,33.0,,28.5
SEN010,,60.0,34.388888888888886,1.6
SEN021,,41.0,16.61111111111111,1.6
SEN034,,36.0,27.8,30.2
SEN004,,65.0,31.9,-3.4
SEN044,,41.0,26.0,0.78
SEN013,,45.0,25.0,-25.8
SEN001,,81.0,,11.4
SEN028,,,27.38888888888889,22.8
SEN013,,,27.5,37.7
SEN028,,71.0,36.4,
SEN016,,93.0,15.777777777777779,
SEN019,,83.0,33.72222222222222,44.8
SEN046,,64.0,32.388888888888886,17.525999999999996
SEN050,,31.0,17.22222222222222,3.8099999999999996
SEN043,,30.0,39.0,0.1
SEN012,,94.0,19.5,21.5
SEN001,2026-09-03 05:30:00,86.0,,3.9
UNKNOWN,,84.0,33.388888888888886,29.1
SEN043,,93.0,38.22222222222222,32.6
SEN006,,61.0,,1.6
SEN016,,92.0,,
SEN005,,41.0,33.388888888888886,27.686
UNKNOWN,,84.0,,27.6
SEN022,,39.0,23.7,23.4
SEN043,,50.0,33.27777777777778,29.7
SEN035,,85.0,,39.116
SEN028,,35.0,17.5,3.8
SEN017,,62.0,33.0,41.3
SEN015,,52.0,,42.6
SEN005,,93.0,18.22222222222222,11.0
SEN037,,58.0,,-21.2
SEN005,,72.0,18.72222222222222,-33.6
SEN020,,61.0,26.611111111111114,26.4
UNKNOWN,,91.0,18.6,0.1
SEN031,,62.0,25.27777777777778,-29.1
SEN015,,54.0,35.5,6.7
SEN044,,36.0,,33.1
SEN034,,57.0,19.499999999999996,-33.4
SEN016,,43.0,,23.6
SEN033,,50.0,,-36.4
SEN010,,95.0,18.3,12.7
SEN044,,79.0,31.2,1.778
SEN031,,42.0,30.11111111111111,19.558
SEN050,,35.0,29.22222222222222,45.211999999999996
SEN029,,76.0,28.72222222222222,30.8
SEN038,,65.0,33.6,26.2
SEN006,,80.0,33.0,44.6
SEN035,,84.0,21.1,1.48
SEN030,,,38.22222222222222,44.0
SEN036,,64.0,31.0,-2.1
SEN004,,61.0,34.3,16.7
SEN008,,78.0,22.5,34.8
SEN034,,48.0,20.3,0.3
SEN017,,53.0,38.7,33.782
SEN013,,37.0,30.38888888888889,35.5
SEN032,,37.0,21.3,6.0
SEN032,,92.0,17.8,6.9
SEN043,,35.0,31.0,1.4
SEN020,,59.0,35.0,22.7
SEN029,,57.0,,34.9
SEN041,,34.0,18.1,3.1
SEN001,,71.0,22.2,5.7
SEN050,,,34.111111111111114,10.668
SEN043,,78.0,29.11111111111111,24.3
SEN027,,38.0,34.2,24.383999999999997
UNKNOWN,,56.0,34.22222222222222,38.9
SEN005,,92.0,34.4,1.28
SEN035,,75.0,,38.1
SEN032,,50.0,33.27777777777778,31.75
SEN010,,86.0,19.8,30.3
SEN023,,,,21.843999999999998
SEN045,,45.0,32.72222222222222,0.8
UNKNOWN,,38.0,18.1,
SEN045,,70.0,24.777777777777775,21.843999999999998
SEN045,,,24.3,4.3
SEN018,,32.0,15.1,-40.5
SEN017,,,,1.27
SEN013,,55.0,29.1,0.1
SEN008,,56.0,18.6,48.6
SEN010,,68.0,16.7,25.2
SEN006,,40.0,31.2,0.27
SEN044,,46.0,33.72222222222222,32.0
UNKNOWN,,84.0,22.5,48.3
SEN017,,,20.72222222222222,1.07
SEN029,,84.0,35.5,1.76
UNKNOWN,,,15.222222222222221,45.466
UNKNOWN,,50.0,36.3,18.5
SEN019,,41.0,36.5,36.57599999999999
SEN038,,69.0,,-40.9
SEN025,,93.0,15.9,42.5
SEN004,,87.0,32.888888888888886,26.4
SEN007,,31.0,28.88888888888889,35.7
SEN050,,87.0,21.1,7.365999999999999
SEN002,,76.0,17.8,35.1
SEN025,,46.0,18.111111111111107,35.05199999999999
SEN050,,64.0,38.388888888888886,22.8
SEN050,,72.0,24.3,9.4
SEN015,,57.0,19.61111111111111,40.386
SEN012,,40.0,39.0,34.7
SEN028,,65.0,30.2,12.7
SEN030,,73.0,38.111111111111114,45.6
SEN013,,63.0,35.4,20.6
SEN028,,85.0,22.8,1.27
SEN042,,74.0,36.0,41.401999999999994
SEN046,,71.0,,34.798
SEN035,,46.0,16.7,48.5
SEN026,,89.0,24.7,45.9
SEN036,,78.0,39.4,49.275999999999996
UNKNOWN,,41.0,32.388888888888886,1.7
UNKNOWN,,68.0,24.222222222222218,40.4
SEN012,,,,1.2
SEN006,,51.0,,7.1
SEN030,,45.0,,
SEN004,,93.0,24.7,0.4
SEN014,,49.0,36.888888888888886,-17.9
UNKNOWN,,73.0,22.3,24.0
SEN031,,74.0,28.9,5.0
SEN031,,74.0,35.3,1.74
SEN017,,84.0,,32.512
SEN004,,71.0,19.388888888888893,36.4
SEN013,,89.0,32.6,
SEN011,,93.0,38.27777777777778,0.1
SEN025,,,35.5,39.7
SEN003,,,,48.1
SEN022,,90.0,17.38888888888889,13.3
SEN021,,,34.0,29.8
SEN046,,30.0,22.4,32.5
SEN048,,76.0,35.3,43.0
SEN050,,64.0,26.1,-29.0
SEN030,,30.0,31.27777777777778,0.2
SEN030,,70.0,28.111111111111107,-11.7
SEN012,,,,34.29
SEN020,,85.0,16.3,39.878
SEN021,,62.0,21.888888888888893,40.5
SEN024,,62.0,,20.2
SEN020,,61.0,22.61111111111111,49.6
SEN032,,,36.77777777777778,-3.5
SEN003,,52.0,36.77777777777778,28.1
SEN027,,94.0,19.3,17.2
SEN031,,60.0,25.2,44.4
SEN050,,51.0,21.77777777777778,1.89
SEN050,,64.0,39.5,-14.6
SEN018,,40.0,39.27777777777778,45.72
SEN004,,78.0,21.5,26.669999999999998
SEN023,,60.0,22.722222222222225,0.91
SEN050,,71.0,28.5,1.1
SEN013,,44.0,15.9,13.0
SEN030,,90.0,30.77777777777778,14.2
UNKNOWN,,39.0,29.72222222222222,41.0
SEN040,,,34.111111111111114,34.9
SEN036,,39.0,20.3,5.842
SEN006,,46.0,22.5,-37.8
SEN019,,34.0,,0.4
SEN002,,69.0,23.4,-7.1
SEN001,,54.0,31.5,42.0
UNKNOWN,,46.0,,48.9
SEN007,,34.0,33.4,20.32
SEN042,,75.0,35.5,14.985999999999999
UNKNOWN,,46.0,34.9,-34.6
SEN001,,48.0,34.5,5.0
SEN024,,88.0,,1.57
SEN013,,,,38.5
SEN019,,56.0,34.27777777777778,25.1
SEN003,,30.0,,33.9
SEN045,,37.0,20.27777777777778,
SEN036,,64.0,22.0,31.4
SEN011,,71.0,,33.528
SEN005,,,30.38888888888889,9.3
SEN012,,63.0,28.72222222222222,40.4
SEN036,,46.0,39.72222222222222,-28.0
UNKNOWN,,71.0,26.888888888888893,22.6
SEN013,,63.0,15.1,34.2
UNKNOWN,,83.0,21.9,1.2
SEN009,,50.0,24.4,4.3
SEN036,,39.0,18.4,20.32
SEN004,,,19.388888888888893,-39.8
SEN029,,94.0,,17.272000000000002
SEN032,,33.0,15.11111111111111,12.9
SEN042,,77.0,19.7,1.778
SEN023,,92.0,28.6,-28.9
SEN047,,,,1.78
SEN002,,35.0,31.72222222222222,34.2
SEN049,,76.0,26.888888888888893,21.4
SEN027,,86.0,23.4,15.1
SEN039,,44.0,24.222222222222218,-3.7
SEN029,,58.0,29.7,41.65599999999999
SEN012,,47.0,26.11111111111111,1.08
SEN023,,,28.4,-47.9
SEN005,,86.0,18.72222222222222,3.8099999999999996
SEN049,,61.0,,18.7
SEN019,,32.0,32.9,-12.8
SEN033,,64.0,,47.5
SEN016,,,17.61111111111111,47.7
SEN026,,53.0,34.5,10.1
SEN013,,49.0,17.2,13.9
SEN026,,62.0,24.9,19.558
SEN035,,62.0,24.27777777777778,30.8
SEN031,,60.0,38.0,13.462
SEN047,,95.0,,1.89
SEN003,,51.0,34.0,6.1
SEN027,,84.0,33.8,45.72
SEN031,,69.0,32.8,11.8
UNKNOWN,,51.0,22.5,
SEN024,,74.0,33.22222222222222,5.1
SEN010,,61.0,24.0,49.784
SEN038,,40.0,16.2,1.28
SEN040,,31.0,38.9,15.6
UNKNOWN,,79.0,32.0,1.43
SEN006,,62.0,15.38888888888889,32.4
SEN042,,81.0,16.72222222222222,-47.4
SEN001,,,16.38888888888889,1.17
SEN046,,60.0,27.22222222222222,0.37
SEN003,,41.0,38.7,34.036
SEN043,,83.0,27.2,15.1
SEN023,,53.0,17.88888888888889,26.162
SEN017,,,33.0,23.5
UNKNOWN,,39.0,38.888888888888886,45.6
SEN008,,85.0,27.2,-29.1
SEN015,,68.0,40.0,27.2
SEN036,,73.0,20.8,-42.1
SEN015,,32.0,17.8,37.337999999999994
SEN011,,55.0,,20.6
SEN028,,70.0,31.2,42.5
UNKNOWN,,40.0,31.77777777777778,8.636000000000001
SEN036,,83.0,38.888888888888886,5.7
SEN021,,88.0,,20.4
UNKNOWN,,82.0,23.9,6.095999999999999
SEN033,,86.0,,48.5
SEN012,,72.0,30.8,32.5
SEN047,,83.0,37.27777777777778,24.383999999999997
SEN040,,91.0,,4.7
UNKNOWN,,,18.4,18.5
SEN030,,67.0,28.0,49.6
SEN020,,87.0,,38.099999999999994
SEN024,,66.0,28.8,45.466
SEN046,,42.0,,18.4
SEN015,,65.0,,39.4
SEN023,,52.0,31.77777777777778,-22.8
SEN017,,,37.3,34.6
SEN025,,71.0,24.222222222222218,23.5
SEN041,,53.0,,0.92
SEN037,,63.0,33.7,-20.9
UNKNOWN,,68.0,16.7,39.3
SEN036,,70.0,,1.75
SEN038,,41.0,22.38888888888889,9.1
SEN030,,58.0,28.77777777777778,10.6
SEN050,2026-03-11 05:30:00,95.0,17.72222222222222,3.8099999999999996
SEN043,,81.0,23.1,-12.6
SEN026,,95.0,19.8,19.304
SEN033,,47.0,36.22222222222222,42.1
SEN019,,33.0,22.0,0.7
SEN005,,89.0,23.277777777777782,9.3
SEN023,,38.0,28.8,29.5
SEN022,,39.0,18.9,47.1
SEN013,,40.0,,2.4
SEN010,,86.0,34.0,35.0
SEN011,,64.0,32.611111111111114,
SEN022,,48.0,24.27777777777778,-13.9
SEN042,,38.0,33.888888888888886,-46.4
SEN014,,64.0,23.0,-8.9
SEN014,,52.0,24.4,41.0
SEN009,,61.0,39.2,
SEN021,,73.0,29.9,
SEN008,,,24.4,-14.5
SEN028,,,,30.987999999999996
SEN006,,41.0,34.77777777777778,3.5
SEN025,,,22.9,43.6
UNKNOWN,,35.0,22.2,4.4
SEN021,,39.0,22.5,40.4
SEN039,,90.0,32.5,35.0
SEN008,,60.0,,12.0
SEN044,,41.0,,-17.8
SEN015,,33.0,,28.8
SEN030,,87.0,36.8,19.9
SEN035,,72.0,21.5,42.4
SEN027,,46.0,25.500000000000004,10.668
SEN039,,85.0,36.6,25.6
SEN017,,55.0,,0.49
SEN034,,30.0,37.3,14.2
SEN050,,71.0,16.1,36.7
SEN036,,92.0,,-28.3
SEN006,,,,29.2
SEN014,,64.0,29.38888888888889,6.604
SEN009,,84.0,26.0,11.5
SEN009,,88.0,22.5,1.42
SEN010,,32.0,26.1,12.6
SEN025,,75.0,23.9,-45.9
SEN019,,,28.88888888888889,
SEN038,,,22.1,-41.6
SEN031,,94.0,19.88888888888889,28.3
SEN029,,78.0,,
SEN013,,55.0,25.0,10.7
SEN018,2026-09-02 05:30:00,95.0,15.3,24.7
SEN005,,68.0,22.88888888888889,33.528
SEN010,,78.0,15.6,6.1
SEN043,,60.0,17.7,45.1
SEN033,,50.0,26.77777777777778,
SEN042,,67.0,,45.9
SEN037,,81.0,23.1,46.0
SEN046,,89.0,,-11.4
SEN013,,39.0,20.7,49.4
SEN009,,65.0,27.9,4.064
SEN004,,50.0,39.9,9.0
SEN046,,87.0,21.888888888888893,2.54
SEN035,,94.0,28.8,49.4
SEN030,,56.0,37.72222222222222,44.7
SEN006,,83.0,31.1,-17.4
SEN002,,49.0,28.1,48.26
SEN007,,47.0,22.11111111111111,44.704
SEN025,2026-07-09 05:30:00,50.0,23.1,43.3
SEN041,,72.0,29.22222222222222,16.6
UNKNOWN,,94.0,30.1,41.6
SEN046,,70.0,36.5,
SEN041,,41.0,,32.5
SEN030,,62.0,15.11111111111111,
SEN037,,71.0,,-7.2
SEN032,,84.0,23.4,34.9
SEN043,,55.0,23.1,33.6
SEN008,,92.0,38.388888888888886,33.019999999999996
SEN003,,50.0,39.7,24.383999999999997
SEN016,,,33.2,1.2
SEN022,,65.0,19.0,39.5
SEN012,,43.0,31.22222222222222,17.1
SEN030,,93.0,32.7,0.16
SEN049,,46.0,38.8,22.0
SEN041,,81.0,34.611111111111114,35.306
SEN045,,95.0,32.3,27.9
SEN004,,63.0,36.27777777777778,30.987999999999996
SEN039,,,17.9,12.2
UNKNOWN,,71.0,39.5,3.4
SEN044,,56.0,32.3,10.5
SEN031,,32.0,,29.1
SEN020,,89.0,25.0,2.3
SEN046,,61.0,25.888888888888886,29.3
SEN014,,42.0,23.1,34.2
UNKNOWN,,36.0,15.277777777777779,36.3
SEN006,,,28.22222222222222,0.21
SEN012,,67.0,32.27777777777778,
SEN007,,35.0,29.6,28.2
SEN028,,51.0,30.8,41.4
SEN003,,,39.22222222222222,32.9
SEN039,,86.0,,42.3
SEN004,,60.0,17.7,
SEN028,,46.0,,27.686
SEN020,,,29.77777777777778,2.6
SEN046,,44.0,32.3,17.6
SEN048,,47.0,26.999999999999996,13.716
SEN024,,,25.1,-44.1
SEN025,,,31.11111111111111,8.8
SEN011,,67.0,36.6,0.0
SEN020,,55.0,37.8,-9.9
SEN009,,54.0,35.0,41.6
SEN022,,69.0,23.277777777777782,7.0
SEN042,,90.0,39.72222222222222,19.1
SEN041,,71.0,,11.7
SEN042,,92.0,,6.0
SEN038,,53.0,30.5,23.6
SEN023,,39.0,29.9,0.78
SEN047,,88.0,37.2,17.7
SEN001,,33.0,20.888888888888886,43.3
SEN015,,94.0,,34.036
SEN006,,81.0,23.9,14.7
SEN026,,70.0,21.2,10.3
SEN038,,71.0,35.1,31.8
SEN016,,47.0,23.7,-37.3
UNKNOWN,,,34.4,47.0
UNKNOWN,,81.0,21.4,7.3
SEN046,,57.0,28.277777777777782,
SEN039,2026-03-02 05:30:00,39.0,35.611111111111114,22.1
SEN031,,60.0,22.5,-44.2
SEN009,,46.0,28.61111111111111,-3.3
SEN010,,50.0,26.999999999999996,-10.4
SEN001,,81.0,19.88888888888889,-29.8
SEN044,,66.0,21.3,42.5
SEN025,,,27.8,45.3
SEN037,,37.0,26.27777777777778,45.5
SEN041,,35.0,23.5,7.4
SEN013,,53.0,22.9,-11.3
SEN011,,78.0,17.27777777777778,25.6
SEN020,,71.0,24.7,36.9
SEN050,,,38.0,22.1
SEN027,,,30.2,20.7
SEN020,,67.0,22.22222222222222,10.3
SEN017,,36.0,36.2,23.3
SEN013,,61.0,35.3,-15.7
UNKNOWN,,78.0,17.5,-4.6
SEN029,,62.0,37.8,25.6
SEN014,,60.0,25.0,18.7
SEN009,,38.0,23.3,47.3
SEN022,,32.0,17.7,17.9
SEN030,,32.0,30.88888888888889,35.1
SEN028,,40.0,22.5,37.8
SEN035,,,,9.906
UNKNOWN,,49.0,32.1,22.5
SEN024,,80.0,37.7,8.1
SEN048,,47.0,19.0,25.4
SEN044,,34.0,30.4,39.2
SEN038,,63.0,,42.5
SEN017,,,,24.8
SEN042,,75.0,15.11111111111111,16.3
SEN033,,84.0,30.27777777777778,12.5
SEN003,,85.0,39.8,36.1
SEN008,,94.0,18.7,35.3
SEN039,,40.0,33.9,19.4
SEN018,,55.0,16.7,1.27
SEN014,,71.0,19.2,4.6
SEN003,,92.0,15.2,23.114
SEN029,,61.0,29.61111111111111,18.7
SEN041,,42.0,34.4,20.32
SEN036,,65.0,29.9,-49.5
SEN002,,67.0,30.5,-24.3
SEN002,,72.0,20.38888888888889,25.145999999999997
UNKNOWN,,41.0,38.22222222222222,2.3
SEN047,,85.0,15.277777777777779,30.225999999999996
SEN009,,,38.8,34.8
SEN021,,94.0,24.8,-29.1
SEN048,2026-05-26 05:30:00,36.0,17.9,15.0
SEN013,,80.0,,3.7
SEN029,,91.0,17.72222222222222,12.6
SEN037,,34.0,24.9,
SEN012,,84.0,30.2,10.6
SEN019,,36.0,35.1,-46.9
SEN018,,44.0,16.7,-20.1
SEN037,,41.0,23.22222222222222,0.71
SEN027,,36.0,32.5,8.0
SEN012,,76.0,,
SEN015,,92.0,23.3,8.0
SEN017,,40.0,26.1,29.7
SEN005,,,20.7,8.636000000000001
SEN024,,35.0,29.5,
SEN041,,42.0,26.722222222222218,45.8
SEN021,,95.0,,35.3
SEN011,,50.0,30.5,37.083999999999996
SEN046,,37.0,22.722222222222225,33.1
SEN016,,84.0,22.3,39.5
SEN036,,60.0,29.9,49.022
SEN032,,64.0,28.2,16.7
SEN029,,45.0,17.5,29.7
SEN038,,70.0,19.0,43.3
SEN033,,69.0,35.72222222222222,39.4
SEN038,,30.0,,44.3
SEN030,,79.0,20.11111111111111,49.4
SEN047,,51.0,34.8,16.6
SEN012,,43.0,,39.878
SEN050,,51.0,,1.55
SEN004,,92.0,18.6,2.54
SEN033,,62.0,16.7,6.3
SEN046,,48.0,,31.0
SEN031,,56.0,28.1,37.337999999999994
SEN002,,72.0,29.72222222222222,0.34
SEN019,,64.0,36.611111111111114,38.3
SEN006,,88.0,25.3,1.5239999999999998
SEN017,,30.0,27.4,14.1
SEN011,,30.0,34.5,17.3
SEN026,,49.0,30.5,19.6
SEN040,,92.0,21.4,7.0
SEN050,,56.0,26.38888888888889,8.9
SEN014,,80.0,23.277777777777782,6.0
SEN008,,94.0,37.0,30.4
SEN018,2026-03-01 05:30:00,65.0,17.61111111111111,32.8
SEN045,,42.0,39.8,14.5
SEN048,,93.0,35.611111111111114,44.7
SEN004,,34.0,23.7,14.0
SEN027,,75.0,37.0,12.5
SEN043,,60.0,24.222222222222218,13.5
SEN040,,40.0,37.111111111111114,47.244
SEN014,,34.0,26.888888888888893,1.87
UNKNOWN,,39.0,,6.35
SEN022,,56.0,34.888888888888886,25.9
SEN044,,49.0,39.3,37.9
SEN012,,42.0,18.388888888888886,44.1
SEN021,,48.0,,18.7
SEN022,,53.0,39.0,
SEN016,,36.0,35.888888888888886,30.225999999999996
SEN003,,63.0,28.8,17.9
SEN014,,38.0,27.722222222222225,
SEN040,,50.0,26.9,45.974
SEN012,,57.0,20.5,40.6
UNKNOWN,,,39.3,4.8
SEN007,,30.0,17.38888888888889,44.0
SEN012,,71.0,27.1,19.1
SEN047,,63.0,33.5,29.3
SEN028,,95.0,16.7,20.32
SEN047,,65.0,34.1,16.6
SEN012,,34.0,29.88888888888889,28.5
SEN020,,77.0,,0.5
SEN040,,49.0,24.2,
SEN005,,,20.0,48.26
SEN021,,81.0,18.1,15.2
UNKNOWN,,,25.4,-2.3
UNKNOWN,,85.0,35.22222222222222,40.894
SEN044,,50.0,25.2,-2.9
SEN031,,84.0,15.3,0.46
SEN046,,45.0,27.77777777777778,4.3
UNKNOWN,,55.0,38.611111111111114,14.9
UNKNOWN,,91.0,16.22222222222222,8.5
SEN030,,72.0,39.0,48.1
SEN013,,53.0,33.27777777777778,
SEN005,,56.0,27.2,21.2
SEN001,,89.0,,15.4
SEN042,,67.0,21.888888888888893,-43.6
SEN036,,67.0,23.2,27.178
SEN036,,39.0,,24.5
SEN039,,75.0,19.5,3.7
SEN046,,60.0,19.777777777777775,
SEN008,,50.0,33.5,15.1
SEN008,,58.0,26.11111111111111,2.2859999999999996
SEN017,,67.0,37.4,7.112
SEN038,,39.0,17.1,7.1
SEN029,,86.0,,12.0
SEN030,,38.0,28.277777777777782,22.86
SEN018,,34.0,,
SEN040,,69.0,37.0,28.5
SEN012,,43.0,23.61111111111111,41.5
SEN015,,88.0,32.111111111111114,-16.5
SEN049,,42.0,32.5,5.9
UNKNOWN,,,28.2,0.13
SEN032,,84.0,30.72222222222222,38.862
SEN022,,82.0,22.77777777777778,46.1
SEN018,,61.0,26.7,21.5
SEN032,,65.0,20.38888888888889,1.56
SEN029,,71.0,37.3,1.6
SEN023,,48.0,30.4,15.3
SEN002,,39.0,17.7,0.89
SEN008,,81.0,32.2,1.5
UNKNOWN,,,27.0,22.4
SEN031,,85.0,38.888888888888886,1.2
SEN002,,72.0,28.88888888888889,5.08
SEN038,,72.0,22.0,23.7
SEN043,,57.0,15.5,24.3
SEN047,,77.0,33.5,28.4
SEN011,,47.0,17.72222222222222,28.7
SEN021,,46.0,16.5,37.337999999999994
SEN002,,85.0,32.72222222222222,11.4
SEN035,,84.0,39.388888888888886,26.0
SEN013,,,36.0,1.77
SEN028,,44.0,30.88888888888889,0.02
SEN013,,83.0,,4.2
SEN008,,85.0,23.5,2.6
SEN006,,57.0,32.3,22.3
SEN025,,76.0,17.88888888888889,3.7
SEN019,,45.0,38.8,20.3
SEN003,,48.0,29.72222222222222,-40.4
SEN028,,50.0,21.722222222222218,26.5
SEN004,,95.0,32.7,45.466
SEN009,,87.0,36.8,31.3
SEN011,,88.0,15.11111111111111,7.2
SEN042,,61.0,,10.3
SEN027,,74.0,29.88888888888889,1.28
SEN018,,93.0,31.2,39.5
SEN006,,75.0,18.22222222222222,35.8
SEN005,,35.0,28.88888888888889,7.6
SEN047,,67.0,37.8,3.0
SEN024,,69.0,24.88888888888889,0.72
SEN043,,,28.000000000000004,-9.6
SEN042,,41.0,31.27777777777778,13.4
SEN027,,72.0,17.8,18.8
SEN021,,,,46.736
SEN009,,89.0,20.0,23.5
SEN008,,70.0,20.7,26.9
SEN029,,92.0,26.0,0.18
UNKNOWN,,62.0,21.38888888888889,34.036
SEN015,,63.0,30.7,-31.1
SEN028,,81.0,20.1,48.0
SEN005,,80.0,39.22222222222222,16.0
SEN046,,,29.2,7.2
SEN030,,76.0,32.5,25.3
SEN038,,72.0,39.22222222222222,10.5
SEN044,,83.0,24.61111111111111,10.413999999999998
SEN022,,,32.2,23.7
SEN047,,38.0,18.6,43.18
SEN008,,,33.888888888888886,8.7
SEN017,,33.0,21.5,22.7
SEN018,,86.0,23.77777777777778,-44.8
SEN011,,73.0,,42.5
SEN013,,,35.27777777777778,-18.9
SEN027,,77.0,31.0,43.2
SEN026,,54.0,33.7,-10.3
SEN046,,57.0,16.1,32.5
SEN004,,65.0,22.5,-17.8
SEN023,,85.0,17.6,7.9
SEN004,,46.0,24.1,14.0
SEN049,,73.0,,38.862
SEN015,,65.0,23.8,18.0
SEN016,,36.0,28.1,35.559999999999995
SEN016,,77.0,15.11111111111111,14.0
SEN047,,54.0,15.38888888888889,23.8
SEN033,,79.0,30.4,34.0
SEN049,,42.0,,1.5239999999999998
SEN038,,47.0,15.9,-50.0
SEN040,,35.0,31.61111111111111,8.7
SEN048,,57.0,,14.731999999999998
SEN028,,59.0,,10.4
SEN005,,45.0,29.0,-6.2
SEN020,,79.0,22.6,29.209999999999997
SEN029,,74.0,35.6,-3.6
SEN015,,53.0,16.88888888888889,12.7
UNKNOWN,,,18.22222222222222,30.5
SEN025,,45.0,25.500000000000004,1.1
SEN029,,,,0.48
SEN034,,92.0,18.8,3.7
SEN048,,53.0,18.88888888888889,0.67
SEN008,,31.0,22.2,33.6
SEN018,,76.0,34.611111111111114,7.3
SEN024,,53.0,21.9,29.7
SEN025,,44.0,,33.7
SEN001,,45.0,25.777777777777782,20.066
SEN020,,76.0,,36.068
SEN043,,46.0,25.0,-9.3
SEN027,,74.0,16.88888888888889,1.51
SEN029,,91.0,23.3,
SEN019,,65.0,17.9,16.6
SEN019,,68.0,24.61111111111111,
SEN001,,39.0,,3.6
SEN006,,77.0,38.0,40.0
SEN037,,81.0,24.5,13.716
SEN006,,86.0,17.3,11.3
SEN019,,80.0,17.9,43.3
SEN003,,35.0,31.3,48.2
SEN033,,54.0,28.0,26.3
SEN032,,80.0,25.6,49.022
SEN012,,69.0,21.27777777777778,7.365999999999999
SEN002,,62.0,32.611111111111114,7.4
SEN019,,69.0,31.88888888888889,47.8
SEN010,,56.0,16.0,20.6
SEN008,,34.0,18.2,35.5
SEN003,,87.0,18.77777777777778,7.9
SEN040,2026-03-13 05:30:00,77.0,,3.0
SEN001,,37.0,25.0,
SEN027,,73.0,29.77777777777778,-44.1
SEN034,,63.0,21.5,34.6
SEN010,,50.0,,42.5
SEN005,,91.0,21.4,25.145999999999997
SEN050,,62.0,21.3,16.8
SEN050,,55.0,16.9,1.75
SEN029,,82.0,,2.54
SEN044,2026-05-21 05:30:00,32.0,19.111111111111114,36.2
SEN004,,52.0,25.27777777777778,15.7
SEN018,,54.0,22.7,1.01
SEN025,,49.0,28.5,
SEN004,,89.0,37.5,0.84
UNKNOWN,,31.0,16.0,
SEN041,,56.0,37.111111111111114,38.0
SEN044,,32.0,,0.43
SEN031,,93.0,,30.0
SEN047,,44.0,,15.6
SEN018,,30.0,19.8,30.5
SEN024,,52.0,15.0,18.0
SEN035,,54.0,15.222222222222221,47.6
SEN005,,85.0,21.77777777777778,1.59
SEN030,,36.0,18.388888888888886,2.9
SEN033,,38.0,29.72222222222222,50.0
SEN020,,34.0,,36.8
SEN016,,52.0,31.0,25.6
SEN044,,83.0,22.4,49.1
SEN024,,65.0,29.4,0.41
SEN006,,57.0,33.4,20.3
SEN012,,31.0,39.4,37.4
SEN027,,54.0,37.5,-20.4
SEN036,,70.0,19.61111111111111,2.8
UNKNOWN,,81.0,24.7,14.7
SEN013,,90.0,25.72222222222222,29.1
SEN011,,58.0,32.611111111111114,32.4
SEN019,,79.0,28.61111111111111,16.764
SEN029,,91.0,,9.906
SEN022,,65.0,23.6,-1.9
SEN046,,47.0,35.0,24.6
SEN009,,79.0,29.5,
SEN046,,59.0,,21.5
SEN046,,46.0,21.0,8.1
SEN022,,93.0,27.77777777777778,1.67
SEN033,,44.0,30.11111111111111,48.4
SEN024,,94.0,31.9,2.9
SEN041,,40.0,20.5,49.2
SEN002,,52.0,,1.5
SEN026,,,33.7,17.8
SEN045,,93.0,30.77777777777778,23.8
SEN021,,68.0,,8.3
SEN036,,45.0,20.38888888888889,20.5
SEN029,,35.0,15.8,48.00599999999999
SEN009,,92.0,33.22222222222222,
SEN001,,86.0,29.11111111111111,1.87
SEN047,,94.0,34.77777777777778,32.1
SEN014,,47.0,31.7,20.3
SEN019,,46.0,17.22222222222222,46.6
SEN033,,94.0,,17.272000000000002
SEN032,,92.0,,42.6
SEN021,,42.0,37.2,35.0
SEN001,,81.0,35.2,-46.5
SEN009,,60.0,35.3,-41.4
SEN032,,49.0,17.11111111111111,35.3
SEN011,,64.0,17.4,21.1
SEN023,,69.0,36.3,23.0
SEN047,,95.0,17.0,38.8
UNKNOWN,2026-05-31 05:30:00,51.0,19.9,18.0
SEN022,,86.0,,4.8
SEN046,,78.0,,1.53
SEN036,,62.0,17.38888888888889,12.0
SEN032,,74.0,37.2,20.6
SEN037,,41.0,23.8,37.592
SEN024,,66.0,18.72222222222222,28.2
SEN007,,59.0,24.388888888888893,9.2
SEN033,,32.0,31.72222222222222,4.1
SEN023,,33.0,,0.6
SEN046,,75.0,37.6,19.049999999999997
SEN018,,39.0,32.2,19.6
UNKNOWN,,89.0,17.11111111111111,37.7
SEN027,,58.0,,3.302
SEN043,,87.0,39.0,45.6
UNKNOWN,,76.0,,28.6
SEN049,,,37.888888888888886,
SEN010,,85.0,31.4,0.64
SEN046,,,21.2,35.0
SEN016,,94.0,,
SEN019,,45.0,34.3,8.8
SEN019,,37.0,,48.2
SEN041,,50.0,39.611111111111114,36.1
SEN001,,83.0,,12.7
SEN005,,,36.2,33.528
SEN009,,63.0,29.72222222222222,21.0
SEN015,,31.0,29.61111111111111,34.5
SEN045,,77.0,30.5,22.9
SEN002,,46.0,30.27777777777778,-17.2
SEN026,,58.0,20.9,3.556
SEN005,,45.0,37.77777777777778,22.7
SEN039,,61.0,,16.4
SEN034,,45.0,19.777777777777775,23.8
SEN019,,65.0,39.2,-9.9
SEN031,,50.0,38.72222222222222,35.9
UNKNOWN,,65.0,29.11111111111111,-22.4
SEN046,,86.0,19.2,44.196
SEN022,,,34.5,34.0
SEN002,,75.0,20.2,32.8
SEN017,,55.0,39.4,3.0
SEN018,,67.0,,49.5
SEN021,,65.0,16.27777777777778,32.1
SEN012,,63.0,15.9,1.69
SEN018,,94.0,27.61111111111111,45.7
UNKNOWN,,39.0,,18.1
SEN032,,50.0,18.5,25.4
UNKNOWN,,59.0,38.8,17.6
SEN027,,61.0,22.11111111111111,0.3
SEN019,,34.0,24.88888888888889,37.4
SEN042,,55.0,37.3,33.1
SEN040,,,39.22222222222222,16.5
SEN017,,34.0,33.2,9.8
SEN019,,72.0,30.0,37.846
SEN031,,86.0,37.6,1.49
SEN009,,,27.8,43.687999999999995
SEN015,,79.0,29.88888888888889,27.686
SEN033,,57.0,31.88888888888889,
SEN030,,94.0,33.6,18.3
SEN021,,36.0,,-11.2
SEN011,,55.0,25.777777777777782,27.6
SEN019,,70.0,20.500000000000004,33.274
SEN027,,68.0,23.000000000000004,47.6
SEN050,,34.0,,45.0
SEN005,,69.0,25.11111111111111,20.6
SEN043,,68.0,20.888888888888886,8.382
SEN047,,66.0,22.38888888888889,25.2
SEN023,,66.0,,
SEN018,,55.0,,22.352
SEN015,,63.0,22.2,22.9
SEN034,,93.0,27.11111111111111,5.5
SEN042,,62.0,32.9,-7.9
SEN018,,62.0,36.72222222222222,33.8
SEN038,,69.0,37.7,17.4
SEN007,,45.0,,1.9
SEN036,,72.0,38.2,46.482
SEN045,,57.0,30.38888888888889,49.1
SEN033,,55.0,24.27777777777778,34.8
SEN007,,87.0,21.9,0.59
UNKNOWN,,,32.9,19.7
SEN034,,81.0,22.61111111111111,16.5
SEN039,,66.0,39.388888888888886,16.3
SEN034,,38.0,36.5,7.7
SEN035,,49.0,26.2,12.0
SEN023,,72.0,26.5,
SEN025,,,36.5,13.716
SEN044,,83.0,30.72222222222222,45.9
SEN005,,83.0,,17.3
SEN026,,66.0,24.7,1.0
SEN047,,94.0,38.3,24.5
SEN009,,48.0,38.77777777777778,
SEN045,,83.0,19.0,49.7
SEN007,,74.0,39.0,0.62
SEN012,,95.0,19.6,1.3
SEN029,,,,0.94
SEN002,,64.0,26.5,40.1
SEN006,,54.0,35.388888888888886,44.7
SEN032,,,16.22222222222222,13.9
UNKNOWN,,71.0,21.77777777777778,28.1
SEN033,,30.0,,18.0
SEN032,2026-01-14 05:30:00,47.0,39.6,-2.4
SEN025,,58.0,18.6,-39.4
SEN048,,43.0,23.61111111111111,3.8099999999999996
SEN038,,45.0,35.0,0.33
SEN004,,74.0,25.4,0.4
SEN049,,66.0,34.7,
SEN017,,88.0,22.8,16.2
SEN005,,39.0,27.9,47.6
SEN028,,79.0,22.277777777777775,31.7
SEN027,,65.0,,30.7
SEN012,,35.0,30.6,29.9
SEN028,,83.0,33.22222222222222,22.5
SEN026,,,16.4,-26.1
SEN037,,,19.777777777777775,
UNKNOWN,,64.0,24.7,38.6
SEN023,,46.0,39.5,40.386
UNKNOWN,,61.0,30.77777777777778,48.9
SEN047,,61.0,27.2,8.0
SEN030,,,37.8,39.37
SEN041,,94.0,32.611111111111114,41.2
SEN039,,71.0,28.9,47.6
SEN026,2026-07-27 05:30:00,70.0,32.611111111111114,23.622
SEN001,,64.0,31.4,45.0
SEN041,,34.0,,34.6
SEN046,,52.0,18.77777777777778,-39.7
SEN007,,78.0,,35.7
SEN040,,42.0,38.888888888888886,26.2
SEN007,,53.0,39.0,30.7
SEN016,,72.0,30.0,43.9
SEN008,,54.0,,39.4
SEN018,,78.0,15.6,49.0
SEN040,,43.0,22.277777777777775,27.178
SEN048,,47.0,25.9,21.081999999999997
SEN039,,70.0,26.22222222222222,23.7
SEN050,,39.0,26.7,25.0
SEN037,,77.0,20.1,37.2
SEN005,,42.0,33.9,30.9
SEN039,,53.0,32.5,-47.8
SEN023,,38.0,24.777777777777775,49.2
SEN025,,72.0,35.4,1.69
SEN007,,81.0,34.22222222222222,31.2
SEN001,,,17.0,3.9
SEN025,,61.0,35.0,38.1
SEN034,,86.0,19.5,-10.6
SEN016,,75.0,31.0,0.6
SEN019,,,21.27777777777778,26.5
UNKNOWN,,,,-49.6
SEN010,,47.0,16.7,39.5
SEN026,,94.0,31.77777777777778,9.9
SEN044,,69.0,21.6,42.8
SEN045,,88.0,34.388888888888886,2.4
SEN022,,73.0,,
SEN045,2026-01-17 05:30:00,56.0,20.3,49.6
SEN019,,66.0,36.4,13.4
SEN031,,54.0,32.1,30.7
SEN010,,56.0,18.6,0.89
SEN046,,76.0,30.3,30.0
SEN028,,77.0,38.2,
UNKNOWN,,,23.72222222222222,4.5
SEN028,,,23.2,21.59
SEN045,,83.0,29.5,15.9
SEN015,,41.0,32.3,50.038
SEN050,,38.0,25.5,0.05
SEN028,,71.0,32.5,38.7
SEN008,,79.0,15.0,0.42
SEN046,,30.0,15.0,20.8
SEN025,,63.0,,29.971999999999998
SEN037,,30.0,24.111111111111114,2.0
SEN008,,,28.8,13.6
SEN016,,30.0,17.88888888888889,12.191999999999998
SEN012,,37.0,16.0,9.6
UNKNOWN,,31.0,36.1,0.63
SEN025,,48.0,22.5,30.733999999999998
SEN041,,,,33.9
SEN017,,81.0,22.277777777777775,42.163999999999994
SEN007,,40.0,22.5,40.6
SEN031,,60.0,18.5,21.59
SEN025,,,16.27777777777778,30.1
SEN037,,84.0,15.722222222222221,0.63
SEN035,,50.0,30.5,22.2
SEN010,,32.0,26.888888888888893,25.907999999999998
SEN032,,67.0,28.277777777777782,0.54
SEN009,,78.0,36.888888888888886,45.1
SEN027,,57.0,18.5,24.5
UNKNOWN,,81.0,15.5,16.2
SEN047,,46.0,29.3,5.3
SEN036,,82.0,35.5,13.2
SEN042,,66.0,26.11111111111111,5.334
SEN050,,84.0,38.9,0.93
UNKNOWN,,61.0,,1.0
SEN040,,65.0,37.27777777777778,23.6
SEN010,,58.0,20.1,36.8
SEN009,,69.0,30.3,38.5
SEN039,,,23.7,3.5
SEN027,,83.0,19.388888888888893,42.6
SEN001,,60.0,19.0,38.8
SEN002,,76.0,33.7,33.2
SEN010,,,,13.2
SEN018,,54.0,31.5,46.0
SEN029,,,,15.5
SEN022,,90.0,16.11111111111111,4.1
SEN010,,52.0,24.4,0.82
SEN018,,95.0,28.6,11.7
SEN025,,,23.1,27.9
SEN002,,52.0,34.0,39.37
SEN002,,90.0,31.4,20.32
SEN011,,,31.5,19.3
SEN016,,87.0,26.4,2.3
SEN024,,75.0,16.22222222222222,23.4
SEN048,,82.0,24.1,31.5
SEN045,,75.0,,19.049999999999997
SEN045,,59.0,25.888888888888886,3.2
SEN019,,62.0,38.111111111111114,3.5
SEN037,,38.0,34.388888888888886,43.18
SEN021,,30.0,37.22222222222222,10.4
SEN018,,70.0,21.5,7.6
SEN006,,94.0,39.5,49.0
SEN016,,64.0,,24.13
SEN020,,35.0,32.7,18.796
SEN001,,73.0,33.5,35.6
SEN026,,40.0,32.0,-15.2
SEN039,,84.0,,9.6
SEN024,,39.0,37.3,7.874
SEN038,,94.0,,1.43
SEN043,,59.0,23.000000000000004,12.191999999999998
SEN046,,52.0,35.22222222222222,42.418
SEN028,,56.0,,0.54
SEN034,,55.0,29.3,30.2
SEN020,,53.0,23.61111111111111,13.462
SEN035,,64.0,24.7,44.0
SEN027,,,,39.0
SEN003,,47.0,33.1,-27.5
SEN014,,35.0,34.77777777777778,20.8
SEN028,,95.0,32.72222222222222,9.652
SEN040,,51.0,29.88888888888889,44.3
SEN047,,50.0,21.0,9.906
SEN021,,43.0,,
SEN025,,70.0,15.2,45.6
SEN027,,35.0,30.5,
SEN048,,37.0,30.27777777777778,11.43
SEN017,,35.0,,30.0
SEN023,,,18.5,-49.4
SEN019,,81.0,18.22222222222222,42.1
UNKNOWN,,73.0,25.222222222222225,11.5
SEN009,,44.0,,36.1
SEN050,,84.0,22.9,48.3
SEN029,,72.0,31.7,18.7
SEN009,,43.0,36.72222222222222,26.1
SEN042,,90.0,18.6,39.3
SEN044,,30.0,27.77777777777778,49.2
SEN035,,48.0,32.72222222222222,10.6
SEN031,,46.0,20.3,23.3
SEN034,,89.0,32.0,26.3
SEN033,,40.0,24.388888888888893,
SEN048,,38.0,,23.7
SEN045,,66.0,38.5,45.974
SEN003,,35.0,38.9,0.254
SEN013,,,32.8,-42.7
UNKNOWN,,54.0,31.61111111111111,0.46
SEN049,,69.0,16.61111111111111,40.0
SEN048,,67.0,27.277777777777775,1.89
SEN042,,41.0,28.1,41.7
SEN023,,88.0,19.88888888888889,14.6
SEN036,,92.0,,9.5
SEN045,,66.0,31.7,30.5
SEN035,,59.0,23.000000000000004,25.145999999999997
SEN035,,76.0,25.1,3.3
SEN046,,49.0,23.000000000000004,17.272000000000002
SEN018,,87.0,39.77777777777778,-46.4
SEN036,,,20.2,45.6
UNKNOWN,,67.0,,0.26
SEN004,,36.0,30.6,2.9
SEN046,,42.0,18.22222222222222,12.4
SEN009,,77.0,39.0,15.1
SEN003,,81.0,39.27777777777778,14.8
SEN031,,37.0,36.388888888888886,47.4
SEN048,,,,21.1
SEN027,,69.0,15.8,-27.5
SEN040,,47.0,21.5,1.8
SEN039,,45.0,39.7,1.89
SEN019,,94.0,17.1,36.5
SEN045,,79.0,31.11111111111111,22.098
SEN008,,52.0,,0.31
SEN014,,53.0,27.88888888888889,47.5
SEN022,,81.0,,
SEN002,,55.0,28.2,46.99
SEN035,,,26.9,
SEN043,,64.0,,-9.4
SEN026,,60.0,15.277777777777779,5.5
SEN009,,,36.888888888888886,36.1
SEN011,,,19.499999999999996,43.5
SEN006,,55.0,38.4,30.1
SEN008,,63.0,18.0,16.7
SEN010,,78.0,,1.41
SEN038,,81.0,31.8,17.525999999999996
SEN025,,69.0,32.2,35.5
SEN041,,46.0,19.0,16.4
SEN009,,64.0,24.388888888888893,-44.7
SEN034,,67.0,18.88888888888889,
SEN047,,45.0,31.9,9.906
SEN029,,70.0,23.77777777777778,44.3
SEN013,,,16.5,42.6
SEN013,,60.0,29.7,16.5
SEN004,,37.0,20.0,-6.4
SEN013,,79.0,32.6,-46.0
SEN015,,46.0,26.27777777777778,22.1
SEN031,,37.0,31.2,42.5
SEN022,,61.0,20.500000000000004,15.6
SEN041,,89.0,,25.145999999999997
SEN033,,49.0,23.77777777777778,34.9
SEN010,,93.0,32.4,42.418
SEN021,,61.0,36.77777777777778,13.97
SEN045,,,34.3,-4.9
SEN011,,83.0,16.88888888888889,1.33
SEN039,,85.0,33.8,32.8
SEN008,,,,4.7
SEN022,,49.0,23.111111111111107,4.7
SEN030,,87.0,,12.0
SEN034,,30.0,,
SEN021,,64.0,,41.9
SEN006,,40.0,35.6,10.5
SEN015,,53.0,18.72222222222222,39.2
SEN034,,74.0,17.11111111111111,1.75
SEN011,,,34.22222222222222,24.4
SEN031,,44.0,,21.5
SEN040,,,17.6,35.5
SEN017,,52.0,,31.7
SEN012,,32.0,20.888888888888886,41.1
SEN028,,76.0,28.61111111111111,45.8
SEN050,,68.0,,16.7
SEN047,,55.0,26.888888888888893,20.9
SEN045,,77.0,32.888888888888886,34.7
SEN027,2026-03-07 05:30:00,84.0,34.111111111111114,36.8
SEN031,2026-02-08 05:30:00,,28.4,26.2
SEN023,,38.0,30.5,8.2
SEN044,,,31.61111111111111,-33.7
SEN048,,89.0,21.7,30.8
SEN005,,60.0,23.277777777777782,22.9
SEN007,,,23.6,22.2
SEN021,,94.0,34.388888888888886,0.4
SEN013,,41.0,26.38888888888889,
SEN001,,,,9.906
SEN010,,32.0,,7.8
SEN027,,81.0,23.61111111111111,17.3
SEN019,,44.0,19.9,27.5
SEN036,,82.0,,16.8
SEN020,,53.0,,40.6
SEN001,,,28.0,48.00599999999999
SEN021,,93.0,,34.1
SEN023,,76.0,28.277777777777782,12.7
SEN019,,50.0,18.8,-25.9
SEN007,,64.0,25.8,47.4
SEN020,,30.0,28.7,18.0
SEN015,,76.0,22.88888888888889,39.1
SEN024,,75.0,26.0,-28.1
SEN042,,,23.5,6.7
SEN039,,30.0,33.77777777777778,-28.7
SEN036,,67.0,15.0,0.29
SEN049,,,27.2,37.0
SEN003,,41.0,35.72222222222222,40.8
SEN044,,47.0,34.0,40.6
SEN049,,79.0,25.7,4.0
SEN023,,62.0,15.7,35.6
SEN020,,66.0,37.9,16.5
SEN037,,72.0,37.0,27.9
SEN008,,54.0,,6.2
SEN016,,83.0,28.4,44.0
SEN009,,72.0,19.9,36.5
SEN036,,66.0,,42.8
SEN029,,82.0,33.27777777777778,43.942
SEN010,,44.0,17.88888888888889,7.2
SEN038,,82.0,28.388888888888886,
SEN012,,42.0,32.5,27.2
SEN018,,62.0,21.38888888888889,39.0
SEN028,,78.0,33.6,48.5
SEN003,,83.0,,-15.0
SEN034,,93.0,23.4,37.8
SEN022,,64.0,37.2,27.0
SEN039,,90.0,27.4,41.2
SEN033,,52.0,,2.3
SEN025,,45.0,31.8,-12.6
SEN042,,69.0,28.2,46.228
SEN008,,84.0,30.3,-37.5
SEN029,,34.0,32.6,0.2
SEN039,,39.0,34.3,19.9
SEN039,,71.0,29.7,18.0
SEN043,,88.0,38.6,47.3
SEN026,,61.0,20.11111111111111,0.43
SEN020,,,,13.9
SEN023,,,21.3,-34.3
SEN048,,67.0,24.222222222222218,27.7
SEN020,,56.0,25.7,46.736
SEN029,,78.0,,-24.3
SEN034,2026-07-23 05:30:00,51.0,28.88888888888889,48.2
SEN008,,55.0,21.5,8.382
SEN005,,83.0,25.5,19.0
SEN030,,84.0,,33.2
UNKNOWN,,51.0,34.72222222222222,34.6
SEN015,,69.0,30.88888888888889,
SEN044,,83.0,21.0,11.0
SEN022,,70.0,28.61111111111111,35.559999999999995
SEN046,,48.0,34.22222222222222,7.0
SEN022,,36.0,17.0,34.7
SEN004,,,36.5,20.32
SEN028,,37.0,19.1,0.7619999999999999
SEN022,,66.0,39.2,30.733999999999998
SEN001,,72.0,25.777777777777782,12.191999999999998
SEN011,,61.0,,39.878
SEN023,,61.0,39.9,19.9
SEN012,,93.0,37.1,42.8
SEN021,,42.0,,0.63
SEN045,,30.0,31.5,31.3
SEN044,,,29.7,22.2
SEN006,,62.0,17.0,24.13
SEN019,,,36.2,38.099999999999994
SEN019,,35.0,38.72222222222222,45.3
SEN003,,47.0,35.5,33.5
SEN004,,39.0,36.0,13.8
SEN022,,72.0,,13.2
SEN043,,42.0,29.11111111111111,8.8
SEN018,,71.0,36.2,30.4
SEN005,,63.0,28.111111111111107,30.1
SEN032,,51.0,25.7,
SEN022,,58.0,34.5,38.4
SEN016,,82.0,36.5,-18.2
SEN008,,45.0,26.611111111111114,0.87
SEN020,,94.0,29.22222222222222,10.3
SEN013,,67.0,21.8,10.413999999999998
SEN032,,59.0,29.4,24.1
SEN040,,73.0,18.8,43.434
SEN025,,95.0,27.88888888888889,4.3180000000000005
UNKNOWN,,50.0,24.2,28.4
SEN029,,59.0,,40.9
SEN022,,59.0,,-4.3
SEN042,,57.0,28.5,26.9
SEN004,,,17.7,0.1
SEN013,,85.0,37.6,-38.3
SEN007,,34.0,29.8,2.6
SEN013,,,30.61111111111111,16.256
SEN006,,,39.111111111111114,32.6
SEN037,,32.0,32.3,1.3
SEN049,,86.0,33.22222222222222,44.704
SEN023,,,,12.3
SEN035,,64.0,39.611111111111114,26.8
SEN008,,60.0,32.0,
SEN030,,43.0,19.6,40.0
SEN039,,78.0,30.5,34.4
SEN008,,93.0,,-47.8
SEN007,,62.0,20.611111111111107,22.6
SEN016,,,23.388888888888886,-8.1
SEN043,,90.0,33.5,1.6
SEN008,,93.0,20.6,1.06
SEN046,,78.0,28.8,31.7
SEN012,,79.0,39.388888888888886,33.2
SEN003,,83.0,24.61111111111111,40.3
SEN041,,33.0,19.9,37.5
SEN004,,58.0,25.0,36.9
SEN042,,44.0,34.888888888888886,40.9
SEN008,,,15.61111111111111,40.386
SEN013,,70.0,,14.5
SEN044,,49.0,,4.4
SEN012,,59.0,32.6,0.5
SEN027,,95.0,34.5,4.6
SEN009,,49.0,,38.608
SEN026,,49.0,32.22222222222222,44.196
SEN042,,59.0,,0.2
SEN027,,76.0,26.1,49.8
SEN015,,30.0,32.22222222222222,9.3
SEN046,,63.0,22.88888888888889,1.37
SEN011,,70.0,,44.0
SEN028,,55.0,16.5,6.3
UNKNOWN,,,30.3,20.9
SEN017,,76.0,23.000000000000004,26.3
SEN019,,65.0,17.7,44.5
SEN024,,50.0,38.8,0.83
SEN040,,50.0,32.77777777777778,47.3
SEN008,,79.0,36.2,40.5
SEN029,,62.0,,14.8
UNKNOWN,,74.0,29.9,33.3
SEN024,,84.0,24.2,6.6
SEN042,,48.0,30.8,25.6
SEN023,,95.0,37.8,42.3
SEN034,,40.0,29.5,25.1
SEN034,,33.0,33.8,7.3
SEN028,,89.0,28.72222222222222,-35.3
SEN031,,,33.8,-7.5
SEN026,,54.0,,26.1
UNKNOWN,,59.0,22.61111111111111,19.5
SEN032,,65.0,19.88888888888889,13.4
SEN011,,43.0,38.1,9.4
SEN031,,,,8.8
SEN045,,60.0,30.77777777777778,49.0
SEN023,,58.0,21.9,-31.1
SEN034,,63.0,33.1,39.4
SEN031,,90.0,16.3,44.449999999999996
SEN016,,,38.9,34.036
SEN015,,92.0,27.4,18.1
SEN044,,37.0,28.277777777777782,30.9
SEN011,,55.0,23.5,-27.3
SEN043,,39.0,,45.0
SEN004,,79.0,17.4,13.7
SEN010,,63.0,30.3,21.9
SEN039,,,,45.1
SEN041,,54.0,23.3,49.3
SEN031,,64.0,35.388888888888886,11.0
SEN050,,74.0,38.5,15.5
SEN001,,37.0,18.0,1.07
SEN047,,32.0,27.9,0.18
SEN016,,94.0,20.27777777777778,11.7
UNKNOWN,,56.0,32.6,-14.6
SEN035,,93.0,24.7,-7.7
SEN029,,42.0,38.111111111111114,0.17
SEN032,,34.0,22.3,
SEN018,,88.0,34.22222222222222,39.1
SEN012,,,19.4,0.0
SEN039,,80.0,26.4,36.1
SEN018,,62.0,26.8,26.5
SEN013,,,15.5,28.3
SEN026,,41.0,34.72222222222222,
SEN040,,43.0,27.277777777777775,43.9
SEN045,,82.0,16.38888888888889,
SEN024,,54.0,20.11111111111111,6.604
SEN032,,45.0,18.388888888888886,1.48
SEN023,,38.0,15.2,
SEN023,,48.0,30.38888888888889,0.9
SEN003,,61.0,31.6,47.3
SEN035,,66.0,34.22222222222222,41.7
SEN027,,43.0,35.0,32.1
SEN032,,45.0,39.27777777777778,34.0
SEN040,2026-08-08 05:30:00,,19.7,0.17
SEN042,,48.0,18.61111111111111,45.211999999999996
SEN020,2026-05-01 05:30:00,40.0,27.6,44.0
SEN004,,,37.27777777777778,12.9
SEN016,,37.0,,1.43
SEN014,2026-07-24 05:30:00,67.0,18.111111111111107,46.482
SEN025,,76.0,,11.684
SEN010,,76.0,,
SEN013,,94.0,31.6,7.619999999999999
SEN026,,58.0,31.72222222222222,1.5
SEN029,,93.0,29.3,1.89
SEN017,,41.0,39.9,1.65
SEN030,,,21.4,4.8
UNKNOWN,,53.0,18.277777777777782,44.2
SEN046,,34.0,21.9,-46.1
SEN050,,,37.3,
SEN027,,69.0,15.4,18.287999999999997
SEN040,,,24.27777777777778,4.4
SEN048,,42.0,35.0,29.9
SEN006,,41.0,18.88888888888889,1.74
SEN008,,44.0,,-42.7
SEN020,,79.0,22.22222222222222,49.9
SEN048,,45.0,31.6,39.7
SEN048,,,22.2,
SEN020,,31.0,15.6,
SEN022,,75.0,23.111111111111107,1.72
SEN018,2026-03-29 05:30:00,47.0,18.8,47.8
SEN029,,,24.1,47.8
SEN009,,94.0,25.7,10.3
SEN026,,91.0,38.3,43.7
SEN024,,84.0,16.5,42.6
SEN045,,77.0,39.8,25.6
SEN029,,,20.4,1.5239999999999998
SEN007,,82.0,,48.2
SEN046,,32.0,31.61111111111111,14.3
SEN030,,81.0,19.7,8.4
UNKNOWN,,90.0,35.5,1.4
SEN003,,78.0,24.6,25.5
SEN032,,50.0,23.88888888888889,6.4
SEN023,,58.0,,9.5
SEN008,,70.0,36.6,17.5
SEN047,,79.0,18.7,0.32
SEN043,,56.0,27.1,
SEN031,,90.0,24.5,31.1
SEN014,,47.0,,
SEN045,,42.0,19.88888888888889,33.7
SEN048,,75.0,38.6,3.302
SEN046,2026-05-26 05:30:00,,22.0,46.5
SEN047,,82.0,37.3,16.9
SEN020,,42.0,30.9,33.782
SEN049,,58.0,39.5,39.624
SEN045,,48.0,,1.9
SEN005,,87.0,39.3,23.622
SEN023,,75.0,27.722222222222225,48.00599999999999
SEN039,2026-07-06 05:30:00,71.0,34.111111111111114,25.654
SEN025,,84.0,,40.894
SEN032,,56.0,,
SEN012,,77.0,35.8,48.5
SEN027,,55.0,23.8,47.9
SEN005,,82.0,,30.987999999999996
SEN044,,42.0,32.1,31.9
SEN048,,59.0,15.6,21.7
SEN002,,82.0,35.0,40.2
SEN001,,56.0,,4.3
SEN028,,48.0,37.72222222222222,6.858
SEN031,,,34.8,-36.5
SEN034,,83.0,,3.8099999999999996
SEN009,,51.0,,19.7
SEN046,,67.0,35.9,45.5
SEN045,,47.0,,1.56
SEN020,,56.0,28.277777777777782,-33.0
SEN034,,86.0,26.11111111111111,29.209999999999997
SEN007,,66.0,37.0,48.0
SEN026,,58.0,29.9,17.779999999999998
SEN005,,30.0,,0.07
SEN032,,80.0,28.388888888888886,28.8
SEN007,,,23.3,
SEN006,,37.0,31.77777777777778,49.3
UNKNOWN,,38.0,18.72222222222222,46.8
SEN036,,43.0,25.0,24.383999999999997
SEN035,,51.0,33.3,-32.3
SEN028,,30.0,26.5,
SEN003,,79.0,30.22222222222222,45.9
SEN011,,56.0,19.72222222222222,13.0
SEN014,,30.0,30.7,36.1
SEN041,,55.0,15.8,-12.2
SEN035,,61.0,27.8,39.624
SEN007,,30.0,16.0,1.9
SEN043,,59.0,27.6,1.2
SEN015,,44.0,32.3,25.1
SEN009,,56.0,27.22222222222222,34.1
SEN032,,86.0,25.0,-2.6
SEN021,,70.0,26.7,14.9
SEN032,,75.0,35.0,8.3
SEN001,,47.0,,18.6
SEN030,,58.0,,33.019999999999996
SEN004,,78.0,22.5,42.7
SEN010,,42.0,38.27777777777778,22.3
SEN050,,40.0,35.22222222222222,16.4
SEN047,,39.0,28.72222222222222,0.1
SEN007,,95.0,22.4,44.6
UNKNOWN,,36.0,29.88888888888889,24.1
SEN042,,70.0,,23.2
SEN008,,77.0,33.111111111111114,39.37
SEN009,,69.0,23.111111111111107,5.5
SEN031,,49.0,38.611111111111114,0.78
SEN035,,78.0,20.222222222222225,4.3180000000000005
SEN045,,53.0,22.5,22.8
SEN039,2026-09-08 05:30:00,91.0,32.9,1.2
SEN028,,91.0,25.500000000000004,48.9
SEN045,,32.0,30.8,44.6
SEN035,,78.0,37.77777777777778,13.208
SEN033,,48.0,21.5,36.4
UNKNOWN,,78.0,25.0,33.782
SEN036,,85.0,25.777777777777782,1.91
SEN045,,,19.222222222222218,26.6
SEN029,,,26.77777777777778,-21.9
SEN037,,88.0,38.2,
SEN027,,50.0,21.0,3.0
SEN034,,91.0,22.2,28.8
SEN034,,41.0,,31.496
UNKNOWN,,70.0,,8.3
SEN046,,77.0,30.22222222222222,40.0
SEN038,,50.0,19.5,35.3
SEN017,,83.0,17.72222222222222,9.652
SEN002,,37.0,23.22222222222222,2.4
SEN005,,45.0,24.499999999999996,27.8
UNKNOWN,,32.0,,17.018
SEN002,,72.0,23.77777777777778,-24.2
SEN011,,60.0,22.1,1.27
SEN002,,,35.22222222222222,47.7
SEN030,,44.0,18.2,-29.0
SEN025,,64.0,38.0,27.6
SEN036,,83.0,24.8,
SEN021,,35.0,38.9,0.3
SEN045,,32.0,29.5,40.2
SEN002,,74.0,20.8,19.6
SEN005,,68.0,36.7,-24.4
SEN018,,50.0,26.0,4.3
SEN050,,51.0,24.0,39.5
SEN010,,31.0,21.611111111111114,-2.0
SEN014,,57.0,24.777777777777775,0.31
SEN039,,70.0,21.999999999999996,-30.0
SEN023,,55.0,34.2,44.1
SEN010,,66.0,36.9,5.4
SEN022,,57.0,32.6,11.7
SEN036,,39.0,37.2,27.178
SEN022,,78.0,23.3,7.365999999999999
SEN012,,,22.7,1.47
SEN007,,35.0,15.88888888888889,38.6
SEN017,,56.0,21.3,6.095999999999999
UNKNOWN,2026-02-10 05:30:00,44.0,32.2,33.5
SEN028,,42.0,23.61111111111111,
SEN037,,,22.4,29.3
SEN015,,60.0,28.2,26.0
SEN011,,67.0,38.72222222222222,16.3
SEN006,,66.0,23.2,48.26
SEN029,,47.0,26.11111111111111,22.2
SEN049,,,,25.7
SEN034,,44.0,18.5,1.46
SEN001,2026-03-12 05:30:00,,39.4,34.8
SEN010,,81.0,34.6,44.2
SEN050,,69.0,15.61111111111111,25.1
SEN005,,50.0,31.77777777777778,-2.2
SEN034,,,,25.654
SEN012,,71.0,34.388888888888886,12.1
SEN043,,51.0,34.72222222222222,43.2
SEN006,,54.0,,5.588
SEN048,,58.0,20.6,25.1
SEN020,,89.0,31.61111111111111,-2.1
SEN030,,,23.77777777777778,1.01
SEN004,,64.0,25.888888888888886,0.96
SEN047,,,17.38888888888889,0.4
SEN008,,79.0,,45.211999999999996
SEN003,,,30.6,22.5
UNKNOWN,,90.0,34.22222222222222,12.446
SEN010,,68.0,25.9,1.88
SEN039,,93.0,33.9,0.45
SEN030,,80.0,24.9,
SEN004,,31.0,25.5,37.2
SEN026,,57.0,36.1,20.6
SEN015,,38.0,30.4,0.59
SEN011,,64.0,25.72222222222222,-36.0
SEN026,,30.0,34.888888888888886,5.1
SEN042,,83.0,29.0,42.925999999999995
SEN002,,92.0,25.777777777777782,31.4
SEN047,,76.0,,47.244
SEN004,,52.0,27.0,3.4
SEN003,,95.0,39.8,23.5
SEN011,,62.0,30.0,-19.3
SEN003,,73.0,28.5,3.8099999999999996
SEN046,,38.0,32.8,-12.5
SEN049,,36.0,20.38888888888889,41.0
SEN005,,85.0,35.2,1.67
SEN026,,47.0,,15.493999999999998
SEN033,,68.0,25.500000000000004,24.637999999999998
SEN018,,73.0,35.611111111111114,1.0
UNKNOWN,,71.0,35.3,43.8
SEN046,,92.0,17.9,
SEN037,,39.0,19.72222222222222,39.0
SEN038,,86.0,33.5,
SEN034,,44.0,31.72222222222222,10.4
SEN047,,63.0,,32.5
SEN008,,65.0,18.7,44.196
SEN030,,71.0,,17.779999999999998
SEN012,,64.0,39.2,18.1
SEN042,,38.0,17.6,0.6
UNKNOWN,,33.0,15.2,2.54
SEN004,,34.0,38.0,49.784
SEN024,,61.0,35.9,29.9
SEN017,,71.0,34.4,8.5
SEN029,,40.0,15.2,-2.3
SEN026,,35.0,38.22222222222222,-7.6
SEN037,,78.0,19.61111111111111,0.61
SEN006,,62.0,32.1,44.2
SEN035,,54.0,18.000000000000004,-35.7
SEN034,,92.0,21.27777777777778,-3.0
SEN050,,58.0,39.27777777777778,31.8
SEN024,,94.0,32.77777777777778,37.592
SEN033,,78.0,,1.56
SEN049,,57.0,18.000000000000004,23.0
SEN025,,39.0,36.2,-22.3
SEN039,,91.0,,20.4
SEN031,,94.0,,37.846
SEN044,,35.0,27.61111111111111,36.6
SEN021,,44.0,16.61111111111111,1.78
SEN011,,46.0,38.111111111111114,9.398
SEN039,,69.0,19.777777777777775,
SEN013,,74.0,21.611111111111114,1.72
SEN040,,91.0,28.3,44.9
SEN037,,95.0,18.000000000000004,47.0
SEN046,,56.0,25.1,49.8
SEN035,,92.0,26.722222222222218,2.3
SEN046,,37.0,,37.4
SEN050,,40.0,32.7,8.7
SEN035,,94.0,18.9,31.241999999999997
SEN045,,40.0,25.11111111111111,35.1
SEN008,,71.0,16.6,18.8
SEN045,2026-07-03 05:30:00,82.0,28.000000000000004,46.482
SEN001,,73.0,,49.4
SEN008,,64.0,28.0,0.08
SEN025,,90.0,30.4,46.736
SEN042,,45.0,,24.637999999999998
SEN011,,88.0,34.111111111111114,-14.4
SEN021,,34.0,22.5,20.1
UNKNOWN,,54.0,26.3,24.4
SEN002,,46.0,31.5,43.942
SEN049,,74.0,,4.826
SEN036,,88.0,22.11111111111111,26.0
SEN017,,68.0,21.999999999999996,
UNKNOWN,,76.0,17.8,13.0
SEN014,,45.0,20.11111111111111,-9.0
SEN009,,61.0,19.5,18.034
SEN007,,,,39.878
SEN009,,49.0,37.3,20.6
SEN034,,35.0,37.7,39.0
SEN032,,87.0,29.7,20.5
SEN022,,79.0,16.3,1.33
SEN028,,94.0,34.4,5.6
SEN008,,91.0,19.388888888888893,18.3
SEN033,,30.0,21.77777777777778,40.1
SEN014,,,26.3,47.8
SEN040,,63.0,27.11111111111111,24.6
SEN048,,62.0,,31.1
SEN045,,,20.6,6.2
SEN042,,76.0,34.0,2.0
SEN012,,71.0,37.6,47.7
SEN039,,77.0,33.5,31.4
SEN045,,79.0,19.27777777777778,37.083999999999996
SEN029,,78.0,,14.4
SEN005,,77.0,30.38888888888889,45.5
SEN010,,54.0,33.611111111111114,21.5
SEN035,,63.0,37.4,31.7
SEN028,,55.0,,1.8
SEN033,,70.0,,42.0
SEN013,,52.0,32.1,9.4
SEN017,,77.0,,-5.5
SEN040,,40.0,,33.7
SEN022,,,23.4,21.081999999999997
SEN025,,47.0,35.0,0.7619999999999999
SEN003,,71.0,,32.8
SEN020,,80.0,23.22222222222222,-23.6
SEN021,,67.0,28.388888888888886,36.2
SEN020,,76.0,16.3,43.4
SEN044,,67.0,16.0,7.0
SEN031,,54.0,,1.46
SEN017,,74.0,36.7,30.3
SEN012,,,28.5,0.03
SEN013,,64.0,32.77777777777778,
SEN040,,61.0,19.27777777777778,17.1
SEN046,,71.0,33.8,2.7
SEN034,,64.0,,12.4
SEN007,,71.0,15.1,39.7
SEN023,,79.0,28.000000000000004,42.672
SEN022,,62.0,34.0,29.9
SEN033,,43.0,38.388888888888886,38.0
SEN005,,,38.611111111111114,0.05
SEN036,,42.0,26.5,1.07
SEN044,,95.0,24.777777777777775,22.7
SEN022,,40.0,25.38888888888889,18.9
SEN010,,39.0,35.3,0.0
SEN047,,62.0,18.0,15.5
SEN033,,70.0,,12.4
SEN013,,41.0,22.11111111111111,
SEN002,,92.0,15.2,10.921999999999999
SEN017,,42.0,15.1,29.8
SEN028,,39.0,,37.0
SEN012,,83.0,31.0,38.354
SEN019,,46.0,25.7,14.0
SEN044,,63.0,21.9,8.8
SEN008,,47.0,33.5,15.5
SEN038,,40.0,38.611111111111114,21.2
SEN021,,55.0,15.7,1.6
SEN043,,48.0,33.5,49.022
SEN002,,82.0,31.22222222222222,
SEN027,,69.0,20.0,7.112
SEN021,,34.0,30.5,0.0
SEN032,,49.0,31.3,45.7
SEN006,,38.0,,6.604
SEN035,,42.0,15.777777777777779,11.684
SEN036,,53.0,25.888888888888886,38.354
SEN029,,41.0,36.0,12.7
SEN010,,38.0,33.72222222222222,-10.2
SEN021,,89.0,,27.3
SEN033,,44.0,36.0,8.3
SEN019,,72.0,18.88888888888889,45.9
SEN020,,,16.5,19.2
SEN015,,57.0,39.388888888888886,9.398
SEN045,,68.0,29.11111111111111,28.2
SEN049,,86.0,27.7,0.8
SEN038,,65.0,27.2,-19.9
SEN047,,87.0,32.9,
SEN012,,80.0,26.11111111111111,9.5
SEN031,,75.0,22.4,19.8
SEN008,2026-02-08 05:30:00,42.0,24.5,10.6
SEN020,,94.0,34.9,21.59
SEN043,,81.0,15.222222222222221,11.937999999999999
SEN003,,48.0,36.388888888888886,35.3
SEN023,,,26.0,25.0
SEN038,,38.0,25.8,10.5
SEN001,,70.0,22.22222222222222,6.0
SEN042,,49.0,26.11111111111111,3.0
SEN031,2026-06-08 05:30:00,85.0,27.5,-25.1
SEN015,,64.0,31.5,14.4
SEN017,,38.0,29.6,46.2
SEN018,,33.0,,0.32
SEN026,,,16.7,20.574
SEN030,,71.0,21.6,-5.8
UNKNOWN,,84.0,17.88888888888889,1.76
SEN021,,87.0,33.77777777777778,6.7
SEN041,,,37.22222222222222,31.1
SEN019,,94.0,20.7,-21.4
SEN040,,40.0,37.5,
SEN012,,32.0,,1.14
SEN016,,50.0,27.4,11.1
SEN036,,48.0,28.277777777777782,7.6
SEN037,,71.0,24.3,28.0
SEN010,,72.0,18.8,12.3
SEN047,,36.0,34.9,
SEN033,,49.0,25.6,25.8
SEN020,,34.0,17.0,-42.0
SEN024,,61.0,23.5,44.196
SEN017,,56.0,26.5,40.4
SEN013,,,15.1,26.1
SEN025,,68.0,32.2,25.4
SEN036,,62.0,17.1,1.8
SEN023,,83.0,19.1,
SEN021,,38.0,35.2,14.5
SEN041,,68.0,27.722222222222225,3.9
SEN026,,54.0,31.61111111111111,23.114
SEN048,,79.0,20.27777777777778,-34.5
SEN020,,63.0,28.000000000000004,8.2
UNKNOWN,,54.0,19.61111111111111,15.239999999999998
SEN042,,62.0,15.38888888888889,13.3
SEN030,,75.0,38.22222222222222,27.9
SEN006,,32.0,39.111111111111114,40.386
SEN025,,35.0,36.22222222222222,3.1
SEN012,,92.0,39.7,3.8099999999999996
SEN022,,84.0,18.9,35.81399999999999
SEN025,,,28.000000000000004,-42.3
SEN017,,94.0,37.5,26.0
SEN046,,69.0,19.8,36.8
SEN017,,62.0,19.0,36.1
SEN032,,52.0,37.27777777777778,9.8
SEN009,2026-02-25 05:30:00,,22.88888888888889,12.953999999999999
SEN027,,95.0,15.4,-27.7
SEN002,,68.0,37.1,42.925999999999995
SEN049,,45.0,33.4,39.1
SEN023,,66.0,30.22222222222222,26.7
SEN013,,71.0,31.5,33.4
SEN042,,,37.72222222222222,5.7
UNKNOWN,,82.0,19.388888888888893,32.257999999999996
SEN038,,45.0,22.277777777777775,-10.6
SEN049,,50.0,27.77777777777778,43.2
SEN018,,44.0,21.7,0.72
SEN037,,54.0,,45.72
SEN015,,,17.0,8.3
SEN020,,91.0,15.9,0.58
SEN042,,76.0,16.0,-35.2
SEN035,,88.0,37.8,39.9
SEN050,,39.0,,49.0
SEN039,,74.0,20.777777777777782,32.8
SEN033,,73.0,28.7,16.509999999999998
SEN032,,85.0,34.1,43.9
SEN039,,80.0,,0.49
SEN005,,36.0,39.6,31.2
SEN047,,74.0,24.8,5.8
SEN020,,82.0,16.0,12.0
SEN015,,90.0,23.5,-33.6
SEN039,,72.0,28.4,0.12
SEN006,,94.0,22.5,17.4
UNKNOWN,,91.0,,26.924
SEN037,,87.0,24.111111111111114,1.63
SEN030,,,17.4,1.86
SEN026,,30.0,16.27777777777778,43.5
SEN001,,38.0,29.11111111111111,-5.9
SEN021,,60.0,30.5,17.779999999999998
SEN041,,,25.72222222222222,-38.7
SEN001,,77.0,37.1,48.5
SEN046,,48.0,36.7,-42.4
SEN039,,43.0,22.22222222222222,5.7
SEN031,,61.0,37.611111111111114,44.9
SEN011,,75.0,22.6,-16.5
SEN020,,75.0,,46.99
SEN022,,42.0,24.61111111111111,
SEN033,,84.0,18.7,
SEN014,,86.0,,20.32
SEN021,,60.0,26.2,-36.3
UNKNOWN,,62.0,30.27777777777778,40.132
UNKNOWN,,86.0,22.2,-48.7
SEN021,,,,45.974
SEN021,,38.0,,7.2
SEN041,,91.0,17.27777777777778,26.1
SEN049,,30.0,32.9,1.48
SEN005,,65.0,28.5,2.6
SEN041,,67.0,17.3,43.4
SEN034,,66.0,32.4,30.5
SEN011,,50.0,27.88888888888889,27.9
SEN007,,93.0,35.0,1.778
SEN041,,50.0,15.1,0.1
SEN044,,40.0,36.111111111111114,7.7
SEN028,,63.0,20.72222222222222,38.4
SEN045,,45.0,22.2,7.8
SEN042,,51.0,37.0,41.9
SEN035,,35.0,17.11111111111111,24.6
SEN033,,37.0,15.5,6.9
SEN029,,34.0,,32.8
SEN005,,88.0,24.88888888888889,1.06
SEN036,,39.0,36.72222222222222,20.4
SEN034,,64.0,36.5,0.254
SEN001,,42.0,37.9,11.6
SEN049,,43.0,39.72222222222222,10.2
SEN047,,44.0,20.777777777777782,11.8
SEN019,,72.0,25.8,2.9
SEN029,,91.0,,36.9
SEN045,,61.0,20.6,29.0
SEN026,,65.0,38.888888888888886,16.002
SEN013,,82.0,17.4,5.08
SEN029,,71.0,20.611111111111107,-23.2
SEN049,,42.0,19.499999999999996,38.099999999999994
SEN009,,49.0,34.9,46.1
SEN041,,88.0,31.7,
SEN023,,70.0,,29.1
SEN001,,62.0,27.8,2.3
SEN007,,87.0,20.27777777777778,19.304
SEN016,,75.0,36.4,
SEN010,,36.0,23.7,8.0
SEN029,,62.0,,26.162
SEN016,,33.0,16.11111111111111,25.1
SEN003,,86.0,22.8,10.3
SEN015,,43.0,33.77777777777778,19.6
SEN045,,50.0,21.6,15.6
SEN013,,75.0,25.500000000000004,-31.6
SEN042,,37.0,16.72222222222222,12.3
SEN040,,63.0,26.5,4.3
SEN029,,77.0,,3.9
SEN021,,68.0,39.5,0.54
SEN049,,84.0,26.0,-39.4
SEN050,,86.0,34.1,8.1
SEN007,,92.0,26.5,19.6
SEN043,,,20.4,22.9
SEN029,,55.0,,21.1
SEN038,,72.0,24.222222222222218,32.1
SEN018,,46.0,,38.8
SEN023,,91.0,,0.6
SEN036,,74.0,38.888888888888886,44.8
SEN003,,79.0,25.9,1.37
SEN008,,51.0,15.4,11.684
UNKNOWN,,64.0,15.0,
SEN046,,,,12.2
SEN026,,69.0,16.2,41.4
SEN042,,63.0,20.11111111111111,-6.0
SEN009,,70.0,28.22222222222222,-32.0
SEN019,,51.0,28.1,7.9
SEN017,,73.0,33.1,14.3
SEN016,2026-07-28 05:30:00,,27.38888888888889,9.7
SEN027,,41.0,32.888888888888886,28.2
SEN044,,69.0,27.5,32.8
SEN036,,89.0,17.0,1.76
SEN025,,59.0,31.77777777777778,37.0
SEN023,,59.0,20.0,7.874
UNKNOWN,,37.0,,7.3
SEN035,,80.0,31.9,26.669999999999998
SEN020,,41.0,22.22222222222222,26.416
SEN029,2026-07-31 05:30:00,72.0,39.2,32.3
SEN050,,32.0,36.611111111111114,35.9
SEN049,,36.0,29.7,35.81399999999999
SEN027,,35.0,20.5,10.6
SEN030,,66.0,19.0,15.3
SEN015,,86.0,31.27777777777778,8.128
SEN018,,61.0,29.4,-16.4
SEN015,,43.0,26.0,35.81399999999999
SEN038,,60.0,,37.6
SEN007,,66.0,36.7,4.3
SEN023,,37.0,33.0,25.6
SEN016,,48.0,21.888888888888893,-12.1
SEN035,,78.0,19.5,47.1
SEN024,,36.0,24.88888888888889,2.0
SEN010,,50.0,22.3,22.4
SEN037,,41.0,38.27777777777778,21.1
SEN038,,67.0,30.38888888888889,10.7
SEN018,,55.0,27.4,16.2
SEN008,,73.0,,30.2
SEN015,,,37.3,28.5
SEN024,,82.0,,8.5
SEN021,,,19.27777777777778,31.2
SEN015,,47.0,15.11111111111111,
SEN004,,50.0,33.3,7.4
SEN049,,30.0,25.7,35.306
SEN049,,32.0,27.0,25.6
SEN006,,,39.27777777777778,10.6
SEN033,,63.0,21.27777777777778,11.4
SEN014,,40.0,15.277777777777779,41.8
SEN003,,79.0,25.0,13.1
SEN008,,69.0,30.38888888888889,13.4
SEN037,,40.0,35.7,1.76
SEN050,,90.0,23.1,3.2
SEN024,,32.0,23.9,23.114
SEN010,,80.0,27.3,44.3
SEN038,,67.0,22.3,20.1
SEN036,,72.0,19.72222222222222,11.1
SEN012,,55.0,19.6,0.53
SEN023,,92.0,29.2,-24.3
SEN025,,36.0,21.8,6.6
SEN005,,63.0,30.2,1.1
SEN044,,83.0,,6.604
SEN012,,63.0,31.11111111111111,19.3
SEN001,,46.0,38.77777777777778,23.0
SEN015,,,,42.1
SEN038,,81.0,15.277777777777779,48.513999999999996
SEN043,,78.0,,-49.3
SEN034,,,32.6,45.1
