trip_id,mandi_id,destination_warehouse,departure_time,arrival_time,transit_hours,vehicle_no,driver_id,distance_km
TRP006374,MANDI-050,WH-Central,2026-04-30T20:08:22,01/05/2026 05:26,9.3,,DRV264,491.99862492888
TRP008869,MANDI-029,WH-West,04-10-2026 04:15 AM,10/04/2026 09:51,,,DRV540,263.5
TRP000674,MANDI-024,WH-South,18/07/2026 16:34,07-18-2026 10:46 PM,6.2,UP50BC6882,DRV722,276.5
TRP000036,MANDI-042,WH-Central,08-13-2026 06:21 AM,14/08/2026,19.7,RJ52CD3274,DRV103,1070.7
TRP008288,MANDI-019,WH-South,07-30-2026 10:51 PM,07-31-2026 03:57 PM,17.1,DL73DF1458,,728.9
TRP003456,MANDI-038,Export-Terminal,07-25-2026 08:53 PM,,7.3,UP97BC6135,DRV255,417.0
TRP005236,MANDI-041,WH-West,2026-07-05 07:34:30,05/07/2026 22:28,14.9,PB99BC2796,DRV297,671.9
TRP007075,MANDI-023,WH-West,19/06/2026,2026-06-19T22:01:06,6.4,PB48DF3590,,362.6
TRP002222,MANDI-033,WH-North,02-May-2026 10:12:36,02/05/2026 22:12,12.0,DL55BC7556,DRV662,549.5
TRP004565,MANDI-054,WH-West,05/09/2026 10:36,05/09/2026 20:00,9.4,PB83DF2210,DRV201,424.8
TRP008152,MANDI-019,WH-Central,02/05/2026 09:15,02/05/2026 18:45,9.5,PB53AB4593,DRV920,553.3
TRP000484,MANDI-018,Export-Terminal,02-Aug-2026 03:53:48,02-Aug-2026 19:35:48,15.7,PB65AB4841,,798.0
TRP006460,MANDI-011,WH-East,13-Jul-2026 10:12:45,2026-07-13 15:30:45,5.3,DL48CD9566,DRV803,275.0
TRP005643,MANDI-009,WH-Central,2026-06-20T11:25:40,06-21-2026 12:31 AM,13.1,HR45AB2105,DRV326,716.3
TRP005033,MANDI-048,WH-East,09/09/2026 14:19,10/09/2026,13.5,,DRV415,716.4
TRP005838,MANDI-017,WH-Central,2026-06-26 06:21:28,27-Jun-2026 03:45:28,,HR67CD5973,DRV626,1000.8
TRP003149,MANDI-033,WH-North,01-01-2026 11:16 AM,,7.7,PB62CD5129,DRV342,
TRP009930,MANDI-048,WH-South,09/02/2026 05:25,,,UP40DF1180,DRV783,486.0
TRP008787,MANDI-022,WH-South,05-20-2026 08:31 PM,2026-05-21T01:13:44,,HR57BC1128,DRV403,244.3
TRP005653,MANDI-032,WH-South,09/06/2026,10/06/2026,17.2,HR49CD3613,DRV654,979.6972618756581
TRP008175,MANDI-047,WH-North,01-12-2026 07:55 PM,13-Jan-2026 19:07:03,23.2,HR39AB7971,DRV497,1013.8971662914461
TRP005795,MANDI-020,WH-South,2026-06-21T11:39:44,,23.6,,DRV947,1390.6
TRP005283,MANDI-039,WH-West,08/07/2026 22:27,09/07/2026,,HR39CD5921,DRV622,315.7
TRP004378,MANDI-035,WH-East,20-Mar-2026 23:11:29,2026-03-21T05:11:29,6.0,HR74CD9527,DRV270,334.09906623727403
TRP007392,MANDI-025,WH-Central,14/05/2026,2026-05-15 03:54:19,,RJ62CD6359,DRV958,538.5
TRP001559,MANDI-041,WH-South,27/05/2026 20:11,2026-05-28 09:29:32,13.3,UP60CD2446,DRV650,671.1
TRP001433,MANDI-029,WH-West,2026-06-21T01:20:44,21-Jun-2026 06:08:44,4.8,UP39BC3131,DRV765,261.7
TRP000040,MANDI-006,WH-South,24/01/2026 07:05,24-Jan-2026 22:23:42,,UP24BC3811,DRV670,877.8
TRP003996,MANDI-008,WH-East,08-20-2026 08:06 PM,2026-08-21 09:48:28,,HR93DF5165,,715.6
TRP007461,MANDI-004,WH-West,08/06/2026,,21.1,PB71BC6631,,995.7
TRP005973,MANDI-048,Export-Terminal,19/06/2026 13:25,20-Jun-2026 02:49:57,13.4,DL70CD1378,DRV423,643.49820150759
TRP005174,MANDI-054,WH-Central,05-18-2026 01:05 PM,05-19-2026 03:29 AM,,HR75AB3097,DRV499,835.5
TRP000961,MANDI-043,WH-North,07/01/2026 21:56,2026-01-08T18:02:05,20.1,DL61BC2591,DRV807,1164.096746503474
TRP000933,MANDI-009,WH-North,2026-04-10 10:27:27,10-Apr-2026 20:33:27,10.1,,DRV613,585.5
TRP007465,MANDI-044,Export-Terminal,2026-02-07T19:51:11,08/02/2026 13:39,17.8,RJ45AB4860,DRV224,835.297665453442
TRP009213,MANDI-039,WH-West,2026-05-06 23:18:42,2026-05-07 01:36:42,2.3,DL75CD5891,,110.1
TRP008147,MANDI-019,WH-North,28-May-2026 13:14:44,2026-05-29T05:32:44,16.3,HR30BC9997,DRV384,886.8975212386661
TRP006177,MANDI-036,WH-West,04/01/2026 18:01,2026-01-04 22:07:19,4.1,PB73AB4041,DRV497,
TRP007259,MANDI-048,WH-North,11-Jul-2026 00:39:35,11-Jul-2026 12:51:35,12.2,DL59BC5485,DRV350,620.1
TRP000034,MANDI-057,WH-West,2026-08-13T05:21:48,13-Aug-2026 14:15:48,8.9,DL65AB3380,DRV761,437.5
TRP001251,MANDI-039,WH-West,06-22-2026 12:15 AM,06-22-2026 06:39 AM,6.4,HR17AB1638,DRV299,
TRP003527,MANDI-055,WH-North,02-17-2026 07:49 PM,,4.1,PB25BC1517,DRV630,239.699330072058
TRP008904,MANDI-056,WH-North,05-02-2026 10:59 AM,2026-05-03 07:17:55,20.3,PB28DF8439,DRV544,1115.4
TRP001537,MANDI-012,WH-West,09/05/2026 02:30,09/05/2026,15.1,RJ10AB4277,,835.3
TRP008180,MANDI-021,Export-Terminal,2026-02-06 08:55:45,02-06-2026 01:25 PM,4.5,UP83AB2103,DRV524,199.5
TRP001122,MANDI-011,WH-South,05-01-2026 10:46 PM,,16.9,RJ78BC1965,DRV222,819.7
TRP001218,MANDI-052,Export-Terminal,24/06/2026 08:17,24-Jun-2026 14:11:31,5.9,RJ41DF2783,DRV825,271.6
TRP004111,MANDI-032,WH-North,04/08/2026 21:07,05/08/2026 05:49,8.7,RJ87CD3403,DRV733,520.4
TRP008942,MANDI-021,Export-Terminal,2026-04-19T23:37:28,2026-04-20 16:19:28,16.7,PB98DF3830,DRV786,850.8
TRP000305,MANDI-026,Export-Terminal,22/06/2026,,7.6,HR20CD6378,DRV161,422.6
TRP000624,MANDI-048,Export-Terminal,2026-04-01 04:37:31,2026-04-01 12:55:31,8.3,,DRV190,417.5
TRP007782,MANDI-024,WH-South,03/08/2026,2026-08-03 14:39:21,8.8,RJ72AB5979,DRV685,504.49858999313
TRP002486,MANDI-025,WH-Central,08-06-2026 03:13 AM,,,HR58AB7983,DRV608,503.0
TRP003291,MANDI-023,WH-North,02/06/2026 17:53,03-Jun-2026 10:29:33,16.6,PB51CD7947,DRV432,766.0
TRP006819,MANDI-048,WH-South,23-Jul-2026 07:56:05,23/07/2026 19:02,11.1,DL38BC6694,DRV485,446.2
TRP001278,MANDI-022,WH-Central,18-Jul-2026 20:53:32,19-Jul-2026 01:41:32,4.8,HR94DF4063,DRV934,262.2
TRP001902,MANDI-028,Export-Terminal,07/07/2026 07:23,07-08-2026 01:59 AM,18.6,UP34DF9243,DRV421,1020.6
TRP000440,MANDI-054,WH-North,01-22-2026 02:59 PM,2026-01-23 12:23:07,21.4,UP50AB4159,DRV162,1016.8
TRP007232,MANDI-038,WH-South,2026-04-10 06:17:01,10-Apr-2026 22:47:01,16.5,,DRV709,
TRP002456,MANDI-016,WH-East,05-Jun-2026 08:59:36,05-Jun-2026 11:59:36,3.0,DL30BC8601,,164.3
TRP002904,MANDI-007,WH-South,16/01/2026,2026-01-16 16:54:49,10.2,RJ55BC3913,DRV357,524.1
TRP008945,MANDI-018,WH-Central,2026-07-04 21:17:31,2026-07-05T17:53:31,20.6,PB83DF9790,DRV893,982.2972546090219
TRP006235,MANDI-031,WH-South,01/02/2026 14:55,01-Feb-2026 21:31:24,,HR69AB7486,,
TRP006410,MANDI-049,WH-West,13/01/2026,2026-01-14T15:30:30,,PB73BC6200,DRV302,973.7
TRP001922,MANDI-045,WH-North,20/03/2026 20:25,21/03/2026 03:37,7.2,HR67CD4681,DRV547,297.1
TRP006686,MANDI-051,Export-Terminal,01/04/2026 06:14,02-Apr-2026 02:14:05,20.0,PB13DF2493,,1007.1
TRP005144,MANDI-032,WH-South,2026-05-06 15:52:28,2026-05-07 04:22:28,12.5,RJ28DF3707,DRV628,
TRP004697,MANDI-044,Export-Terminal,2026-08-15 03:48:23,16/08/2026 03:36,23.8,DL52BC1440,DRV361,999.6972059784581
TRP001632,MANDI-027,WH-West,2026-02-19 19:53:29,20/02/2026,11.9,UP24CD4874,DRV886,592.1
TRP007839,MANDI-056,WH-Central,04-23-2026 10:45 AM,2026-04-24T01:33:34,14.8,DL17DF2064,DRV560,
TRP003384,MANDI-052,Export-Terminal,2026-04-28 05:23:39,,19.6,RJ44CD5651,,
TRP002610,MANDI-017,Export-Terminal,2026-02-09 18:12:41,2026-02-10 02:36:41,8.4,,,479.5
TRP005169,MANDI-025,Export-Terminal,07-02-2026 05:00 PM,07-02-2026 11:36 PM,,UP31CD6120,DRV353,343.0
TRP007891,MANDI-023,WH-North,2026-06-11 18:00:06,12/06/2026,17.6,HR94CD1203,DRV937,905.9
TRP001248,MANDI-029,WH-South,06/08/2026 00:51,2026-08-06 22:39:09,,HR49DF9523,DRV507,1018.2
TRP008234,MANDI-054,WH-South,2026-06-08 02:25:26,2026-06-08 08:49:26,6.4,UP77BC2470,DRV735,354.5
TRP006454,MANDI-019,WH-South,07-Jun-2026 18:33:51,2026-06-08T15:09:51,20.6,DL39BC7294,,1196.596655670524
TRP002031,MANDI-057,WH-South,2026-08-01 08:47:10,2026-08-01 13:05:10,4.3,RJ30DF3879,DRV891,185.9
TRP007504,MANDI-043,Export-Terminal,16-Jan-2026 15:53:18,17/01/2026,19.6,UP78AB5221,DRV629,
TRP003195,MANDI-023,WH-South,2026-07-02 17:36:29,2026-07-03T17:18:29,23.7,UP55CD7932,,1160.4
TRP006585,MANDI-037,WH-West,25-Jul-2026 01:21:38,,3.7,,DRV203,216.5
TRP005072,MANDI-033,WH-West,02/06/2026 09:35,02/06/2026 17:29,7.9,,,378.4
TRP001684,MANDI-023,WH-South,2026-04-02T15:52:48,03-Apr-2026 08:10:48,,PB27BC9556,DRV142,852.2
TRP005282,MANDI-047,WH-East,27/04/2026,04-28-2026 06:09 PM,22.8,DL86BC3753,DRV801,1355.3962118467562
TRP002702,MANDI-021,WH-East,15-Aug-2026 13:34:52,,18.7,DL36CD4633,DRV980,1052.5
TRP005728,MANDI-003,WH-Central,04/04/2026 18:01,2026-04-04T22:07:53,4.1,PB53AB1832,DRV811,
TRP006775,MANDI-039,WH-West,2026-06-15 16:11:00,16-Jun-2026 07:05:00,14.9,RJ27AB2586,DRV100,753.5
TRP003747,MANDI-044,WH-West,2026-01-06T10:03:07,07-Jan-2026 03:39:07,17.6,UP62CD7472,DRV268,710.0
TRP007389,MANDI-002,WH-East,2026-05-15 02:42:06,2026-05-15 16:48:06,14.1,HR28AB1975,DRV770,
TRP008483,MANDI-029,WH-East,06-11-2026 11:02 AM,11/06/2026,9.5,HR28BC5774,DRV713,466.1
TRP002933,MANDI-057,WH-South,21-Feb-2026 22:30:34,22/02/2026,10.1,DL23AB5218,DRV564,445.6
TRP005382,MANDI-055,WH-Central,08/06/2026,06-08-2026 11:09 AM,5.2,HR81AB3126,DRV461,294.0
TRP004003,MANDI-019,WH-South,2026-07-08 04:44:04,09/07/2026,19.8,RJ14BC6388,DRV158,840.2
TRP006097,MANDI-018,WH-East,2026-06-13T20:45:53,2026-06-14 19:33:53,22.8,UP13BC5242,,1100.8
TRP008343,MANDI-038,WH-West,22/01/2026 19:47,23-Jan-2026 05:47:40,10.0,RJ36BC7540,DRV350,474.198674677388
TRP005897,MANDI-055,WH-East,28-Feb-2026 08:43:48,28/02/2026 16:25,7.7,HR20DF4433,DRV311,445.7
TRP002517,MANDI-030,WH-East,2026-04-13 19:43:10,14-Apr-2026 11:19:10,,RJ46BC3812,DRV863,734.4
TRP008025,MANDI-057,WH-South,2026-06-24 13:12:06,2026-06-25 10:06:06,20.9,DL69AB5694,DRV331,1010.3
TRP002479,MANDI-056,WH-North,17/03/2026 16:41,18/03/2026 06:41,14.0,UP20AB6931,,
TRP008311,MANDI-008,WH-East,2026-08-18T01:45:45,2026-08-18 19:57:45,18.2,,DRV132,906.1
TRP004149,MANDI-028,WH-West,03/05/2026 20:00,04/05/2026 18:12,22.2,PB14CD6880,DRV298,948.0
TRP005734,MANDI-034,WH-South,05/03/2026 16:09,06/03/2026,10.8,UP88CD9876,DRV770,521.1
TRP007377,MANDI-013,WH-Central,27/03/2026,2026-03-28 00:06:22,20.9,UP77AB5053,DRV676,1005.3
TRP007332,MANDI-047,WH-Central,03-21-2026 02:57 PM,2026-03-22T12:33:45,21.6,RJ37BC7009,DRV210,916.2974390697818
TRP004831,MANDI-036,WH-South,2026-07-01 10:10:04,01/07/2026 16:10,6.0,DL85DF2318,,332.5
TRP007838,MANDI-040,WH-Central,05/04/2026 10:04,05-Apr-2026 16:04:02,6.0,RJ55AB5201,DRV518,318.5
TRP003466,MANDI-031,WH-North,08-24-2026 09:58 PM,2026-08-25 08:52:52,10.9,,DRV696,
TRP000322,MANDI-003,Export-Terminal,2026-03-06 04:15:50,06-Mar-2026 15:09:50,10.9,PB49CD8480,,449.3
TRP005366,MANDI-003,WH-West,2026-05-07T11:52:46,2026-05-08 02:16:46,14.4,RJ42AB5114,DRV803,712.2
TRP001079,MANDI-031,Export-Terminal,2026-02-03T04:30:30,03/02/2026 23:36,19.1,UP25DF6185,DRV847,916.9
TRP007640,MANDI-033,WH-Central,30-Aug-2026 22:02:40,2026-08-31 17:32:40,19.5,RJ10CD5947,DRV760,809.5
TRP003704,MANDI-024,WH-West,10/02/2026,11/02/2026,24.0,RJ86DF4314,DRV549,1107.0
TRP002349,MANDI-023,WH-West,05/04/2026 11:52,2026-04-06T10:10:12,22.3,DL35DF7496,DRV600,1100.1
TRP004130,MANDI-004,WH-North,02-Feb-2026 18:20:27,03/02/2026,16.8,DL34CD8559,DRV997,849.3
TRP001435,MANDI-039,WH-South,2026-03-23 01:44:35,2026-03-23 14:56:35,13.2,RJ30AB1006,DRV870,567.6
TRP001057,MANDI-043,WH-North,2026-07-25 05:01:53,26/07/2026,20.9,RJ99AB1741,DRV234,943.2
TRP008696,MANDI-036,WH-South,05-02-2026 04:30 PM,,11.1,HR95BC2138,DRV224,528.5985226370041
TRP001719,MANDI-009,WH-West,2026-01-15T15:20:47,2026-01-15 21:44:47,6.4,PB91BC9566,DRV588,359.0
TRP008628,MANDI-051,WH-South,01-30-2026 09:17 PM,2026-01-31T13:59:45,16.7,,DRV334,724.0
TRP002693,MANDI-019,Export-Terminal,2026-08-13 13:54:40,08-13-2026 10:24 PM,8.5,PB51AB8653,DRV840,488.8
TRP003756,MANDI-029,WH-Central,2026-05-13 16:06:18,2026-05-14 10:12:18,18.1,UP34AB2673,DRV936,
TRP006713,MANDI-020,WH-Central,17/06/2026 03:48,17/06/2026,,,DRV126,219.9
TRP009529,MANDI-018,WH-North,2026-07-27 03:36:26,2026-07-27 17:24:26,13.8,UP28AB4703,DRV905,554.2
TRP004075,MANDI-055,WH-North,16/03/2026 23:48,03-17-2026 03:48 AM,4.0,PB24CD7831,,195.9
TRP001524,MANDI-045,WH-East,2026-01-05 07:40:34,06/01/2026 04:58,21.3,DL31CD6863,DRV534,1113.6
TRP004813,MANDI-054,WH-Central,08/02/2026,02-09-2026 03:01 AM,18.7,PB11DF2696,DRV854,806.7
TRP008502,MANDI-053,WH-West,24-Aug-2026 02:52:52,08-24-2026 05:46 AM,2.9,HR82AB7567,DRV177,168.9
TRP006962,MANDI-046,WH-Central,2026-06-30T11:13:42,06-30-2026 10:43 PM,,PB68BC3755,DRV855,587.198358858208
TRP003017,MANDI-038,WH-South,07-12-2026 05:51 AM,2026-07-12T07:57:17,,RJ71BC9641,DRV798,117.199672442408
TRP006884,MANDI-030,WH-South,03-21-2026 07:40 PM,2026-03-22T01:58:17,6.3,PB71AB2643,DRV676,278.79922079303196
TRP007840,MANDI-035,WH-Central,19/06/2026 08:29,2026-06-19 21:59:28,13.5,RJ26BC2844,,706.9
TRP009542,MANDI-002,Export-Terminal,03-02-2026 06:10 AM,2026-03-02T08:10:59,2.0,DL81DF3115,DRV551,115.599676914184
TRP001884,MANDI-030,WH-North,2026-07-08 06:58:02,2026-07-09 00:22:02,17.4,,DRV479,770.3
TRP005466,MANDI-019,WH-South,03/05/2026 21:48,04/05/2026,6.9,PB59AB3758,,292.5
TRP006329,MANDI-052,WH-West,2026-03-20T03:34:48,2026-03-21 02:58:48,23.4,RJ54BC7562,DRV288,1184.196690326788
TRP005099,MANDI-034,Export-Terminal,2026-03-19 14:03:50,2026-03-19T18:21:50,4.3,DL82BC9183,DRV844,248.1
TRP009230,MANDI-030,WH-Central,16-Feb-2026 03:32:05,16-Feb-2026 14:08:05,10.6,RJ82BC3304,DRV233,483.7
TRP004158,MANDI-048,WH-East,12/02/2026 00:13,12-Feb-2026 08:49:59,8.6,HR52DF4502,,363.2
TRP006301,MANDI-053,WH-East,22/02/2026,23/02/2026,10.5,RJ24BC4641,,472.6
TRP004614,MANDI-054,WH-North,2026-02-16 20:27:14,,9.7,UP62AB1484,,479.9
TRP008599,MANDI-056,WH-Central,2026-07-18T05:42:40,2026-07-18T21:48:40,16.1,RJ97CD4878,DRV953,861.897591110166
TRP003022,MANDI-001,WH-South,07/08/2026,2026-08-08 03:55:41,9.1,PB14BC6897,DRV839,488.3
TRP008251,MANDI-057,WH-North,2026-06-28 23:40:13,29-Jun-2026 05:04:13,5.4,HR86BC4485,DRV131,
TRP006114,MANDI-051,WH-South,19/07/2026,20-Jul-2026 10:46:43,14.8,PB39DF3011,DRV929,657.8
TRP000120,MANDI-023,WH-South,15/02/2026,2026-02-15 19:14:00,18.0,PB72CD4744,DRV212,745.2979169908419
TRP006830,MANDI-041,WH-Central,07-09-2026 11:23 PM,2026-07-10T23:05:07,23.7,UP63CD8038,DRV907,1237.2
TRP003464,MANDI-010,WH-South,07-07-2026 04:19 PM,07/07/2026 20:43,4.4,HR90BC1367,DRV976,196.899449692066
TRP001459,MANDI-042,Export-Terminal,2026-04-30 18:22:01,2026-04-30 23:22:01,5.0,UP51AB4994,DRV547,275.2
TRP009534,MANDI-020,WH-North,11-Aug-2026 15:41:39,2026-08-12 06:35:39,,UP17DF8204,DRV273,
TRP001407,MANDI-034,WH-North,22/08/2026 04:11,2026-08-22 09:29:18,5.3,,DRV657,
TRP000488,MANDI-002,WH-South,29-Jul-2026 21:28:03,30/07/2026,14.3,UP15BC9825,DRV395,667.9
TRP006327,MANDI-056,WH-West,21-Jun-2026 09:06:51,2026-06-22T02:00:51,16.9,,DRV187,753.7
TRP002887,MANDI-001,Export-Terminal,2026-07-03T15:43:24,2026-07-04T11:55:24,20.2,PB35DF1300,,1173.0
TRP002146,MANDI-044,WH-North,02/08/2026 15:58,,12.8,UP36BC4306,DRV521,566.8
TRP003521,MANDI-045,WH-Central,04-Mar-2026 06:08:32,2026-03-04 17:20:32,11.2,PB89AB7373,DRV178,515.6
TRP006637,MANDI-008,WH-West,2026-01-21T01:40:52,01-21-2026 07:34 AM,5.9,DL74DF3326,DRV150,
TRP007248,MANDI-057,WH-East,26/05/2026 07:11,2026-05-26 12:11:22,5.0,RJ34BC7142,DRV404,226.4
TRP007820,MANDI-010,WH-East,2026-02-16 10:47:29,02-17-2026 12:29 AM,13.7,PB25AB9316,,585.1983644479279
TRP000519,MANDI-040,WH-South,06-25-2026 09:20 AM,26/06/2026,18.8,RJ15DF1359,DRV555,1043.2
TRP001112,MANDI-032,WH-West,26/01/2026,26-Jan-2026 22:56:09,10.9,UP16AB6019,DRV205,
TRP001685,MANDI-049,WH-South,20-Jan-2026 04:38:11,20/01/2026,16.8,HR82DF6289,DRV937,732.3
TRP000736,MANDI-042,WH-East,02/03/2026 21:23,03/03/2026 11:17,13.9,PB57CD6077,,704.7980301826719
TRP004615,MANDI-042,WH-South,08-15-2026 02:56 AM,08-15-2026 11:50 PM,20.9,DL84AB8674,DRV789,1032.1
TRP004084,MANDI-001,WH-South,01-Feb-2026 17:45:28,2026-02-02T02:33:28,8.8,HR52DF7826,DRV766,452.6
TRP009966,MANDI-028,Export-Terminal,2026-06-02 23:55:57,2026-06-03 02:01:57,,PB15BC5519,DRV863,118.8
TRP002329,MANDI-010,WH-North,28/04/2026 00:37,28/04/2026 03:19,2.7,,DRV254,108.4
TRP000544,MANDI-004,Export-Terminal,08-03-2026 12:23 AM,08-03-2026 09:47 AM,9.4,RJ14AB8168,,544.4
TRP005796,MANDI-049,WH-East,08-17-2026 10:46 AM,17/08/2026 17:52,7.1,DL19DF4113,DRV977,411.898848797166
TRP006608,MANDI-019,WH-South,07-08-2026 03:50 AM,2026-07-08 15:32:45,11.7,DL55DF9091,DRV508,600.4
TRP000488,MANDI-002,WH-South,29-Jul-2026 21:28:03,30/07/2026,14.3,UP15BC9825,DRV395,667.9
TRP001635,MANDI-006,WH-Central,08-22-2026 04:49 PM,2026-08-23 00:37:09,7.8,DL80CD4699,DRV140,
TRP003356,MANDI-051,WH-Central,2026-08-29 16:39:33,29/08/2026,5.4,HR43BC1036,DRV789,309.9
TRP009515,MANDI-001,WH-West,2026-07-12 02:24:16,07-12-2026 07:42 AM,5.3,HR45CD4203,DRV955,266.199256008268
TRP000097,MANDI-028,WH-North,06-Mar-2026 06:14:13,2026-03-06 08:26:13,2.2,HR93AB3314,DRV749,107.89969843460601
TRP009204,MANDI-043,WH-South,2026-05-18 17:19:25,2026-05-18 22:43:25,5.4,HR27AB9993,DRV224,288.6
TRP006862,MANDI-026,WH-West,2026-02-05 09:17:01,02-05-2026 05:11 PM,7.9,PB86CD1156,DRV777,424.4
TRP002677,MANDI-009,WH-North,30/03/2026 06:51,,6.9,,DRV477,403.1
TRP003469,MANDI-008,WH-Central,2026-08-10 11:15:07,11-Aug-2026 01:57:07,14.7,HR70CD8407,DRV533,778.7
TRP009449,MANDI-046,WH-West,08/09/2026 13:38,2026-09-09T01:26:16,11.8,DL29DF2005,DRV816,631.698234486938
TRP003707,MANDI-007,WH-West,24-Mar-2026 04:52:52,24/03/2026 16:46,11.9,UP22BC1853,,647.0
TRP008198,MANDI-030,WH-Central,07-04-2026 12:09 AM,2026-07-04 11:39:59,11.5,UP64AB2831,DRV935,507.7
TRP009669,MANDI-029,WH-East,28/06/2026,2026-06-28 21:32:19,,RJ25AB7223,DRV527,837.0
TRP007516,MANDI-041,WH-North,2026-05-11 10:18:49,05-11-2026 07:06 PM,8.8,DL10DF3873,DRV576,410.7
TRP003915,MANDI-043,WH-North,04-Jun-2026 06:06:52,04/06/2026 11:00,4.9,UP47AB1312,DRV512,227.0
TRP008965,MANDI-006,WH-South,17-Apr-2026 20:45:34,18/04/2026 13:09,16.4,,DRV872,863.3
TRP005269,MANDI-050,WH-North,08-10-2026 05:42 PM,11-Aug-2026 17:06:30,23.4,DL46AB2409,DRV893,
TRP003232,MANDI-035,WH-West,17/08/2026,2026-08-18T15:07:02,22.4,HR69BC9227,DRV280,1248.8
TRP007270,MANDI-021,WH-South,2026-01-02 21:57:16,03-Jan-2026 00:33:16,,UP31CD1157,DRV923,
TRP008433,MANDI-039,WH-Central,19/05/2026 07:30,20/05/2026,20.2,HR98AB9131,DRV585,860.9
TRP003101,MANDI-028,WH-North,2026-01-17 15:47:13,01-18-2026 12:29 AM,,RJ77BC4125,,416.9
TRP006130,MANDI-009,WH-North,2026-02-23T23:50:14,24/02/2026 11:38,11.8,PB99DF2869,DRV290,705.4
TRP009418,MANDI-043,WH-North,26/08/2026 10:30,2026-08-27 09:30:51,23.0,PB55AB8232,DRV806,924.2
TRP006394,MANDI-016,WH-East,2026-04-03 23:59:05,2026-04-04T02:41:05,,PB94AB3631,DRV260,153.3
TRP005494,MANDI-003,WH-West,20-May-2026 22:11:04,05-21-2026 10:05 AM,11.9,RJ60DF9853,DRV413,619.1
TRP006205,MANDI-039,WH-North,04-27-2026 01:43 PM,27/04/2026,5.8,PB86AB7987,DRV179,258.3
TRP009616,MANDI-051,WH-East,03-20-2026 05:11 PM,2026-03-21 06:17:20,,DL78AB6868,DRV956,
TRP007350,MANDI-030,WH-North,16/01/2026 02:44,16/01/2026 16:44,14.0,HR43AB3177,DRV634,653.2981741179619
TRP009335,MANDI-054,WH-South,2026-05-15 16:23:46,16-May-2026 07:41:46,15.3,,DRV942,788.0
TRP001661,MANDI-014,WH-Central,15-Mar-2026 20:33:33,2026-03-16 19:21:33,22.8,RJ70CD7285,DRV851,1345.0
TRP000312,MANDI-042,WH-South,2026-05-18T08:31:28,2026-05-18 11:55:28,3.4,PB97CD9995,DRV232,145.6
TRP004420,MANDI-005,Export-Terminal,01-Apr-2026 13:57:15,2026-04-01 20:33:15,6.6,RJ30DF8449,DRV678,365.1
TRP007227,MANDI-001,WH-West,06-30-2026 06:43 PM,,20.9,DL98CD1437,DRV962,1185.5
TRP000319,MANDI-028,Export-Terminal,12/07/2026 23:38,13/07/2026 08:56,9.3,,DRV934,552.9
TRP008577,MANDI-050,WH-East,01-11-2026 12:44 AM,2026-01-11T19:02:45,18.3,,DRV258,1063.5
TRP004808,MANDI-003,WH-East,21/01/2026 10:14,21-Jan-2026 13:32:47,3.3,PB56BC9967,,171.099521799454
TRP000304,MANDI-009,Export-Terminal,01-Apr-2026 20:04:40,2026-04-02T12:34:40,,DL58AB6314,DRV141,754.3
TRP003081,MANDI-043,WH-West,29-Jul-2026 11:11:37,,8.5,UP36AB2854,DRV844,499.8
TRP003060,MANDI-055,Export-Terminal,24/03/2026,,6.4,HR91BC6046,,306.29914393438196
TRP009629,MANDI-053,WH-South,27-Mar-2026 17:56:23,28/03/2026,9.2,DL19DF8504,DRV373,378.9
TRP002361,MANDI-045,WH-North,2026-04-18T22:33:15,04-19-2026 03:03 AM,4.5,PB18AB8135,,194.19945723818802
TRP002944,MANDI-008,WH-South,01-13-2026 07:13 PM,2026-01-13 22:31:31,,,DRV633,168.7
TRP003155,MANDI-005,WH-Central,2026-06-13 06:00:16,2026-06-13 12:18:16,6.3,UP22AB1201,DRV871,
TRP008046,MANDI-008,WH-West,08-20-2026 02:58 AM,20-Aug-2026 13:52:22,10.9,,DRV621,491.0
TRP000252,MANDI-047,WH-East,01/03/2026 13:58,01-Mar-2026 21:22:36,7.4,PB31AB3254,DRV278,306.0
TRP008060,MANDI-050,Export-Terminal,22-Jul-2026 05:58:11,22-Jul-2026 15:40:11,9.7,UP47AB7817,DRV932,442.59876299496403
TRP002250,MANDI-021,WH-Central,2026-02-03 15:46:08,2026-02-04 09:28:08,17.7,PB67AB8204,,775.5
TRP008065,MANDI-055,WH-North,31/07/2026 12:46,31/07/2026,7.2,HR29AB8045,DRV566,422.4
TRP006687,MANDI-023,Export-Terminal,02-Aug-2026 22:52:48,03/08/2026 20:40,21.8,HR60DF2469,DRV623,1018.197154273548
TRP004024,MANDI-032,WH-East,07/03/2026 16:12,2026-03-07T19:00:48,2.8,RJ67AB4617,DRV386,120.8
TRP003209,MANDI-018,WH-Central,23/03/2026 18:42,24/03/2026 13:12,18.5,DL33DF4260,DRV777,763.6
TRP005862,MANDI-052,WH-East,26/08/2026,26/08/2026,5.5,HR90CD9189,DRV191,293.2
TRP001298,MANDI-018,WH-South,10-Apr-2026 07:24:22,,11.1,UP72AB8248,DRV630,
TRP007883,MANDI-033,Export-Terminal,08/09/2026 07:05,08/09/2026 17:17,10.2,,DRV519,602.6
TRP005759,MANDI-048,WH-North,2026-08-24 16:00:41,08-25-2026 11:24 AM,19.4,PB34CD2716,DRV145,828.1
TRP004027,MANDI-014,WH-Central,2026-03-27 00:07:17,2026-03-27T19:07:17,19.0,RJ66BC7691,DRV810,1072.3
TRP000108,MANDI-035,WH-Central,03-06-2026 03:20 AM,03-06-2026 12:08 PM,8.8,RJ26BC7932,DRV885,483.2
TRP002841,MANDI-003,WH-East,2026-01-25 20:54:53,,19.5,HR98AB5800,DRV381,
TRP009560,MANDI-046,WH-West,02-04-2026 09:10 AM,02-05-2026 04:10 AM,19.0,RJ83BC5416,DRV274,1051.2
TRP006844,MANDI-015,Export-Terminal,20/08/2026,08-20-2026 11:59 PM,14.1,DL96AB4280,DRV619,610.298294296942
TRP002246,MANDI-044,WH-North,2026-05-29T07:53:27,2026-05-29 16:35:27,8.7,HR81DF4186,DRV212,448.89874538734597
TRP004041,MANDI-025,WH-West,09/06/2026 00:55,09-Jun-2026 14:37:45,13.7,HR63AB1910,DRV284,731.6
TRP001596,MANDI-011,WH-Central,31/01/2026,2026-01-31 14:49:20,,DL46CD9142,DRV707,517.1
TRP006875,MANDI-013,WH-East,01/06/2026,2026-06-02T00:23:32,9.8,HR16CD5660,DRV354,575.2
TRP009624,MANDI-020,WH-Central,18/07/2026,2026-07-19 00:28:59,7.7,HR64CD2668,,404.2
TRP003003,MANDI-023,WH-West,01/05/2026,2026-05-01T23:18:59,18.2,DL83AB6304,DRV865,778.2
TRP006129,MANDI-036,WH-West,2026-07-13T05:29:40,13-Jul-2026 09:35:40,4.1,HR84BC6106,DRV472,214.6
TRP007055,MANDI-003,Export-Terminal,2026-02-18 07:09:35,2026-02-19T01:39:35,18.5,HR78CD8558,DRV102,1098.1
TRP001703,MANDI-014,WH-South,09-Mar-2026 09:54:06,10/03/2026 09:48,23.9,RJ39BC4007,DRV319,1055.2
TRP001161,MANDI-023,WH-West,2026-06-12T15:43:28,,13.9,HR41CD3809,DRV184,663.798144771932
TRP009833,MANDI-024,WH-West,17-Mar-2026 13:44:49,2026-03-18 09:14:49,19.5,DL39CD2245,DRV655,
TRP009655,MANDI-003,WH-South,2026-08-14 21:17:48,15-Aug-2026 17:23:48,20.1,UP43DF1156,DRV121,837.0
TRP005472,MANDI-025,WH-North,2026-07-09T05:03:32,2026-07-10 02:33:32,21.5,DL82DF5952,DRV362,
TRP008264,MANDI-036,WH-Central,28-Jan-2026 10:18:27,29/01/2026 04:00,17.7,,DRV559,967.2
TRP001196,MANDI-007,Export-Terminal,2026-06-08 13:15:23,06-08-2026 05:33 PM,4.3,PB72DF4023,DRV785,
TRP005738,MANDI-042,Export-Terminal,08-19-2026 07:04 PM,08-20-2026 05:04 PM,22.0,UP92BC7233,,928.2
TRP002908,MANDI-012,WH-North,27-Jan-2026 07:44:51,2026-01-28 03:56:51,20.2,HR16CD9454,DRV458,875.697552541098
TRP004376,MANDI-043,WH-Central,2026-05-17T03:42:44,17/05/2026,12.6,RJ10AB8945,DRV467,515.1
TRP004583,MANDI-050,WH-West,23/04/2026 23:59,2026-04-24T12:35:25,12.6,HR87CD9151,DRV556,549.1
TRP003956,MANDI-013,WH-North,2026-01-11 01:07:29,01-12-2026 12:01 AM,,UP73BC6039,DRV631,
TRP003818,MANDI-053,WH-South,08-09-2026 02:53 PM,09-Aug-2026 22:29:41,7.6,,DRV568,438.6
TRP008833,MANDI-049,Export-Terminal,09/09/2026 06:41,2026-09-09T21:41:27,15.0,PB54DF6473,DRV155,603.4983133019899
TRP001077,MANDI-017,WH-South,2026-06-13 16:06:11,,21.6,UP11AB9603,,1045.197078812328
TRP004216,MANDI-012,WH-Central,25-Apr-2026 04:52:39,26/04/2026 00:40,19.8,DL32BC7624,DRV854,1040.297092507142
TRP001531,MANDI-050,WH-West,2026-06-11 08:49:47,11/06/2026,3.8,UP21CD1137,,169.29952683020198
TRP007175,MANDI-024,WH-Central,02/01/2026 11:51,,8.2,UP49DF4317,DRV447,333.4
TRP004780,MANDI-041,WH-South,02-12-2026 06:25 PM,13/02/2026 17:55,23.5,UP94DF1403,DRV126,
TRP004405,MANDI-008,WH-South,16/01/2026 11:42,16-Jan-2026 22:54:42,,RJ51CD4343,DRV592,586.8
TRP004380,MANDI-038,WH-North,05-21-2026 07:25 AM,05-21-2026 02:19 PM,6.9,RJ87DF2909,DRV840,293.3
TRP006951,MANDI-011,WH-West,2026-06-16T22:09:22,17-Jun-2026 20:57:22,22.8,PB14CD6515,DRV382,1090.5
TRP001733,MANDI-001,WH-East,2026-07-26 05:40:05,27/07/2026,,HR58CD2976,DRV522,1239.5
TRP005215,MANDI-006,WH-North,2026-07-01 15:02:19,01/07/2026 23:56,8.9,,DRV163,415.69883817669796
TRP002134,MANDI-005,Export-Terminal,03-16-2026 05:28 PM,03-17-2026 02:52 PM,21.4,RJ26CD4437,DRV529,1219.9
TRP007703,MANDI-014,WH-East,31-Mar-2026 18:00:51,01/04/2026,12.4,,DRV334,740.7
TRP000766,MANDI-024,WH-East,01-Sep-2026 01:38:53,01-Sep-2026 06:02:53,4.4,DL68CD8432,DRV199,242.8
TRP000533,MANDI-039,Export-Terminal,17-Apr-2026 09:47:45,17/04/2026 17:41,7.9,UP13AB6530,,429.4
TRP006011,MANDI-056,WH-North,2026-03-03T13:26:26,,10.3,RJ13AB9827,DRV380,500.9
TRP001184,MANDI-030,Export-Terminal,06-22-2026 07:25 PM,06-23-2026 01:31 AM,,,DRV199,354.899008104186
TRP007574,MANDI-031,WH-South,2026-03-11 00:46:56,12-Mar-2026 00:34:56,23.8,PB92AB2298,DRV237,1359.4
TRP005731,MANDI-020,WH-Central,07/08/2026 15:20,08/08/2026,10.2,UP77BC5656,,553.1
TRP009421,MANDI-043,WH-North,11/04/2026 09:33,11/04/2026,,UP30BC8611,DRV111,344.5
TRP009744,MANDI-024,WH-North,24/06/2026,2026-06-25 16:02:06,19.1,HR96DF4413,DRV248,934.9973868059001
TRP002886,MANDI-035,WH-East,2026-03-04 04:32:16,2026-03-04 14:26:16,9.9,UP98BC8322,DRV151,559.4
TRP005268,MANDI-048,WH-West,2026-01-19T18:33:40,2026-01-20 02:57:40,8.4,DL74CD7835,DRV118,364.8
TRP005272,MANDI-011,WH-North,2026-03-25T20:30:08,2026-03-26T00:48:08,4.3,DL54DF7078,,225.4
TRP006769,MANDI-051,WH-East,09/05/2026 03:24,09/05/2026,5.9,DL72AB2876,DRV357,343.5
TRP007597,MANDI-018,Export-Terminal,18-Jan-2026 18:01:40,19/01/2026,10.6,PB56AB3205,DRV221,
TRP006598,MANDI-005,WH-South,14/01/2026 20:51,2026-01-15T08:03:51,11.2,HR83BC2792,DRV833,583.3
TRP006848,MANDI-005,WH-South,31-Jul-2026 09:51:46,01/08/2026 01:03,15.2,PB58CD4996,,720.6
TRP008181,MANDI-008,WH-South,23-Apr-2026 17:20:20,24/04/2026 14:44,21.4,PB68AB6563,DRV580,
TRP002930,MANDI-017,WH-Central,23/04/2026 19:21,,21.8,HR96AB8314,,1198.1
TRP004393,MANDI-022,WH-East,25/03/2026,2026-03-26T09:34:35,11.8,DL10BC8577,DRV873,613.9
TRP002590,MANDI-032,WH-East,17/07/2026 10:24,18/07/2026,22.4,UP70BC7415,,1152.2
TRP004673,MANDI-042,WH-North,29/05/2026,29/05/2026 15:55,13.2,UP63CD2890,DRV866,743.7
TRP004033,MANDI-026,WH-West,2026-05-17 03:46:15,05-17-2026 06:34 AM,,RJ21BC2365,,155.2
TRP009012,MANDI-034,WH-Central,11/04/2026 13:51,2026-04-11T16:15:52,2.4,UP34AB7431,DRV229,99.4
TRP002948,MANDI-030,WH-East,27/04/2026 14:49,28/04/2026 10:55,20.1,,DRV910,1017.3
TRP004210,MANDI-043,WH-Central,2026-09-01 12:21:56,2026-09-02T10:33:56,22.2,,DRV891,981.9
TRP003108,MANDI-006,WH-East,2026-02-16T14:18:13,17/02/2026,12.5,RJ48AB1667,DRV931,585.2
TRP009579,MANDI-055,WH-South,2026-07-20 07:43:37,,13.9,HR39BC8224,,734.7
TRP004708,MANDI-056,WH-South,2026-01-20T16:45:30,,15.8,,DRV406,740.5
TRP004721,MANDI-011,WH-North,22-Apr-2026 12:50:47,2026-04-23 11:14:47,22.4,,DRV698,1004.2
TRP006443,MANDI-011,WH-North,2026-02-23 07:25:13,2026-02-23 19:37:13,12.2,UP70DF5610,DRV429,577.798385129892
TRP007399,MANDI-018,WH-North,2026-01-30 01:25:25,2026-01-30 19:07:25,17.7,HR43AB2010,,1026.2971316351818
TRP004804,MANDI-045,WH-East,08/03/2026,,19.3,,DRV477,993.9972219091601
TRP000458,MANDI-015,Export-Terminal,23/05/2026 08:30,23-May-2026 22:00:23,13.5,UP57BC7839,DRV936,589.2
TRP005407,MANDI-044,WH-West,13/04/2026 14:28,13-Apr-2026 23:58:49,9.5,PB30BC5344,DRV402,509.1
TRP005621,MANDI-055,WH-Central,21/03/2026 02:25,2026-03-21 15:31:25,13.1,PB60AB2091,DRV267,642.7
TRP000451,MANDI-055,WH-Central,06/02/2026,07-Feb-2026 09:07:42,13.6,UP86BC1382,,569.5
TRP009814,MANDI-041,WH-East,14/04/2026 11:29,2026-04-14 22:05:49,10.6,UP10AB8146,DRV376,486.0
TRP004511,MANDI-005,WH-North,2026-03-09 07:21:07,03-10-2026 02:33 AM,19.2,RJ97CD5649,DRV910,990.4
TRP006905,MANDI-035,WH-Central,04-Sep-2026 16:39:59,05/09/2026 01:45,9.1,PB64CD6454,,391.5
TRP009620,MANDI-035,WH-North,2026-01-08 16:08:48,2026-01-09 07:26:48,15.3,RJ54DF6834,DRV786,746.297914195982
TRP001447,MANDI-001,WH-West,03-20-2026 10:07 PM,2026-03-21T15:07:52,17.0,RJ76AB4797,DRV528,1010.0971769119141
TRP004254,MANDI-040,WH-West,14/05/2026,2026-05-15 00:45:34,12.5,UP51CD4304,DRV574,600.3983219660561
TRP002026,MANDI-030,WH-Central,2026-05-30 12:11:11,2026-05-30 18:47:11,,PB85CD1500,DRV362,341.4
TRP003001,MANDI-046,WH-South,14/07/2026 19:41,2026-07-15 09:05:16,13.4,DL39AB8415,DRV285,
TRP001618,MANDI-052,WH-Central,06/05/2026,2026-05-07 14:29:50,20.1,UP31AB8704,DRV977,901.0
TRP003596,MANDI-019,Export-Terminal,16/04/2026 03:46,16/04/2026 06:04,2.3,HR66BC2362,DRV757,125.2
TRP006240,MANDI-034,WH-East,02-13-2026 12:46 PM,13/02/2026 19:10,6.4,UP72DF9228,,257.0
TRP000884,MANDI-023,WH-North,2026-04-14 14:16:00,04-15-2026 07:10 AM,16.9,RJ96AB2759,DRV912,724.297975682902
TRP008452,MANDI-017,WH-South,2026-08-22 21:20:20,23-Aug-2026 21:08:20,23.8,HR74BC5674,DRV725,1365.3
TRP004890,MANDI-010,WH-Central,12/05/2026 08:23,2026-05-13 02:35:14,18.2,,,1041.3
TRP003820,MANDI-042,WH-East,2026-08-11 05:05:12,08-11-2026 02:59 PM,9.9,HR85AB2317,DRV420,569.798407488772
TRP007855,MANDI-030,WH-South,2026-08-15 03:38:10,15/08/2026 19:08,15.5,UP57CD4718,,703.9
TRP000081,MANDI-015,WH-North,2026-08-18T12:23:07,,19.1,UP45BC4745,DRV525,1128.5
TRP004314,MANDI-008,WH-Central,2026-08-13T07:35:51,14/08/2026 07:05,23.5,HR46AB9560,DRV991,1205.0
TRP009785,MANDI-047,WH-North,20/05/2026 08:45,20/05/2026,3.1,PB65CD1854,DRV923,181.49949273291
TRP001083,MANDI-001,WH-North,30/08/2026,2026-08-30 11:22:23,5.0,UP74DF5785,,277.599224146864
TRP000132,MANDI-056,Export-Terminal,2026-05-12T20:36:57,13/05/2026,20.1,DL51BC5902,DRV974,1195.8
TRP002649,MANDI-021,WH-East,2026-05-23 17:15:48,24-May-2026 05:45:48,12.5,RJ53CD4483,DRV299,708.8
TRP003134,MANDI-052,WH-West,07-Jun-2026 21:53:05,2026-06-08T16:05:05,,HR28AB9363,DRV876,787.4
TRP003474,MANDI-052,WH-North,2026-04-26 10:23:55,26/04/2026 16:47,6.4,HR65BC9286,DRV105,327.1
TRP003101,MANDI-028,WH-North,2026-01-17 15:47:13,01-18-2026 12:29 AM,,RJ77BC4125,,416.9
TRP007455,MANDI-012,WH-North,20/08/2026,2026-08-21 18:11:42,21.5,UP86CD7985,,
TRP007186,MANDI-003,WH-Central,26/01/2026 18:04,01-27-2026 05:28 AM,11.4,UP36DF3288,DRV608,559.0
TRP000501,MANDI-021,WH-Central,2026-02-15T06:39:31,02-15-2026 11:03 PM,16.4,HR77AB4777,,677.6
TRP009240,MANDI-022,WH-South,03-17-2026 02:29 AM,17-Mar-2026 10:47:18,8.3,HR32BC6827,,465.9
TRP000714,MANDI-014,WH-North,24-Feb-2026 21:36:39,25/02/2026 14:06,16.5,PB33BC4475,DRV636,937.4
TRP005460,MANDI-027,WH-Central,2026-01-01 06:04:33,,17.4,PB84AB8118,,897.5
TRP001892,MANDI-022,Export-Terminal,2026-05-07 19:07:53,05-08-2026 10:13 AM,15.1,RJ26BC6558,DRV219,771.8
TRP009446,MANDI-027,WH-South,2026-02-24T01:52:31,24-Feb-2026 13:10:31,11.3,HR63BC1683,DRV903,534.0
TRP002068,MANDI-035,WH-West,21/02/2026,2026-02-21 22:57:13,10.1,,DRV632,
TRP005876,MANDI-019,WH-West,08-Jul-2026 05:31:55,2026-07-08 18:19:55,12.8,UP71AB7083,DRV994,676.0
TRP009557,MANDI-015,Export-Terminal,2026-03-16T13:33:11,2026-03-17 01:51:11,12.3,HR77DF3955,DRV541,601.4
TRP007087,MANDI-006,Export-Terminal,23/04/2026,04-24-2026 02:45 AM,15.4,DL31AB6150,DRV700,791.1
TRP001361,MANDI-033,WH-South,16-Feb-2026 21:13:12,17/02/2026 17:07,19.9,PB61BC1454,DRV893,987.6
TRP008058,MANDI-054,WH-South,2026-08-29T07:59:08,2026-08-29T21:23:08,13.4,UP41AB8273,DRV844,
TRP000260,MANDI-027,Export-Terminal,2026-01-29 14:14:33,29-Jan-2026 20:20:33,6.1,DL46CD2171,,
TRP001617,MANDI-031,WH-East,2026-07-24T21:49:05,2026-07-25T04:25:05,6.6,UP27BC2223,,320.0
TRP008864,MANDI-021,WH-North,31/01/2026 04:45,02-01-2026 12:57 AM,20.2,HR80BC4499,DRV233,843.4
TRP002234,MANDI-037,Export-Terminal,2026-03-13T09:54:28,2026-03-14T02:06:28,,,DRV542,690.598069869684
TRP005457,MANDI-022,WH-West,05-01-2026 02:18 PM,05-02-2026 11:18 AM,21.0,,DRV262,
TRP002911,MANDI-034,WH-West,2026-06-10 14:20:28,11/06/2026,22.3,HR99DF9280,,1282.1964164305082
TRP009154,MANDI-035,Export-Terminal,2026-02-27T22:12:03,28-Feb-2026 19:12:03,21.0,,DRV870,991.097230014254
TRP007238,MANDI-031,WH-West,2026-01-20T22:38:20,,17.3,,,884.697527387358
TRP008199,MANDI-018,WH-South,2026-02-02T11:24:22,02-02-2026 02:54 PM,,DL91AB5419,DRV369,157.0
TRP009234,MANDI-003,WH-West,2026-08-21 19:20:39,2026-08-21 23:02:39,3.7,HR68BC1812,DRV562,158.8
TRP000032,MANDI-023,WH-West,28/07/2026,07-28-2026 05:44 PM,14.4,HR83AB7638,DRV294,
TRP008249,MANDI-012,WH-East,2026-06-16 10:36:32,2026-06-17 08:24:32,21.8,HR64CD9211,DRV178,1192.1
TRP001471,MANDI-023,Export-Terminal,09/07/2026 06:30,2026-07-09 17:06:27,10.6,HR39CD4640,DRV866,624.598254330444
TRP007397,MANDI-019,Export-Terminal,2026-01-30T16:30:27,31-Jan-2026 08:42:27,,PB60AB7599,DRV808,956.7
TRP003008,MANDI-042,WH-South,11/01/2026,12/01/2026,13.9,DL53DF1961,DRV364,830.6
TRP004705,MANDI-010,WH-Central,2026-04-01T04:21:44,,5.6,RJ20CD6578,,277.9
TRP006773,MANDI-017,WH-South,2026-03-06T19:27:01,2026-03-07T14:09:01,18.7,RJ22BC9175,DRV241,1021.5
TRP003998,MANDI-039,Export-Terminal,03-Feb-2026 14:12:08,2026-02-04 09:36:08,19.4,UP79AB9796,DRV944,917.7974348774919
TRP004864,MANDI-048,WH-Central,11/02/2026 18:12,2026-02-12 00:06:06,5.9,UP41AB4705,DRV270,
TRP005577,MANDI-015,WH-Central,28/01/2026,2026-01-29 13:28:17,21.4,UP28DF1133,DRV267,1067.8
TRP007886,MANDI-043,Export-Terminal,02-11-2026 12:24 PM,12/02/2026 03:00,14.6,UP70CD8840,DRV551,720.8
TRP004369,MANDI-048,WH-North,25-Apr-2026 12:28:34,,21.7,RJ40AB5916,,
TRP004787,MANDI-013,WH-Central,2026-08-30 18:41:33,31-Aug-2026 03:17:33,8.6,UP48BC9049,DRV692,434.7
TRP008774,MANDI-040,WH-West,05-Sep-2026 17:20:20,06/09/2026 01:02,7.7,UP31DF3506,DRV193,416.7
TRP008359,MANDI-038,WH-South,06-Feb-2026 03:00:36,06-Feb-2026 19:30:36,16.5,,DRV242,798.2
TRP009394,MANDI-032,WH-North,2026-06-15 11:43:13,15/06/2026 17:49,6.1,HR78BC8188,DRV194,304.7
TRP002261,MANDI-005,WH-West,2026-01-26T03:25:49,01-26-2026 07:07 PM,15.7,DL65BC3895,,649.798183899972
TRP008453,MANDI-021,WH-South,2026-02-13 14:29:54,13/02/2026 22:35,8.1,,DRV866,342.6
TRP001964,MANDI-042,WH-East,19-Aug-2026 12:10:09,19/08/2026 17:58,5.8,HR88CD1203,DRV442,301.6
TRP001419,MANDI-055,WH-South,11/03/2026 07:48,11/03/2026 21:36,13.8,RJ69BC6892,,588.2
TRP007287,MANDI-008,WH-East,24/08/2026 16:36,2026-08-25 05:06:31,12.5,,DRV812,580.9
TRP006754,MANDI-012,WH-East,2026-07-13T23:54:09,2026-07-14 16:24:09,16.5,PB17DF2404,DRV282,880.2
TRP001181,MANDI-044,Export-Terminal,2026-06-11T01:34:17,06-11-2026 11:28 AM,,HR95AB6682,,430.9
TRP009964,MANDI-056,Export-Terminal,15-Feb-2026 07:30:55,2026-02-15T16:54:55,9.4,HR77CD7974,DRV798,529.0
TRP000591,MANDI-046,WH-West,2026-06-14 05:14:18,06-14-2026 07:26 PM,14.2,,DRV100,779.8
TRP008862,MANDI-048,WH-East,27-Apr-2026 17:54:39,04-28-2026 05:36 PM,,UP72DF8704,DRV864,1227.7
TRP008672,MANDI-006,WH-East,13-Apr-2026 01:14:44,,5.5,PB58DF6671,DRV666,277.3
TRP003772,MANDI-046,WH-Central,2026-05-15 00:35:10,15/05/2026 21:05,20.5,,DRV931,1071.0
TRP009661,MANDI-007,WH-East,17/02/2026 01:27,17/02/2026,17.8,UP39AB4760,DRV986,988.9
TRP005138,MANDI-023,WH-South,2026-06-25T10:00:30,26/06/2026,,HR43AB9863,DRV722,1226.296572663182
TRP002895,MANDI-015,WH-South,2026-04-01T02:30:03,01-Apr-2026 13:54:03,11.4,PB69AB7490,DRV383,
TRP000336,MANDI-024,Export-Terminal,07-04-2026 04:36 AM,07-05-2026 02:18 AM,21.7,PB12AB8003,DRV882,999.1
TRP006607,MANDI-030,WH-South,2026-01-22T02:39:50,2026-01-22 20:51:50,18.2,PB12AB3854,DRV838,
TRP000170,MANDI-029,WH-Central,01/01/2026 03:12,01-02-2026 02:54 AM,23.7,RJ39DF2331,DRV593,
TRP005303,MANDI-048,WH-South,2026-05-03 20:43:41,04/05/2026,19.2,RJ79AB4465,DRV215,985.5
TRP005219,MANDI-007,Export-Terminal,2026-08-13 05:38:01,2026-08-13T13:50:01,8.2,RJ92BC7507,,408.1
TRP004467,MANDI-037,Export-Terminal,17/01/2026 23:44,2026-01-18T15:56:22,16.2,PB20CD8430,DRV763,887.9
TRP006335,MANDI-035,WH-West,01/01/2026 20:41,01-02-2026 05:35 AM,8.9,HR87BC3293,DRV561,
TRP007365,MANDI-028,Export-Terminal,30/01/2026 18:04,31/01/2026 06:58,12.9,DL42AB3404,,610.1
TRP007825,MANDI-043,Export-Terminal,2026-07-27T00:35:23,2026-07-27 10:59:23,10.4,PB64CD1132,DRV677,423.5
TRP008102,MANDI-046,WH-North,08-16-2026 08:20 AM,16/08/2026 13:32,5.2,HR33CD3029,DRV694,255.9
TRP008522,MANDI-026,WH-West,06-26-2026 02:26 AM,26-Jun-2026 05:08:22,2.7,RJ66BC9096,DRV560,159.799553381372
TRP009874,MANDI-015,WH-Central,2026-07-11 20:38:33,2026-07-12 13:02:33,,DL92AB9030,,849.9
TRP004605,MANDI-047,WH-East,2026-02-14T12:47:34,,,PB81CD2842,DRV822,616.4
TRP008301,MANDI-013,WH-East,22/03/2026,22-Mar-2026 08:59:31,8.3,RJ21AB1960,DRV930,490.198629959628
TRP000470,MANDI-028,WH-Central,02-26-2026 08:39 AM,27-Feb-2026 01:57:17,17.3,RJ19BC9498,DRV434,724.0
TRP004756,MANDI-024,WH-East,31/08/2026 02:40,,20.5,DL42BC1406,DRV600,966.2
TRP005903,MANDI-022,WH-East,2026-05-28T08:30:15,29-May-2026 06:00:15,21.5,,DRV938,1044.9
TRP006744,MANDI-003,WH-North,02-10-2026 03:03 PM,02-11-2026 01:39 PM,22.6,,DRV630,941.1
TRP000316,MANDI-053,Export-Terminal,2026-03-04T21:34:28,05/03/2026 12:52,15.3,,,620.5
TRP006570,MANDI-011,WH-North,19/04/2026 02:35,,,UP81AB6156,DRV810,
TRP005369,MANDI-033,Export-Terminal,2026-09-07 20:10:47,09-08-2026 04:40 PM,20.5,,DRV362,1084.5
TRP000928,MANDI-053,WH-North,03-24-2026 07:02 PM,24-Mar-2026 21:38:54,2.6,PB17AB9282,DRV612,134.0
TRP004803,MANDI-006,WH-West,03-Jun-2026 07:33:24,2026-06-03 14:15:24,6.7,RJ73BC8604,,
TRP008761,MANDI-014,WH-South,2026-08-04 10:36:24,04/08/2026 16:36,,DL53BC4560,DRV296,249.5
TRP003892,MANDI-036,WH-Central,2026-08-11 01:29:25,,,RJ99BC6105,DRV706,1217.4
TRP004443,MANDI-025,WH-South,10-Aug-2026 17:04:28,2026-08-10T19:28:28,2.4,HR70BC2865,DRV833,99.59972163194399
TRP003300,MANDI-051,WH-West,26-Jun-2026 02:47:18,2026-06-26 18:17:18,15.5,UP86DF8078,DRV441,712.5
TRP000857,MANDI-018,WH-Central,2026-08-18 12:46:20,2026-08-18T19:28:20,6.7,RJ98DF8249,DRV179,305.7
TRP001692,MANDI-002,Export-Terminal,05-08-2026 08:23 PM,,20.9,PB73AB5079,DRV619,935.2
TRP007262,MANDI-040,Export-Terminal,12/05/2026,2026-05-13 03:08:40,4.4,PB21AB4188,DRV313,
TRP002593,MANDI-016,WH-West,06-25-2026 09:52 AM,2026-06-26 02:16:07,16.4,HR92CD9355,DRV114,
TRP004795,MANDI-001,WH-South,19-Jan-2026 21:28:45,20/01/2026,17.2,HR28CD6566,,888.5
TRP007179,MANDI-027,WH-Central,05-Jul-2026 01:59:55,07-05-2026 11:41 PM,21.7,RJ67DF3514,DRV259,1028.4
TRP008236,MANDI-049,WH-North,05/09/2026 10:50,05/09/2026 17:38,6.8,DL44CD3420,DRV232,313.4
TRP001489,MANDI-016,Export-Terminal,14-Feb-2026 17:17:38,2026-02-15 14:05:38,20.8,PB54AB3171,,1197.7
TRP003873,MANDI-006,Export-Terminal,06-Mar-2026 12:52:43,2026-03-07 03:58:43,15.1,DL23CD5522,DRV117,880.4
TRP003071,MANDI-021,WH-Central,01/02/2026 05:27,01/02/2026 16:09,10.7,,DRV477,633.5
TRP007356,MANDI-055,WH-South,2026-08-08T04:42:34,08-08-2026 03:30 PM,10.8,,DRV479,500.0
TRP007628,MANDI-032,Export-Terminal,2026-05-10 11:54:22,05-11-2026 11:18 AM,23.4,UP20AB8837,DRV730,1312.3
TRP004353,MANDI-016,WH-North,2026-08-17 23:30:19,18/08/2026,3.7,PB18DF5548,,207.8
TRP004771,MANDI-039,WH-West,06-14-2026 09:41 PM,2026-06-15 16:05:09,18.4,HR46BC4687,DRV546,902.2
TRP005212,MANDI-055,Export-Terminal,09/08/2026 20:13,10/08/2026,12.1,PB33AB1576,DRV299,535.5
TRP009053,MANDI-053,WH-South,19/06/2026 23:21,06-20-2026 09:21 AM,10.0,RJ35CD5400,DRV499,530.798516488312
TRP006558,MANDI-046,WH-South,27-Jan-2026 22:16:46,28-Jan-2026 16:34:46,18.3,HR51CD1392,DRV160,856.2
TRP005355,MANDI-019,WH-South,2026-06-30 12:32:52,01/07/2026,21.3,PB89BC8186,DRV264,938.797376185432
TRP004030,MANDI-052,WH-North,2026-02-19T21:55:05,20-Feb-2026 00:55:05,3.0,,DRV336,165.9
TRP006435,MANDI-023,WH-East,04/04/2026 10:51,,16.3,,DRV430,691.0980684722541
TRP003255,MANDI-026,WH-North,2026-01-10 04:34:55,10-Jan-2026 21:10:55,16.6,HR95CD8146,,824.6
TRP002927,MANDI-011,WH-South,2026-05-21T21:29:47,,22.8,PB40DF8756,DRV520,1090.9
TRP003800,MANDI-023,WH-Central,06-16-2026 01:17 AM,16-Jun-2026 11:59:23,10.7,DL68DF8387,DRV609,512.0
TRP005654,MANDI-002,WH-Central,2026-05-30T08:05:36,2026-05-30T11:35:36,3.5,RJ53BC6241,DRV988,149.4
TRP001787,MANDI-033,WH-Central,10/03/2026,,16.8,,,837.0
TRP009072,MANDI-028,Export-Terminal,12/06/2026 04:51,12/06/2026 11:27,6.6,,DRV369,275.2
TRP003161,MANDI-030,WH-Central,2026-07-08 05:56:45,08/07/2026 08:02,,RJ15BC3226,DRV505,99.1
TRP002166,MANDI-011,WH-Central,29-May-2026 14:11:02,2026-05-30T14:05:02,23.9,PB37CD1065,DRV942,1204.096634709074
TRP000048,MANDI-056,WH-Central,06-17-2026 04:33 PM,18/06/2026,18.0,UP49BC3286,DRV339,731.0
TRP001311,MANDI-048,WH-East,2026-02-10 18:36:09,11/02/2026,16.1,DL63DF5561,DRV747,896.6
TRP008535,MANDI-056,WH-Central,01-08-2026 02:49 PM,09/01/2026 14:01,23.2,HR67BC2061,DRV217,1045.7
TRP004641,MANDI-026,Export-Terminal,2026-04-22T23:37:38,04-23-2026 03:07 PM,15.5,UP62DF8517,DRV564,793.3
TRP008613,MANDI-052,WH-Central,04-18-2026 10:19 AM,2026-04-18T14:55:27,4.6,,DRV181,201.3
TRP001761,MANDI-021,WH-Central,16/03/2026 14:13,03-16-2026 08:19 PM,6.1,PB72CD2255,DRV489,290.7
TRP008982,MANDI-034,WH-North,2026-06-16T15:58:22,17/06/2026 01:40,,DL15DF2625,DRV257,546.0
TRP007559,MANDI-014,WH-West,2026-03-02 05:06:11,2026-03-02 09:36:11,4.5,HR44CD8662,DRV689,236.3
TRP009020,MANDI-039,WH-South,2026-04-16 07:20:50,16-Apr-2026 17:14:50,9.9,DL36AB3632,DRV652,542.9
TRP007437,MANDI-025,WH-South,05/06/2026,,13.0,UP94CD8452,,593.49834125059
TRP007621,MANDI-020,WH-West,02-02-2026 01:05 AM,2026-02-02 11:47:09,10.7,RJ62CD9958,DRV774,472.3
TRP000347,MANDI-039,Export-Terminal,10-Mar-2026 20:27:58,11/03/2026 11:15,14.8,UP21CD8839,DRV979,670.2
TRP006712,MANDI-050,WH-Central,08-Jul-2026 08:10:49,08/07/2026 11:52,3.7,HR35CD2292,DRV573,158.4
TRP006786,MANDI-054,WH-Central,2026-01-11 21:22:05,,3.1,UP69BC5525,DRV443,150.2
TRP000534,MANDI-002,WH-West,06-30-2026 01:28 PM,2026-07-01 01:16:28,11.8,,DRV104,592.3
TRP001732,MANDI-020,WH-East,03-26-2026 03:05 PM,03-27-2026 12:11 AM,9.1,,DRV219,445.2
TRP004924,MANDI-024,WH-North,26/06/2026,27/06/2026 03:26,11.2,,,
TRP002341,MANDI-025,WH-Central,2026-08-14 20:00:25,,9.2,HR30DF4006,DRV315,476.4
TRP002406,MANDI-009,WH-South,10/08/2026,2026-08-10T21:02:43,19.6,HR62CD9735,,1110.8
TRP000593,MANDI-009,WH-East,07-May-2026 03:20:32,07-May-2026 15:14:32,11.9,RJ87CD8540,DRV369,
TRP001285,MANDI-027,Export-Terminal,2026-04-07T20:33:12,2026-04-08T04:51:12,8.3,,DRV289,361.1
TRP008001,MANDI-046,WH-Central,2026-03-14 11:15:05,2026-03-15 08:51:05,21.6,DL34BC7195,DRV326,983.2
TRP007736,MANDI-040,WH-West,20-Jul-2026 00:42:24,20-Jul-2026 20:48:24,20.1,RJ75CD8083,DRV372,1187.1
TRP009997,MANDI-041,WH-South,05/08/2026 23:56,2026-08-06T06:14:16,6.3,UP41BC5114,,
TRP008127,MANDI-021,WH-South,15-Feb-2026 06:30:58,15/02/2026 12:54,6.4,HR68DF3415,DRV433,348.1
TRP002070,MANDI-013,WH-North,2026-04-12T16:07:21,2026-04-12T23:31:21,7.4,DL25DF1591,DRV245,428.5988021230041
TRP004217,MANDI-003,WH-South,05-25-2026 09:04 AM,2026-05-25T20:28:48,11.4,UP49DF5691,DRV481,666.5
TRP008117,MANDI-057,WH-South,04-Feb-2026 05:39:50,04-Feb-2026 10:33:50,4.9,RJ89BC6439,DRV903,244.8
TRP009702,MANDI-046,WH-South,14-May-2026 06:29:39,05-14-2026 07:05 PM,12.6,UP50AB9603,DRV581,603.798312463532
TRP001225,MANDI-002,WH-East,06-02-2026 04:19 AM,,22.0,RJ43DF2152,DRV180,1136.6
TRP003044,MANDI-027,WH-North,07-10-2026 12:29 PM,10/07/2026 17:47,5.3,DL76CD7096,DRV652,251.4
TRP008348,MANDI-028,WH-Central,20/04/2026 12:03,,8.5,,,485.8
TRP008285,MANDI-048,Export-Terminal,22-Feb-2026 01:14:10,22-Feb-2026 05:32:10,4.3,RJ33BC6256,DRV716,208.9
TRP008771,MANDI-047,WH-West,03-Jun-2026 04:26:13,2026-06-03 09:14:13,4.8,,DRV718,269.7
TRP001769,MANDI-027,WH-Central,08-09-2026 01:54 AM,09/08/2026 17:18,15.4,,DRV190,809.8
TRP009155,MANDI-008,WH-West,04/04/2026 13:50,2026-04-05T08:14:35,18.4,DL71DF7363,DRV293,823.8
TRP004077,MANDI-049,WH-West,2026-02-10 06:32:41,2026-02-10 09:44:41,3.2,,DRV620,157.8
TRP007999,MANDI-036,WH-East,2026-07-15T12:09:50,2026-07-15 16:39:50,4.5,RJ48CD5728,,235.4
TRP005370,MANDI-035,WH-Central,2026-04-01 23:48:43,02/04/2026 20:54,21.1,UP32BC9047,DRV577,1203.8
TRP000669,MANDI-031,WH-Central,2026-03-26T08:56:52,2026-03-26T19:02:52,10.1,,,589.798351591572
TRP002699,MANDI-012,WH-South,2026-08-10 03:15:25,11/08/2026 03:15,24.0,,DRV516,1420.2
TRP003018,MANDI-050,Export-Terminal,2026-03-08 12:39:46,,10.3,RJ45BC2460,,581.6
TRP003899,MANDI-049,Export-Terminal,06-Mar-2026 23:26:33,07-Mar-2026 06:02:33,6.6,DL64AB8006,DRV229,315.0
TRP000566,MANDI-009,WH-North,20-Jun-2026 00:34:18,2026-06-20 04:28:18,3.9,,DRV186,213.0
TRP001767,MANDI-012,WH-North,02-20-2026 08:00 PM,2026-02-21 08:00:09,12.0,HR62BC5718,DRV740,594.2
TRP003430,MANDI-045,WH-North,2026-01-26 15:26:30,27/01/2026,21.4,PB51CD1307,DRV438,1081.2
TRP002123,MANDI-050,WH-North,08-10-2026 03:10 AM,,11.9,HR48CD4096,DRV769,495.0
TRP001454,MANDI-016,WH-Central,2026-06-27T04:19:40,27/06/2026 07:55,3.6,UP48AB7570,DRV352,158.199557853148
TRP009746,MANDI-027,WH-East,30/04/2026 14:08,2026-05-01 03:20:50,13.2,,DRV836,653.398173838476
TRP007160,MANDI-004,WH-South,20/03/2026,,16.4,PB83AB4900,DRV666,787.8
TRP005900,MANDI-018,WH-North,2026-06-10T13:44:09,2026-06-11 07:38:09,17.9,HR94BC3966,DRV768,832.0
TRP006818,MANDI-016,WH-West,17-Feb-2026 07:53:44,2026-02-17 22:59:44,15.1,RJ99DF1776,DRV621,759.7
TRP003795,MANDI-032,WH-Central,13-Jul-2026 23:30:01,2026-07-14 19:30:01,20.0,,DRV523,1061.4
TRP004990,MANDI-054,Export-Terminal,2026-02-06 18:20:26,07/02/2026 11:56,17.6,,DRV629,781.1
TRP000543,MANDI-050,WH-North,2026-04-04 04:38:43,2026-04-04T18:20:43,13.7,UP86DF3781,DRV781,564.3
TRP000563,MANDI-020,WH-Central,08-25-2026 11:19 PM,26/08/2026 14:19,,RJ30DF5358,DRV224,884.8975268283859
TRP003949,MANDI-025,WH-North,26-Jan-2026 17:42:57,2026-01-26 23:06:57,5.4,PB67CD5906,DRV670,321.3
TRP003354,MANDI-043,WH-West,2026-04-20 13:47:32,04-21-2026 05:29 AM,15.7,UP60CD6816,DRV564,681.4
TRP008463,MANDI-038,Export-Terminal,04/07/2026,2026-07-05T04:38:10,18.1,UP30CD7913,,988.697236721918
TRP006795,MANDI-008,WH-South,30-Jan-2026 23:59:13,01-31-2026 05:11 AM,5.2,RJ70DF3859,DRV568,
TRP004023,MANDI-017,Export-Terminal,09/08/2026 02:52,09/08/2026,10.1,DL33AB9555,DRV663,478.89866154154606
TRP003119,MANDI-037,WH-South,05/05/2026 20:10,2026-05-06T02:52:34,6.7,RJ32AB2046,DRV773,337.7
TRP001124,MANDI-012,WH-North,06/01/2026 00:38,,3.2,RJ33DF2709,DRV219,184.3
TRP000901,MANDI-021,WH-North,2026-02-24T13:32:01,2026-02-25T04:20:01,14.8,,DRV310,655.6
TRP002895,MANDI-015,WH-South,2026-04-01T02:30:03,01-Apr-2026 13:54:03,11.4,PB69AB7490,DRV383,
TRP003015,MANDI-013,WH-Central,2026-04-25 01:00:15,25-Apr-2026 12:54:15,11.9,PB35AB7841,DRV285,491.2
TRP000374,MANDI-014,WH-West,05-11-2026 05:07 AM,11/05/2026,11.3,DL50BC3098,DRV575,
TRP006256,MANDI-024,WH-South,11-May-2026 06:54:47,05-11-2026 04:24 PM,9.5,RJ46BC7634,DRV259,540.5
TRP000953,MANDI-053,WH-South,02-14-2026 07:48 PM,2026-02-15 13:24:39,17.6,RJ67BC5304,DRV720,1006.097188091354
TRP001148,MANDI-024,WH-South,2026-02-17 06:29:33,17/02/2026 12:23,,UP78DF6023,DRV831,245.199314700328
TRP006554,MANDI-019,WH-West,2026-05-29T18:29:36,2026-05-30 18:11:36,23.7,RJ13AB1228,DRV244,1304.1
TRP003596,MANDI-019,Export-Terminal,16/04/2026 03:46,16/04/2026 06:04,2.3,HR66BC2362,DRV757,125.2
TRP008597,MANDI-054,WH-North,03-27-2026 11:16 PM,03-28-2026 09:46 AM,10.5,RJ85BC7484,DRV451,542.4
TRP000796,MANDI-025,WH-Central,15/05/2026,2026-05-16 14:04:00,20.4,DL68DF4952,DRV718,969.3
TRP003406,MANDI-014,Export-Terminal,04-10-2026 09:18 AM,10/04/2026,12.2,DL54CD6757,DRV398,678.3
TRP007337,MANDI-032,WH-South,19/04/2026,20-Apr-2026 06:27:09,,HR23DF7237,,686.6
TRP009610,MANDI-002,WH-West,01-Sep-2026 01:32:00,09-01-2026 03:20 PM,13.8,RJ20AB5768,DRV527,
TRP007276,MANDI-050,WH-West,2026-08-05 03:09:52,2026-08-05 22:03:52,18.9,RJ72DF5084,DRV141,842.4
TRP000938,MANDI-047,Export-Terminal,2026-07-28 15:57:51,29-Jul-2026 07:21:51,15.4,UP10BC5492,DRV391,671.6
TRP003950,MANDI-049,WH-South,2026-05-02T05:33:32,02/05/2026 08:09,,PB80DF1221,DRV531,150.7
TRP004203,MANDI-048,WH-South,02-23-2026 02:26 PM,2026-02-24T00:20:59,9.9,RJ58BC6191,DRV179,572.7
TRP009940,MANDI-010,WH-Central,14-May-2026 21:39:52,15/05/2026,2.7,RJ53AB2283,DRV304,
TRP005757,MANDI-002,WH-West,03/05/2026 22:59,2026-05-04 10:59:38,12.0,DL44AB6532,DRV899,642.0982054203939
TRP002860,MANDI-047,WH-Central,2026-01-14 22:24:35,01-15-2026 07:12 PM,,PB66CD6659,DRV205,1214.7
TRP009002,MANDI-020,Export-Terminal,07/05/2026,2026-05-07T12:51:18,2.4,,DRV954,139.7
TRP006514,MANDI-013,WH-West,2026-01-23 09:46:42,2026-01-24 07:10:42,21.4,RJ79DF5712,DRV641,1251.796501394252
TRP008021,MANDI-018,WH-Central,2026-01-06 13:48:27,2026-01-07 03:24:27,13.6,,DRV745,797.8
TRP004869,MANDI-021,WH-East,2026-09-02 07:37:35,02/09/2026 17:13,9.6,UP62BC1204,DRV583,392.3
TRP007211,MANDI-014,WH-North,2026-05-20 00:47:50,2026-05-20T18:47:50,18.0,UP81CD9999,DRV336,961.2
TRP008302,MANDI-042,WH-East,2026-06-18T06:21:29,19-Jun-2026 04:03:29,21.7,HR33CD2679,,1210.8
TRP009174,MANDI-017,WH-South,2026-06-25T11:25:15,2026-06-26 03:07:15,15.7,UP45BC8841,,786.9
TRP002985,MANDI-045,WH-West,02/06/2026 12:44,2026-06-03 09:32:55,20.8,UP39DF6477,DRV905,
TRP005546,MANDI-050,WH-North,2026-08-01 00:22:31,01-Aug-2026 05:34:31,5.2,RJ65BC7646,DRV481,264.7
TRP009151,MANDI-006,WH-North,2026-07-19 13:14:13,20-Jul-2026 04:50:13,15.6,UP27CD9061,,660.7
TRP009539,MANDI-048,WH-East,2026-03-22T06:43:45,03-23-2026 12:01 AM,17.3,UP70AB8665,DRV182,790.6
TRP000296,MANDI-006,WH-West,2026-02-17T15:25:10,17/02/2026 19:43,4.3,DL24DF5090,,
TRP001414,MANDI-040,WH-East,04-18-2026 03:09 AM,18-Apr-2026 20:27:48,17.3,RJ66BC3242,DRV454,815.0977219096142
TRP004732,MANDI-034,WH-South,27/05/2026,2026-05-27T08:59:24,3.1,DL95CD1440,DRV227,156.0
TRP007610,MANDI-007,Export-Terminal,28-Aug-2026 23:21:27,2026-08-29T05:45:27,6.4,HR54CD6154,DRV567,346.0
TRP008161,MANDI-002,WH-Central,04-04-2026 08:47 PM,04-05-2026 08:53 AM,12.1,DL48CD4732,DRV725,717.9
TRP000287,MANDI-004,WH-Central,25/06/2026,26/06/2026 00:21,15.1,PB85AB2801,,823.597698153304
TRP006311,MANDI-030,Export-Terminal,09/08/2026,2026-08-10 08:39:01,9.0,RJ34AB5020,,389.7
TRP007842,MANDI-042,WH-West,07-19-2026 10:19 AM,20/07/2026,20.7,RJ41DF2673,,852.0
TRP009111,MANDI-054,Export-Terminal,20-Jan-2026 02:03:41,01-20-2026 08:15 AM,6.2,RJ52DF2524,DRV505,280.4
TRP002407,MANDI-011,WH-Central,2026-06-03 10:37:16,03/06/2026,,PB39AB7099,DRV558,432.3
TRP006158,MANDI-024,WH-East,09-02-2026 02:23 PM,02/09/2026 18:47,4.4,,,196.2
TRP006523,MANDI-028,WH-West,19/06/2026,06-20-2026 02:29 AM,18.0,HR68CD8359,DRV274,939.9
TRP002471,MANDI-043,WH-East,2026-01-16T00:06:45,16/01/2026 23:18,23.2,UP37CD6455,DRV259,1057.3
TRP007306,MANDI-015,Export-Terminal,06-Apr-2026 21:09:41,04-07-2026 10:03 AM,12.9,,,701.2
TRP005741,MANDI-009,Export-Terminal,09-Jun-2026 07:30:51,10-Jun-2026 00:00:51,16.5,,DRV287,741.5
TRP000837,MANDI-042,WH-North,09-08-2026 03:33 PM,,7.3,,DRV211,
TRP001731,MANDI-046,WH-Central,10/05/2026 03:59,2026-05-11 00:41:22,20.7,HR26BC1214,DRV900,1202.0
TRP003530,MANDI-008,WH-West,2026-01-15 10:46:53,01-15-2026 04:52 PM,6.1,DL13AB6934,DRV453,327.4
TRP007723,MANDI-028,Export-Terminal,2026-07-29 22:42:15,07-30-2026 03:36 AM,4.9,HR16DF7494,DRV198,254.9992873107
TRP002755,MANDI-050,WH-Central,25-Jan-2026 17:24:28,26-Jan-2026 13:54:28,20.5,DL40BC2806,DRV620,929.7
TRP001157,MANDI-016,WH-East,16/07/2026 01:10,,11.6,DL49BC4398,DRV875,677.6
TRP003774,MANDI-033,WH-West,06-Feb-2026 21:42:45,07/02/2026,18.6,,DRV167,859.7
TRP007797,MANDI-020,WH-North,25-May-2026 01:43:50,25/05/2026 15:43,14.0,PB69CD1662,DRV688,565.3
TRP006121,MANDI-037,WH-Central,2026-06-23T01:22:55,2026-06-23 05:58:55,4.6,,DRV866,229.4
TRP007204,MANDI-032,WH-East,21-Feb-2026 18:18:03,22/02/2026 15:00,,RJ26AB3622,DRV617,1050.5
TRP009273,MANDI-054,WH-North,04-27-2026 01:22 AM,2026-04-27T21:16:51,19.9,PB24BC3825,DRV526,1098.2
TRP003541,MANDI-053,WH-North,27/05/2026 16:33,,5.2,HR80CD3930,DRV213,262.2
TRP001510,MANDI-043,WH-East,2026-05-22T20:54:47,23/05/2026 11:00,14.1,,DRV149,722.8
TRP008067,MANDI-029,WH-East,2026-04-19T10:28:12,2026-04-20T04:10:12,17.7,UP63BC7071,,783.7
TRP005310,MANDI-007,WH-South,2026-08-14T20:33:02,,18.9,HR13AB8691,DRV931,1004.6
TRP009460,MANDI-050,WH-South,2026-06-15T23:17:30,2026-06-16T04:23:30,5.1,,DRV557,
TRP008650,MANDI-057,WH-South,02-27-2026 02:23 AM,02-27-2026 11:17 PM,,,DRV416,1127.4
TRP005872,MANDI-053,WH-West,14/05/2026 21:45,,20.2,PB86CD4692,,888.6
TRP001786,MANDI-055,Export-Terminal,12/08/2026 00:06,12-Aug-2026 12:42:38,12.6,RJ70DF4525,,557.4
TRP002274,MANDI-005,WH-South,2026-03-07T15:40:28,08/03/2026 06:16,14.6,DL29CD3764,DRV678,739.797932362572
TRP002474,MANDI-003,WH-North,2026-01-23 05:54:25,2026-01-23 17:48:25,11.9,HR85BC4823,,573.7983963093319
TRP007539,MANDI-002,WH-South,09-Mar-2026 02:42:54,09/03/2026 22:12,19.5,RJ50BC2986,DRV532,
TRP007748,MANDI-005,WH-Central,17/07/2026 23:38,2026-07-18 18:14:56,18.6,RJ32AB4337,DRV900,1027.0
TRP009294,MANDI-045,Export-Terminal,2026-02-23 17:47:39,,21.8,DL30BC6604,DRV608,1208.0
TRP003890,MANDI-003,WH-South,02/07/2026 18:59,03-Jul-2026 02:17:34,7.3,HR31BC1104,DRV597,
TRP001348,MANDI-045,Export-Terminal,20/08/2026 15:34,2026-08-21 14:04:56,22.5,PB67BC1788,DRV765,1189.6
TRP009097,MANDI-003,WH-South,2026-03-03 08:10:35,04/03/2026,17.6,DL64DF4724,DRV402,1016.6
TRP000211,MANDI-054,Export-Terminal,07-22-2026 12:02 AM,2026-07-22 11:32:43,11.5,PB15AB1237,DRV973,634.1
TRP005565,MANDI-048,WH-West,01-30-2026 07:43 AM,2026-01-30T11:37:35,,PB25CD3615,DRV491,176.7
TRP004013,MANDI-029,WH-East,05-30-2026 12:52 PM,,7.4,PB76AB3643,DRV966,
TRP005551,MANDI-016,WH-Central,28/06/2026 21:53,06-29-2026 02:29 PM,16.6,HR44BC6151,DRV781,723.5
TRP004078,MANDI-011,WH-South,2026-02-23 16:19:53,2026-02-24 01:37:53,,UP44AB9209,DRV425,527.3
TRP001340,MANDI-026,WH-North,2026-07-13 01:13:22,2026-07-13T13:07:22,11.9,,DRV851,622.1
TRP004994,MANDI-007,WH-South,2026-05-27 02:31:11,2026-05-27 09:37:11,7.1,RJ42CD2186,DRV671,398.4
TRP006701,MANDI-041,Export-Terminal,18/04/2026 03:50,04-18-2026 07:32 AM,3.7,DL22DF6780,,192.1
TRP005404,MANDI-011,WH-West,2026-07-08 07:54:24,2026-07-09T03:42:24,19.8,,DRV487,997.7
TRP001966,MANDI-049,WH-North,02-Sep-2026 18:52:53,2026-09-03 17:40:53,22.8,DL50CD8489,DRV979,1230.8
TRP004824,MANDI-014,WH-Central,07/05/2026 02:12,07/05/2026 12:42,10.5,PB50BC7811,DRV205,441.49876606931
TRP006898,MANDI-057,WH-North,2026-03-29 20:29:56,30-Mar-2026 12:41:56,16.2,DL24DF9583,DRV959,660.5
TRP009648,MANDI-021,WH-South,2026-04-25 05:55:18,25-Apr-2026 15:37:18,9.7,HR54AB3432,DRV712,518.6
TRP008878,MANDI-029,Export-Terminal,2026-07-18T19:44:15,19/07/2026 08:56,13.2,DL69DF8963,DRV528,
TRP009603,MANDI-050,WH-East,2026-07-21T12:41:31,2026-07-21 22:29:31,9.8,DL19DF7311,DRV634,470.19868585682804
TRP004668,MANDI-050,WH-West,2026-01-30 14:59:31,,11.0,UP98BC5984,DRV144,498.6
TRP009823,MANDI-042,WH-North,08-12-2026 03:46 PM,2026-08-13T15:34:50,23.8,UP14CD2081,DRV322,1266.4
TRP007479,MANDI-052,Export-Terminal,2026-02-23 04:01:28,23/02/2026,15.8,,DRV653,700.2
TRP000107,MANDI-017,WH-East,2026-04-01 12:43:05,02-Apr-2026 10:25:05,21.7,HR59BC9268,DRV690,1162.5
TRP008790,MANDI-007,WH-North,2026-06-03 14:14:31,2026-06-04 03:32:31,13.3,RJ69DF2371,DRV676,548.8
TRP008001,MANDI-046,WH-Central,2026-03-14 11:15:05,2026-03-15 08:51:05,21.6,DL34BC7195,DRV326,983.2
TRP003644,MANDI-030,WH-West,05/07/2026 19:07,2026-07-06T11:49:27,16.7,HR31BC7908,DRV188,940.597371154684
TRP004171,MANDI-015,WH-Central,05-15-2026 10:59 PM,2026-05-16 21:17:49,,DL38BC9710,,1319.0
TRP005666,MANDI-045,WH-North,08-31-2026 07:37 AM,2026-08-31 15:31:29,7.9,DL47CD8807,DRV436,327.8
TRP001146,MANDI-045,WH-West,2026-07-30 15:26:55,31/07/2026 11:56,20.5,HR42AB7749,DRV619,1183.4
TRP006716,MANDI-005,Export-Terminal,01-14-2026 12:04 PM,14-Jan-2026 16:46:08,4.7,UP59AB6641,DRV699,239.4
TRP007234,MANDI-033,WH-North,02-13-2026 02:20 PM,,18.1,PB56AB4390,DRV904,861.9
TRP001374,MANDI-002,WH-West,2026-01-26T10:16:26,,15.6,DL42CD2564,DRV999,785.8
TRP004025,MANDI-044,WH-East,2026-01-31 07:51:01,31-Jan-2026 20:09:01,12.3,PB93AB3900,DRV176,648.2
TRP009406,MANDI-034,WH-West,2026-02-17 22:45:41,,12.6,,DRV567,714.7
TRP005012,MANDI-036,WH-North,08/03/2026 07:55,2026-03-08T22:55:53,15.0,PB99DF7360,DRV584,817.5977149224642
TRP007934,MANDI-015,Export-Terminal,2026-03-02T19:22:59,02/03/2026 21:34,2.2,DL66DF6360,,117.0
TRP003686,MANDI-015,WH-West,2026-05-16 22:34:03,17/05/2026 12:10,13.6,,DRV408,640.1
TRP009974,MANDI-005,Export-Terminal,2026-01-12T13:28:37,13/01/2026,12.6,,DRV657,755.4
TRP009470,MANDI-022,WH-West,11/07/2026 08:26,2026-07-11 16:26:48,8.0,RJ38BC4938,DRV508,389.3
TRP006766,MANDI-035,WH-East,2026-04-09T16:39:27,2026-04-10 00:45:27,8.1,UP43BC8370,DRV611,444.8
TRP005184,MANDI-052,WH-West,2026-04-23T14:38:05,04-24-2026 03:08 AM,12.5,HR80BC7479,DRV597,643.8
TRP006192,MANDI-057,WH-West,25-Jan-2026 03:52:14,25-Jan-2026 12:34:14,8.7,RJ43AB4555,,407.6
TRP000851,MANDI-050,Export-Terminal,12-Feb-2026 19:48:32,,,,DRV549,673.3
TRP001965,MANDI-022,WH-South,2026-05-23 02:19:50,23/05/2026 19:01,16.7,DL92DF4822,DRV460,721.7
TRP003563,MANDI-044,WH-North,2026-06-16T12:31:03,2026-06-17 02:37:03,14.1,DL79CD2378,DRV931,838.3
TRP006249,MANDI-021,WH-East,2026-04-14T09:35:14,15/04/2026,21.3,PB84BC6087,,1069.7
TRP002304,MANDI-024,Export-Terminal,30-Mar-2026 15:59:13,03-30-2026 11:29 PM,7.5,,DRV634,426.3
TRP000030,MANDI-054,WH-North,04-13-2026 08:09 PM,14/04/2026 05:39,9.5,DL25AB1514,,453.7
TRP003144,MANDI-049,WH-West,2026-05-17 20:53:37,05-18-2026 01:17 AM,4.4,HR23DF4579,DRV503,256.3
TRP007602,MANDI-036,Export-Terminal,2026-01-31 15:35:49,01-31-2026 05:47 PM,2.2,UP32AB3318,DRV915,105.2
TRP004848,MANDI-047,WH-West,2026-08-29 15:07:14,30/08/2026,15.3,PB65AB5914,DRV810,730.6
TRP002019,MANDI-006,WH-South,04/08/2026 22:01,05/08/2026 00:55,2.9,HR75BC2505,DRV733,
TRP008920,MANDI-020,WH-Central,03-11-2026 06:59 PM,12-Mar-2026 15:53:40,20.9,UP81AB4005,DRV910,998.8
TRP006196,MANDI-027,WH-South,03/05/2026 09:15,05-03-2026 12:15 PM,3.0,PB75AB2963,,155.5
TRP001624,MANDI-027,Export-Terminal,06-04-2026 03:45 PM,05/06/2026 06:33,14.8,DL57AB9834,DRV523,687.1
TRP002971,MANDI-005,WH-Central,2026-06-27T07:54:09,,13.4,PB58BC2227,DRV664,
TRP002292,MANDI-043,WH-West,2026-03-30 08:30:49,,16.6,DL81AB5892,DRV286,844.5
TRP004735,MANDI-025,WH-South,28/02/2026 08:16,02-28-2026 08:52 PM,12.6,PB63DF2825,DRV534,721.6
TRP009996,MANDI-025,WH-South,2026-02-05 01:38:09,05/02/2026 14:44,13.1,DL15CD6983,DRV447,720.2
TRP001209,MANDI-021,WH-West,2026-04-01 09:03:21,2026-04-02T02:39:21,17.6,DL62AB5686,DRV449,983.6
TRP008158,MANDI-042,WH-West,05-10-2026 10:10 AM,2026-05-11T03:34:06,17.4,UP93DF7660,DRV141,996.1
TRP000109,MANDI-019,WH-South,06-12-2026 04:02 PM,13/06/2026,11.0,PB95CD1826,DRV700,554.5
TRP009965,MANDI-009,WH-South,2026-06-19 09:26:28,19/06/2026 18:14,8.8,UP17AB4522,DRV454,
TRP005246,MANDI-008,Export-Terminal,2026-02-15T18:21:46,16-Feb-2026 03:51:46,9.5,,,404.1
TRP005153,MANDI-056,Export-Terminal,06-27-2026 09:26 AM,2026-06-28 08:26:29,23.0,PB18DF3360,DRV348,1094.796940187272
TRP001826,MANDI-038,WH-West,2026-03-04 15:53:48,05-Mar-2026 06:35:48,14.7,,DRV437,607.6
TRP007534,MANDI-039,WH-West,18-Aug-2026 10:38:35,2026-08-18 14:02:35,3.4,UP97AB2861,DRV543,156.4
TRP001370,MANDI-016,Export-Terminal,03-Sep-2026 10:38:46,04/09/2026 06:14,19.6,PB63AB5742,,
TRP009083,MANDI-002,Export-Terminal,02/04/2026,2026-04-02T17:57:00,4.4,RJ56DF4325,,257.8
TRP009469,MANDI-038,WH-West,2026-07-26 23:22:55,07-27-2026 10:28 AM,11.1,,DRV148,547.8
TRP001069,MANDI-016,Export-Terminal,08-22-2026 01:27 PM,2026-08-22 23:09:34,,HR76DF4131,DRV106,395.198895471328
TRP007770,MANDI-052,WH-West,16/01/2026 17:01,01-17-2026 04:01 PM,,HR12AB9681,DRV632,
TRP003647,MANDI-052,WH-Central,29-Mar-2026 03:35:51,29/03/2026 07:11,3.6,PB58AB5173,DRV916,150.1
TRP006464,MANDI-042,WH-North,2026-01-29 01:14:59,29-Jan-2026 04:20:59,,,DRV490,179.3
TRP003539,MANDI-046,Export-Terminal,2026-04-01 06:26:42,02-Apr-2026 01:02:42,18.6,HR74DF5856,DRV668,1110.596896028484
TRP007414,MANDI-037,WH-South,2026-08-02 03:26:31,08-02-2026 11:02 AM,7.6,,,335.8
TRP003383,MANDI-010,WH-South,09-Jul-2026 02:29:26,2026-07-09T13:35:26,11.1,HR21BC7841,DRV827,630.6
TRP009051,MANDI-035,WH-West,2026-07-07 07:41:26,08/07/2026,,,DRV326,988.797236442432
TRP000762,MANDI-002,WH-East,09/04/2026 05:58,,20.0,HR15CD1368,DRV982,1050.597063720084
TRP000266,MANDI-036,WH-East,04-18-2026 11:48 PM,04-19-2026 12:48 PM,13.0,,DRV799,647.5
TRP006393,MANDI-054,WH-Central,2026-04-23 02:26:23,2026-04-23T22:08:23,,UP32DF9634,DRV742,1059.1
TRP002475,MANDI-044,WH-East,11/02/2026 00:52,,19.4,RJ85BC7632,DRV176,800.097763832514
TRP003571,MANDI-032,WH-North,01-Sep-2026 13:37:17,01-Sep-2026 23:25:17,9.8,UP63BC7443,DRV609,470.0
TRP001003,MANDI-021,WH-South,2026-01-25T08:14:51,25/01/2026,4.8,,DRV949,268.3
TRP005580,MANDI-033,Export-Terminal,2026-09-05T11:20:51,2026-09-05 17:20:51,6.0,DL82BC4914,DRV167,281.2
TRP000971,MANDI-020,WH-East,03-05-2026 10:46 PM,06/03/2026 17:46,19.0,,DRV864,1067.0970176048938
TRP005845,MANDI-056,WH-Central,18/07/2026 09:26,2026-07-19 03:50:41,,HR21BC2954,DRV415,
TRP006965,MANDI-030,WH-South,08/05/2026 23:44,2026-05-09 10:50:29,,RJ96AB1019,,605.7
TRP001113,MANDI-004,WH-South,06/01/2026,07/01/2026 03:01,22.7,,DRV143,1194.4
TRP001513,MANDI-029,WH-East,05/05/2026 13:13,2026-05-05 21:37:06,8.4,DL37DF7706,,362.9
TRP002596,MANDI-053,WH-South,2026-01-17T00:45:17,17-Jan-2026 05:09:17,4.4,UP44CD7663,DRV431,195.1
TRP009363,MANDI-012,WH-North,2026-02-03 14:44:20,2026-02-03 21:50:20,7.1,HR32DF7223,DRV387,
TRP000294,MANDI-051,WH-South,05-18-2026 04:13 AM,18/05/2026,2.2,HR92DF3205,DRV952,127.7
TRP008574,MANDI-031,WH-North,2026-06-23T23:55:58,24/06/2026 12:25,12.5,RJ20DF4381,DRV496,
TRP003124,MANDI-046,WH-West,03-Feb-2026 00:58:11,03/02/2026,21.1,RJ80BC4168,DRV148,
TRP003471,MANDI-002,WH-North,06-12-2026 10:09 PM,13/06/2026,21.5,HR17AB5682,DRV780,
TRP008637,MANDI-024,WH-Central,06/03/2026,2026-03-07 03:25:52,8.7,DL34CD1030,DRV666,417.4
TRP006683,MANDI-023,WH-Central,04/02/2026,05-Feb-2026 03:26:41,9.5,RJ76BC5992,DRV521,520.6
TRP003827,MANDI-054,WH-Central,2026-06-16T19:17:20,06-17-2026 03:59 PM,20.7,DL60BC4348,DRV604,1058.8
TRP006389,MANDI-041,Export-Terminal,09/09/2026 02:47,09-09-2026 01:35 PM,10.8,PB44DF2814,DRV762,512.9
TRP000577,MANDI-017,WH-Central,15-Apr-2026 14:02:35,15/04/2026,5.5,UP11AB7523,DRV383,238.5
TRP009812,MANDI-040,WH-East,28/05/2026,29/05/2026 02:05,12.1,,DRV276,528.8
TRP003661,MANDI-050,WH-South,2026-06-24 03:00:38,06-24-2026 04:54 PM,13.9,DL27BC3149,DRV598,832.7
TRP001200,MANDI-057,WH-West,2026-03-10 05:02:09,10-Mar-2026 18:14:09,13.2,PB87BC1134,DRV640,785.3
TRP003786,MANDI-008,WH-East,08/05/2026,2026-05-09 04:48:43,,PB94CD7886,,644.49819871273
TRP006163,MANDI-001,WH-Central,2026-02-27 18:18:38,2026-02-27 23:36:38,5.3,RJ85BC5097,DRV340,249.1
TRP003062,MANDI-038,Export-Terminal,2026-04-15 07:01:19,04-15-2026 09:43 AM,2.7,PB48AB5186,DRV526,149.6
TRP000015,MANDI-037,WH-North,03/03/2026,2026-03-03 11:19:37,2.1,UP69AB2874,,98.6
TRP008622,MANDI-014,WH-North,2026-07-25 01:08:27,2026-07-25T04:08:27,3.0,,DRV525,146.599590273524
TRP009453,MANDI-015,WH-North,2026-01-29T12:18:28,30/01/2026 01:00,12.7,UP91AB9661,DRV736,616.0
TRP006721,MANDI-026,Export-Terminal,26-May-2026 09:10:33,26-May-2026 19:10:33,10.0,,,591.5
TRP009316,MANDI-044,WH-Central,25/04/2026 12:04,26/04/2026 08:40,20.6,RJ39CD7238,,1180.2
TRP004202,MANDI-052,WH-South,07-03-2026 04:41 PM,,4.4,,DRV549,218.9
TRP006635,MANDI-013,WH-North,27-Jun-2026 11:32:45,2026-06-27T20:38:45,9.1,RJ32BC2372,,514.9
TRP004099,MANDI-003,WH-Central,04-Jan-2026 00:24:09,2026-01-04 18:06:09,17.7,RJ83AB3026,DRV559,893.0
TRP008098,MANDI-031,Export-Terminal,29/07/2026,2026-07-29T21:19:52,13.3,DL68DF5045,DRV296,730.1
TRP002233,MANDI-035,WH-Central,23/01/2026 02:19,2026-01-24 01:55:42,23.6,DL39CD1032,DRV864,1084.3
TRP003318,MANDI-033,Export-Terminal,2026-01-23T14:12:09,2026-01-24 06:00:09,15.8,DL24DF9633,DRV268,761.2
TRP007112,MANDI-041,WH-East,02-Jun-2026 04:39:07,02-Jun-2026 10:03:07,5.4,PB97DF2728,DRV601,293.0
TRP003089,MANDI-006,WH-West,18/04/2026 02:23,18/04/2026 23:35,21.2,,DRV495,1267.6
TRP006120,MANDI-012,Export-Terminal,07-27-2026 11:28 PM,07-28-2026 06:34 PM,,HR42DF7897,DRV639,818.4
TRP005822,MANDI-053,WH-East,01-08-2026 05:15 PM,2026-01-08 23:39:42,6.4,PB53BC9032,DRV560,341.99904415788
TRP004141,MANDI-025,WH-Central,01/06/2026 12:37,01/06/2026 18:43,6.1,UP78AB1382,DRV186,
TRP005517,MANDI-028,WH-Central,2026-07-23T03:33:46,23-Jul-2026 23:57:46,20.4,HR66CD3753,,1166.3
TRP000093,MANDI-017,WH-South,03/09/2026 04:37,2026-09-03 12:25:57,7.8,DL11CD5128,DRV289,341.5
TRP002518,MANDI-050,WH-West,10-Jun-2026 18:19:56,06-10-2026 11:31 PM,5.2,RJ82AB1036,DRV646,209.8
TRP002686,MANDI-008,WH-South,01-07-2026 10:06 PM,2026-01-08T04:12:22,6.1,,DRV899,280.9
TRP009198,MANDI-012,Export-Terminal,2026-04-25 11:23:18,25-Apr-2026 17:11:18,5.8,HR47DF3716,DRV275,259.4
TRP007496,MANDI-055,Export-Terminal,03-07-2026 05:43 PM,07/03/2026,4.9,UP19AB7762,DRV458,216.7
TRP003667,MANDI-043,WH-North,03-May-2026 08:01:28,2026-05-03 19:55:28,11.9,,DRV418,613.0
TRP005885,MANDI-055,WH-East,24/03/2026,25/03/2026 01:46,20.9,RJ80BC5904,DRV912,1021.7
TRP000497,MANDI-027,WH-West,04/04/2026 10:59,04-Apr-2026 15:35:13,4.6,,DRV974,
TRP009001,MANDI-057,WH-North,15/01/2026 01:45,01-16-2026 12:57 AM,23.2,RJ89CD3475,DRV930,1134.3
TRP002958,MANDI-038,WH-South,2026-03-24 02:08:56,24/03/2026 14:08,12.0,,DRV790,503.6
TRP002271,MANDI-045,WH-Central,08-Feb-2026 09:01:41,2026-02-08 22:07:41,13.1,DL13DF5102,DRV965,589.2
TRP008749,MANDI-028,WH-West,2026-02-18 03:35:44,02-19-2026 02:23 AM,22.8,RJ50DF7952,DRV627,1055.4
TRP008616,MANDI-051,WH-Central,31/01/2026,02-01-2026 03:58 AM,20.5,UP20BC1682,DRV244,1206.896626883466
TRP000399,MANDI-025,WH-East,2026-06-12 14:56:42,2026-06-12 16:56:42,2.0,UP16BC1435,DRV401,81.6
TRP006833,MANDI-039,WH-West,23-Apr-2026 08:36:46,24/04/2026 00:42,16.1,PB34DF1156,,899.0974871413739
TRP009414,MANDI-053,WH-South,03/04/2026 23:58,04/04/2026 07:10,7.2,,DRV956,372.2
TRP004739,MANDI-045,Export-Terminal,2026-06-12 11:37:42,2026-06-12 14:07:42,,DL88AB8728,DRV140,135.8
TRP006067,MANDI-030,Export-Terminal,19/01/2026,2026-01-20 13:47:49,,DL56AB5591,DRV290,828.8
TRP006441,MANDI-017,WH-West,2026-04-01 09:34:07,2026-04-02 04:22:07,18.8,RJ33AB2093,DRV729,922.1
TRP004666,MANDI-019,WH-West,12-Mar-2026 23:56:35,13-Mar-2026 05:56:35,6.0,HR99AB7891,,318.5
TRP009169,MANDI-022,WH-East,2026-05-23T20:17:52,24/05/2026 17:17,21.0,RJ67DF1101,DRV857,946.297355223982
TRP004985,MANDI-002,WH-South,19/02/2026,19-Feb-2026 19:17:54,8.1,UP51CD3477,,
TRP008964,MANDI-028,WH-East,24-Feb-2026 14:52:17,24-Feb-2026 22:28:17,7.6,,,384.9989239789
TRP007678,MANDI-004,WH-North,26/05/2026 10:57,2026-05-27T05:15:22,18.3,RJ17AB1124,DRV132,909.7
TRP008244,MANDI-007,WH-East,05-24-2026 11:55 PM,,20.5,UP15AB3005,DRV332,1084.9969675769
TRP009413,MANDI-022,WH-North,2026-07-16T02:50:22,2026-07-17 00:20:22,21.5,DL82AB4239,DRV422,1164.6
TRP000734,MANDI-019,WH-West,03-17-2026 11:53 AM,2026-03-18 04:59:38,17.1,RJ40DF7630,DRV434,770.8
TRP005194,MANDI-032,WH-Central,2026-01-12 05:03:01,2026-01-12 13:33:01,8.5,,DRV595,396.6
TRP005028,MANDI-047,WH-North,30/04/2026 13:45,,20.0,HR16AB4535,DRV267,
TRP002200,MANDI-010,WH-East,01/03/2026 04:56,01-Mar-2026 16:32:31,11.6,UP84DF2263,DRV575,602.898314978906
TRP006436,MANDI-028,WH-East,2026-01-12T02:26:49,2026-01-12 17:32:49,15.1,RJ99AB1062,DRV783,711.2
TRP003012,MANDI-055,WH-East,02-Jul-2026 22:26:09,03/07/2026 15:56,17.5,,,793.597781999104
TRP005642,MANDI-034,WH-South,25/02/2026,2026-02-26 05:46:30,8.5,HR77BC8638,DRV264,359.7
TRP001748,MANDI-034,Export-Terminal,26-Aug-2026 07:25:27,2026-08-26 09:55:27,2.5,PB59CD4794,DRV950,140.3
TRP002190,MANDI-038,WH-East,2026-06-08T12:07:11,06-09-2026 08:19 AM,20.2,HR17DF7760,DRV837,997.5
TRP003510,MANDI-013,Export-Terminal,05-13-2026 12:48 PM,2026-05-13 17:18:10,4.5,UP14BC5464,DRV255,225.19937059752797
TRP006707,MANDI-056,Export-Terminal,04-07-2026 11:02 AM,08/04/2026 03:08,16.1,RJ87DF2283,DRV899,823.2
TRP007631,MANDI-042,WH-East,27/02/2026,02-28-2026 01:48 AM,11.4,PB86AB8349,DRV694,551.1
TRP008594,MANDI-025,Export-Terminal,02-Feb-2026 06:50:22,2026-02-02 11:02:22,4.2,DL33AB3565,,179.1
TRP000389,MANDI-027,WH-North,2026-03-19T12:11:01,20/03/2026,12.6,DL15CD1670,DRV783,629.0
TRP005697,MANDI-008,WH-West,2026-01-11 09:15:40,11/01/2026,,RJ44CD9830,DRV904,116.3
TRP005655,MANDI-034,WH-North,09-Mar-2026 10:39:49,2026-03-09T19:27:49,8.8,RJ67CD6756,,423.5
TRP006051,MANDI-030,Export-Terminal,2026-07-25 14:41:16,2026-07-26 00:41:16,,RJ41DF7944,DRV847,478.7
TRP001836,MANDI-015,WH-East,2026-07-06T05:27:28,,22.9,PB94BC1910,DRV396,1333.8
TRP006399,MANDI-047,Export-Terminal,2026-03-09 15:50:18,10/03/2026 04:32,12.7,UP26DF3111,DRV692,510.3
TRP007217,MANDI-038,WH-East,25/01/2026 06:03,2026-01-25T15:15:58,9.2,RJ73DF9604,DRV276,521.5
TRP003096,MANDI-003,WH-South,2026-06-19T01:56:58,2026-06-19T22:44:58,20.8,HR23CD5675,,1133.6
TRP007517,MANDI-056,WH-East,17/01/2026 18:53,18/01/2026 14:05,19.2,PB75AB3334,DRV521,1076.5
TRP008881,MANDI-027,Export-Terminal,2026-02-12 17:58:34,2026-02-13 11:16:34,17.3,RJ62CD1540,DRV268,701.8
TRP000089,MANDI-020,WH-South,12/08/2026 22:08,,,RJ47CD9999,DRV122,1145.1
TRP000511,MANDI-032,WH-East,08-Apr-2026 23:44:30,09-Apr-2026 09:02:30,9.3,,DRV816,
TRP007673,MANDI-048,WH-South,25-Aug-2026 07:22:32,,17.6,,DRV310,
TRP006007,MANDI-042,Export-Terminal,2026-03-22 01:05:10,2026-03-22 09:17:10,8.2,PB20DF2449,,445.098756007814
TRP005420,MANDI-019,WH-East,10/08/2026 15:35,11/08/2026,13.1,UP21AB8018,DRV387,537.4
TRP002111,MANDI-041,WH-South,01-16-2026 02:32 AM,16/01/2026 05:08,2.6,UP21AB9139,DRV955,116.0
TRP001156,MANDI-054,WH-East,12/07/2026 08:15,2026-07-12 16:03:31,7.8,PB27DF1317,DRV535,
TRP002710,MANDI-046,WH-North,13/04/2026,,2.5,UP80BC8231,DRV134,116.8
TRP007497,MANDI-039,Export-Terminal,2026-06-29 09:54:00,29/06/2026,3.3,UP53AB8087,DRV737,
TRP007756,MANDI-023,WH-East,2026-08-21 10:35:14,2026-08-21T17:17:14,6.7,,DRV891,
TRP002628,MANDI-046,WH-North,13/03/2026,2026-03-14 03:44:38,19.5,UP30BC7542,DRV739,838.8
TRP005651,MANDI-056,WH-North,02/08/2026 21:50,2026-08-03 13:02:43,15.2,UP74DF9597,,
TRP008471,MANDI-055,WH-East,2026-03-25 22:42:10,2026-03-26T05:06:10,6.4,DL83CD8082,DRV603,
TRP003024,MANDI-054,WH-North,06/08/2026 09:27,2026-08-06 20:03:06,,PB38CD6221,,586.7
TRP001651,MANDI-054,WH-South,2026-05-11T16:08:09,05-11-2026 10:50 PM,,,DRV479,
TRP002168,MANDI-021,WH-North,24/01/2026,24/01/2026 11:11,10.6,DL84BC1975,DRV693,445.6
TRP008957,MANDI-043,WH-North,2026-02-10 16:55:23,11/02/2026 07:01,14.1,HR88AB1492,DRV937,709.1
TRP000652,MANDI-046,WH-East,04-06-2026 01:59 PM,,15.7,,DRV490,671.1
TRP003338,MANDI-013,WH-North,2026-08-27 20:39:10,28/08/2026 03:33,6.9,DL19BC9636,DRV475,300.8
TRP003379,MANDI-022,WH-North,2026-08-15 23:17:36,2026-08-16 11:41:36,12.4,DL48CD1970,DRV683,
TRP004105,MANDI-054,WH-Central,04-May-2026 09:40:39,,9.5,UP46CD8510,DRV227,508.6
TRP001088,MANDI-046,Export-Terminal,04/05/2026,04/05/2026 14:20,5.6,,DRV541,248.4
TRP001887,MANDI-052,WH-West,13/04/2026 04:48,13-Apr-2026 07:06:29,2.3,,DRV611,133.8
TRP007641,MANDI-048,Export-Terminal,03/04/2026 18:40,,2.5,PB54BC5014,DRV133,138.5
TRP001784,MANDI-050,Export-Terminal,2026-01-22T03:35:30,2026-01-22T16:17:30,12.7,PB49DF4402,,566.698416152838
TRP002287,MANDI-050,Export-Terminal,2026-06-03 05:56:17,06-03-2026 12:02 PM,6.1,HR54CD8877,,360.4
TRP005684,MANDI-009,WH-Central,02-01-2026 12:00 PM,2026-02-01T22:54:19,10.9,DL79CD6878,,539.6
TRP004377,MANDI-021,WH-South,23/03/2026,24/03/2026 00:10,12.0,HR60CD7952,,682.5
TRP000417,MANDI-057,WH-West,19-Feb-2026 02:26:57,19/02/2026,11.2,,DRV977,595.5
TRP002808,MANDI-044,Export-Terminal,2026-07-04T12:02:12,2026-07-05 06:08:12,,,DRV991,982.6
TRP000622,MANDI-048,WH-West,2026-03-09 04:36:17,2026-03-09T14:18:17,9.7,,DRV538,552.898454721906
TRP008826,MANDI-019,WH-South,2026-01-17T09:12:29,2026-01-17 12:18:29,3.1,,DRV375,136.2
TRP000719,MANDI-028,WH-West,2026-04-12 09:23:44,,6.5,RJ51CD8796,DRV625,274.6
TRP008461,MANDI-019,WH-Central,01-23-2026 05:04 AM,24-Jan-2026 04:10:13,23.1,HR92BC5072,DRV980,1109.7
TRP003873,MANDI-006,Export-Terminal,06-Mar-2026 12:52:43,2026-03-07 03:58:43,15.1,DL23CD5522,DRV117,880.4
TRP009727,MANDI-017,WH-West,04/07/2026 03:50,04/07/2026 14:26,10.6,,DRV626,592.7983432069921
TRP000097,MANDI-028,WH-North,06-Mar-2026 06:14:13,2026-03-06 08:26:13,2.2,HR93AB3314,DRV749,107.89969843460601
TRP005530,MANDI-035,WH-West,07-Jan-2026 15:56:21,08/01/2026 03:14,11.3,UP32CD8968,DRV301,590.7
TRP009282,MANDI-027,WH-West,2026-05-13 16:52:16,2026-05-14T10:22:16,17.5,PB17BC1457,DRV828,997.5
TRP004563,MANDI-042,WH-West,11/05/2026,05-11-2026 03:59 AM,2.1,HR11BC8152,DRV250,108.6
TRP000867,MANDI-011,WH-South,2026-08-26 12:17:00,27/08/2026 05:23,,HR58AB4746,DRV481,968.1
TRP006274,MANDI-055,WH-North,07/06/2026 23:50,,12.0,HR75BC8303,DRV258,541.8
TRP006150,MANDI-046,WH-West,2026-07-30T13:48:15,31/07/2026 04:00,14.2,UP53BC1116,DRV697,814.7
TRP003072,MANDI-012,WH-East,2026-07-30 22:03:14,07-31-2026 03:39 AM,5.6,RJ55BC5848,DRV137,333.5
TRP004124,MANDI-012,WH-East,04-29-2026 01:36 PM,,19.8,UP84DF6299,DRV706,823.1
TRP004266,MANDI-040,WH-East,19-Feb-2026 02:16:41,02-19-2026 07:34 PM,17.3,UP74AB9767,DRV725,705.598027946784
TRP000009,MANDI-050,WH-East,2026-08-07T04:47:48,08-Aug-2026 00:53:48,20.1,UP26CD2471,DRV486,1075.4
TRP000400,MANDI-024,WH-North,2026-05-27 11:41:53,2026-05-27T23:05:53,11.4,RJ92BC8014,DRV963,627.5
TRP003593,MANDI-057,WH-West,2026-08-07 20:11:02,08/08/2026 05:53,9.7,DL85AB6204,,418.0
TRP007202,MANDI-018,WH-West,11/05/2026 21:07,2026-05-12 03:13:01,6.1,RJ49AB5921,DRV416,281.3
TRP006537,MANDI-037,WH-North,07-03-2026 03:32 PM,07-04-2026 06:38 AM,15.1,RJ56AB4123,DRV138,615.098280881614
TRP008230,MANDI-038,WH-East,2026-03-31 16:49:20,04-01-2026 04:37 PM,23.8,HR62BC4237,,1095.4
TRP003615,MANDI-043,Export-Terminal,08-16-2026 02:16 AM,,18.5,UP49BC2145,DRV271,824.6
TRP007308,MANDI-038,WH-Central,09/09/2026 21:20,,11.0,UP24DF3528,DRV199,597.5
TRP009212,MANDI-047,WH-South,2026-01-21 07:54:13,21/01/2026,10.9,DL40DF3111,DRV945,449.798742871972
TRP007738,MANDI-049,WH-Central,2026-05-08 19:11:31,09/05/2026,8.9,HR29BC9081,DRV503,476.0
TRP002320,MANDI-028,WH-Central,2026-06-25 15:52:26,26/06/2026,13.8,DL30DF6731,DRV106,660.49815399497
TRP005830,MANDI-045,WH-North,18/01/2026 20:13,2026-01-19T08:31:18,12.3,PB13DF8531,DRV428,534.5
TRP005910,MANDI-009,WH-West,2026-05-05T10:37:31,2026-05-05T15:01:31,4.4,RJ73BC2806,DRV375,220.9
TRP008128,MANDI-039,WH-North,2026-07-09T12:24:01,,5.1,RJ50DF9571,DRV174,262.0
TRP008458,MANDI-034,WH-West,06-10-2026 11:00 AM,10/06/2026 22:30,11.5,PB68CD9211,DRV972,687.398078813236
TRP009233,MANDI-006,WH-South,2026-06-16 09:19:18,17/06/2026,17.6,HR92DF9017,DRV934,887.1
TRP008576,MANDI-047,WH-Central,2026-08-06 01:02:51,06-Aug-2026 20:08:51,19.1,,DRV823,999.2
TRP003663,MANDI-004,WH-West,2026-03-04 18:09:34,03-05-2026 09:27 AM,15.3,UP13CD8386,DRV579,725.897971211126
TRP005815,MANDI-044,WH-East,27/03/2026 12:40,2026-03-27 21:22:50,8.7,,DRV878,510.19857406242795
TRP008160,MANDI-034,WH-West,06/04/2026 00:30,2026-04-06T23:54:40,23.4,,,1133.0
TRP007199,MANDI-008,WH-Central,2026-03-26T23:54:59,2026-03-27 07:42:59,7.8,UP30BC1645,DRV804,346.099032698954
TRP005390,MANDI-043,WH-North,2026-07-02T05:37:09,07-02-2026 09:55 PM,16.3,PB32DF3714,,658.5
TRP000583,MANDI-016,WH-East,06/06/2026,2026-06-06 23:14:23,20.0,DL90CD9139,DRV307,884.797527107872
TRP002056,MANDI-028,WH-South,2026-01-28 04:43:41,28-Jan-2026 10:55:41,6.2,,DRV396,322.1
TRP000625,MANDI-037,WH-West,05-Aug-2026 00:42:23,05/08/2026 23:54,23.2,PB21BC8268,DRV562,1354.0
TRP000795,MANDI-002,WH-South,2026-06-11T16:27:01,2026-06-12 03:57:01,11.5,DL96AB3085,DRV268,531.698513972938
TRP000569,MANDI-015,WH-West,2026-05-28T16:43:57,29/05/2026,23.6,RJ60DF7919,DRV613,1095.5
TRP000731,MANDI-052,WH-North,03-Sep-2026 22:04:33,2026-09-04 19:40:33,21.6,DL53BC3974,,1288.3
TRP004933,MANDI-016,WH-West,28/03/2026 18:32,28-Mar-2026 20:38:07,,UP59DF4962,DRV221,101.4
TRP006443,MANDI-011,WH-North,2026-02-23 07:25:13,2026-02-23 19:37:13,12.2,UP70DF5610,DRV429,577.798385129892
TRP004520,MANDI-044,WH-North,2026-02-07 17:10:06,08/02/2026 12:28,,DL55DF7858,DRV945,884.6
TRP008185,MANDI-055,WH-East,18/05/2026 07:49,,10.8,RJ21AB4484,DRV854,613.6
TRP009142,MANDI-053,WH-North,09-Apr-2026 23:38:15,10-Apr-2026 14:44:15,,DL28CD5895,DRV945,630.8
TRP007713,MANDI-044,WH-East,2026-09-04 20:35:32,2026-09-05 15:41:32,19.1,RJ98DF6948,,799.2
TRP009525,MANDI-016,WH-South,2026-09-06 10:49:41,07-Sep-2026 03:07:41,16.3,UP64BC7188,DRV774,920.6974267723981
TRP000361,MANDI-042,WH-West,13/08/2026 17:51,2026-08-13T20:33:17,2.7,UP39BC6547,DRV185,125.0
TRP006115,MANDI-008,WH-North,2026-01-01T05:41:09,2026-01-02 01:29:09,19.8,UP54BC9489,DRV445,1117.8
TRP005435,MANDI-044,WH-West,2026-06-27T03:43:21,27/06/2026 19:49,16.1,HR19BC1583,DRV170,893.4
TRP000292,MANDI-020,WH-West,2026-04-18 08:46:07,2026-04-19 00:34:07,,DL30CD2755,DRV339,645.6
TRP006341,MANDI-017,WH-South,2026-07-04T11:24:54,04-Jul-2026 14:48:54,3.4,UP98AB4541,DRV332,
TRP006680,MANDI-003,WH-West,03/07/2026 14:09,03/07/2026,8.4,RJ37DF4858,DRV552,390.8
TRP000102,MANDI-012,WH-South,2026-03-21 04:52:32,03-21-2026 08:28 AM,3.6,DL43AB6104,DRV593,194.8
TRP009114,MANDI-043,WH-North,07-20-2026 05:06 AM,2026-07-20 21:36:46,16.5,RJ58AB9017,DRV320,954.9
TRP005289,MANDI-038,WH-South,2026-07-19 04:42:39,20/07/2026 00:00,19.3,DL56DF7659,DRV106,1109.5
TRP000705,MANDI-017,WH-North,2026-03-19T05:22:17,03-19-2026 07:28 AM,2.1,PB75AB2202,DRV670,95.4
TRP004223,MANDI-050,WH-North,2026-07-15 01:09:51,,12.9,PB33AB9297,DRV455,710.2
TRP004404,MANDI-037,WH-East,13-Jan-2026 18:44:10,14/01/2026 10:02,15.3,PB89DF6588,DRV492,873.3
TRP002754,MANDI-032,WH-East,2026-05-04T19:20:34,05/05/2026,23.6,HR23DF5452,DRV203,966.99729737038
TRP004217,MANDI-003,WH-South,05-25-2026 09:04 AM,2026-05-25T20:28:48,11.4,UP49DF5691,DRV481,666.5
TRP001916,MANDI-047,WH-West,2026-04-11 00:32:02,2026-04-11T16:26:02,15.9,HR22CD7811,,640.298210451142
TRP004338,MANDI-038,WH-West,2026-03-02T16:39:10,03/03/2026,13.0,UP46DF7949,,
TRP002305,MANDI-047,WH-South,2026-01-29 09:46:07,2026-01-30 08:46:07,23.0,,DRV631,1087.8
TRP004054,MANDI-033,WH-South,2026-02-26T12:01:12,2026-02-27 02:19:12,14.3,,DRV834,690.2
TRP003208,MANDI-022,WH-East,09-Apr-2026 22:37:45,,11.5,UP21DF4617,DRV223,573.1
TRP005415,MANDI-001,Export-Terminal,2026-06-03 17:34:20,06-03-2026 09:52 PM,4.3,DL87DF7078,DRV305,233.3
TRP007224,MANDI-008,WH-North,2026-02-27 00:47:34,27-Feb-2026 10:17:34,,UP64CD7795,DRV986,537.7
TRP000953,MANDI-053,WH-South,02-14-2026 07:48 PM,2026-02-15 13:24:39,17.6,RJ67BC5304,DRV720,1006.097188091354
TRP001497,MANDI-019,WH-North,2026-05-20 09:33:02,20/05/2026,,UP48CD1256,DRV626,578.0
TRP004082,MANDI-047,WH-West,2026-02-18T14:25:17,2026-02-19 10:07:17,19.7,DL41BC3365,,864.0
TRP001085,MANDI-033,WH-West,25/01/2026,2026-01-25 19:05:37,4.1,RJ70CD6348,DRV731,
TRP007757,MANDI-010,WH-Central,07/07/2026,2026-07-08 02:01:39,11.5,HR27DF5585,DRV399,466.2
TRP006858,MANDI-025,WH-South,2026-06-21 11:16:23,22/06/2026,,RJ13DF4592,DRV876,717.8
TRP006035,MANDI-024,WH-East,11-Apr-2026 15:36:46,12-Apr-2026 11:54:46,20.3,PB70BC6600,DRV160,1079.4
TRP004827,MANDI-007,WH-East,2026-06-05T07:03:57,2026-06-05T17:33:57,10.5,PB95BC1052,DRV625,486.5
TRP002880,MANDI-005,Export-Terminal,2026-06-03 12:20:27,2026-06-04T04:38:27,16.3,DL49DF3491,DRV562,802.0
TRP008536,MANDI-044,WH-South,07/02/2026 03:40,2026-02-07 13:40:18,10.0,UP28AB1757,DRV695,
TRP004776,MANDI-043,WH-West,20/01/2026,21/01/2026 12:13,20.5,DL42AB9812,,
TRP000564,MANDI-005,WH-North,29/08/2026,2026-08-30 15:29:26,20.5,PB22BC9926,DRV719,892.3
TRP004743,MANDI-045,WH-Central,29/05/2026,2026-05-29T21:42:11,,RJ11AB7512,DRV991,513.9985634419601
TRP001108,MANDI-050,WH-South,2026-02-11T08:15:04,11-Feb-2026 15:39:04,7.4,DL97CD1286,DRV345,390.298909166142
TRP003843,MANDI-017,WH-West,02-27-2026 03:09 AM,,,RJ33DF6958,DRV316,720.4
TRP004716,MANDI-002,Export-Terminal,22/04/2026,2026-04-23T05:26:42,19.3,UP98AB6445,DRV540,802.8
TRP004368,MANDI-022,WH-Central,2026-02-05T15:19:45,2026-02-05 22:49:45,7.5,UP61DF5968,DRV534,335.8
TRP006559,MANDI-051,WH-East,2026-09-08 22:39:01,,,,DRV269,1252.7
TRP008193,MANDI-018,WH-Central,04/06/2026 09:40,04/06/2026 13:52,4.2,PB25BC3481,DRV754,206.4
TRP000064,MANDI-024,WH-North,01-13-2026 05:53 PM,2026-01-14 16:11:08,22.3,PB32AB1818,,
TRP001369,MANDI-057,WH-East,2026-01-23T03:21:12,2026-01-23 19:39:12,16.3,RJ48CD6327,,788.7
TRP001982,MANDI-033,WH-West,08/06/2026,06-09-2026 07:39 AM,18.6,DL43BC1897,DRV755,989.4
TRP009032,MANDI-014,Export-Terminal,2026-03-18 23:02:50,19/03/2026,9.3,RJ36CD4827,DRV112,432.5
TRP008500,MANDI-028,WH-South,10/04/2026 05:10,2026-04-10 22:34:07,17.4,UP35CD2587,DRV373,829.0
TRP003556,MANDI-040,WH-West,2026-05-24 17:50:34,25/05/2026 15:20,21.5,RJ99DF8162,DRV529,864.6
TRP004953,MANDI-021,WH-West,2026-01-03 19:29:28,03/01/2026 22:11,2.7,HR67DF3818,DRV627,
TRP004085,MANDI-025,WH-South,02/05/2026 07:12,2026-05-02 15:36:32,8.4,RJ74BC1533,DRV617,437.49877724874995
TRP000915,MANDI-020,WH-West,26-Mar-2026 20:52:02,27/03/2026 15:16,18.4,PB62CD1780,DRV464,764.4
TRP003861,MANDI-026,WH-West,2026-06-12 23:24:16,13/06/2026 17:24,18.0,RJ33BC3441,DRV258,866.2
TRP001409,MANDI-053,WH-South,10/07/2026 05:10,2026-07-10T13:04:58,7.9,,DRV504,472.1
TRP008132,MANDI-045,WH-South,04-09-2026 08:12 PM,2026-04-10T18:00:59,21.8,DL39AB1051,DRV294,1045.9
TRP006322,MANDI-037,WH-East,2026-07-29 23:18:41,30/07/2026 18:18,,HR40BC2506,DRV512,908.4
TRP009538,MANDI-015,WH-West,2026-07-18T14:46:55,18-Jul-2026 22:04:55,7.3,RJ80CD9211,DRV915,
TRP008498,MANDI-003,WH-West,2026-01-10 00:15:13,10-Jan-2026 22:21:13,22.1,HR70DF4268,DRV501,1298.1
TRP007383,MANDI-022,WH-West,23/03/2026 21:02,2026-03-24T17:50:23,20.8,,DRV442,1221.0
TRP003903,MANDI-048,Export-Terminal,24/06/2026 03:41,06-24-2026 09:11 PM,,HR60DF1537,DRV868,1000.7
TRP005690,MANDI-055,WH-East,2026-06-23T15:27:13,06-24-2026 03:33 AM,12.1,PB29CD7226,DRV962,531.6
TRP000015,MANDI-037,WH-North,03/03/2026,2026-03-03 11:19:37,2.1,UP69AB2874,,98.6
TRP008403,MANDI-013,WH-Central,2026-02-03 20:40:03,04/02/2026 20:34,23.9,HR15CD3690,DRV405,1388.2
TRP000246,MANDI-004,WH-North,2026-06-03 10:04:14,03/06/2026,8.5,RJ42CD7426,DRV911,420.2
TRP002575,MANDI-011,WH-East,2026-02-13 12:39:46,13/02/2026 23:09,10.5,RJ21CD6352,DRV184,492.2
TRP003329,MANDI-012,WH-South,11/03/2026,12/03/2026 03:47,18.3,UP25DF9482,DRV262,1026.097132194154
TRP001954,MANDI-032,WH-North,2026-07-05T00:11:21,05/07/2026,15.3,UP24BC5512,,687.1
TRP007035,MANDI-037,WH-Central,03/01/2026 07:07,2026-01-03 17:19:15,10.2,,,441.8
TRP002089,MANDI-009,WH-Central,2026-06-13 00:54:53,13-Jun-2026 13:06:53,12.2,UP76BC6352,DRV172,
TRP005031,MANDI-014,WH-North,26/04/2026 04:06,2026-04-27T02:00:05,21.9,,DRV984,1110.9968949105398
TRP000334,MANDI-009,Export-Terminal,2026-05-24 12:34:09,24-May-2026 21:40:09,9.1,RJ98BC4535,DRV154,401.5
TRP003567,MANDI-014,Export-Terminal,02-17-2026 12:01 AM,17/02/2026 16:19,16.3,,DRV950,846.6
TRP008308,MANDI-017,Export-Terminal,2026-08-16T06:24:45,2026-08-16T10:06:45,3.7,HR24CD1309,,158.799556176232
TRP004825,MANDI-022,WH-East,2026-08-20 23:54:42,2026-08-21 19:24:42,19.5,HR85BC8943,DRV134,810.6977342069981
TRP006337,MANDI-016,WH-East,2026-06-08T16:36:23,09-Jun-2026 16:00:23,23.4,HR41CD3226,DRV814,1180.1
TRP001150,MANDI-011,WH-North,08-Jul-2026 06:38:18,08-Jul-2026 21:38:18,,UP41CD5330,DRV530,621.898261876566
TRP004759,MANDI-049,Export-Terminal,26-Jul-2026 18:33:38,26/07/2026,2.9,RJ52BC9120,DRV101,164.199541083988
TRP000264,MANDI-028,WH-Central,2026-03-03 22:43:56,04-Mar-2026 01:49:56,3.1,DL39AB4148,DRV572,144.2
TRP005945,MANDI-051,WH-East,2026-07-05 11:34:41,07-06-2026 08:16 AM,20.7,RJ94AB1160,DRV221,940.1
TRP003659,MANDI-057,WH-East,2026-07-22 03:06:39,07-22-2026 03:30 PM,12.4,UP43BC8909,DRV529,659.8
TRP007660,MANDI-015,Export-Terminal,2026-03-21T17:31:12,22/03/2026 09:31,16.0,RJ55BC6642,,855.0
TRP001732,MANDI-020,WH-East,03-26-2026 03:05 PM,03-27-2026 12:11 AM,9.1,,DRV219,445.2
TRP000656,MANDI-018,WH-West,2026-09-09T13:29:10,,22.6,,DRV378,1054.6
TRP000624,MANDI-048,Export-Terminal,2026-04-01 04:37:31,2026-04-01 12:55:31,8.3,,DRV190,417.5
TRP001656,MANDI-036,WH-West,2026-06-12 13:21:22,13/06/2026 04:33,15.2,HR95BC6463,DRV128,
TRP003680,MANDI-015,WH-West,17-Jun-2026 02:02:32,2026-06-17T23:32:32,21.5,DL48CD7846,DRV724,
TRP001951,MANDI-015,WH-East,05/08/2026 20:46,2026-08-06T18:52:39,22.1,RJ81DF7219,DRV436,1279.796423138172
TRP007336,MANDI-020,WH-West,27/04/2026 09:50,2026-04-28T03:26:29,17.6,,DRV176,738.2
TRP003709,MANDI-016,Export-Terminal,2026-01-03T17:49:20,04/01/2026 06:01,12.2,HR90AB9814,DRV498,683.4
TRP001806,MANDI-010,Export-Terminal,20/02/2026,2026-02-21 01:13:35,23.0,HR72BC8768,,1222.0
TRP002345,MANDI-050,WH-West,01/04/2026 03:39,02-Apr-2026 01:09:00,21.5,DL66DF5329,DRV327,
TRP004206,MANDI-020,WH-East,2026-08-13 07:48:13,08-14-2026 01:18 AM,17.5,HR30DF6089,DRV630,931.7
TRP007634,MANDI-042,WH-Central,2026-06-27 15:15:39,2026-06-28T05:39:39,14.4,DL70BC1891,,728.897962826546
TRP003689,MANDI-002,WH-Central,23-Apr-2026 06:14:42,23-Apr-2026 15:44:42,9.5,HR87DF7116,DRV491,441.6
TRP000368,MANDI-057,WH-Central,28/04/2026 10:17,2026-04-29T08:11:48,21.9,,DRV788,920.5
TRP002532,MANDI-040,WH-Central,13/04/2026,2026-04-13 22:55:58,,PB61BC4164,DRV184,610.9
TRP007589,MANDI-030,WH-West,05-26-2026 10:30 AM,05-26-2026 07:18 PM,8.8,UP81BC3447,DRV722,457.3
TRP000737,MANDI-046,WH-North,14/06/2026 17:15,2026-06-15 12:51:32,19.6,PB89BC9963,,1158.4
TRP009760,MANDI-007,WH-South,06-30-2026 04:30 AM,2026-06-30T12:48:43,8.3,RJ57CD4305,DRV407,485.598642815984
TRP005767,MANDI-008,WH-East,08/02/2026,08/02/2026 12:24,7.5,PB68AB1601,DRV657,388.2
TRP000800,MANDI-011,WH-Central,09-03-2026 05:47 AM,04/09/2026,21.3,RJ72BC9884,DRV355,953.9973337035599
TRP001027,MANDI-034,WH-Central,31/07/2026,31/07/2026 22:04,20.1,RJ92CD6855,,973.4
TRP002856,MANDI-024,WH-South,03-Sep-2026 07:45:03,03/09/2026,11.2,HR99CD6154,DRV709,523.5
TRP000578,MANDI-043,WH-North,09-07-2026 05:13 AM,07-Sep-2026 18:43:03,,DL43DF3971,DRV920,777.99782559892
TRP004909,MANDI-006,WH-West,2026-07-27T11:17:57,27/07/2026,12.3,DL29CD8728,DRV527,662.2
TRP003425,MANDI-052,WH-East,2026-04-16T19:54:51,17/04/2026 09:18,13.4,,DRV231,
TRP002900,MANDI-015,WH-East,12-Aug-2026 04:39:39,12/08/2026 07:15,2.6,DL44AB5986,DRV314,139.0
TRP002108,MANDI-010,WH-North,22/08/2026 23:39,2026-08-23T02:09:23,2.5,DL23BC8530,DRV541,103.4
TRP008891,MANDI-011,WH-South,23/01/2026 15:50,01-24-2026 01:50 PM,22.0,DL43BC8247,DRV867,1244.4
TRP007977,MANDI-049,WH-South,2026-04-27T22:46:14,2026-04-28 06:46:14,8.0,HR78AB2718,DRV386,460.5
TRP003498,MANDI-029,WH-West,2026-05-07 08:23:05,2026-05-07T23:05:05,14.7,PB65CD8545,DRV731,726.99796813678
TRP005628,MANDI-037,Export-Terminal,16/01/2026 21:37,2026-01-17 10:25:47,12.8,DL88DF2133,DRV131,739.5
TRP005260,MANDI-025,WH-West,2026-02-16 14:16:15,17/02/2026 10:52,20.6,RJ23BC8127,,984.1
TRP003943,MANDI-034,WH-South,2026-05-07 03:39:07,,10.2,DL82BC2284,DRV325,557.4
TRP001942,MANDI-011,WH-Central,21/01/2026 12:07,22-Jan-2026 08:31:59,20.4,UP15DF1974,,1219.3
TRP001804,MANDI-017,WH-East,23/08/2026,,15.0,PB55CD2758,DRV467,825.6
TRP006879,MANDI-024,WH-West,2026-01-10 07:48:18,01-11-2026 02:48 AM,19.0,UP80DF8277,DRV351,1135.7
TRP001627,MANDI-008,WH-East,2026-05-04 13:46:24,05-04-2026 05:28 PM,3.7,DL30BC1452,DRV229,167.2
TRP002692,MANDI-006,WH-Central,04-Jul-2026 06:26:27,2026-07-04 22:32:27,16.1,PB66BC9594,DRV512,675.5
TRP008329,MANDI-009,WH-East,2026-02-06 13:54:06,07-Feb-2026 05:06:06,,,DRV435,612.9
TRP006323,MANDI-048,WH-North,2026-06-03 14:00:01,2026-06-03T17:12:01,3.2,RJ51DF7249,DRV322,174.7
TRP007366,MANDI-029,WH-East,07/01/2026 16:43,2026-01-07T21:19:22,4.6,RJ23AB8811,DRV535,255.1
TRP000077,MANDI-034,WH-West,2026-03-29 12:23:02,2026-03-30T02:29:02,14.1,UP80BC9290,DRV723,791.7
TRP005939,MANDI-011,WH-West,2026-08-16T19:46:49,17/08/2026,19.4,,DRV371,803.2
TRP006975,MANDI-027,WH-East,14/08/2026 20:00,2026-08-15T01:06:35,,HR51BC4172,,281.6
TRP006267,MANDI-048,WH-West,04/03/2026,03-05-2026 06:31 AM,8.2,,DRV820,352.6
TRP004318,MANDI-009,WH-South,30/03/2026 09:30,31/03/2026 07:42,22.2,HR42BC9859,DRV825,1276.99643096378
TRP001352,MANDI-029,WH-East,08-20-2026 05:41 PM,2026-08-20 21:29:18,3.8,DL33BC2594,DRV380,208.9
TRP009466,MANDI-014,WH-North,04-26-2026 09:27 AM,2026-04-26 13:09:55,3.7,,DRV261,195.9
TRP007689,MANDI-025,WH-North,25/04/2026,04-25-2026 07:15 PM,,PB29DF8841,DRV894,
TRP009921,MANDI-026,WH-North,23-Jun-2026 14:38:26,06-24-2026 02:50 AM,12.2,HR81DF4848,DRV143,590.3
TRP006840,MANDI-010,WH-Central,2026-04-06 08:06:18,04-06-2026 07:24 PM,11.3,UP79AB7609,DRV496,466.7
TRP004897,MANDI-012,WH-North,22/01/2026,22/01/2026,3.8,PB14CD8012,DRV523,181.2
TRP003488,MANDI-049,WH-South,01-07-2026 05:05 PM,01-08-2026 01:47 PM,20.7,PB83AB9316,DRV866,1032.8
TRP006955,MANDI-015,WH-East,20/05/2026 21:24,,11.1,RJ75DF4645,DRV274,518.5
TRP006843,MANDI-024,WH-South,25-Apr-2026 00:08:49,25-Apr-2026 10:14:49,10.1,PB69BC5927,DRV137,580.4
TRP009253,MANDI-006,Export-Terminal,2026-01-22 12:19:27,2026-01-23 10:49:27,22.5,RJ78BC5322,DRV207,
TRP009788,MANDI-039,WH-Central,2026-05-14 08:46:22,2026-05-15T02:58:22,,PB87DF6842,DRV167,968.5
TRP008101,MANDI-039,WH-East,21/07/2026 01:20,07-21-2026 03:44 AM,2.4,UP66DF3998,,120.4
TRP006384,MANDI-026,WH-South,04-10-2026 12:34 PM,2026-04-10T19:04:22,6.5,,DRV107,357.8
TRP004767,MANDI-010,WH-Central,09-06-2026 07:41 AM,07-Sep-2026 07:35:49,23.9,DL47AB8496,DRV979,1379.7
TRP009845,MANDI-035,WH-West,02-Aug-2026 13:47:17,2026-08-02 19:29:17,5.7,HR67BC3200,,285.1
TRP006226,MANDI-021,WH-North,13-Feb-2026 14:34:27,,10.3,UP33AB3670,DRV662,550.7
TRP000684,MANDI-039,WH-Central,02-Jun-2026 01:25:54,2026-06-02 18:01:54,,DL33AB7527,DRV657,725.5
TRP007445,MANDI-030,WH-South,02-22-2026 04:48 PM,2026-02-23 11:18:29,18.5,DL41DF9340,DRV791,913.0
TRP000004,MANDI-038,WH-West,2026-01-28 14:28:20,,4.2,,DRV516,
TRP000648,MANDI-048,WH-West,06-09-2026 09:25 PM,06-10-2026 06:55 PM,21.5,RJ97AB3634,DRV612,965.8973004447259
TRP009649,MANDI-049,Export-Terminal,2026-08-23T22:42:59,08-24-2026 07:00 AM,8.3,RJ99DF2191,,438.3
TRP009922,MANDI-037,WH-Central,04-16-2026 03:51 AM,2026-04-16 09:51:17,,PB13BC7995,DRV804,277.89922330840596
TRP007878,MANDI-005,WH-Central,06/07/2026 00:10,2026-07-06 14:58:55,,UP45BC3352,DRV324,716.3
TRP004504,MANDI-042,WH-Central,2026-01-29T05:54:43,2026-01-29T21:42:43,15.8,PB27CD4445,,
TRP009374,MANDI-049,Export-Terminal,12-Jan-2026 12:57:30,01-12-2026 05:33 PM,4.6,DL66DF9078,DRV806,208.7
TRP000291,MANDI-041,WH-North,02-08-2026 07:15 AM,09/02/2026 03:45,20.5,PB47DF5667,DRV603,
TRP004690,MANDI-036,WH-North,28-Jan-2026 00:52:13,,,UP39AB4809,DRV922,750.5
TRP002276,MANDI-036,WH-East,2026-07-07 08:57:36,2026-07-07 13:09:36,4.2,DL62DF1368,DRV827,186.899477640666
TRP000677,MANDI-033,WH-South,2026-09-06 07:42:30,07/09/2026,22.0,PB97CD3427,,
TRP004375,MANDI-045,WH-North,2026-06-28 07:39:22,29-Jun-2026 02:45:22,19.1,,DRV927,1054.1
TRP006082,MANDI-040,WH-West,02-26-2026 06:19 PM,02-27-2026 08:25 AM,,UP40BC5533,,621.1
TRP008612,MANDI-023,WH-North,11/06/2026 15:41,06-11-2026 06:59 PM,3.3,UP30BC9361,DRV389,
TRP006278,MANDI-030,WH-South,2026-04-20 15:54:06,2026-04-21 08:36:06,,DL75AB6790,DRV871,786.6
TRP001906,MANDI-056,WH-Central,21-Apr-2026 07:36:54,22-Apr-2026 03:54:54,20.3,UP41CD2253,,1099.8
TRP005207,MANDI-014,WH-North,25-Apr-2026 05:41:35,2026-04-25 23:59:35,,,DRV441,1031.0
TRP002021,MANDI-038,WH-North,19-Jul-2026 08:26:38,2026-07-20 07:32:38,23.1,DL55DF3052,DRV302,1215.3
TRP005400,MANDI-018,Export-Terminal,24/05/2026 23:05,25/05/2026 11:47,12.7,PB16CD8962,DRV877,692.0
TRP009055,MANDI-007,Export-Terminal,2026-01-14 09:47:58,15/01/2026,14.5,,DRV359,771.7
TRP004996,MANDI-032,WH-West,2026-05-13T10:08:03,14-May-2026 09:14:03,23.1,PB47CD1028,DRV229,1002.4
TRP003579,MANDI-046,WH-South,2026-02-21 11:18:54,21/02/2026 15:00,3.7,,DRV926,211.99940748967998
TRP005533,MANDI-051,Export-Terminal,2026-04-11T20:46:19,04-12-2026 04:04 PM,19.3,DL26BC9295,,
TRP009284,MANDI-030,Export-Terminal,04-12-2026 05:51 AM,13-Apr-2026 01:09:28,19.3,PB10BC4092,DRV826,783.7
TRP005904,MANDI-057,WH-North,01/05/2026,2026-05-01 23:17:46,4.2,,DRV706,
TRP008926,MANDI-048,WH-Central,07-11-2026 11:50 AM,2026-07-12T09:20:22,21.5,UP19DF2821,DRV216,1251.2
TRP000136,MANDI-014,Export-Terminal,2026-05-04 08:28:33,2026-05-04T15:40:33,7.2,,DRV652,312.1
TRP004522,MANDI-049,WH-West,21/05/2026,05-22-2026 03:22 PM,20.7,,DRV701,1143.5
TRP007627,MANDI-044,WH-South,07-Aug-2026 03:20:03,,8.2,DL32CD1159,DRV301,484.49864589033007
TRP009973,MANDI-045,WH-North,22/07/2026 06:13,23/07/2026 03:19,21.1,HR14DF8835,DRV481,
TRP002890,MANDI-056,WH-South,2026-02-04T08:21:55,2026-02-04 23:21:55,15.0,PB17AB5733,DRV552,878.9
TRP000959,MANDI-020,WH-South,06-15-2026 12:03 AM,15-Jun-2026 19:03:59,19.0,HR66AB8381,,776.4978297912099
TRP006599,MANDI-001,WH-North,29-Mar-2026 17:14:56,30-Mar-2026 13:44:56,20.5,HR67CD5389,DRV922,1098.6
TRP008894,MANDI-017,WH-South,2026-03-18 05:11:27,03-18-2026 10:05 PM,,RJ91AB5039,DRV545,937.4
TRP008398,MANDI-057,WH-West,2026-07-13T05:36:48,14/07/2026 03:30,21.9,HR38DF2984,DRV125,1293.3
TRP002847,MANDI-044,WH-West,2026-09-07T10:09:22,09-07-2026 01:21 PM,3.2,DL62CD5082,DRV937,158.8
TRP000186,MANDI-029,WH-East,2026-04-23 10:02:54,04-24-2026 08:14 AM,22.2,UP39BC9949,DRV432,897.9
TRP003750,MANDI-016,WH-South,2026-06-18T11:52:16,18-Jun-2026 18:40:16,6.8,,DRV243,330.4
TRP007887,MANDI-017,WH-South,13-Feb-2026 14:23:13,,,PB94CD2002,DRV225,1230.2
TRP009244,MANDI-026,WH-North,2026-02-03 21:50:59,2026-02-04 07:02:59,9.2,,DRV732,406.7
TRP003845,MANDI-008,WH-North,2026-03-29 14:08:24,29/03/2026,,RJ36CD3990,DRV822,185.0
TRP002931,MANDI-045,WH-South,30/08/2026 08:11,2026-08-30 20:05:09,11.9,RJ52DF4096,DRV446,
TRP005658,MANDI-006,WH-Central,2026-05-24T10:26:34,2026-05-25T02:56:34,,UP60BC5687,,
TRP007591,MANDI-055,WH-North,04-22-2026 11:36 AM,23/04/2026 03:06,15.5,RJ20BC8119,DRV718,747.5
TRP001023,MANDI-036,WH-South,27/04/2026 04:10,2026-04-27 15:22:52,11.2,HR55BC6154,DRV821,553.7
TRP002288,MANDI-051,WH-East,04/06/2026,04/06/2026 10:28,6.6,RJ57BC9232,DRV847,306.5
TRP008961,MANDI-051,WH-West,2026-07-19 11:27:00,20-Jul-2026 04:09:00,,PB87DF7108,DRV243,898.7
TRP006785,MANDI-039,WH-Central,13/04/2026 06:29,14/04/2026 05:41,,RJ51AB2941,DRV705,993.2972238655619
TRP008740,MANDI-053,WH-East,26/08/2026 06:16,27-Aug-2026 04:04:29,21.8,HR68BC1561,DRV468,1084.7
TRP003685,MANDI-023,WH-South,2026-08-21 23:38:18,,7.4,HR19CD8240,DRV474,427.6
TRP001091,MANDI-034,WH-North,2026-03-05T21:29:02,2026-03-06T20:29:02,23.0,DL46AB8932,DRV184,1243.8
TRP005708,MANDI-040,WH-North,03-May-2026 23:49:08,2026-05-04 12:07:08,12.3,DL35AB5732,DRV954,673.6
TRP000331,MANDI-001,WH-South,14/03/2026 16:49,15/03/2026,10.8,PB67CD9439,DRV465,465.2
TRP004059,MANDI-027,WH-West,20/06/2026,21/06/2026,23.7,PB22CD5754,,1234.8
TRP001863,MANDI-044,WH-East,2026-01-06 09:27:01,07-Jan-2026 05:51:01,20.4,HR64AB6632,DRV790,
TRP003413,MANDI-010,Export-Terminal,2026-01-22 16:12:00,,12.9,RJ89CD9602,DRV745,583.0
TRP001609,MANDI-006,Export-Terminal,2026-01-23T18:45:41,,3.5,RJ47AB1110,,175.4
TRP003131,MANDI-056,WH-East,21/08/2026 07:10,,17.2,HR46CD3299,DRV995,727.99796534192
TRP005373,MANDI-049,Export-Terminal,2026-02-05 09:12:11,06/02/2026 03:42,18.5,RJ64AB9409,DRV763,856.3
TRP000550,MANDI-048,WH-East,26/05/2026,2026-05-26 08:24:28,,UP97BC1126,DRV491,138.9
TRP009034,MANDI-054,WH-South,26/03/2026 01:34,26/03/2026 04:34,3.0,RJ40AB8443,,177.3
TRP008026,MANDI-030,Export-Terminal,03-Jan-2026 12:38:56,2026-01-03 17:38:56,5.0,UP68BC7959,DRV475,246.6
TRP005667,MANDI-014,WH-North,2026-03-24T21:06:15,25/03/2026 13:06,16.0,HR41CD7160,DRV209,
TRP009660,MANDI-036,WH-North,2026-01-11 04:23:53,01-12-2026 01:23 AM,21.0,DL81BC7698,DRV245,
TRP000382,MANDI-049,WH-Central,17/03/2026,17-Mar-2026 03:54:57,,,DRV758,103.4
TRP007822,MANDI-050,WH-East,29/06/2026 13:56,06-30-2026 12:56 PM,23.0,UP85DF1706,DRV769,1286.5
TRP007598,MANDI-041,WH-East,14/03/2026 12:05,2026-03-15 04:59:15,16.9,DL25CD8021,DRV347,899.0
TRP009440,MANDI-007,WH-Central,18-Jun-2026 19:51:14,2026-06-19 19:27:14,23.6,HR81BC6763,,1067.0
TRP001792,MANDI-045,WH-East,19-Aug-2026 22:44:39,08-20-2026 10:44 PM,24.0,DL14BC9155,DRV938,1429.8
TRP007865,MANDI-010,WH-Central,13/03/2026 00:45,13/03/2026 21:03,,RJ59AB9996,DRV686,1006.2
TRP006476,MANDI-004,WH-Central,02/04/2026 04:36,04-02-2026 08:54 AM,4.3,UP58AB3845,DRV872,209.2
TRP004881,MANDI-056,Export-Terminal,2026-08-18 21:57:51,19-Aug-2026 05:33:51,7.6,HR76DF5339,DRV744,419.2
TRP005573,MANDI-038,Export-Terminal,2026-04-09 08:12:37,09/04/2026,2.8,RJ90DF1578,DRV434,134.0
TRP004412,MANDI-031,Export-Terminal,2026-05-11T23:42:36,2026-05-12 07:36:36,7.9,DL75BC4355,DRV976,345.6
TRP002770,MANDI-030,WH-Central,06/04/2026,04-07-2026 02:17 AM,12.3,HR93CD7896,DRV637,645.2
TRP009191,MANDI-007,Export-Terminal,05/08/2026 04:21,2026-08-05 08:21:12,4.0,UP79DF6964,DRV704,167.399532140436
TRP005581,MANDI-025,WH-West,19/02/2026 14:21,,22.3,UP97CD5071,DRV527,964.0
TRP004419,MANDI-038,WH-East,23-Feb-2026 10:06:25,24/02/2026,16.8,RJ27AB3828,DRV286,864.9
TRP001670,MANDI-055,WH-Central,02-22-2026 08:43 PM,2026-02-23 02:43:22,6.0,RJ62BC3189,,249.4
TRP003059,MANDI-007,WH-South,2026-03-03 08:07:35,2026-03-03 15:55:35,7.8,PB36AB1604,DRV516,413.0
TRP004265,MANDI-038,WH-East,14-Aug-2026 14:55:46,08-15-2026 02:55 AM,12.0,DL15CD5149,DRV417,516.5
TRP008879,MANDI-020,Export-Terminal,2026-05-08T08:49:22,09-May-2026 02:37:22,17.8,RJ31AB3656,DRV556,821.0
TRP001663,MANDI-031,Export-Terminal,12/07/2026 16:55,2026-07-13 01:19:05,8.4,PB28DF1353,DRV358,369.8
TRP003777,MANDI-002,WH-Central,2026-02-28T04:06:15,02-28-2026 07:12 PM,15.1,,DRV540,857.99760201012
TRP006150,MANDI-046,WH-West,2026-07-30T13:48:15,31/07/2026 04:00,14.2,UP53BC1116,DRV697,814.7
TRP002819,MANDI-006,WH-North,15/05/2026 18:04,2026-05-15 20:16:19,2.2,,DRV689,106.5
TRP007526,MANDI-016,WH-Central,2026-08-06T19:06:02,06-Aug-2026 22:42:02,3.6,RJ73DF1223,DRV742,160.0
TRP009391,MANDI-021,WH-East,04/08/2026 13:38,05/08/2026,20.7,DL19DF5878,DRV345,1006.1
TRP008070,MANDI-057,WH-West,01-22-2026 05:01 PM,01-23-2026 02:19 PM,21.3,DL62CD7281,DRV523,1087.1
TRP005710,MANDI-034,WH-Central,2026-01-18 13:48:49,2026-01-19T04:00:49,14.2,RJ46DF1763,DRV903,840.9
TRP008355,MANDI-036,WH-North,24/04/2026 20:12,2026-04-25 15:48:59,19.6,DL68AB3451,DRV191,1064.9
TRP004464,MANDI-048,WH-North,20-Aug-2026 04:04:11,2026-08-20 17:34:11,13.5,PB73AB6483,,695.7
TRP001351,MANDI-054,WH-West,13-Mar-2026 14:02:48,2026-03-14 11:26:48,21.4,HR92AB5636,DRV259,1254.396494127616
TRP003064,MANDI-042,Export-Terminal,13/07/2026 14:28,14/07/2026 07:04,,RJ80CD7527,DRV672,946.697354106038
TRP002956,MANDI-032,WH-Central,14/06/2026 19:34,15-Jun-2026 12:34:50,17.0,UP69BC1152,DRV353,753.297894631962
TRP002997,MANDI-051,WH-North,08/08/2026 10:32,2026-08-09 06:14:03,19.7,PB43AB6380,DRV676,1045.6
TRP000145,MANDI-021,Export-Terminal,05-12-2026 04:46 AM,2026-05-12T21:22:35,16.6,PB35CD3505,DRV846,919.1
TRP009936,MANDI-056,WH-West,18/05/2026 21:11,19/05/2026 09:53,12.7,,DRV738,712.3
TRP004701,MANDI-022,WH-Central,2026-04-15T19:53:00,04-16-2026 02:29 AM,6.6,DL85BC7363,DRV691,268.3
TRP002153,MANDI-045,WH-Central,2026-07-07 02:57:22,07/07/2026 08:21,5.4,DL65BC3585,DRV853,
TRP000759,MANDI-041,WH-South,03/09/2026 10:52,,16.6,HR54CD9184,DRV633,975.5
TRP003353,MANDI-030,Export-Terminal,2026-05-11 22:17:36,12/05/2026,,UP86BC5777,,525.8
TRP006593,MANDI-055,WH-East,2026-03-07T05:37:57,2026-03-08 05:37:57,24.0,HR56AB4699,DRV555,1186.2
TRP002992,MANDI-008,WH-North,2026-02-27T12:14:56,02-27-2026 05:44 PM,5.5,PB41BC5282,DRV551,309.6
TRP002615,MANDI-009,WH-South,2026-02-24T02:03:15,24/02/2026 23:09,,PB73DF8613,DRV326,981.7
TRP007676,MANDI-050,WH-Central,05/07/2026 07:23,06-Jul-2026 02:23:13,,UP61DF4547,DRV510,903.2
TRP006297,MANDI-029,WH-East,07/01/2026 00:46,07-Jan-2026 18:10:08,17.4,DL73AB4819,DRV648,952.5
TRP008898,MANDI-030,WH-South,2026-02-07 16:31:59,08/02/2026,,DL32AB3392,DRV919,856.7
TRP006557,MANDI-057,Export-Terminal,2026-01-13 10:45:02,14-Jan-2026 01:03:02,14.3,HR21BC2637,DRV114,617.1
TRP007400,MANDI-024,WH-West,05-29-2026 08:11 AM,2026-05-29T12:35:55,4.4,PB90CD2884,,
TRP009891,MANDI-029,WH-Central,30/04/2026,,11.0,DL24DF9803,DRV385,617.7
TRP004503,MANDI-048,Export-Terminal,2026-08-23 22:49:27,24/08/2026 03:13,4.4,HR13CD1423,DRV690,178.299501676462
TRP000432,MANDI-047,WH-West,02/01/2026 16:35,01-03-2026 01:41 PM,21.1,HR26BC1700,,893.7975019541319
TRP000765,MANDI-057,WH-North,01-01-2026 09:42 AM,,4.4,,DRV805,237.4
TRP000001,MANDI-022,WH-Central,2026-02-25T12:53:39,02-25-2026 05:47 PM,4.9,HR24DF8206,DRV454,218.8
TRP002620,MANDI-057,WH-West,02-15-2026 10:04 AM,02-15-2026 03:16 PM,5.2,UP74DF8951,DRV493,211.1
TRP000350,MANDI-035,WH-North,2026-02-13 23:37:01,14/02/2026,,HR71CD2110,DRV449,
TRP004398,MANDI-006,Export-Terminal,2026-05-18T05:38:38,2026-05-18T12:08:38,6.5,,,333.7
TRP006404,MANDI-055,Export-Terminal,2026-07-30 05:55:23,30-Jul-2026 23:43:23,17.8,PB58BC2275,,941.3
TRP001886,MANDI-046,WH-North,10/01/2026 12:55,11/01/2026,15.1,DL43DF3527,DRV329,823.4
TRP008252,MANDI-048,WH-South,11-Jul-2026 16:18:20,12/07/2026 02:12,9.9,RJ48DF1583,DRV205,487.49863750575
TRP008727,MANDI-005,WH-North,2026-05-04T21:33:59,,19.3,UP21DF7151,DRV357,796.7977730555519
TRP005380,MANDI-003,WH-Central,2026-04-26 08:59:36,2026-04-26T11:29:36,2.5,PB40DF3879,DRV948,113.7
TRP001473,MANDI-027,WH-Central,03-04-2026 08:41 AM,05-Mar-2026 01:53:10,17.2,,DRV497,711.6
TRP004195,MANDI-032,WH-North,2026-01-17T15:43:23,18/01/2026 02:01,10.3,UP14CD6595,DRV872,
TRP001331,MANDI-023,WH-South,02-08-2026 01:45 AM,08-Feb-2026 07:03:20,5.3,PB18DF1953,DRV937,230.89935466682599
TRP003896,MANDI-040,WH-South,2026-04-23T00:23:25,23/04/2026 16:29,16.1,RJ28DF3173,DRV931,657.2
TRP008284,MANDI-037,Export-Terminal,06-25-2026 01:27 AM,25/06/2026 17:39,16.2,RJ70BC3791,DRV230,660.4
TRP002233,MANDI-035,WH-Central,23/01/2026 02:19,2026-01-24 01:55:42,23.6,DL39CD1032,DRV864,1084.3
TRP002969,MANDI-034,WH-South,07-24-2026 03:06 AM,2026-07-24 20:48:52,17.7,RJ46DF5160,DRV309,746.9
TRP007987,MANDI-056,WH-South,03/05/2026 18:38,2026-05-04 11:32:09,16.9,PB75BC6494,DRV275,887.1
TRP005157,MANDI-015,WH-West,2026-07-16T16:00:56,07-17-2026 03:36 PM,23.6,,DRV282,944.6
TRP001394,MANDI-020,WH-West,03-07-2026 03:19 AM,03-07-2026 01:49 PM,10.5,PB49DF4473,DRV742,
TRP003938,MANDI-022,WH-Central,2026-04-10 08:58:41,11/04/2026 06:22,21.4,PB54DF5776,DRV742,1276.8
TRP001958,MANDI-025,WH-South,2026-04-05T14:36:39,06/04/2026 13:30,22.9,DL98CD1946,DRV146,1142.4
TRP009528,MANDI-020,WH-Central,2026-01-26 00:30:39,2026-01-26 04:00:39,3.5,DL47AB3694,DRV248,190.3
TRP006569,MANDI-055,WH-East,2026-03-27 04:07:21,27-Mar-2026 23:31:21,19.4,PB66DF8391,DRV301,813.2
TRP009777,MANDI-002,WH-East,07/06/2026 05:41,,13.6,PB27AB6655,DRV535,556.3
TRP004193,MANDI-016,WH-Central,2026-05-20T05:04:15,21-May-2026 02:40:15,21.6,UP58DF3352,DRV497,890.9
TRP001114,MANDI-025,WH-Central,2026-06-23 00:11:42,2026-06-23 14:35:42,14.4,UP82CD5500,DRV183,783.9
TRP003246,MANDI-029,WH-Central,19-Jun-2026 00:23:05,2026-06-19 20:53:05,20.5,HR66CD3899,DRV236,920.1
TRP006364,MANDI-046,WH-North,2026-04-19 18:23:30,2026-04-20T02:41:30,8.3,UP12BC1441,DRV704,389.0
TRP001455,MANDI-010,Export-Terminal,01/01/2026 18:32,02/01/2026,20.6,DL91DF1149,DRV421,
TRP009254,MANDI-056,WH-North,27-Jun-2026 09:17:26,28/06/2026,23.3,DL56AB5629,,933.4
TRP008873,MANDI-029,WH-North,2026-04-30 22:12:11,05-01-2026 08:18 AM,10.1,DL87DF4786,DRV192,498.0
TRP007384,MANDI-046,WH-West,06/06/2026 03:12,06/06/2026 08:12,5.0,UP41DF4444,DRV590,280.0
TRP009082,MANDI-055,WH-Central,2026-01-06T10:26:45,07-Jan-2026 02:14:45,,RJ16AB7381,,904.2
TRP000783,MANDI-051,WH-Central,01-14-2026 08:40 PM,2026-01-15 00:10:14,3.5,,DRV646,162.699545276278
TRP002493,MANDI-004,Export-Terminal,31-Jan-2026 15:35:07,01/02/2026 01:17,9.7,,,438.8
TRP003974,MANDI-046,WH-West,2026-03-09T03:40:05,2026-03-10T01:28:05,21.8,RJ51DF3258,DRV885,
TRP001124,MANDI-012,WH-North,06/01/2026 00:38,,3.2,RJ33DF2709,DRV219,184.3
TRP000317,MANDI-023,WH-South,2026-08-23T00:18:36,23/08/2026 16:06,15.8,RJ71AB6154,DRV700,814.0
TRP009175,MANDI-037,WH-East,13-Aug-2026 02:52:25,2026-08-13T17:10:25,14.3,DL62CD6093,DRV745,698.99804639286
TRP003922,MANDI-050,Export-Terminal,28/04/2026 14:19,2026-04-29T09:49:24,19.5,,DRV452,1044.4
TRP003400,MANDI-018,WH-East,08/06/2026 17:41,08/06/2026 22:53,5.2,DL84AB7135,DRV554,262.6
TRP005562,MANDI-049,Export-Terminal,25/05/2026,2026-05-26 00:32:28,22.9,DL78BC5995,DRV934,1185.4
TRP003317,MANDI-016,WH-South,2026-01-10 13:27:22,11/01/2026 12:39,23.2,RJ38AB5197,DRV238,1192.0966682473938
TRP003211,MANDI-054,Export-Terminal,05-16-2026 12:05 AM,16/05/2026,8.6,UP47CD8783,DRV686,355.699005868298
TRP002110,MANDI-017,WH-West,07/07/2026 08:10,2026-07-08 07:34:17,23.4,RJ89AB1319,DRV667,1028.6971249275182
TRP007119,MANDI-007,WH-East,03-31-2026 04:02 PM,2026-04-01 07:38:02,15.6,RJ98DF6437,DRV146,837.897658186806
TRP009948,MANDI-037,WH-North,06-18-2026 11:59 AM,19/06/2026 07:29,19.5,HR78AB3639,DRV658,984.6
TRP007353,MANDI-004,WH-Central,10/07/2026 09:18,2026-07-10 15:24:46,6.1,,,358.5
TRP008035,MANDI-012,WH-Central,28/03/2026,2026-03-29T12:23:39,15.3,PB17DF3416,DRV785,834.2
TRP009810,MANDI-049,WH-North,19/08/2026 08:21,2026-08-20 00:03:13,15.7,RJ57BC3932,DRV136,886.697521797638
TRP002010,MANDI-021,WH-East,17/07/2026 05:12,17/07/2026,,PB41CD4717,DRV520,442.0
TRP008705,MANDI-026,WH-East,2026-04-26T16:21:35,26/04/2026 21:33,5.2,DL58CD3341,,284.2
TRP002128,MANDI-012,WH-South,07-May-2026 05:18:17,2026-05-07T20:18:17,15.0,HR39DF8887,DRV880,782.8
TRP001776,MANDI-042,WH-South,2026-08-07 23:11:42,08-08-2026 04:47 AM,5.6,,,271.3
TRP005699,MANDI-052,WH-Central,16-May-2026 07:21:26,16-May-2026 13:39:26,6.3,PB88DF2526,DRV706,
TRP000104,MANDI-056,Export-Terminal,08-Feb-2026 12:09:14,2026-02-09T11:33:14,23.4,,DRV359,1153.6
TRP006867,MANDI-024,WH-Central,2026-05-10T19:01:43,2026-05-11T14:07:43,19.1,,DRV265,1055.0
TRP002883,MANDI-002,WH-East,01/07/2026,,6.9,PB32BC5220,DRV949,289.6
TRP005304,MANDI-047,WH-East,10-Apr-2026 13:42:24,2026-04-11T04:06:24,14.4,PB24CD9918,DRV367,684.0
TRP008386,MANDI-046,WH-East,30/05/2026 21:01,31/05/2026,6.6,PB46CD7736,DRV313,310.0
TRP002626,MANDI-039,WH-South,05/09/2026,06/09/2026 01:49,,PB67CD9680,DRV963,651.298179707682
TRP000757,MANDI-056,WH-West,08-26-2026 10:47 PM,08-27-2026 09:35 AM,10.8,UP46DF2794,DRV393,632.4
TRP001747,MANDI-002,Export-Terminal,09-05-2026 01:42 AM,05-Sep-2026 13:54:02,12.2,PB23CD5893,DRV230,488.898633592946
TRP003083,MANDI-034,WH-West,2026-07-27 07:05:43,27/07/2026 13:47,,,DRV873,339.6
TRP008232,MANDI-008,WH-East,2026-07-28 20:39:20,2026-07-29 10:03:20,13.4,RJ85DF9472,DRV409,614.1
TRP008653,MANDI-033,WH-South,07-24-2026 05:10 AM,,,PB40BC8039,,1200.5
TRP003980,MANDI-042,WH-East,2026-04-07 19:28:12,,,UP32BC7587,DRV182,583.7
TRP001577,MANDI-012,WH-North,21/02/2026 16:10,,19.4,HR73BC7182,,990.5
TRP007613,MANDI-037,WH-South,13/02/2026 10:53,,18.1,UP62AB5889,DRV136,878.2
TRP002751,MANDI-003,WH-Central,02-Feb-2026 16:53:00,2026-02-02 21:47:00,4.9,UP50CD3806,DRV274,287.6
TRP003393,MANDI-024,WH-North,2026-02-18 07:28:17,,10.5,RJ22DF9465,DRV323,613.3
TRP002184,MANDI-028,WH-Central,28-Jun-2026 12:01:20,2026-06-29 07:55:20,19.9,PB69BC2160,DRV398,847.3
TRP008250,MANDI-023,WH-West,2026-06-06 08:36:07,06-06-2026 11:18 PM,,HR75CD8117,DRV254,814.8
TRP008689,MANDI-008,Export-Terminal,12-Apr-2026 02:31:06,2026-04-12 12:55:06,10.4,,,464.5
TRP001598,MANDI-024,WH-South,03-22-2026 01:03 PM,03-23-2026 12:09 AM,11.1,UP33AB9467,DRV651,607.3
TRP005704,MANDI-010,WH-South,01-31-2026 07:20 PM,01/02/2026 12:56,17.6,,DRV668,809.2
TRP000568,MANDI-040,WH-East,2026-04-17 03:00:49,2026-04-17 18:42:49,15.7,PB43CD6306,DRV833,826.6
TRP007034,MANDI-014,WH-South,2026-07-10T03:09:04,2026-07-10 08:15:04,5.1,HR54AB4740,,278.4
TRP003413,MANDI-010,Export-Terminal,2026-01-22 16:12:00,,12.9,RJ89CD9602,DRV745,583.0
TRP004422,MANDI-012,WH-Central,11/06/2026 12:23,11-Jun-2026 21:11:55,8.8,UP20BC5166,DRV513,415.7
TRP005689,MANDI-053,WH-North,07/09/2026 16:07,09-08-2026 03:49 AM,11.7,RJ30BC6119,DRV219,493.2
TRP005837,MANDI-002,WH-North,21/06/2026,2026-06-22T10:43:57,16.0,DL27DF3457,,743.6
TRP007423,MANDI-026,Export-Terminal,10/04/2026,10/04/2026 13:42,12.9,HR81AB9555,DRV812,607.6
TRP002255,MANDI-009,WH-South,2026-03-25 05:44:14,25/03/2026 08:32,2.8,UP69AB7123,DRV297,159.799553381372
TRP002418,MANDI-044,WH-East,2026-05-27 19:30:59,2026-05-28 17:00:59,21.5,DL36AB1918,DRV113,1069.7
TRP006449,MANDI-057,WH-West,28/01/2026 16:53,2026-01-29 06:11:22,13.3,DL41DF7582,DRV242,605.1
TRP002685,MANDI-002,WH-Central,2026-05-05T23:37:01,,23.0,DL82DF2439,DRV194,1053.9
TRP003705,MANDI-005,WH-South,2026-05-25T00:32:04,2026-05-25T05:32:04,5.0,,DRV864,247.4
TRP003461,MANDI-055,WH-West,2026-02-09 20:00:22,02-10-2026 05:06 AM,9.1,RJ17BC5384,,448.89874538734597
TRP006924,MANDI-029,WH-South,2026-05-25 18:32:44,26/05/2026,22.0,HR46BC8031,DRV504,1068.4
TRP004475,MANDI-053,WH-North,2026-03-18 00:37:42,18/03/2026 08:13,7.6,,DRV911,406.49886388941
TRP008334,MANDI-048,Export-Terminal,24/03/2026,,,DL76AB5948,DRV718,753.6
TRP000765,MANDI-057,WH-North,01-01-2026 09:42 AM,,4.4,,DRV805,237.4
TRP007773,MANDI-002,WH-Central,14-Aug-2026 11:57:24,,16.1,DL86DF6891,DRV962,806.9
TRP000037,MANDI-040,WH-East,2026-04-09T16:07:48,,,RJ19AB9226,DRV196,1048.2970701482618
TRP003066,MANDI-048,WH-West,21/07/2026 18:49,2026-07-22 01:25:27,6.6,HR58AB7152,DRV977,362.6
TRP007066,MANDI-047,WH-North,14/06/2026 09:52,2026-06-14 23:40:34,13.8,,DRV419,687.6
TRP005951,MANDI-043,WH-South,2026-02-09 02:08:17,2026-02-09 10:20:17,8.2,HR58CD2954,DRV716,371.8
TRP001255,MANDI-007,WH-East,2026-03-01 21:28:31,02/03/2026 02:34,5.1,HR20DF1127,,267.4
TRP009189,MANDI-039,WH-East,2026-05-04 23:09:20,05/05/2026 20:51,,HR82CD8840,DRV616,1282.2
TRP001195,MANDI-042,WH-West,15-May-2026 05:18:44,16-May-2026 01:06:44,19.8,UP33BC5758,DRV851,887.0975206796941
TRP005419,MANDI-053,WH-East,2026-02-18T23:05:11,19/02/2026 15:23,16.3,UP65AB7793,DRV637,726.9
TRP003275,MANDI-020,WH-West,10/07/2026,10/07/2026 16:44,14.3,RJ13CD7878,,678.99810229006
TRP008317,MANDI-022,WH-East,06/01/2026 07:10,06/01/2026 13:10,6.0,DL75DF9225,DRV871,
TRP005764,MANDI-042,WH-South,07-08-2026 09:53 AM,07-08-2026 12:35 PM,2.7,PB60BC9605,DRV921,148.4
TRP006626,MANDI-049,WH-East,08/06/2026 10:40,08-Jun-2026 15:28:10,4.8,RJ16CD9686,DRV929,195.5
TRP005199,MANDI-025,WH-East,2026-02-19T23:06:03,20/02/2026 02:48,3.7,PB90DF5227,DRV190,165.599537171184
TRP005205,MANDI-010,WH-East,2026-07-06 06:17:10,06-Jul-2026 16:29:10,10.2,UP31AB5634,DRV452,452.5
TRP007836,MANDI-010,WH-North,17-Apr-2026 20:01:44,2026-04-18 16:25:44,20.4,HR12AB1551,DRV969,907.0
TRP008541,MANDI-009,WH-West,04/03/2026,2026-03-05T04:03:29,6.9,HR21BC3034,DRV897,410.4
TRP002743,MANDI-008,WH-Central,01-14-2026 07:27 AM,,22.1,RJ91DF8743,,978.1
TRP003773,MANDI-036,Export-Terminal,10/05/2026 06:57,05-10-2026 11:33 AM,4.6,,DRV566,209.1
TRP004123,MANDI-056,WH-North,2026-06-23T13:34:46,06-23-2026 08:04 PM,6.5,DL39AB3043,DRV758,374.0
TRP003934,MANDI-006,WH-South,17/02/2026 17:49,18/02/2026 03:25,9.6,UP17CD8251,,459.6
TRP001502,MANDI-011,Export-Terminal,2026-06-18 16:17:45,2026-06-18T18:53:45,,HR17AB3440,DRV452,150.3
TRP002185,MANDI-042,WH-Central,01-Jun-2026 22:44:58,02-Jun-2026 05:50:58,7.1,PB33DF3521,DRV598,297.2
TRP005392,MANDI-008,WH-East,2026-08-07T00:25:40,2026-08-07 05:19:40,4.9,PB33AB1503,DRV371,267.39925265443594
TRP007590,MANDI-027,WH-East,09-Jan-2026 20:13:59,2026-01-10 00:37:59,4.4,,DRV397,
TRP009300,MANDI-057,WH-North,14-Apr-2026 23:45:28,2026-04-15 07:51:28,8.1,,DRV247,
TRP000638,MANDI-016,Export-Terminal,08-04-2026 03:15 PM,05/08/2026 01:45,10.5,HR99CD6404,DRV328,
TRP001072,MANDI-022,WH-South,2026-03-30 03:18:42,30/03/2026,9.9,PB97CD2757,,448.3
TRP005280,MANDI-034,WH-Central,29-Aug-2026 09:11:34,2026-08-30 08:11:34,23.0,PB39DF8481,DRV774,1354.5
TRP006031,MANDI-026,WH-North,2026-05-23 23:37:45,24/05/2026,16.7,HR65AB6351,DRV872,
TRP001191,MANDI-022,WH-South,18/04/2026 20:56,2026-04-19T10:26:51,,,DRV377,
TRP006424,MANDI-002,WH-West,03-23-2026 12:41 AM,23/03/2026,12.9,DL54BC7107,DRV431,573.0
TRP003334,MANDI-012,WH-West,2026-09-01 06:34:51,,9.5,HR71AB3139,DRV211,424.5
TRP004619,MANDI-021,WH-Central,05-Jul-2026 03:23:53,07-05-2026 06:23 AM,3.0,,DRV846,145.6
TRP002996,MANDI-001,Export-Terminal,12-Aug-2026 00:56:28,2026-08-12 05:14:28,4.3,HR48CD7039,DRV328,181.3
TRP000150,MANDI-050,WH-Central,08-15-2026 09:59 AM,15/08/2026 12:53,2.9,DL93AB2887,DRV958,141.1
TRP006387,MANDI-004,WH-North,2026-08-08 13:54:45,09/08/2026,15.2,PB50BC2409,DRV854,819.4
TRP008748,MANDI-014,WH-North,23/08/2026,24/08/2026 11:35,15.5,DL74BC4365,DRV805,774.1
TRP009025,MANDI-048,WH-South,08-Jul-2026 01:24:46,2026-07-08T16:54:46,,UP67AB6561,DRV652,664.7
TRP001316,MANDI-007,WH-East,07/09/2026,,7.1,PB14CD1247,DRV769,367.6
TRP008208,MANDI-015,WH-South,29/03/2026 07:59,30/03/2026,23.3,,DRV231,
TRP009896,MANDI-033,WH-South,07/03/2026,2026-03-08T04:09:33,23.3,,DRV339,1219.3
TRP008460,MANDI-050,Export-Terminal,27/03/2026,03-28-2026 06:20 AM,,HR81BC8909,,687.5
TRP001607,MANDI-030,WH-East,2026-09-07 02:05:31,,13.0,UP18BC7289,DRV477,564.598422022044
TRP003529,MANDI-053,Export-Terminal,05/04/2026,2026-04-05T12:56:54,11.6,PB10CD2511,DRV596,654.2
TRP000802,MANDI-055,Export-Terminal,2026-07-16 04:58:51,2026-07-16 08:04:51,,PB95BC3162,DRV352,137.7
TRP005265,MANDI-041,WH-West,02-28-2026 01:43 PM,2026-03-01 10:37:25,20.9,HR51DF5676,DRV885,1032.2
TRP008815,MANDI-046,WH-North,09-08-2026 04:17 PM,09-08-2026 09:17 PM,,RJ58AB5461,,238.1
TRP007361,MANDI-037,Export-Terminal,17/04/2026,2026-04-18 05:32:11,20.7,UP58CD6136,,1227.0
TRP000743,MANDI-003,WH-West,24/04/2026 18:59,,9.7,HR69DF6527,DRV188,390.0
TRP009375,MANDI-023,WH-South,30/08/2026,2026-08-31 06:39:08,,,DRV596,1142.3
TRP006534,MANDI-024,WH-West,03/05/2026 00:46,2026-05-03 19:10:56,18.4,HR74BC4794,DRV313,917.7
TRP004413,MANDI-057,WH-West,08/07/2026,2026-07-08 18:19:45,16.6,,DRV556,884.3
TRP004768,MANDI-056,WH-West,2026-02-26 03:07:47,26-Feb-2026 13:25:47,,DL10DF6666,DRV616,607.5
TRP007953,MANDI-016,WH-South,06-04-2026 04:59 AM,04/06/2026 19:53,14.9,UP97CD2172,DRV910,751.0
TRP002311,MANDI-044,WH-North,28/05/2026 08:08,29/05/2026 06:50,22.7,HR82DF5025,DRV835,1052.9
TRP006139,MANDI-020,WH-East,27-Jun-2026 03:41:50,,,RJ50DF2321,,1379.2
TRP008582,MANDI-043,WH-South,07-09-2026 08:39 PM,10-Jul-2026 12:03:01,15.4,PB39CD3779,DRV888,
TRP006852,MANDI-017,WH-Central,2026-07-24T09:41:35,24-Jul-2026 14:47:35,,DL63DF8422,DRV526,234.399344884816
TRP007875,MANDI-037,WH-North,11/07/2026,12/07/2026 03:46,6.3,,DRV473,309.1
TRP000800,MANDI-011,WH-Central,09-03-2026 05:47 AM,04/09/2026,21.3,RJ72BC9884,DRV355,953.9973337035599
TRP007969,MANDI-038,Export-Terminal,01-Jan-2026 14:51:04,02-Jan-2026 01:27:04,10.6,UP87DF4883,DRV890,465.3
TRP005014,MANDI-051,WH-North,19-Mar-2026 22:15:00,20/03/2026 16:09,17.9,DL80AB7017,DRV320,912.5
TRP006995,MANDI-054,WH-South,09/03/2026 07:13,10/03/2026,19.3,DL27AB3496,DRV601,953.6
TRP009153,MANDI-035,WH-West,2026-04-03 19:38:03,2026-04-04T15:56:03,20.3,DL57CD3014,DRV983,1158.7
TRP001211,MANDI-047,WH-West,2026-06-28T14:35:45,29-Jun-2026 00:05:45,9.5,HR92BC2935,DRV592,427.4
TRP007451,MANDI-018,WH-East,03-25-2026 07:29 PM,26/03/2026,7.5,PB40AB2444,DRV243,410.5
TRP009403,MANDI-031,WH-East,2026-05-21T02:15:40,2026-05-22 01:45:40,23.5,DL83CD6510,DRV159,1219.8
TRP003838,MANDI-037,WH-North,2026-03-12T04:56:37,13/03/2026,22.8,DL34DF4645,DRV838,1238.7
TRP003205,MANDI-035,WH-West,26-Apr-2026 06:02:03,,18.7,,DRV250,1086.7
TRP004872,MANDI-041,WH-West,26-Jul-2026 13:45:37,2026-07-27T03:57:37,14.2,UP90CD5362,,790.297791222142
TRP001189,MANDI-005,WH-East,26/03/2026 03:56,26-Mar-2026 14:50:44,10.9,RJ93DF9913,DRV138,487.0
TRP007885,MANDI-016,WH-Central,08-12-2026 12:54 AM,2026-08-12T06:18:17,5.4,HR35AB9621,,276.4
TRP005004,MANDI-034,Export-Terminal,07-05-2026 01:42 AM,2026-07-05 19:18:47,17.6,HR12AB7484,DRV485,1050.9
TRP000587,MANDI-023,WH-North,16/06/2026 04:04,06-17-2026 01:22 AM,21.3,PB99DF3287,DRV804,1085.5
TRP001796,MANDI-017,WH-West,01/08/2026,01/08/2026 13:35,5.0,PB23BC1410,DRV877,212.2
TRP002228,MANDI-030,Export-Terminal,2026-07-29 00:11:15,07-29-2026 04:41 PM,16.5,RJ54DF9025,DRV323,956.4
TRP007742,MANDI-011,WH-East,03-Jul-2026 21:47:17,2026-07-04T13:29:17,15.7,UP64AB8888,DRV872,819.1
TRP002725,MANDI-046,WH-North,06-21-2026 03:03 PM,22/06/2026 00:39,9.6,PB73BC9321,DRV219,526.0
TRP001693,MANDI-001,WH-North,05-16-2026 07:18 PM,17/05/2026 19:06,23.8,DL61AB7736,DRV938,1311.8
TRP009993,MANDI-049,WH-East,2026-07-30 12:20:55,31/07/2026,18.1,PB82BC4730,DRV775,
TRP008929,MANDI-039,WH-Central,08-26-2026 11:05 PM,,11.9,,DRV297,700.0
TRP008795,MANDI-056,WH-North,16/06/2026 15:41,,15.1,UP98CD2323,DRV156,611.0
TRP000024,MANDI-026,WH-South,2026-01-15 07:14:13,01-15-2026 11:32 PM,16.3,HR35AB5451,DRV615,770.1
TRP008389,MANDI-029,WH-East,2026-04-10T08:37:16,2026-04-10T11:07:16,2.5,HR86DF1326,DRV453,113.1
TRP004657,MANDI-037,WH-South,03-21-2026 07:52 PM,2026-03-22T05:52:40,10.0,HR76CD6894,,
TRP000790,MANDI-038,WH-North,2026-08-21 03:23:22,,,DL77BC8313,DRV524,407.6
TRP009101,MANDI-057,WH-Central,2026-02-25T07:48:11,,20.0,UP16AB5989,DRV849,1082.6969740050781
TRP007573,MANDI-040,WH-West,14-Mar-2026 08:31:50,2026-03-14 23:13:50,14.7,UP42DF4935,DRV794,678.3
TRP006320,MANDI-042,WH-East,03-24-2026 02:35 AM,2026-03-24 09:41:16,7.1,HR69CD4934,,328.1
TRP009305,MANDI-003,WH-North,2026-08-26T08:08:40,08-26-2026 10:26 AM,2.3,UP25BC9550,DRV136,104.9
TRP008095,MANDI-007,WH-North,2026-04-18 21:12:42,,6.7,UP87AB8979,DRV733,379.6
TRP001512,MANDI-053,WH-Central,2026-05-29 06:38:22,30/05/2026 05:14,22.6,HR19DF4925,DRV314,1263.4
TRP003239,MANDI-020,WH-South,20/04/2026 12:42,04-21-2026 10:18 AM,21.6,PB60CD7848,DRV481,1134.2
TRP002129,MANDI-014,WH-North,08-14-2026 06:27 PM,2026-08-15 16:45:39,22.3,UP10CD1554,DRV388,1273.2
TRP004852,MANDI-032,WH-North,07-Mar-2026 11:23:11,07/03/2026 17:59,6.6,,DRV515,390.298909166142
TRP006540,MANDI-045,WH-North,2026-01-01 03:00:39,01/01/2026 12:18,9.3,PB41DF8835,DRV961,392.9
TRP006253,MANDI-034,WH-East,30/01/2026 06:40,30/01/2026 17:04,10.4,DL25BC8180,,520.8
TRP005523,MANDI-054,WH-Central,05-26-2026 07:46 AM,05-26-2026 07:04 PM,11.3,DL89AB3979,DRV367,502.8
TRP009031,MANDI-024,WH-East,01-28-2026 05:25 AM,28/01/2026 16:37,11.2,RJ28BC6993,DRV107,
TRP000606,MANDI-029,WH-South,2026-02-15T03:46:05,2026-02-15 22:16:05,18.5,DL10DF3170,,
TRP008328,MANDI-009,Export-Terminal,02-01-2026 02:52 AM,02-01-2026 10:52 PM,20.0,DL85DF7834,DRV986,1076.49699133321
TRP009929,MANDI-032,WH-West,17-Aug-2026 19:09:32,08-18-2026 01:51 PM,18.7,HR21AB4249,DRV693,1001.1
TRP000994,MANDI-044,WH-North,2026-05-05 19:02:57,2026-05-06T17:38:57,22.6,HR33AB2347,DRV517,1342.2
TRP004002,MANDI-008,WH-West,2026-08-08 00:15:39,2026-08-08T02:27:39,2.2,UP91DF4890,DRV263,112.8
TRP003099,MANDI-009,WH-East,2026-06-09T18:57:37,10/06/2026 02:03,7.1,UP82BC6409,DRV573,
TRP006179,MANDI-024,WH-East,06-06-2026 03:56 PM,2026-06-07T02:14:56,10.3,PB91AB2132,DRV201,567.9
TRP001509,MANDI-043,WH-East,07/01/2026 09:22,07/01/2026,12.0,,DRV314,705.4
TRP005455,MANDI-031,WH-East,2026-03-02 00:05:14,02/03/2026 20:17,20.2,HR26AB3429,DRV622,1182.8
TRP003711,MANDI-027,WH-Central,09-02-2026 11:41 AM,,14.5,DL41AB4047,DRV214,801.9
TRP004901,MANDI-007,WH-West,18-Aug-2026 20:38:06,08-19-2026 12:44 PM,16.1,HR95CD9256,DRV882,884.4
TRP003080,MANDI-033,WH-West,2026-02-07T12:55:44,,13.5,,DRV172,641.6
TRP004538,MANDI-011,Export-Terminal,02-21-2026 03:37 AM,22/02/2026 01:25,21.8,,DRV169,1209.4
TRP003853,MANDI-012,WH-Central,09/09/2026 08:30,2026-09-09 23:12:28,,RJ38CD6357,,867.7
TRP003439,MANDI-003,WH-Central,01-23-2026 01:06 PM,2026-01-24 02:18:48,13.2,,DRV227,633.7
TRP007895,MANDI-040,WH-South,05-Mar-2026 22:22:52,2026-03-06T07:58:52,9.6,,,419.5
TRP003155,MANDI-005,WH-Central,2026-06-13 06:00:16,2026-06-13 12:18:16,6.3,UP22AB1201,DRV871,
TRP007441,MANDI-019,Export-Terminal,2026-06-06 19:21:18,2026-06-07T18:15:18,22.9,RJ82CD3953,DRV224,1351.9
TRP008561,MANDI-012,WH-South,2026-08-30 03:27:38,31-Aug-2026 00:15:38,,UP50DF6859,DRV370,865.4
TRP002555,MANDI-045,WH-West,2026-05-22 08:25:00,22/05/2026 19:13,10.8,DL20BC2009,DRV985,460.1
TRP004336,MANDI-044,WH-North,30/05/2026,30/05/2026,5.7,RJ49DF2856,DRV372,329.5
TRP008989,MANDI-048,WH-Central,2026-07-16 01:12:28,16/07/2026 12:30,11.3,RJ74BC5786,,665.49814002067
TRP001254,MANDI-041,WH-South,2026-08-01 08:26:46,,18.2,,,1013.2
TRP005235,MANDI-007,Export-Terminal,21/02/2026 02:54,21/02/2026,17.8,,DRV783,899.597485743944
TRP009276,MANDI-032,WH-Central,2026-06-24 07:09:25,24-Jun-2026 22:39:25,,UP47DF7226,DRV386,
TRP000361,MANDI-042,WH-West,13/08/2026 17:51,2026-08-13T20:33:17,2.7,UP39BC6547,DRV185,125.0
TRP002535,MANDI-005,WH-North,2026-09-04 05:41:29,04-Sep-2026 20:59:29,15.3,RJ74BC4950,DRV740,709.8
TRP004310,MANDI-011,WH-East,05-Aug-2026 05:41:22,2026-08-06T05:17:22,23.6,UP41CD4144,DRV103,1240.0
TRP008108,MANDI-002,Export-Terminal,31/05/2026 08:04,01-Jun-2026 04:10:27,20.1,HR42AB5732,DRV428,897.9
TRP007606,MANDI-051,WH-Central,2026-03-01T01:17:03,03-01-2026 08:53 PM,19.6,UP75AB1831,DRV902,
TRP009389,MANDI-024,WH-Central,06-Feb-2026 13:02:22,2026-02-07 02:20:22,13.3,RJ60DF8275,DRV997,
TRP005607,MANDI-022,WH-North,2026-06-03 06:05:40,03/06/2026 09:17,3.2,PB75BC5226,DRV634,182.7
TRP008738,MANDI-056,WH-West,09-05-2026 08:13 PM,06/09/2026 10:31,14.3,PB41DF2564,,639.9
TRP005724,MANDI-025,WH-Central,06-02-2026 12:41 AM,02/06/2026,22.0,DL13BC6570,DRV962,1182.8
TRP004437,MANDI-026,WH-Central,2026-04-13 05:35:19,2026-04-13 20:41:19,15.1,DL51DF6509,DRV175,
TRP000268,MANDI-037,WH-Central,05/09/2026 15:38,2026-09-05T23:56:05,8.3,,,394.5
TRP005065,MANDI-046,WH-Central,13/01/2026,2026-01-14 01:27:15,15.3,RJ45AB8006,,717.0
TRP001865,MANDI-050,WH-West,2026-03-22 06:43:13,23/03/2026 06:13,23.5,HR54DF1657,,1280.7
TRP009608,MANDI-001,Export-Terminal,2026-02-21 04:17:19,21/02/2026 12:47,8.5,HR12DF1924,DRV124,368.7
TRP007699,MANDI-007,WH-South,2026-05-04 11:20:30,,,PB30AB5818,DRV849,600.1
TRP003146,MANDI-036,WH-East,2026-06-11T07:40:10,06-12-2026 12:46 AM,17.1,UP74CD9506,DRV272,720.1
TRP003026,MANDI-005,WH-West,2026-03-21 01:40:28,21-Mar-2026 08:58:28,7.3,HR19AB5568,DRV722,294.9
TRP000739,MANDI-009,Export-Terminal,2026-01-14 02:20:24,,8.6,HR99DF3808,DRV711,476.5
TRP009058,MANDI-038,WH-North,07-23-2026 04:05 AM,2026-07-23 23:59:27,19.9,PB27CD1976,DRV101,1185.7
TRP000966,MANDI-054,WH-South,2026-06-13T18:19:57,2026-06-14 15:25:57,21.1,,DRV332,1031.0
TRP000253,MANDI-021,WH-South,29/01/2026 09:58,,23.0,,DRV253,1091.8
TRP004098,MANDI-003,WH-North,2026-03-30 07:00:25,30-Mar-2026 22:00:25,15.0,HR49BC5042,DRV741,601.1
TRP008087,MANDI-019,WH-Central,2026-07-05 21:02:20,05-Jul-2026 23:44:20,,HR81BC8600,DRV510,147.899586640206
TRP000051,MANDI-003,Export-Terminal,2026-02-19T14:01:50,19-Feb-2026 18:19:50,4.3,,DRV136,251.8
TRP005899,MANDI-049,WH-West,04/01/2026 21:33,05/01/2026,18.0,PB37BC1109,,
TRP002909,MANDI-048,Export-Terminal,2026-06-08T01:12:49,06-08-2026 09:54 AM,,DL11DF2251,DRV360,
TRP009256,MANDI-039,WH-Central,2026-07-08 23:54:20,2026-07-09 16:00:20,,DL84DF2700,DRV577,856.5
TRP000873,MANDI-040,WH-Central,2026-01-29 05:16:01,29-Jan-2026 09:52:01,4.6,HR37DF7661,DRV645,252.99929290042
TRP006427,MANDI-044,WH-South,2026-07-14 21:32:48,15/07/2026 01:02,3.5,UP96DF2527,DRV974,150.9
TRP008278,MANDI-034,Export-Terminal,2026-04-11 07:45:14,2026-04-11T15:33:14,7.8,UP89DF7893,DRV653,393.3
TRP008297,MANDI-014,WH-West,2026-01-24 14:42:52,01-25-2026 05:30 AM,14.8,UP68BC6756,DRV190,831.7
TRP003534,MANDI-037,WH-Central,2026-04-19T22:42:48,2026-04-20 06:18:48,,,,416.2
TRP009792,MANDI-048,WH-South,2026-08-27T14:30:07,2026-08-27 22:30:07,8.0,UP98AB6579,DRV117,472.7
TRP008188,MANDI-051,WH-West,03-30-2026 12:26 PM,31-Mar-2026 04:56:38,16.5,DL73AB6909,DRV575,930.6
TRP009740,MANDI-037,Export-Terminal,16/08/2026,17-Aug-2026 06:03:38,,RJ68AB5388,DRV106,645.198196756328
TRP000249,MANDI-021,WH-East,2026-08-02 14:46:44,2026-08-03 09:52:44,19.1,RJ44DF1370,,
TRP003007,MANDI-017,WH-North,02-28-2026 05:09 AM,28/02/2026 17:21,12.2,,,714.0
TRP007002,MANDI-019,Export-Terminal,14-Mar-2026 06:09:26,03-14-2026 09:09 PM,15.0,DL94BC2610,DRV236,745.0
TRP005615,MANDI-012,WH-South,2026-04-13T20:50:30,,15.7,,DRV855,849.5
TRP002485,MANDI-005,WH-West,03-05-2026 11:59 AM,2026-03-06T00:23:26,,,DRV703,
TRP006126,MANDI-044,WH-East,2026-03-26 18:22:15,27/03/2026 08:04,,PB93CD3180,DRV404,551.3
TRP000972,MANDI-015,Export-Terminal,2026-04-21T21:53:59,2026-04-22 11:47:59,13.9,UP63CD9059,DRV850,727.1
TRP002681,MANDI-056,WH-East,2026-01-30 11:13:54,2026-01-30 14:43:54,3.5,HR92AB6152,DRV523,205.1
TRP003167,MANDI-002,WH-West,28/04/2026 19:59,29-Apr-2026 08:23:50,12.4,PB55CD5117,DRV857,599.8
TRP006316,MANDI-041,Export-Terminal,07-26-2026 08:17 AM,26-Jul-2026 19:59:29,11.7,UP62BC9112,,468.3
TRP002408,MANDI-014,WH-North,2026-07-21 14:08:13,2026-07-21T18:02:13,3.9,,DRV830,222.6
TRP002453,MANDI-041,WH-West,24-Apr-2026 04:38:46,2026-04-24T19:08:46,14.5,RJ64BC7599,DRV878,768.5
TRP006309,MANDI-002,WH-East,20/07/2026 04:06,20/07/2026 12:00,7.9,PB27AB5548,DRV794,356.3
TRP008851,MANDI-051,WH-South,05-12-2026 07:56 PM,,8.0,HR38AB4312,DRV948,367.1
TRP003913,MANDI-040,WH-North,03-Apr-2026 08:47:04,04/04/2026 03:59,19.2,HR66BC3317,DRV350,1006.7
TRP000448,MANDI-056,Export-Terminal,2026-03-05T10:36:12,03-05-2026 08:30 PM,9.9,DL92BC2680,,533.1
TRP003458,MANDI-044,Export-Terminal,04/06/2026 20:59,05-Jun-2026 19:47:30,22.8,,DRV200,1167.696736441978
TRP008775,MANDI-030,WH-East,2026-01-11 12:26:36,2026-01-12 03:08:36,14.7,PB81CD4573,DRV439,869.897568751286
TRP009166,MANDI-020,WH-Central,26-Feb-2026 16:06:41,27-Feb-2026 15:42:41,23.6,RJ59CD7974,DRV929,994.2
TRP008029,MANDI-035,WH-Central,25-May-2026 21:55:53,2026-05-26 11:25:53,13.5,DL72BC7799,DRV948,631.2982356048819
TRP005609,MANDI-037,WH-North,04-28-2026 11:19 PM,29/04/2026 23:07,23.8,DL32DF1927,DRV798,1297.2
TRP005862,MANDI-052,WH-East,26/08/2026,26/08/2026,5.5,HR90CD9189,DRV191,293.2
TRP003574,MANDI-051,WH-Central,20/06/2026,20-Jun-2026 19:39:13,8.8,PB77BC9637,DRV455,358.09899916063404
TRP004886,MANDI-005,Export-Terminal,2026-01-08 08:41:57,01-08-2026 01:29 PM,4.8,UP96DF3082,DRV175,261.3
TRP000462,MANDI-037,WH-East,08-04-2026 05:22 PM,05-Aug-2026 13:16:33,,RJ43DF4771,DRV261,1088.3
TRP008604,MANDI-038,WH-North,2026-06-12 16:14:04,06-13-2026 09:56 AM,17.7,PB57BC1878,DRV436,774.7
TRP003617,MANDI-029,WH-Central,02/01/2026 12:37,,16.8,HR43AB5188,DRV182,694.5
TRP004490,MANDI-048,Export-Terminal,07-18-2026 10:09 PM,2026-07-19T03:03:18,4.9,DL27BC9892,,196.0
TRP005475,MANDI-028,WH-East,03-23-2026 07:32 AM,23/03/2026 17:50,10.3,PB98DF1442,DRV581,486.4
TRP005938,MANDI-044,WH-East,18-May-2026 13:15:28,,9.5,DL25DF2367,DRV453,499.7
TRP001176,MANDI-034,WH-West,08/08/2026 13:16,09/08/2026 01:22,12.1,,DRV986,
TRP000377,MANDI-023,WH-West,04-21-2026 10:46 AM,2026-04-21 21:22:57,10.6,PB14BC3041,DRV533,484.8
TRP000411,MANDI-035,WH-East,2026-04-17T00:46:24,,11.1,RJ16CD7271,DRV363,658.4
TRP007111,MANDI-035,WH-East,2026-05-28 03:37:59,28/05/2026,15.2,PB75DF1401,DRV600,
TRP003743,MANDI-031,WH-West,07-Sep-2026 04:58:41,07-Sep-2026 07:28:41,2.5,PB88BC8914,DRV139,148.299585522262
TRP009264,MANDI-007,WH-Central,05-Jul-2026 04:50:29,07-05-2026 07:08 AM,2.3,PB49CD6615,DRV380,
TRP001689,MANDI-023,WH-West,01-14-2026 04:24 AM,,8.3,HR40AB4733,DRV443,355.9
TRP009945,MANDI-037,Export-Terminal,15/04/2026 19:12,04-16-2026 10:00 AM,14.8,PB33DF2424,DRV626,677.2
TRP007637,MANDI-052,WH-South,2026-08-31T02:51:31,31/08/2026,14.4,RJ90CD3858,DRV960,624.698254050958
TRP007239,MANDI-037,WH-East,27/07/2026 16:10,07-28-2026 08:46 AM,16.6,,DRV516,842.9
TRP002158,MANDI-033,Export-Terminal,29-Jan-2026 03:39:55,01-29-2026 06:21 PM,14.7,UP45CD1358,DRV769,847.897630238206
TRP002289,MANDI-053,WH-North,22-Jul-2026 09:52:17,,9.6,UP46BC4252,DRV350,435.7
TRP003123,MANDI-036,WH-East,2026-02-09T16:37:54,10-Feb-2026 09:43:54,17.1,UP54CD4789,DRV288,806.7
TRP003449,MANDI-036,WH-North,2026-01-11 19:37:20,,13.0,PB76AB4112,DRV347,535.7
TRP008803,MANDI-019,WH-East,08-21-2026 12:06 PM,21/08/2026,10.3,PB86CD3282,DRV740,565.0
TRP000275,MANDI-001,WH-South,08-05-2026 09:15 PM,,20.8,UP39BC4036,DRV243,1033.1
TRP008306,MANDI-014,WH-West,2026-04-24T11:35:00,2026-04-25 02:17:00,14.7,DL51AB2351,DRV359,776.0
TRP002013,MANDI-003,WH-West,15/01/2026 21:24,16/01/2026,16.2,RJ94BC4187,DRV692,667.1
TRP009181,MANDI-042,Export-Terminal,02/09/2026 07:12,09-02-2026 02:30 PM,7.3,HR98BC6408,DRV969,344.7
TRP009909,MANDI-007,WH-East,2026-01-05 13:56:16,2026-01-05T23:08:16,9.2,,DRV156,482.0
TRP005800,MANDI-046,WH-West,23-Apr-2026 23:13:47,2026-04-24 14:55:47,15.7,PB90DF4027,DRV163,787.9977976503201
TRP002508,MANDI-012,WH-East,21-May-2026 18:52:51,2026-05-22T11:10:51,16.3,DL40DF5978,DRV504,657.4
TRP004274,MANDI-001,WH-South,05/01/2026 00:25,01-05-2026 09:55 PM,21.5,DL70BC4675,DRV490,932.8973926751061
TRP008518,MANDI-022,WH-Central,06-Jun-2026 05:55:16,2026-06-07 05:25:16,23.5,HR55BC3794,,1171.5
TRP006068,MANDI-001,WH-West,2026-05-04T01:22:05,04/05/2026,21.0,HR75BC7763,DRV427,942.0
TRP005863,MANDI-026,WH-West,15/03/2026 14:43,2026-03-16T14:01:14,,PB38CD7669,DRV398,1021.99714365308
TRP001579,MANDI-015,WH-East,2026-02-19 13:14:16,2026-02-20T10:32:16,21.3,PB21AB6242,,975.3
TRP005525,MANDI-020,WH-East,04/06/2026,2026-06-05 12:50:27,13.0,,DRV742,
TRP005378,MANDI-057,WH-Central,09/01/2026,10-Jan-2026 01:13:13,3.4,HR81CD6239,DRV326,139.5
TRP002488,MANDI-019,WH-Central,2026-02-25T14:27:36,2026-02-26 02:51:36,12.4,,DRV383,631.3
TRP000468,MANDI-021,WH-West,01/02/2026 04:28,2026-02-02 03:04:23,22.6,DL41AB9900,DRV170,906.9
TRP004247,MANDI-019,WH-North,18/02/2026 22:17,02-19-2026 02:17 PM,16.0,PB66CD7513,DRV414,817.2
TRP003946,MANDI-030,WH-West,20-May-2026 18:25:37,2026-05-20 22:19:37,3.9,,DRV498,231.3
TRP005804,MANDI-036,WH-North,2026-06-16 21:50:25,,5.2,HR50CD3957,,293.6
TRP003603,MANDI-012,WH-North,19/04/2026,,,RJ78AB8566,DRV555,507.7
TRP001834,MANDI-032,WH-East,2026-02-24T06:56:26,2026-02-24 16:26:26,9.5,HR71DF9652,DRV615,429.5987993281441
TRP003929,MANDI-035,WH-West,2026-05-04T13:37:00,05-May-2026 10:01:00,20.4,,DRV890,931.3
TRP000514,MANDI-003,Export-Terminal,05-Jul-2026 11:22:36,2026-07-05 22:34:36,11.2,HR22BC7525,DRV775,488.2
TRP009904,MANDI-001,WH-East,2026-07-09 23:56:37,2026-07-10 20:14:37,20.3,DL75AB3611,DRV138,1150.2
TRP007792,MANDI-004,WH-South,23/01/2026,,3.1,UP42CD5419,DRV197,177.0
TRP005398,MANDI-025,WH-South,02/06/2026,03-Jun-2026 02:33:59,3.9,HR66CD4817,,189.5
TRP009535,MANDI-057,Export-Terminal,02-Aug-2026 13:39:50,03/08/2026,14.7,HR38AB2630,DRV500,716.8
TRP000922,MANDI-041,WH-South,18/02/2026 11:11,2026-02-18 14:53:21,3.7,PB71DF9688,DRV109,211.2
TRP007872,MANDI-057,Export-Terminal,10/04/2026 09:09,2026-04-10T18:15:38,9.1,DL94CD7214,DRV575,480.598656790284
TRP006837,MANDI-053,WH-East,11/05/2026 13:07,11-May-2026 15:31:18,2.4,PB55AB9063,,124.3
TRP005839,MANDI-055,WH-East,07-02-2026 01:43 PM,03-Jul-2026 01:13:06,11.5,UP46BC1035,DRV624,543.6
TRP009683,MANDI-050,Export-Terminal,25/05/2026 21:55,26/05/2026,10.0,PB13DF4438,DRV923,577.9
TRP000475,MANDI-025,WH-West,03-23-2026 07:30 AM,2026-03-23 23:06:44,15.6,DL20BC6804,DRV805,805.3
TRP004302,MANDI-026,WH-North,11/03/2026 15:22,11/03/2026,3.1,,DRV218,138.0
TRP002037,MANDI-055,Export-Terminal,27-Apr-2026 13:32:42,,,DL72BC4336,DRV513,
TRP005200,MANDI-027,WH-West,2026-03-09T00:38:24,09/03/2026 09:44,9.1,,DRV880,544.9984768013001
TRP004246,MANDI-023,WH-North,2026-06-14 01:32:09,14-Jun-2026 14:44:09,13.2,UP83CD5334,DRV517,587.2
TRP004533,MANDI-013,WH-East,05/09/2026 21:03,06/09/2026 17:33,20.5,DL63AB3122,DRV453,972.6
TRP009530,MANDI-027,WH-East,08-21-2026 12:00 AM,,5.5,DL74AB4879,DRV876,233.7
TRP000093,MANDI-017,WH-South,03/09/2026 04:37,2026-09-03 12:25:57,7.8,DL11CD5128,DRV289,341.5
TRP008273,MANDI-003,WH-Central,31-Jul-2026 08:08:52,01/08/2026,18.6,PB14CD9592,DRV873,994.9972191142999
TRP000481,MANDI-030,Export-Terminal,2026-06-23T08:02:52,2026-06-23 17:32:52,9.5,RJ72BC9940,DRV342,467.7
TRP002302,MANDI-029,WH-East,2026-08-30 21:02:04,2026-08-31 16:50:04,19.8,PB91DF1386,DRV770,892.1
TRP004672,MANDI-004,WH-North,10/07/2026 08:50,10-Jul-2026 22:02:31,13.2,RJ39CD6850,DRV798,643.9
TRP009383,MANDI-048,WH-West,05-May-2026 00:01:08,,2.9,UP59DF6072,,
TRP006562,MANDI-024,WH-Central,21/01/2026,01-21-2026 05:20 PM,,RJ84CD1609,DRV915,226.99936556678
TRP004421,MANDI-011,Export-Terminal,05-22-2026 04:22 AM,,17.2,DL31AB8468,DRV870,733.5
TRP005051,MANDI-023,WH-North,2026-01-01 15:20:39,02/01/2026 10:14,18.9,DL46CD4805,DRV547,986.6
TRP006521,MANDI-041,WH-South,22/04/2026 20:12,2026-04-23T07:30:32,11.3,PB16AB1613,,502.3
TRP003718,MANDI-051,WH-South,13/07/2026 06:30,14/07/2026 05:00,22.5,UP71AB7186,DRV762,1322.0
TRP003129,MANDI-042,WH-West,2026-01-14T20:48:08,15/01/2026 06:48,,DL22AB3545,DRV404,588.4
TRP004090,MANDI-036,WH-East,19/08/2026 12:55,,2.8,UP58BC2600,DRV793,148.4
TRP007457,MANDI-002,WH-North,19/01/2026 04:11,20/01/2026 01:47,21.6,HR92BC2804,DRV972,1189.0966766319739
TRP004814,MANDI-034,WH-South,2026-08-06 06:21:11,06-Aug-2026 19:51:11,13.5,DL12BC5372,DRV795,749.8
TRP004986,MANDI-021,Export-Terminal,26/08/2026 06:12,27/08/2026 02:54,20.7,RJ40AB7293,DRV303,1045.7970771354119
TRP007293,MANDI-036,WH-South,08-06-2026 10:56 PM,2026-08-07 01:20:19,2.4,PB74CD8797,DRV835,118.1
TRP008110,MANDI-055,Export-Terminal,26/03/2026 00:23,26/03/2026 18:11,17.8,PB11AB2036,DRV481,1018.197154273548
TRP004194,MANDI-034,WH-Central,2026-04-21 07:19:54,2026-04-21 13:49:54,6.5,PB65CD3353,DRV473,299.0
TRP004695,MANDI-054,WH-East,2026-04-15 19:15:40,2026-04-15 21:39:40,2.4,DL49AB7297,DRV845,121.6
TRP002321,MANDI-043,WH-North,02-19-2026 10:33 AM,20/02/2026 04:27,17.9,RJ42BC3504,,805.097749858214
TRP003313,MANDI-003,WH-North,05-11-2026 05:26 PM,2026-05-12 15:38:53,22.2,,DRV403,1207.2966257655219
TRP004487,MANDI-027,WH-West,16-Feb-2026 10:15:09,02-16-2026 08:03 PM,9.8,,,402.0
TRP000715,MANDI-028,WH-South,2026-06-21T08:43:45,06-22-2026 01:01 AM,16.3,RJ28CD3319,DRV329,712.1
TRP003280,MANDI-023,WH-South,03/03/2026 21:24,04/03/2026 01:12,3.8,HR84DF1530,DRV276,217.7
TRP008360,MANDI-043,WH-South,27-Jan-2026 10:26:17,28/01/2026,17.0,UP18DF7840,,1007.1
TRP004166,MANDI-046,WH-South,04-14-2026 08:16 AM,2026-04-14T13:04:39,4.8,PB71CD8921,,210.8
TRP009081,MANDI-012,WH-East,20/01/2026 21:45,21/01/2026,4.7,UP41AB2834,,
TRP007656,MANDI-039,WH-North,2026-04-20T07:55:49,21-Apr-2026 04:13:49,20.3,,,833.6976699252181
TRP005698,MANDI-009,WH-East,25/08/2026,08-25-2026 06:32 PM,15.4,UP92AB4102,DRV481,641.7
TRP002272,MANDI-008,WH-East,16-Jan-2026 13:40:41,2026-01-17 00:10:41,10.5,HR28BC9807,DRV198,617.3
TRP005198,MANDI-040,WH-Central,17/02/2026,2026-02-18T00:20:39,11.2,HR13AB3420,DRV312,491.2
TRP008687,MANDI-007,WH-West,2026-06-20 01:55:33,20/06/2026 09:19,7.4,UP17BC1667,DRV700,298.4
TRP001021,MANDI-036,WH-Central,2026-09-09T07:22:35,09-09-2026 07:16 PM,11.9,DL37DF5648,DRV841,673.5
TRP000706,MANDI-055,WH-Central,07-Apr-2026 19:57:37,08-Apr-2026 17:15:37,21.3,PB36CD8134,DRV570,1146.2
TRP007317,MANDI-041,WH-Central,12-Feb-2026 08:15:52,2026-02-12 12:27:52,4.2,RJ71DF8544,DRV255,235.1
TRP006086,MANDI-022,WH-West,2026-01-01 22:52:46,02/01/2026 20:16,21.4,PB24DF8426,DRV235,1177.9
TRP008799,MANDI-022,WH-North,2026-07-07 21:44:39,08/07/2026 11:14,13.5,,DRV242,590.6
TRP007192,MANDI-050,WH-East,29-Aug-2026 15:00:24,2026-08-30 10:30:24,19.5,PB93CD9320,DRV306,1037.4
TRP004845,MANDI-009,WH-North,2026-05-23 07:16:25,23/05/2026 11:52,4.6,,,215.6
TRP008421,MANDI-016,WH-South,09-09-2026 11:31 PM,09-10-2026 06:07 PM,18.6,PB99AB2438,DRV884,933.0
TRP000909,MANDI-011,WH-Central,03-21-2026 03:40 PM,21/03/2026 21:52,,,DRV621,
TRP005732,MANDI-039,WH-South,20/04/2026 05:45,2026-04-20T21:57:06,,HR36CD5236,,
TRP003039,MANDI-032,WH-Central,03-16-2026 03:03 PM,16/03/2026 20:27,5.4,UP74AB5828,DRV766,232.99934879761997
TRP001517,MANDI-053,WH-Central,08/07/2026 22:50,09/07/2026,14.3,PB80BC2087,DRV162,814.797722748072
TRP006917,MANDI-021,Export-Terminal,01-04-2026 05:18 AM,04/01/2026 20:42,15.4,PB72BC3295,,877.9
TRP008286,MANDI-028,WH-Central,2026-07-29 03:48:47,2026-07-29 16:42:47,12.9,RJ15CD4249,DRV530,576.99838736578
TRP004396,MANDI-041,WH-South,05-31-2026 06:34 PM,01/06/2026 09:16,14.7,RJ19CD6938,DRV525,825.6
TRP003056,MANDI-044,WH-South,04/02/2026 17:38,02-05-2026 04:14 AM,10.6,DL34CD4626,DRV809,518.6
TRP003542,MANDI-041,WH-South,2026-08-01 11:23:03,2026-08-01T20:29:03,9.1,HR94DF5513,DRV436,449.5
TRP000595,MANDI-005,Export-Terminal,2026-05-13T15:20:22,05-14-2026 06:44 AM,15.4,,DRV296,704.6
TRP007108,MANDI-056,WH-Central,07-Mar-2026 09:19:01,03-07-2026 09:13 PM,11.9,PB74AB6839,DRV683,646.598192843524
TRP000441,MANDI-048,Export-Terminal,2026-05-17 21:31:38,2026-05-18 14:55:38,,PB59BC7254,DRV677,855.7
TRP006066,MANDI-030,WH-South,05/07/2026 06:33,06-Jul-2026 02:57:51,20.4,,DRV584,1064.3
TRP002772,MANDI-013,WH-North,07-27-2026 01:06 PM,28/07/2026 02:36,13.5,PB79BC6012,DRV598,729.3
TRP005083,MANDI-054,WH-Central,06-30-2026 09:12 PM,2026-07-01 19:06:45,21.9,PB95AB1405,DRV790,1032.8971131891062
TRP005299,MANDI-044,WH-West,2026-03-04T05:21:55,04/03/2026,6.5,UP87CD3509,DRV908,339.899050027086
TRP005146,MANDI-013,WH-North,01-21-2026 07:28 PM,2026-01-22 14:52:20,19.4,HR10DF7209,,959.0
TRP000011,MANDI-049,WH-South,31/01/2026 00:03,2026-01-31 15:21:35,15.3,HR98AB4542,DRV962,915.7
TRP009732,MANDI-037,Export-Terminal,2026-06-07 20:05:35,,17.3,DL30AB6906,DRV389,843.4
TRP006254,MANDI-051,WH-East,2026-01-21 04:25:41,01-21-2026 02:37 PM,10.2,UP88AB2148,DRV455,558.4
TRP001852,MANDI-009,WH-West,05-28-2026 08:51 AM,29/05/2026 04:09,19.3,RJ70DF8306,DRV653,1119.7
TRP006856,MANDI-036,WH-Central,09-Jan-2026 11:38:29,,8.0,RJ92BC2922,DRV646,465.79869815421205
TRP000094,MANDI-013,WH-East,2026-04-23 10:27:39,2026-04-23 18:33:39,8.1,UP98AB7313,DRV923,331.4
TRP003028,MANDI-043,WH-North,03-01-2026 05:57 PM,2026-03-02T16:33:49,22.6,,DRV174,986.3
TRP005206,MANDI-023,WH-South,07-26-2026 04:42 PM,26/07/2026 21:12,4.5,HR51CD1703,DRV701,199.799441586972
TRP007507,MANDI-050,WH-South,21-Apr-2026 12:16:46,2026-04-21T21:22:46,9.1,HR39AB7728,DRV876,416.7
TRP004834,MANDI-031,WH-Central,25/05/2026 17:17,,4.7,HR89AB5726,DRV920,274.3
TRP007584,MANDI-015,WH-Central,02-07-2026 01:25 PM,08-Feb-2026 03:37:51,14.2,RJ49CD2568,DRV501,748.2
TRP009207,MANDI-029,WH-South,22/04/2026,2026-04-23T09:44:09,17.0,PB20DF1192,DRV398,716.597997203324
TRP002949,MANDI-028,WH-Central,2026-02-15 15:37:16,02-15-2026 06:31 PM,2.9,DL29DF1180,DRV960,148.3
TRP000293,MANDI-057,WH-East,2026-02-03 01:19:05,03-Feb-2026 16:07:05,,PB63BC5106,DRV385,779.49782140663
TRP000789,MANDI-037,WH-West,25-Jul-2026 13:47:56,2026-07-25 20:05:56,6.3,DL72BC4571,DRV972,
TRP006160,MANDI-056,WH-South,26/04/2026,27-Apr-2026 07:51:07,17.6,UP70BC4915,DRV678,818.5
TRP003679,MANDI-025,WH-Central,25/03/2026,25-Mar-2026 18:49:16,12.3,,DRV860,537.1
TRP008104,MANDI-023,WH-West,17/07/2026 12:17,2026-07-17 16:23:08,4.1,PB58CD8616,DRV173,189.9
TRP006128,MANDI-008,WH-West,2026-09-02T23:48:38,03-Sep-2026 08:12:38,8.4,RJ93AB2056,DRV392,426.69880743323796
TRP005101,MANDI-013,WH-East,30-Apr-2026 13:25:36,,22.1,,DRV954,935.0
TRP004914,MANDI-013,WH-North,2026-06-19T17:50:58,06-20-2026 07:32 AM,13.7,DL62BC1581,,676.6
TRP006688,MANDI-055,WH-North,2026-06-06 02:00:27,07-Jun-2026 00:54:27,22.9,PB79BC1835,DRV909,1107.7
TRP004801,MANDI-026,WH-East,17/03/2026 09:49,18/03/2026 04:13,18.4,DL72BC8109,DRV817,1024.1
TRP001319,MANDI-017,WH-Central,2026-05-21 02:01:47,,16.1,UP73DF5025,DRV807,
TRP004163,MANDI-018,WH-East,10/02/2026 00:58,02-10-2026 07:16 PM,18.3,UP11DF7512,DRV877,1069.9
TRP009186,MANDI-021,WH-East,11-Jun-2026 04:59:47,11-Jun-2026 09:23:47,4.4,DL16BC4733,DRV134,195.4
TRP004950,MANDI-056,WH-East,02-Feb-2026 19:01:20,02-03-2026 04:19 AM,9.3,UP90AB5721,DRV432,493.3
TRP005191,MANDI-012,Export-Terminal,02/06/2026,2026-06-02 14:19:58,3.1,PB52AB1978,DRV914,155.899564281326
TRP002392,MANDI-026,WH-North,2026-01-16T20:22:57,2026-01-17T10:04:57,13.7,,DRV982,589.6
TRP008944,MANDI-019,WH-Central,05/07/2026,2026-07-06T02:27:41,19.0,RJ45BC6984,DRV903,805.0
TRP004961,MANDI-042,WH-West,2026-05-26T13:49:39,27/05/2026 09:49,20.0,PB53AB8862,DRV667,915.5
TRP009864,MANDI-016,WH-East,21/07/2026,,9.4,HR39DF4307,DRV353,384.6
TRP008690,MANDI-043,WH-East,2026-03-21 14:36:07,2026-03-22 12:00:07,21.4,DL95CD1843,,1213.4
TRP006467,MANDI-043,WH-East,2026-05-09 23:55:25,05-10-2026 06:55 AM,7.0,PB90DF5608,,337.4
TRP008563,MANDI-035,WH-North,12/08/2026 16:18,2026-08-12 20:48:26,4.5,RJ71DF4996,DRV454,209.8
TRP009023,MANDI-038,WH-South,05-06-2026 07:09 AM,,9.8,PB86DF9649,DRV453,477.5
TRP002565,MANDI-039,WH-South,11/08/2026 00:43,08-11-2026 12:37 PM,11.9,,DRV635,669.7
TRP003442,MANDI-003,WH-Central,04-08-2026 06:25 PM,04-09-2026 02:25 PM,20.0,HR60AB4691,DRV155,1072.8
TRP008407,MANDI-030,WH-Central,10/08/2026,2026-08-11T12:55:58,18.9,,DRV522,974.3
TRP009701,MANDI-011,Export-Terminal,14/04/2026 03:43,14/04/2026 10:13,6.5,DL46AB3822,DRV888,378.8
TRP009376,MANDI-034,WH-North,2026-08-03 09:15:27,03-Aug-2026 16:39:27,7.4,UP98CD9430,DRV773,397.2
TRP003708,MANDI-010,WH-West,30-Apr-2026 12:40:22,30/04/2026 16:34,3.9,UP43DF5183,DRV350,179.49949832263002
TRP005520,MANDI-041,Export-Terminal,23/01/2026 18:53,01-24-2026 04:41 AM,9.8,,,
TRP004276,MANDI-052,WH-Central,13-May-2026 17:44:27,05-14-2026 08:20 AM,,,DRV600,
TRP007260,MANDI-028,WH-South,04-19-2026 11:18 AM,2026-04-19 17:12:32,5.9,DL89AB2908,DRV472,255.29928647224204
TRP009355,MANDI-020,WH-North,25-Apr-2026 08:44:21,2026-04-26 02:38:21,17.9,UP74BC5018,DRV713,1011.6
TRP006518,MANDI-028,WH-North,13/02/2026 22:51,14/02/2026 04:21,5.5,RJ51BC9841,DRV793,308.2
TRP001808,MANDI-026,WH-West,2026-08-14 21:30:48,15/08/2026,19.2,DL73DF7612,DRV497,780.4
TRP006827,MANDI-045,WH-West,29/05/2026 10:55,2026-05-29 22:49:21,11.9,UP17DF7788,DRV768,
TRP006228,MANDI-038,WH-East,02-26-2026 01:05 PM,26-Feb-2026 16:35:33,3.5,RJ55BC6435,DRV149,180.1
TRP000838,MANDI-054,WH-East,2026-06-19T21:40:24,2026-06-20 05:10:24,,DL48CD4602,DRV796,422.6
TRP006154,MANDI-026,WH-South,21-Apr-2026 22:52:41,22/04/2026,23.7,RJ66BC1109,DRV231,1387.2
TRP002253,MANDI-028,WH-Central,2026-07-04T05:53:13,07-04-2026 11:59 AM,6.1,PB97DF5641,DRV815,280.09921715971404
TRP000228,MANDI-045,Export-Terminal,28/01/2026 09:35,29/01/2026 04:35,19.0,HR10AB5198,DRV150,1068.9
TRP008088,MANDI-020,Export-Terminal,2026-08-24T10:35:46,08-25-2026 06:47 AM,20.2,UP55CD9261,DRV194,1037.9
TRP009390,MANDI-021,WH-North,19/02/2026,2026-02-20 08:04:51,13.0,DL57DF5190,DRV746,642.4
TRP008598,MANDI-026,WH-West,03-Jan-2026 07:58:29,,9.1,DL83CD9064,DRV140,378.3
TRP005115,MANDI-055,WH-West,22/02/2026,2026-02-23 05:06:49,17.6,,DRV426,920.4
TRP006104,MANDI-003,WH-South,01-12-2026 04:33 PM,13-Jan-2026 10:09:10,17.6,UP84DF3545,DRV205,928.9
TRP005317,MANDI-032,Export-Terminal,22-Feb-2026 15:43:37,22/02/2026,7.7,PB82AB4437,DRV963,460.0
TRP004072,MANDI-023,WH-Central,05-Mar-2026 23:50:38,03-06-2026 03:50 PM,16.0,DL17AB8338,DRV943,715.4
TRP004763,MANDI-024,WH-North,08-21-2026 11:10 PM,22/08/2026 10:22,11.2,PB63BC1822,DRV294,649.5981844589439
TRP005364,MANDI-044,Export-Terminal,09-Feb-2026 15:22:38,10-Feb-2026 05:10:38,13.8,RJ16BC7077,DRV925,648.1
TRP005480,MANDI-026,Export-Terminal,08-22-2026 07:50 AM,2026-08-22 22:38:29,14.8,RJ11AB9921,DRV611,800.3
TRP000158,MANDI-050,WH-South,11/04/2026,12-Apr-2026 01:52:57,12.8,PB30DF6042,DRV583,667.2
TRP005864,MANDI-057,WH-West,2026-04-03 01:15:06,2026-04-03 18:15:06,17.0,UP26BC3677,DRV985,746.3
TRP007081,MANDI-005,WH-North,08-21-2026 10:44 PM,22-Aug-2026 09:50:29,11.1,PB66BC8405,,571.598402458024
TRP009148,MANDI-010,WH-East,2026-06-26T14:01:23,26-Jun-2026 18:01:23,4.0,,DRV352,225.9
TRP009342,MANDI-041,WH-Central,2026-01-18 05:07:55,18/01/2026 07:55,2.8,DL61AB7201,DRV227,143.7
TRP001442,MANDI-001,WH-South,2026-06-06T05:21:15,06/06/2026 18:27,,DL23CD9787,DRV236,618.1982722175479
TRP004610,MANDI-005,WH-West,2026-04-12T17:45:43,2026-04-13 07:09:43,13.4,UP98AB7955,,623.9
TRP008852,MANDI-043,WH-Central,2026-08-20 10:42:56,21/08/2026 08:54,22.2,,DRV905,1148.7
TRP000701,MANDI-027,WH-West,01-Mar-2026 22:42:00,02/03/2026 06:24,7.7,HR17DF4203,DRV557,443.5
TRP004293,MANDI-005,WH-West,2026-09-07 04:57:09,07-Sep-2026 13:45:09,8.8,UP56CD6685,DRV349,357.0
TRP001741,MANDI-005,Export-Terminal,09-Jan-2026 06:43:46,01-09-2026 09:31 AM,2.8,,DRV962,
TRP008283,MANDI-001,WH-West,2026-08-05 15:38:52,05/08/2026,4.5,UP78DF5237,DRV151,241.599324761824
TRP004225,MANDI-053,WH-North,08/02/2026 12:40,09/02/2026,21.2,RJ52BC4670,DRV107,999.49720653743
TRP008677,MANDI-025,WH-North,2026-04-27 19:11:22,,16.3,RJ96CD2506,DRV818,669.8
TRP006351,MANDI-011,WH-North,22/02/2026 04:43,22/02/2026 10:25,5.7,,,234.3
TRP004550,MANDI-034,WH-North,29-Jan-2026 20:08:06,2026-01-30T00:08:06,4.0,RJ57DF3398,DRV648,184.2
TRP004234,MANDI-038,WH-North,28/02/2026,,9.4,DL30DF8598,DRV324,494.6
TRP004255,MANDI-032,Export-Terminal,2026-07-17T13:45:37,,15.0,PB59DF1313,DRV823,733.2
TRP007827,MANDI-054,WH-East,2026-06-23T18:33:51,24/06/2026 07:51,13.3,HR27AB8877,DRV903,763.3
TRP004053,MANDI-005,WH-North,04/04/2026 13:00,2026-04-04T16:06:23,3.1,RJ89AB7100,DRV589,161.1
TRP009236,MANDI-027,Export-Terminal,2026-06-09 03:25:56,09-Jun-2026 21:19:56,17.9,DL73DF8662,DRV484,1044.8
TRP003533,MANDI-004,WH-South,2026-05-21 06:28:42,21/05/2026,4.3,UP93CD5040,DRV918,245.0
TRP003438,MANDI-022,WH-South,2026-08-20 03:47:57,20/08/2026,7.9,RJ79BC5074,,466.298696756782
TRP006934,MANDI-027,WH-East,2026-02-04 22:39:40,,9.1,RJ22BC6498,,366.3
TRP004231,MANDI-007,WH-West,27-Mar-2026 17:12:07,28/03/2026 10:06,16.9,DL52DF7193,DRV480,832.2
TRP008859,MANDI-010,WH-South,2026-03-11T18:15:54,12/03/2026 17:27,23.2,PB12AB6054,DRV425,1057.797043597092
TRP008305,MANDI-042,WH-North,2026-01-30 23:26:15,01-31-2026 04:26 AM,5.0,RJ45AB5591,DRV302,275.6
TRP009586,MANDI-042,WH-East,26/07/2026 22:19,2026-07-27 21:31:50,23.2,RJ17DF7976,DRV191,
TRP006148,MANDI-014,Export-Terminal,2026-03-24 03:21:21,2026-03-24T20:09:21,16.8,DL55BC8778,DRV431,1002.8
TRP004191,MANDI-042,WH-West,04-28-2026 03:20 AM,2026-04-28 23:38:07,20.3,,DRV934,837.1
TRP001403,MANDI-053,WH-Central,24-May-2026 21:39:28,24/05/2026 23:57,2.3,HR38AB8168,,119.4
TRP001544,MANDI-050,WH-East,2026-06-09 16:47:32,10/06/2026 15:47,23.0,DL22DF9982,DRV653,1024.1971375043881
TRP009604,MANDI-022,WH-South,02-20-2026 11:32 PM,21/02/2026 04:14,4.7,UP86AB7602,DRV522,234.9
TRP003791,MANDI-034,WH-South,18/01/2026,19-Jan-2026 03:42:21,17.0,,DRV823,824.9
TRP002738,MANDI-044,WH-North,16/04/2026,17/04/2026 14:33,23.1,,,1290.8
TRP001781,MANDI-011,Export-Terminal,09-08-2026 02:09 AM,08/09/2026 07:51,5.7,RJ79AB3797,DRV865,236.2
TRP007790,MANDI-018,WH-East,12-Feb-2026 06:22:58,12-Feb-2026 18:16:58,11.9,DL40DF1612,DRV688,503.2
TRP008048,MANDI-007,WH-North,08-21-2026 05:16 AM,21/08/2026 08:40,3.4,UP91BC8710,DRV536,
TRP003482,MANDI-012,WH-North,03/05/2026,04/05/2026,22.9,DL92DF2702,DRV550,1098.8
TRP007071,MANDI-031,WH-East,28-Apr-2026 08:57:38,28/04/2026 19:33,10.6,PB22CD1068,,476.1
TRP003112,MANDI-021,WH-West,2026-05-28 22:08:40,2026-05-29 01:02:40,2.9,UP88BC1802,DRV407,141.9
TRP008120,MANDI-041,WH-North,14-May-2026 15:02:32,15/05/2026 13:50,22.8,DL32CD7292,DRV498,1179.6
TRP000604,MANDI-004,WH-South,2026-02-09 20:32:18,02-10-2026 09:26 AM,12.9,RJ58DF8595,DRV975,561.5
TRP002336,MANDI-052,Export-Terminal,21-Aug-2026 12:24:32,2026-08-22 12:12:32,23.8,,DRV245,1158.2
TRP004278,MANDI-045,WH-South,27/07/2026 02:38,27/07/2026 08:08,5.5,DL73DF5262,DRV392,262.19926718770796
TRP007162,MANDI-025,Export-Terminal,22-Feb-2026 21:50:12,2026-02-23 15:56:12,18.1,PB42AB9571,DRV689,949.2
TRP000394,MANDI-049,WH-West,12-Aug-2026 03:43:33,2026-08-13T00:31:33,20.8,,DRV376,845.4
TRP006498,MANDI-052,WH-West,02-May-2026 18:02:05,03/05/2026,18.5,HR80CD2931,DRV395,1038.3
TRP009327,MANDI-014,WH-East,02-07-2026 04:24 PM,08-Feb-2026 14:48:56,22.4,UP90BC8364,DRV174,1095.2
TRP003536,MANDI-033,WH-North,2026-08-30 04:29:05,08-31-2026 01:11 AM,20.7,DL89AB4887,DRV156,1084.4
TRP008480,MANDI-001,WH-East,2026-05-23 02:05:46,23-May-2026 22:23:46,20.3,DL19AB4058,DRV196,1109.196899941288
TRP000096,MANDI-053,WH-South,2026-06-15 08:45:03,15-Jun-2026 18:57:03,10.2,UP40AB8577,DRV290,420.7
TRP007454,MANDI-032,WH-West,30/08/2026 05:31,31/08/2026 03:49,22.3,RJ52BC4637,,1180.4
TRP006033,MANDI-048,Export-Terminal,29-Jan-2026 02:07:19,29-Jan-2026 07:43:19,5.6,HR44AB5425,,259.9
TRP003874,MANDI-057,WH-North,08-25-2026 11:34 AM,25-Aug-2026 18:52:51,7.3,,DRV354,387.6
TRP004681,MANDI-028,WH-West,05-17-2026 10:16 AM,18/05/2026 04:16,18.0,UP19BC9550,,1062.9
TRP006866,MANDI-027,WH-East,05-25-2026 03:29 PM,2026-05-26T03:47:05,12.3,UP37BC4535,DRV356,602.0
TRP007537,MANDI-010,WH-East,2026-06-25T03:29:42,25/06/2026 09:29,6.0,UP85CD6444,DRV758,336.7
TRP002040,MANDI-045,WH-Central,2026-06-05 07:41:09,2026-06-05 15:47:09,8.1,HR34CD3323,DRV676,474.3
TRP005305,MANDI-029,WH-West,2026-05-14 20:35:41,15/05/2026,18.6,PB93AB9433,,937.0973809366941
TRP004448,MANDI-040,WH-Central,04-12-2026 11:47 PM,2026-04-13 12:41:21,12.9,PB91DF8135,DRV272,622.5
TRP009124,MANDI-015,WH-Central,2026-02-19 22:34:56,02-20-2026 07:40 PM,21.1,,DRV580,971.7
TRP003414,MANDI-041,WH-South,17/05/2026 19:35,2026-05-18 11:29:17,15.9,UP48AB2289,,809.2
TRP004706,MANDI-048,WH-North,09/07/2026,,13.6,UP18CD5678,DRV649,575.2
TRP006473,MANDI-018,WH-Central,17/02/2026,02-17-2026 10:56 AM,2.7,DL61BC8686,DRV794,130.599634991284
TRP002679,MANDI-055,WH-Central,06-22-2026 01:36 AM,22/06/2026,3.4,PB70BC9755,DRV405,181.5
TRP008274,MANDI-033,WH-South,14/08/2026,2026-08-15 08:38:27,15.0,PB44DF2556,,707.3
TRP003886,MANDI-029,WH-South,2026-07-14 21:48:50,15/07/2026,9.0,DL84AB7584,DRV219,438.9
TRP001714,MANDI-039,WH-West,16/08/2026 21:09,,3.9,UP54BC1893,DRV363,232.7
TRP008869,MANDI-029,WH-West,04-10-2026 04:15 AM,10/04/2026 09:51,,,DRV540,263.5
TRP008544,MANDI-005,WH-East,2026-08-02 15:31:15,2026-08-03 10:25:15,18.9,DL86BC8781,DRV613,1088.8
TRP008204,MANDI-047,Export-Terminal,2026-07-26T02:15:23,26-Jul-2026 07:15:23,5.0,,DRV846,231.0
TRP004562,MANDI-053,WH-East,09-Sep-2026 23:35:30,10/09/2026 10:47,11.2,HR37DF7867,DRV171,622.5
TRP008447,MANDI-006,WH-East,03/07/2026,,,HR94AB1828,DRV345,449.2
TRP006026,MANDI-002,WH-North,2026-01-07 00:00:05,01-07-2026 11:36 AM,11.6,PB96CD6056,DRV996,571.5
TRP001356,MANDI-026,Export-Terminal,22/06/2026 07:38,,,,DRV366,329.6
TRP004922,MANDI-014,Export-Terminal,05/07/2026 04:53,05-Jul-2026 15:59:27,11.1,RJ92BC9093,DRV363,656.7
TRP004882,MANDI-037,WH-North,2026-04-23 14:34:52,2026-04-23 21:10:52,6.6,,DRV641,353.3
TRP002240,MANDI-019,WH-East,26-Apr-2026 10:18:22,04-27-2026 09:48 AM,23.5,DL64CD6497,DRV136,976.8972697012659
TRP001579,MANDI-015,WH-East,2026-02-19 13:14:16,2026-02-20T10:32:16,21.3,PB21AB6242,,975.3
TRP006089,MANDI-040,WH-Central,02/01/2026 06:48,2026-01-02T23:48:09,17.0,RJ46CD8362,,817.1
TRP006015,MANDI-028,WH-East,2026-08-06T08:03:56,07/08/2026 00:15,16.2,RJ97CD2631,DRV480,764.597863050044
TRP005196,MANDI-026,WH-South,24/01/2026 00:43,01-24-2026 01:19 PM,12.6,HR75BC3557,DRV796,666.2
TRP002086,MANDI-006,WH-Central,14/08/2026,08-14-2026 03:29 PM,12.3,RJ73DF7214,,721.797982670052
TRP003602,MANDI-012,WH-West,15-Jun-2026 13:45:46,15-Jun-2026 23:51:46,10.1,UP34CD4804,DRV948,472.89867831070603
TRP008280,MANDI-006,WH-East,2026-05-20T10:51:05,20/05/2026 22:15,11.4,,,
TRP006189,MANDI-052,WH-West,01-27-2026 06:38 PM,2026-01-28 16:20:42,21.7,DL52DF3170,DRV107,1210.9
TRP009255,MANDI-055,WH-East,2026-01-09T12:33:56,2026-01-09 15:15:56,2.7,HR96AB3762,DRV179,
TRP005701,MANDI-054,WH-East,2026-05-24 13:31:53,25-May-2026 00:55:53,,HR33CD8663,DRV883,552.4
TRP000020,MANDI-036,WH-Central,2026-07-04T11:40:47,04/07/2026 15:46,,HR76DF7435,DRV124,222.9
TRP007333,MANDI-003,WH-West,2026-06-01T08:11:52,02-Jun-2026 05:17:52,,,DRV879,1093.1
TRP006002,MANDI-025,WH-West,2026-08-16T16:07:04,17-Aug-2026 15:01:04,22.9,UP82DF9133,,1223.1
TRP003423,MANDI-035,Export-Terminal,2026-07-15 04:21:49,07-15-2026 11:57 PM,19.6,PB22DF8072,DRV930,1167.8
TRP007632,MANDI-011,Export-Terminal,05-15-2026 04:42 AM,2026-05-15 21:00:12,,HR91DF1624,DRV502,791.99778647088
TRP001600,MANDI-049,WH-East,2026-06-14 20:22:42,14-Jun-2026 22:58:42,2.6,HR22BC1706,DRV284,121.2
TRP004066,MANDI-032,WH-East,19-Feb-2026 07:13:37,20/02/2026,20.5,,DRV651,933.2
TRP004979,MANDI-037,Export-Terminal,2026-02-11T04:37:37,11/02/2026,4.5,DL25BC4700,DRV582,181.7
TRP006383,MANDI-033,Export-Terminal,20-Mar-2026 03:45:03,20/03/2026,13.8,HR61CD5944,DRV844,811.6
TRP007721,MANDI-046,Export-Terminal,13-Mar-2026 18:41:40,14-Mar-2026 12:23:40,17.7,,DRV759,882.1
TRP008518,MANDI-022,WH-Central,06-Jun-2026 05:55:16,2026-06-07 05:25:16,23.5,HR55BC3794,,1171.5
TRP008432,MANDI-022,WH-Central,03/05/2026 23:02,04-May-2026 14:26:44,15.4,UP12CD7920,DRV319,912.6
TRP002849,MANDI-038,WH-South,2026-08-22 16:12:40,22/08/2026,5.8,DL49BC5203,DRV489,285.099203185414
TRP005747,MANDI-019,WH-South,2026-02-20 21:08:25,02-20-2026 11:26 PM,,RJ23DF5154,DRV434,133.1
TRP001262,MANDI-038,WH-South,2026-08-11T02:56:32,2026-08-12T01:20:32,22.4,UP41BC3854,DRV884,909.8
TRP009516,MANDI-005,WH-East,01/01/2026,2026-01-02 12:05:13,21.1,DL24AB5154,DRV972,1127.4
TRP000810,MANDI-009,WH-East,04-13-2026 05:44 AM,04-13-2026 01:38 PM,7.9,HR88CD6620,,338.99905254246
TRP005460,MANDI-027,WH-Central,2026-01-01 06:04:33,,17.4,PB84AB8118,,897.5
TRP003061,MANDI-036,WH-South,24/07/2026,2026-07-25T02:48:53,22.6,HR72BC4676,DRV575,1185.0
TRP007963,MANDI-055,WH-East,23-Jan-2026 07:57:02,01-24-2026 03:21 AM,19.4,RJ21BC2828,DRV113,804.4
TRP005929,MANDI-019,WH-East,04-01-2026 05:30 AM,04-02-2026 01:48 AM,20.3,RJ88CD8838,DRV640,816.4
TRP004790,MANDI-004,WH-West,06-28-2026 01:27 PM,2026-06-29 10:51:35,21.4,,DRV276,1138.8
TRP003781,MANDI-047,WH-North,2026-02-01T05:56:23,2026-02-02 01:56:23,20.0,UP82AB9496,DRV395,906.1
TRP003544,MANDI-031,WH-East,02-22-2026 03:02 AM,2026-02-22 08:38:51,5.6,UP68AB5821,DRV768,237.2
TRP008056,MANDI-024,Export-Terminal,2026-01-01 06:35:21,01-01-2026 09:53 PM,15.3,UP11AB2079,DRV178,789.2
TRP009251,MANDI-051,WH-West,01/08/2026,01/08/2026 11:43,2.3,HR10AB4424,DRV733,115.6
TRP001143,MANDI-052,Export-Terminal,2026-03-14T17:49:44,2026-03-15T09:25:44,15.6,,DRV833,935.6
TRP007146,MANDI-054,WH-East,2026-04-01 14:16:46,,,HR32DF5704,DRV454,542.1
TRP004330,MANDI-014,WH-South,03/01/2026 22:36,2026-01-04 07:54:37,9.3,RJ92BC2157,DRV223,
TRP004919,MANDI-040,WH-South,2026-02-13T00:02:01,13/02/2026 08:44,,RJ79BC7828,DRV572,354.3
TRP002957,MANDI-016,WH-West,31/01/2026 07:52,,4.8,UP21DF3675,DRV850,205.2
TRP008405,MANDI-041,WH-North,2026-04-08 01:34:20,08/04/2026 05:10,3.6,HR90CD7953,DRV729,191.7
TRP005439,MANDI-031,WH-West,03-16-2026 07:07 AM,,17.6,,,1015.3971620991559
TRP000109,MANDI-019,WH-South,06-12-2026 04:02 PM,13/06/2026,11.0,PB95CD1826,DRV700,554.5
TRP002448,MANDI-004,WH-South,2026-09-01T09:19:01,01/09/2026 19:19,10.0,PB94DF2616,DRV428,520.9
TRP003746,MANDI-021,WH-East,19-Feb-2026 03:42:12,19/02/2026 21:42,18.0,,DRV403,822.797700389192
TRP003127,MANDI-057,WH-South,19/06/2026,2026-06-19T05:55:29,5.1,DL51CD7765,DRV684,303.6
TRP002614,MANDI-002,WH-East,08-09-2026 05:06 AM,2026-08-09T22:36:45,17.5,HR51CD7791,DRV858,834.5
TRP002795,MANDI-008,WH-East,04-26-2026 12:40 PM,2026-04-26T21:04:44,8.4,RJ83BC9171,DRV423,
TRP002424,MANDI-008,Export-Terminal,04/06/2026 11:59,06-05-2026 12:47 AM,12.8,RJ39BC8822,DRV866,551.7
TRP007611,MANDI-044,WH-South,04-Aug-2026 15:54:04,08-04-2026 08:48 PM,4.9,DL28DF9974,,266.199256008268
TRP008998,MANDI-008,Export-Terminal,02-06-2026 02:53 PM,2026-02-07 07:35:05,16.7,PB44BC4034,DRV117,690.9
TRP007007,MANDI-014,Export-Terminal,02-17-2026 12:42 AM,2026-02-17T20:06:58,19.4,PB56CD5991,DRV100,
TRP007368,MANDI-011,WH-Central,2026-05-09 01:51:38,09/05/2026,17.4,PB28AB9941,DRV573,769.5
TRP000621,MANDI-034,WH-South,22-Mar-2026 04:05:04,2026-03-22 11:41:04,7.6,RJ47AB5980,,327.2
TRP007473,MANDI-053,WH-Central,2026-04-25 03:03:07,25/04/2026,9.3,PB58DF3248,DRV765,457.3
TRP006153,MANDI-038,WH-South,22-Jul-2026 14:27:38,22/07/2026 17:39,3.2,PB88CD9201,,135.0
TRP004095,MANDI-036,WH-North,2026-01-11 14:38:35,11-Jan-2026 23:32:35,8.9,PB35BC8697,DRV118,392.1
TRP002665,MANDI-017,WH-East,2026-08-30T06:05:56,30/08/2026,7.8,DL57CD7763,DRV214,
TRP003835,MANDI-033,Export-Terminal,09-05-2026 03:32 PM,,16.5,PB49DF4578,DRV224,
TRP003626,MANDI-046,WH-North,2026-03-09 15:20:22,2026-03-10 04:02:22,12.7,RJ64CD9834,DRV322,527.9
TRP001047,MANDI-048,WH-North,05/01/2026,06/01/2026 10:37,13.2,RJ17BC8140,DRV327,678.4
TRP006281,MANDI-020,WH-West,02/06/2026 23:50,06-03-2026 06:20 PM,18.5,UP20AB8620,DRV876,883.6
TRP008711,MANDI-042,WH-West,10/06/2026 22:09,2026-06-11 18:03:01,19.9,PB97DF9509,,
TRP002875,MANDI-048,WH-Central,06/02/2026 16:57,2026-02-06T20:51:11,3.9,RJ55BC2354,DRV456,208.4
TRP001569,MANDI-045,WH-North,01-01-2026 08:42 PM,2026-01-02T19:42:09,,,DRV760,1326.49629261821
TRP000463,MANDI-007,WH-South,12/04/2026 23:27,2026-04-13 06:03:48,6.6,DL24AB2988,DRV536,273.1
TRP000744,MANDI-024,WH-Central,11/08/2026,12/08/2026,17.8,HR45CD3630,DRV835,905.1
TRP000223,MANDI-056,WH-Central,05-17-2026 08:28 PM,18/05/2026 07:16,,UP63AB8666,,608.3
TRP009412,MANDI-057,WH-South,2026-02-18T07:35:36,2026-02-18 16:05:36,8.5,UP20BC5487,DRV981,444.098758802674
TRP001881,MANDI-021,WH-Central,2026-07-06T12:55:00,2026-07-07 04:19:00,15.4,PB29AB3793,,908.9
TRP000626,MANDI-020,Export-Terminal,15/01/2026 12:42,01-15-2026 06:12 PM,5.5,,DRV452,248.2
TRP002076,MANDI-029,WH-North,10-Feb-2026 14:52:55,11-Feb-2026 08:52:55,18.0,PB15AB6707,,937.6
TRP002099,MANDI-037,Export-Terminal,07-23-2026 10:33 AM,23/07/2026 23:21,12.8,DL62DF1725,DRV665,746.5
TRP007946,MANDI-016,Export-Terminal,2026-02-01 07:57:36,01/02/2026 17:57,10.0,HR94DF9804,DRV233,442.0
TRP003330,MANDI-035,WH-North,04-Feb-2026 11:58:52,05/02/2026 09:22,21.4,,DRV289,1018.6971528761179
TRP008529,MANDI-015,WH-West,2026-01-14 20:50:45,2026-01-15 12:08:45,15.3,HR31DF6743,DRV923,
TRP005596,MANDI-034,WH-West,01/08/2026 05:33,2026-08-01 10:15:41,4.7,PB72BC7364,DRV178,221.9
TRP008217,MANDI-002,WH-Central,31-Aug-2026 00:46:57,2026-08-31T13:58:57,13.2,HR31BC7291,DRV931,543.8
TRP004694,MANDI-011,Export-Terminal,08-29-2026 07:46 PM,30/08/2026,12.0,HR76AB1118,DRV442,699.8980438774861
TRP001316,MANDI-007,WH-East,07/09/2026,,7.1,PB14CD1247,DRV769,367.6
TRP008875,MANDI-051,WH-East,2026-04-11T04:16:37,2026-04-11 16:34:37,12.3,UP48AB1808,DRV696,633.9
TRP007467,MANDI-034,WH-West,2026-04-12T18:22:20,,22.1,HR17AB9397,DRV571,1231.1
TRP002587,MANDI-020,Export-Terminal,2026-06-15T17:27:09,2026-06-16 09:15:09,15.8,RJ83DF4685,DRV312,827.6
TRP004031,MANDI-034,WH-South,23-Jul-2026 14:43:03,2026-07-24T03:43:03,13.0,UP19BC8686,DRV193,727.9
TRP000354,MANDI-053,WH-Central,18/01/2026 18:47,01-19-2026 06:59 AM,12.2,UP30BC5706,DRV128,676.198110115668
TRP003690,MANDI-010,WH-West,08-28-2026 02:38 PM,2026-08-28T18:02:46,3.4,,DRV565,202.79943320239198
TRP000457,MANDI-010,WH-Central,30/03/2026 07:14,30-Mar-2026 11:14:22,4.0,RJ64BC4117,DRV773,230.79935494631204
TRP005187,MANDI-021,WH-East,06-01-2026 07:10 PM,02/06/2026 04:16,9.1,DL16DF7610,DRV868,401.0
TRP003762,MANDI-050,WH-West,22-Jul-2026 02:02:42,22/07/2026,19.0,PB92DF1629,DRV730,795.9
TRP000240,MANDI-047,Export-Terminal,13/06/2026 06:25,13/06/2026,16.0,DL26AB1059,DRV361,879.4
TRP003106,MANDI-012,WH-Central,20-Jun-2026 17:52:49,21/06/2026,6.6,,DRV622,347.0
TRP009328,MANDI-017,WH-South,16/03/2026 10:23,2026-03-17T06:29:21,20.1,PB87BC6213,DRV740,1179.0
TRP002821,MANDI-020,WH-North,29-Jan-2026 00:21:00,2026-01-29T07:15:00,6.9,DL74AB5683,DRV608,341.9
TRP003799,MANDI-036,WH-South,01-17-2026 01:16 AM,2026-01-17 05:04:06,3.8,,DRV299,157.799558971092
TRP008022,MANDI-010,WH-East,21/08/2026 13:14,2026-08-21T19:32:02,6.3,RJ86AB2763,DRV261,344.199038009188
TRP003102,MANDI-012,WH-West,26/05/2026 16:02,26/05/2026 22:02,6.0,,DRV375,316.0
TRP006074,MANDI-014,WH-South,2026-03-08 06:45:44,03-08-2026 12:15 PM,,RJ88BC2235,,237.5
TRP006538,MANDI-049,WH-West,29-May-2026 07:37:05,05-29-2026 05:31 PM,9.9,,DRV316,
TRP001955,MANDI-053,Export-Terminal,2026-07-28T14:58:21,29-Jul-2026 03:10:21,,RJ48AB4979,DRV179,534.9
TRP001019,MANDI-018,Export-Terminal,2026-05-12T06:54:29,12/05/2026,5.7,HR54DF6811,DRV239,256.2
TRP008107,MANDI-036,WH-East,2026-08-04T01:19:27,04/08/2026,9.3,RJ86AB1554,DRV467,529.698519562658
TRP006741,MANDI-024,WH-Central,2026-08-08 00:42:56,2026-08-08 21:12:56,20.5,DL56DF2386,DRV753,1121.0
TRP001594,MANDI-010,Export-Terminal,21-Jun-2026 06:48:24,2026-06-21 21:24:24,14.6,PB44CD5185,DRV896,796.3
TRP004157,MANDI-047,Export-Terminal,2026-05-08T13:32:30,2026-05-09 08:14:30,18.7,HR79CD7909,DRV150,964.4
TRP004606,MANDI-013,WH-North,24/03/2026 03:14,24/03/2026 11:14,8.0,,DRV112,
TRP009130,MANDI-050,WH-North,05-19-2026 06:32 PM,2026-05-20 17:14:35,22.7,PB75DF4622,DRV649,975.897272496126
TRP008830,MANDI-039,Export-Terminal,01-02-2026 02:19 AM,02-Jan-2026 04:25:05,2.1,,DRV483,
TRP001671,MANDI-016,WH-North,2026-07-21T11:35:02,2026-07-22T02:59:02,15.4,RJ83CD4564,DRV569,820.8
TRP001104,MANDI-032,WH-North,02/08/2026,,,PB95AB1541,DRV957,
TRP008548,MANDI-027,WH-East,31/01/2026 03:06,,6.0,,,262.1
TRP007799,MANDI-051,WH-Central,09/05/2026 16:57,09/05/2026 22:21,5.4,DL25CD6598,DRV355,304.1
TRP005425,MANDI-015,WH-South,2026-04-20 10:19:41,2026-04-21 00:43:41,14.4,DL58CD9150,DRV205,622.9
TRP004229,MANDI-010,Export-Terminal,24/04/2026 19:31,04-25-2026 05:55 AM,,DL57DF8202,,504.3
TRP006649,MANDI-040,WH-West,17/06/2026,18/06/2026 02:33,13.5,,DRV405,657.8
TRP007188,MANDI-052,WH-North,14/04/2026 19:47,15/04/2026,9.0,RJ81CD3837,DRV604,403.2
TRP002326,MANDI-039,WH-East,2026-07-04 10:44:19,07-04-2026 04:08 PM,,HR19BC7831,DRV168,247.7
TRP008887,MANDI-019,WH-North,2026-06-15T10:16:33,06-16-2026 07:52 AM,21.6,PB98AB3093,DRV898,997.49721212715
TRP003078,MANDI-040,WH-West,01-Feb-2026 20:26:55,01/02/2026,2.2,UP73AB8325,DRV989,120.39966349885601
TRP006307,MANDI-010,WH-East,08-Mar-2026 12:39:30,2026-03-09T06:21:30,17.7,RJ19DF8819,DRV816,876.3
TRP009609,MANDI-028,WH-East,07/01/2026,2026-01-07T15:57:44,15.6,DL13CD8116,,858.0
TRP004709,MANDI-015,Export-Terminal,17-Jan-2026 23:15:02,01-18-2026 09:45 AM,,PB22AB9545,DRV914,596.2
TRP007739,MANDI-004,WH-South,01/09/2026 06:23,09-01-2026 08:53 PM,14.5,,DRV712,829.9
TRP006136,MANDI-011,WH-Central,2026-06-20 07:33:34,21-Jun-2026 01:51:34,18.3,PB67AB3784,DRV653,905.0
TRP007217,MANDI-038,WH-East,25/01/2026 06:03,2026-01-25T15:15:58,9.2,RJ73DF9604,DRV276,521.5
TRP001384,MANDI-040,WH-South,15/01/2026 20:42,2026-01-16T18:42:05,22.0,PB60BC2675,DRV717,924.5
TRP009795,MANDI-031,Export-Terminal,21-Feb-2026 17:47:15,2026-02-22 16:41:15,22.9,DL22BC9742,DRV846,1331.196279482368
TRP005618,MANDI-005,WH-West,2026-06-02 13:08:27,03-Jun-2026 09:20:27,20.2,RJ38CD5355,DRV812,
TRP001878,MANDI-004,WH-South,2026-04-16T03:20:05,2026-04-16 15:50:05,,RJ84CD7907,DRV707,735.49794438047
TRP000218,MANDI-052,WH-West,23/05/2026 01:26,23/05/2026 07:44,6.3,RJ11AB4940,,341.9
TRP005156,MANDI-003,WH-West,2026-03-02 12:25:35,03-02-2026 08:37 PM,8.2,HR35BC8068,DRV859,340.9
TRP009336,MANDI-035,Export-Terminal,15/05/2026,,9.8,UP36AB5789,DRV567,520.6
TRP008391,MANDI-038,WH-West,12/05/2026 21:01,13-May-2026 09:55:12,12.9,PB46DF8150,DRV198,556.0984457783541
TRP005666,MANDI-045,WH-North,08-31-2026 07:37 AM,2026-08-31 15:31:29,7.9,DL47CD8807,DRV436,327.8
TRP004101,MANDI-025,WH-East,24/04/2026 23:27,2026-04-25 12:51:28,13.4,DL12AB1590,,772.9
TRP001035,MANDI-031,WH-Central,2026-08-22T14:48:38,23/08/2026 03:24,,HR89CD7353,DRV949,517.0
TRP000217,MANDI-036,WH-Central,2026-04-09T13:31:14,10/04/2026 07:49,18.3,UP57BC3787,DRV686,912.4
TRP005744,MANDI-052,WH-Central,07-06-2026 02:41 PM,07-07-2026 06:23 AM,15.7,PB73DF4807,DRV286,709.3
TRP002749,MANDI-046,WH-Central,11/08/2026 22:37,,,,DRV528,1285.696406648498
TRP007290,MANDI-040,Export-Terminal,27/02/2026,2026-02-27T09:36:12,5.6,HR50CD4250,DRV660,291.2
TRP007105,MANDI-053,WH-North,06-30-2026 03:02 AM,2026-06-30 06:32:22,3.5,,DRV216,189.7
TRP000907,MANDI-052,WH-North,2026-05-09 18:49:46,2026-05-10 11:25:46,16.6,HR60BC3139,DRV998,925.2
TRP006331,MANDI-052,WH-Central,2026-05-27 09:27:51,28/05/2026 08:09,22.7,,DRV499,1110.8
TRP006803,MANDI-011,WH-North,27/04/2026 11:09,04-27-2026 09:33 PM,10.4,HR62AB3095,DRV760,441.3
TRP006193,MANDI-011,WH-Central,14/06/2026 13:41,14/06/2026,3.6,RJ35CD7327,DRV104,148.599584683804
TRP003724,MANDI-044,WH-East,2026-03-11 17:28:10,03-12-2026 02:28 AM,9.0,RJ34DF2517,DRV399,533.8
TRP003054,MANDI-010,Export-Terminal,30/06/2026 13:46,30-Jun-2026 19:34:33,5.8,DL87CD6389,DRV904,
TRP006312,MANDI-019,WH-Central,01/05/2026 23:09,02-May-2026 05:45:03,6.6,,DRV937,358.698997483718
TRP008299,MANDI-017,WH-West,05/01/2026 08:17,2026-01-06 07:29:53,,PB17DF4223,DRV831,1156.6
TRP005013,MANDI-056,WH-South,2026-04-28 06:45:06,2026-04-29 00:21:06,,,DRV463,839.1
TRP004044,MANDI-003,Export-Terminal,27/04/2026,2026-04-27T19:57:30,16.9,UP30BC6196,DRV124,801.2
TRP004624,MANDI-042,Export-Terminal,2026-08-04T00:50:16,08-04-2026 03:08 AM,2.3,RJ99DF3550,DRV151,129.6
TRP004048,MANDI-045,WH-East,2026-07-15T22:29:32,16-Jul-2026 03:23:32,4.9,,,
TRP006648,MANDI-025,WH-South,16-Mar-2026 08:28:30,17/03/2026 07:22,22.9,HR91AB6981,,991.1
TRP002125,MANDI-013,WH-West,2026-09-03T06:32:12,03/09/2026 12:14,,UP88BC5026,,336.4
TRP002616,MANDI-013,WH-South,2026-03-27 04:06:33,2026-03-27T08:00:33,3.9,PB22CD7226,DRV915,180.5
TRP003207,MANDI-001,WH-West,12/04/2026 21:44,13/04/2026 07:32,9.8,,,487.8
TRP003460,MANDI-022,Export-Terminal,2026-06-04T02:50:32,06-04-2026 09:50 PM,19.0,HR56CD9831,DRV826,1128.7
TRP000853,MANDI-041,WH-East,27-Aug-2026 07:55:47,08-27-2026 04:43 PM,8.8,DL71AB9811,DRV843,516.2
TRP005841,MANDI-038,WH-East,2026-07-12 23:47:56,13-Jul-2026 23:11:56,23.4,PB93AB6704,,1126.9
TRP003657,MANDI-039,WH-South,07-06-2026 10:40 AM,2026-07-06 21:58:35,,PB20BC4586,,542.4
TRP002216,MANDI-052,WH-West,2026-05-17 06:36:29,2026-05-17 13:24:29,6.8,UP37CD3382,DRV106,290.2
TRP008207,MANDI-043,Export-Terminal,2026-05-28T13:23:34,2026-05-28T23:05:34,,HR45AB3975,DRV327,548.2
TRP008289,MANDI-022,WH-Central,2026-07-31T14:25:13,,6.9,DL46CD3174,DRV688,393.0
TRP004752,MANDI-003,WH-West,28-May-2026 16:38:19,2026-05-29 04:26:19,11.8,RJ65DF4878,DRV949,616.6
TRP005387,MANDI-044,WH-South,10/05/2026 11:48,2026-05-11 09:24:09,,UP81CD2012,DRV822,1195.6
TRP005641,MANDI-001,WH-West,2026-05-27T02:56:11,,11.9,,DRV302,508.4
TRP005550,MANDI-036,WH-South,04/09/2026 08:28,2026-09-04 12:40:20,4.2,UP92CD2995,,200.5
TRP008951,MANDI-051,WH-North,07-May-2026 13:31:57,05-08-2026 01:07 PM,23.6,PB56AB6781,DRV222,1033.49711151219
TRP001711,MANDI-046,WH-Central,06/04/2026,06/04/2026,2.7,HR85CD4173,DRV584,129.0
TRP004784,MANDI-055,Export-Terminal,11-Apr-2026 23:05:48,2026-04-12 20:05:48,21.0,HR99AB1854,DRV429,854.5
TRP005925,MANDI-017,Export-Terminal,2026-07-07 15:42:15,2026-07-08 02:00:15,10.3,UP13BC3691,DRV370,
TRP000748,MANDI-003,WH-South,2026-02-21 16:12:09,21/02/2026,3.6,UP87AB2524,DRV128,194.2
TRP009732,MANDI-037,Export-Terminal,2026-06-07 20:05:35,,17.3,DL30AB6906,DRV389,843.4
TRP001570,MANDI-024,WH-West,01-27-2026 08:14 AM,27/01/2026 17:32,9.3,RJ21BC7916,DRV140,439.8
TRP000348,MANDI-034,WH-North,21/06/2026 06:27,21/06/2026 18:09,,DL59DF7453,DRV937,668.598131356604
TRP003985,MANDI-025,Export-Terminal,06/08/2026,2026-08-07 01:53:22,4.6,,DRV381,219.8
TRP009486,MANDI-014,WH-East,06-10-2026 08:35 AM,06-11-2026 04:11 AM,19.6,RJ39DF6979,DRV852,913.097448013334
TRP006486,MANDI-028,WH-North,08-25-2026 11:42 AM,2026-08-25 18:36:01,6.9,,,318.0
TRP008492,MANDI-007,Export-Terminal,31/03/2026 04:54,31-Mar-2026 21:18:24,16.4,RJ41AB5844,DRV576,793.7
TRP005787,MANDI-018,WH-West,2026-06-12T11:53:47,12-Jun-2026 14:47:47,,PB47AB8363,DRV703,165.299538009642
TRP008547,MANDI-009,WH-North,12-Jan-2026 20:32:11,,,DL31CD1407,DRV841,555.1
TRP003285,MANDI-031,WH-West,03-16-2026 06:40 AM,,5.5,RJ88CD5166,DRV911,316.0
TRP008921,MANDI-041,WH-North,09/03/2026,2026-03-09T11:24:26,9.5,RJ11DF4142,,
TRP003264,MANDI-010,WH-West,2026-01-21 07:17:26,21/01/2026 17:29,,,DRV726,515.9
TRP009066,MANDI-051,WH-West,2026-08-21 03:44:40,08-21-2026 09:56 PM,18.2,PB48DF1205,DRV239,1058.9
TRP004542,MANDI-057,Export-Terminal,07/05/2026,2026-05-08 12:44:32,18.9,HR52AB1582,DRV668,1076.0
TRP004731,MANDI-018,Export-Terminal,2026-02-16 13:18:50,17/02/2026 10:00,20.7,HR39BC7782,DRV529,1044.9
TRP005850,MANDI-013,WH-West,2026-08-23 09:16:37,24/08/2026 04:28,19.2,PB82AB3201,DRV829,1005.2
TRP006180,MANDI-029,Export-Terminal,03/08/2026 00:34,03-Aug-2026 19:46:45,19.2,HR16DF5719,DRV694,846.2
TRP005275,MANDI-001,WH-Central,08-10-2026 12:58 AM,2026-08-10 11:28:53,10.5,DL62AB1356,,
TRP007154,MANDI-027,WH-West,26-Aug-2026 15:29:26,2026-08-26T21:35:26,6.1,HR54DF7071,,
TRP009594,MANDI-005,WH-North,2026-06-15 13:51:36,2026-06-16T10:45:36,,HR51CD3131,DRV222,1209.8
TRP002393,MANDI-040,WH-South,07-13-2026 12:30 PM,13/07/2026 20:00,7.5,RJ59DF3057,DRV293,382.99892956862
TRP000764,MANDI-019,WH-West,06/06/2026,2026-06-06T16:30:13,14.8,PB56BC6568,DRV388,
TRP004703,MANDI-057,WH-West,2026-02-24T23:38:54,2026-02-25 03:56:54,4.3,DL57BC9882,DRV694,201.3
TRP007074,MANDI-051,WH-East,13/08/2026,2026-08-14 00:29:05,12.1,,DRV330,611.2
TRP002115,MANDI-054,WH-North,02/08/2026 03:56,02/08/2026,9.1,UP51AB3702,,502.8
TRP008146,MANDI-045,WH-East,30-Aug-2026 10:09:25,30-Aug-2026 20:57:25,10.8,PB50AB9662,DRV425,480.1
TRP009988,MANDI-053,WH-Central,06-20-2026 08:23 PM,2026-06-21 04:23:44,8.0,UP48DF3680,DRV101,406.2
TRP008378,MANDI-026,WH-North,30/07/2026 02:17,,6.6,HR98BC9543,,383.0
TRP001487,MANDI-043,Export-Terminal,08-Jun-2026 02:57:26,08/06/2026 19:03,16.1,UP13CD7097,DRV401,766.0
TRP001223,MANDI-015,WH-Central,11/03/2026 08:49,12-Mar-2026 06:49:16,22.0,RJ30DF5796,DRV745,1121.2
TRP009958,MANDI-001,WH-West,28-Mar-2026 03:39:47,2026-03-28 07:39:47,4.0,,DRV282,
TRP008698,MANDI-042,WH-Central,20/03/2026,2026-03-21 01:55:56,,HR51DF2527,DRV981,
TRP002827,MANDI-023,Export-Terminal,2026-01-12 05:14:39,2026-01-12 19:26:39,14.2,UP61BC8725,DRV282,714.698002513558
TRP004713,MANDI-027,Export-Terminal,2026-06-27 07:29:49,06-27-2026 01:41 PM,6.2,HR21DF4533,DRV673,265.99925656723997
TRP006118,MANDI-022,Export-Terminal,2026-06-23 08:57:38,06-23-2026 12:45 PM,3.8,UP22BC2013,DRV769,209.0
TRP005211,MANDI-043,WH-South,28/02/2026 19:20,,14.9,RJ93DF8661,,890.0
TRP007959,MANDI-017,Export-Terminal,15/07/2026 21:39,16/07/2026,14.6,RJ56DF3182,DRV885,797.2
TRP009631,MANDI-044,WH-North,27-Jul-2026 16:21:45,07-28-2026 12:09 PM,19.8,,DRV168,
TRP006931,MANDI-021,WH-North,03-26-2026 11:15 AM,,23.0,HR55BC6073,DRV489,1047.6
TRP004285,MANDI-016,WH-Central,16-Jun-2026 05:51:09,16/06/2026 11:15,5.4,HR71CD1252,DRV328,286.9
TRP004008,MANDI-001,WH-West,04/01/2026,05/01/2026 11:48,18.2,RJ72BC3985,DRV976,966.9
TRP000709,MANDI-009,WH-West,24/05/2026 17:19,2026-05-25 16:01:35,22.7,,DRV549,922.8
TRP002589,MANDI-057,WH-East,09/01/2026 08:23,09-Jan-2026 17:53:30,9.5,HR97DF5607,DRV435,454.7
TRP001576,MANDI-032,WH-West,08-08-2026 09:51 PM,,3.7,DL48AB8973,DRV275,182.0
TRP000510,MANDI-049,Export-Terminal,25/04/2026 17:47,2026-04-25 21:47:52,4.0,DL47DF8922,DRV478,200.9
TRP003509,MANDI-032,WH-North,2026-08-21 03:08:52,21/08/2026 07:32,4.4,PB40CD7972,DRV836,252.9
TRP000500,MANDI-008,WH-North,2026-05-16 09:58:41,16/05/2026 15:58,6.0,PB35DF6795,,339.0
TRP006916,MANDI-050,Export-Terminal,02-08-2026 11:18 AM,,14.3,PB93BC3672,,629.6
TRP004618,MANDI-042,WH-West,01-Feb-2026 19:16:22,2026-02-02T16:10:22,20.9,PB98AB8414,DRV997,942.5
TRP004239,MANDI-019,WH-East,2026-07-01 17:49:22,02/07/2026 03:13,9.4,UP98BC7454,DRV586,486.898639182666
TRP007249,MANDI-035,WH-East,01/05/2026,05-02-2026 03:19 AM,20.2,UP55AB2677,DRV364,1119.0
TRP001148,MANDI-024,WH-South,2026-02-17 06:29:33,17/02/2026 12:23,,UP78DF6023,DRV831,245.199314700328
TRP003283,MANDI-054,WH-Central,02/08/2026,,5.6,PB88BC2567,DRV297,240.7
TRP007444,MANDI-011,WH-East,07-04-2026 12:14 PM,2026-07-05 02:08:03,13.9,HR97BC7309,DRV834,723.9
TRP001260,MANDI-022,WH-South,12/04/2026 21:29,04-13-2026 12:47 AM,3.3,RJ20DF2497,DRV756,184.5
TRP006743,MANDI-024,WH-South,01/03/2026 14:11,01-Mar-2026 18:53:59,4.7,HR97CD8447,,190.0
TRP004333,MANDI-041,WH-East,2026-06-15 16:00:40,16-Jun-2026 08:54:40,16.9,RJ70DF3083,DRV871,884.9
TRP005769,MANDI-012,Export-Terminal,07/05/2026 04:21,08/05/2026 00:03,19.7,UP86BC3431,DRV895,
TRP002211,MANDI-019,WH-South,2026-09-02 19:20:25,2026-09-02 22:26:25,3.1,HR38BC8328,DRV112,128.1
TRP000712,MANDI-037,WH-South,2026-07-16 15:49:58,,,PB56CD7525,DRV518,550.3
TRP007363,MANDI-026,WH-East,2026-06-13 20:26:45,06-14-2026 05:38 PM,21.2,DL14BC7733,DRV940,930.097400500714
TRP009495,MANDI-039,WH-South,19-Jun-2026 18:11:28,19/06/2026 23:17,5.1,RJ31AB4388,DRV169,283.9
TRP003335,MANDI-038,WH-West,2026-04-23 06:36:52,2026-04-23 21:48:52,15.2,PB34DF1087,DRV523,629.1
TRP003289,MANDI-020,WH-North,2026-03-13 07:14:25,,9.4,DL29CD5411,,557.8
TRP005059,MANDI-006,WH-East,22-May-2026 05:06:47,2026-05-22 10:42:47,5.6,DL52CD5464,DRV572,251.3
TRP001373,MANDI-034,Export-Terminal,03-25-2026 10:23 PM,2026-03-26 02:11:59,3.8,HR26CD8067,DRV502,189.3
TRP001794,MANDI-054,WH-North,06-24-2026 05:55 AM,2026-06-24 09:07:46,3.2,PB73AB1606,DRV254,146.5
TRP005693,MANDI-020,WH-West,2026-08-12 08:30:13,12/08/2026 22:12,13.7,RJ10BC7783,DRV366,743.2
TRP000713,MANDI-044,WH-East,2026-07-01T08:06:57,02/07/2026 04:30,20.4,HR42AB6719,DRV842,1094.3969413052162
TRP003434,MANDI-057,WH-West,2026-03-12 15:14:15,13-Mar-2026 08:14:15,17.0,HR49DF1230,DRV998,884.1
TRP001246,MANDI-023,WH-North,15/05/2026 22:38,16/05/2026 09:26,,UP19DF1101,DRV411,521.2
TRP008554,MANDI-043,WH-West,2026-05-06 15:53:54,2026-05-07 11:05:54,19.2,,,1054.9
TRP009420,MANDI-045,Export-Terminal,15/07/2026 12:52,16/07/2026,16.5,DL67BC3886,DRV588,904.2
TRP005611,MANDI-056,Export-Terminal,2026-08-16T19:45:56,17-Aug-2026 14:15:56,18.5,RJ46AB8959,DRV316,897.2
TRP002376,MANDI-007,WH-East,2026-01-03 09:53:31,2026-01-03 23:29:31,13.6,PB97DF7058,DRV491,626.098250138154
TRP005485,MANDI-044,Export-Terminal,2026-03-19 22:11:37,03-20-2026 12:17 AM,,,DRV574,102.4
TRP007253,MANDI-017,WH-Central,05-19-2026 05:34 AM,,14.4,DL63CD9121,DRV625,719.9979877008
TRP000716,MANDI-047,WH-West,02-09-2026 12:32 AM,2026-02-09T17:14:55,16.7,,DRV723,908.0
TRP002030,MANDI-036,Export-Terminal,26/04/2026 17:17,2026-04-27 01:17:49,8.0,RJ26AB2678,DRV753,403.5
TRP007587,MANDI-057,Export-Terminal,23/03/2026 06:17,23/03/2026 12:29,6.2,PB15CD1949,DRV110,254.6
TRP001483,MANDI-011,WH-East,2026-05-07T07:00:17,2026-05-08T00:48:17,,DL30CD4312,DRV741,783.5
TRP003299,MANDI-041,Export-Terminal,12/06/2026 01:59,13/06/2026 00:41,22.7,,,1062.1
TRP004439,MANDI-035,WH-Central,08/09/2026 10:08,,13.5,UP44DF3242,DRV559,633.5
TRP001795,MANDI-004,WH-East,2026-04-07 09:48:33,08/04/2026,19.3,HR61CD2130,DRV607,909.6
TRP004185,MANDI-052,WH-Central,31/07/2026 20:20,08-01-2026 01:26 PM,,UP38AB8850,,
TRP007847,MANDI-051,Export-Terminal,18-Mar-2026 20:38:04,03-19-2026 04:38 AM,,HR72AB5322,DRV626,444.7
TRP009159,MANDI-052,WH-South,24-Jan-2026 00:03:36,2026-01-24T09:51:36,9.8,RJ57BC7576,DRV532,489.8
TRP009776,MANDI-019,Export-Terminal,05-18-2026 12:16 AM,18-May-2026 08:58:32,8.7,RJ45CD1570,DRV718,380.6
TRP003583,MANDI-047,WH-Central,07-20-2026 04:34 AM,,5.2,,DRV753,266.8
TRP002169,MANDI-052,WH-South,14/07/2026 00:24,07-14-2026 03:18 AM,2.9,DL57AB5036,DRV833,173.5
TRP001742,MANDI-027,Export-Terminal,07-21-2026 04:19 AM,2026-07-21 07:19:32,,DL87BC3464,DRV925,134.2
TRP001659,MANDI-009,WH-Central,20-Aug-2026 15:29:35,20/08/2026 19:47,4.3,DL88DF9968,,212.299406651222
TRP000213,MANDI-009,WH-South,24/06/2026 01:32,24/06/2026 10:44,9.2,PB59BC3775,DRV769,480.1
TRP005322,MANDI-049,WH-Central,02-Feb-2026 12:34:20,02-02-2026 10:46 PM,10.2,PB43DF5039,DRV386,547.4
TRP006851,MANDI-055,Export-Terminal,01/04/2026,04-01-2026 09:25 PM,,PB94CD3799,DRV315,796.0
TRP009615,MANDI-032,WH-West,08-11-2026 08:20 AM,11/08/2026,11.8,UP27AB8946,DRV928,641.3
TRP001011,MANDI-036,WH-Central,06-09-2026 06:08 AM,06-09-2026 08:26 AM,2.3,HR53CD7004,DRV441,115.99967579624
TRP000324,MANDI-045,Export-Terminal,31/01/2026 01:34,31/01/2026 07:10,5.6,RJ70AB1431,DRV215,270.9
TRP009007,MANDI-031,WH-West,23/04/2026,2026-04-23 20:21:46,8.4,HR70BC8891,,432.1
TRP001098,MANDI-048,WH-North,2026-07-10 21:26:00,2026-07-11T14:26:00,17.0,HR15DF3633,DRV668,798.3
TRP009180,MANDI-024,WH-West,25/02/2026,2026-02-25 21:00:31,,RJ39AB1836,DRV962,
TRP001563,MANDI-013,WH-East,2026-04-28 00:26:03,,17.3,RJ17CD4192,DRV860,1007.4
TRP004449,MANDI-028,Export-Terminal,2026-08-14 15:26:46,14/08/2026,4.2,HR19AB7442,DRV346,206.9
TRP000335,MANDI-003,WH-East,2026-07-01T00:23:47,2026-07-01 07:11:47,6.8,RJ53DF3903,DRV651,340.5
TRP004481,MANDI-017,Export-Terminal,2026-02-06 03:23:09,,13.7,,DRV497,619.3
TRP002603,MANDI-002,WH-West,04/08/2026,2026-08-04 19:52:33,17.3,PB82AB9412,DRV284,765.8
TRP003854,MANDI-018,WH-Central,05/09/2026 21:35,2026-09-06 04:23:06,6.8,UP64CD1032,DRV752,
TRP002955,MANDI-013,WH-East,2026-02-17 00:41:39,02-17-2026 03:59 AM,3.3,HR90AB1002,DRV201,161.1
TRP002993,MANDI-050,WH-Central,2026-01-23 19:21:22,2026-01-24 09:27:22,14.1,RJ52CD1624,DRV965,795.197777527328
TRP001614,MANDI-041,WH-East,2026-03-03 15:06:02,2026-03-04 02:00:02,10.9,RJ76DF8463,DRV611,632.2
TRP000793,MANDI-015,WH-West,2026-07-12 03:54:53,07-12-2026 07:36 PM,15.7,HR80AB1933,DRV889,634.4
TRP000234,MANDI-034,WH-Central,21-May-2026 03:24:13,05-21-2026 11:24 AM,8.0,UP37BC7104,DRV185,340.59904807068403
TRP007434,MANDI-038,WH-South,2026-06-21 04:11:06,,20.6,UP49AB2318,DRV729,
TRP003007,MANDI-017,WH-North,02-28-2026 05:09 AM,28/02/2026 17:21,12.2,,,714.0
TRP006200,MANDI-056,WH-West,02-07-2026 03:41 AM,2026-02-07T21:17:14,17.6,PB78DF3756,DRV349,765.5978602551841
TRP006525,MANDI-041,WH-West,20-Mar-2026 20:44:18,2026-03-21 19:50:18,23.1,DL39BC3140,,1076.2
TRP007772,MANDI-002,WH-East,03/01/2026,2026-01-03 22:21:25,20.0,PB60CD7195,DRV579,995.9
TRP008030,MANDI-020,WH-West,03/07/2026 08:40,,18.3,UP16DF5624,DRV523,925.2
TRP004844,MANDI-025,WH-North,05-20-2026 12:42 PM,05-21-2026 03:00 AM,14.3,UP51AB9380,DRV896,806.6
TRP006452,MANDI-019,WH-East,2026-05-28T18:50:32,29-May-2026 14:50:32,20.0,PB29AB1066,DRV465,1125.5
TRP005290,MANDI-015,Export-Terminal,09-Apr-2026 12:05:46,09-Apr-2026 20:11:46,8.1,,DRV991,441.1
TRP002109,MANDI-056,WH-Central,2026-03-24T00:14:09,03-24-2026 10:02 AM,9.8,UP79AB5978,DRV170,439.6
TRP005230,MANDI-011,WH-Central,2026-03-26T02:39:58,26/03/2026 19:21,16.7,PB75CD2103,DRV348,765.4
TRP003885,MANDI-049,WH-East,2026-03-02 06:27:35,2026-03-02 10:03:35,,DL94BC2224,DRV953,150.8
TRP007094,MANDI-033,Export-Terminal,2026-08-17T16:26:59,18/08/2026 12:14,19.8,DL97AB3931,DRV436,1072.5
TRP006719,MANDI-045,WH-Central,31/07/2026 09:11,2026-08-01 00:05:40,14.9,PB47CD4848,DRV549,740.9
TRP003282,MANDI-017,WH-East,2026-01-30T05:47:53,2026-01-30 17:11:53,11.4,HR45AB6304,DRV134,
TRP000775,MANDI-036,WH-West,18/04/2026 12:30,2026-04-18T14:42:20,2.2,HR24CD9404,DRV836,
TRP001495,MANDI-051,WH-West,10/06/2026 03:30,2026-06-10T13:24:57,9.9,,DRV619,543.9
TRP006628,MANDI-031,WH-North,12/02/2026,13/02/2026 06:07,12.1,RJ11DF3494,DRV375,540.298489937142
TRP000872,MANDI-004,Export-Terminal,2026-03-20T10:34:28,03-20-2026 04:04 PM,5.5,PB30CD7847,DRV767,277.4
TRP005266,MANDI-017,WH-East,03-06-2026 12:04 AM,03-06-2026 03:58 PM,15.9,RJ39AB8259,DRV539,688.6
TRP001264,MANDI-015,WH-Central,2026-04-15 12:41:41,,9.9,HR64CD9973,DRV844,403.7
TRP001619,MANDI-044,WH-South,2026-08-24 14:01:43,24/08/2026,2.4,,,132.799628842592
TRP005279,MANDI-025,Export-Terminal,2026-01-13 11:29:30,01-14-2026 06:59 AM,,RJ99CD1353,DRV781,1163.8967470624461
TRP004620,MANDI-011,WH-South,2026-08-10 15:25:17,10/08/2026 21:55,6.5,RJ97CD4487,DRV610,326.0
TRP006386,MANDI-016,WH-South,22/01/2026,23/01/2026,19.6,RJ18DF7653,DRV726,947.1
TRP001759,MANDI-025,WH-West,01-Jul-2026 18:37:56,02/07/2026,9.7,DL16DF9497,DRV618,567.6
TRP005119,MANDI-052,WH-West,2026-08-30 04:07:30,2026-08-30 13:49:30,9.7,PB40DF7033,DRV833,406.4
TRP007677,MANDI-030,WH-South,09/07/2026 17:10,,10.9,,DRV217,614.5
TRP001221,MANDI-019,WH-North,17-Jan-2026 10:50:10,01-18-2026 03:56 AM,,RJ63CD3611,DRV467,882.1
TRP004050,MANDI-041,WH-Central,09-04-2026 09:30 AM,2026-09-05T08:18:51,22.8,,DRV209,1126.5
TRP001766,MANDI-014,WH-Central,2026-05-07T05:20:44,2026-05-07T18:14:44,12.9,RJ59AB9337,DRV649,761.6
TRP003839,MANDI-054,WH-Central,06-Jul-2026 06:21:18,07-06-2026 11:09 PM,16.8,DL14CD5503,DRV504,888.1
TRP000409,MANDI-055,Export-Terminal,01/06/2026 13:49,,14.0,HR33BC4987,DRV291,659.9
TRP002630,MANDI-042,WH-East,29/04/2026 22:32,,5.1,,DRV200,230.99935438734
TRP007348,MANDI-012,WH-Central,2026-07-16 07:13:40,16/07/2026,6.1,,DRV715,327.2
TRP001514,MANDI-043,WH-South,08-30-2026 05:12 AM,30/08/2026 14:06,8.9,PB18BC5124,DRV423,392.598902737964
TRP002593,MANDI-016,WH-West,06-25-2026 09:52 AM,2026-06-26 02:16:07,16.4,HR92CD9355,DRV114,
TRP006040,MANDI-001,WH-West,03-07-2026 02:12 PM,2026-03-07T17:00:49,2.8,DL38CD7324,DRV921,139.6
TRP005071,MANDI-057,WH-South,2026-08-12 11:35:25,13/08/2026,14.3,HR67BC2127,DRV813,579.9983789812
TRP005497,MANDI-007,WH-North,2026-01-26T22:23:37,2026-01-27 01:47:37,3.4,RJ54CD8999,DRV928,200.99943823314
TRP006038,MANDI-022,Export-Terminal,15/04/2026 12:24,2026-04-15 14:42:07,2.3,HR73BC3659,,104.3
TRP009725,MANDI-010,WH-East,11/07/2026,2026-07-12 11:23:02,17.6,PB50CD3522,DRV330,805.7977479018119
TRP007244,MANDI-006,WH-East,17/06/2026 20:35,2026-06-18T02:53:04,6.3,DL72BC5460,,278.4
TRP007540,MANDI-006,WH-West,16/03/2026 19:01,2026-03-17 12:31:45,17.5,,DRV477,
TRP009767,MANDI-055,WH-Central,2026-04-10T02:09:08,11-Apr-2026 01:33:08,23.4,,DRV341,980.0972607577139
TRP002484,MANDI-020,Export-Terminal,2026-09-05T01:56:22,2026-09-05T15:32:22,13.6,,DRV574,749.6
TRP006805,MANDI-050,WH-South,25/03/2026,03-26-2026 10:52 AM,18.4,UP74BC2059,,1059.1
TRP007595,MANDI-022,Export-Terminal,2026-01-17 09:39:43,2026-01-17 15:15:43,,PB82BC5221,,320.8
TRP006264,MANDI-023,WH-East,2026-09-04T11:22:33,2026-09-05T04:16:33,,DL58BC2184,DRV567,937.897378700806
TRP003520,MANDI-038,Export-Terminal,09-May-2026 16:50:11,2026-05-09T23:50:11,7.0,HR50DF1407,DRV558,322.9
TRP003398,MANDI-034,WH-South,2026-03-15 08:03:49,2026-03-15T17:09:49,9.1,DL20AB6007,,376.3
TRP009497,MANDI-002,Export-Terminal,2026-01-16 20:01:38,2026-01-17T09:55:38,13.9,RJ66CD3097,DRV716,756.897884570466
TRP004257,MANDI-014,Export-Terminal,18/07/2026,2026-07-19 05:57:30,19.9,DL20DF9465,,859.097598935774
TRP008954,MANDI-034,WH-North,2026-03-22 07:51:20,22-Mar-2026 19:51:20,12.0,HR19BC3534,DRV456,
TRP006119,MANDI-005,WH-North,14/08/2026 17:27,14-Aug-2026 20:03:51,,,,154.8
TRP008314,MANDI-038,WH-South,10-May-2026 22:34:53,2026-05-11T16:40:53,,HR49BC3942,DRV860,954.3
TRP007054,MANDI-035,WH-Central,19/06/2026,2026-06-20 03:37:27,15.0,DL27CD2144,DRV258,614.2
TRP007709,MANDI-049,WH-West,2026-08-18 18:18:32,2026-08-19 04:18:32,10.0,UP67AB6793,,434.4
TRP005118,MANDI-055,WH-North,07/05/2026 01:55,07/05/2026 08:13,6.3,,DRV726,326.699086919238
TRP009630,MANDI-041,WH-North,02-Jul-2026 11:33:27,,12.7,RJ11AB6986,DRV831,
TRP004263,MANDI-048,Export-Terminal,02-09-2026 05:34 PM,2026-02-10 06:52:15,13.3,RJ98CD1723,DRV979,544.098479316674
TRP009511,MANDI-035,Export-Terminal,04-08-2026 09:47 PM,,14.0,UP41DF4755,DRV194,802.1
TRP002515,MANDI-034,WH-Central,01-15-2026 07:19 AM,2026-01-16 02:55:33,19.6,PB62DF6768,,1010.9
TRP001499,MANDI-006,WH-North,09-Mar-2026 00:03:13,2026-03-09T23:27:13,23.4,HR87DF7584,DRV479,1236.7
TRP001924,MANDI-046,WH-South,15/07/2026,07-16-2026 01:00 AM,18.9,DL78DF6455,DRV491,1029.8
TRP001480,MANDI-009,Export-Terminal,2026-02-17T20:34:13,02-18-2026 02:04 PM,,,DRV457,957.49732392155
TRP006216,MANDI-014,WH-South,2026-03-22T09:54:15,2026-03-23T06:24:15,20.5,RJ76DF7522,DRV352,943.4
TRP009017,MANDI-057,WH-Central,2026-04-15 16:26:28,04-15-2026 08:56 PM,4.5,HR94BC4114,DRV817,189.0
TRP009533,MANDI-005,WH-East,05-08-2026 12:00 AM,,,DL72CD1298,DRV917,1035.697105363498
TRP000618,MANDI-054,WH-North,05/03/2026 01:24,03-05-2026 04:12 AM,2.8,DL72AB6267,DRV402,118.1
TRP001672,MANDI-022,WH-West,04/09/2026 05:20,,20.5,UP84DF9003,DRV389,1184.0
TRP009419,MANDI-003,WH-South,24-Apr-2026 17:01:42,04-25-2026 03:43 PM,22.7,HR16AB2091,,971.8
TRP009125,MANDI-005,WH-South,26/06/2026 08:35,26/06/2026 12:35,,DL51DF7517,DRV125,164.3
TRP000466,MANDI-014,WH-South,03-Feb-2026 12:31:29,04/02/2026,,UP90DF9533,DRV141,905.5
TRP004029,MANDI-015,WH-West,05-04-2026 09:38 PM,05/05/2026 02:38,5.0,HR79CD2078,DRV248,280.0
TRP004192,MANDI-026,WH-South,07-08-2026 10:32 PM,09/07/2026 16:14,17.7,UP67AB8227,DRV961,987.9
TRP009356,MANDI-011,Export-Terminal,17/03/2026 13:41,18/03/2026 09:29,19.8,HR88BC3606,,1159.396759639316
TRP009476,MANDI-021,WH-North,2026-05-07 11:52:06,05-07-2026 06:52 PM,7.0,PB11AB3408,DRV803,389.49891140203
TRP005270,MANDI-042,WH-North,2026-03-12 01:23:09,2026-03-12 08:23:09,7.0,DL26CD7062,DRV640,377.5
TRP007541,MANDI-012,WH-South,2026-09-02T08:42:52,02/09/2026 21:30,,PB53AB6049,DRV532,578.99838177606
TRP007803,MANDI-006,WH-East,08/06/2026,,8.3,RJ43DF4296,DRV587,486.4
TRP006897,MANDI-039,WH-Central,2026-03-28 16:34:42,29/03/2026 08:16,15.7,PB92BC3344,DRV678,755.4
TRP000746,MANDI-015,WH-East,2026-01-16T16:07:56,01-17-2026 08:13 AM,16.1,DL98CD7048,DRV134,881.0
TRP005851,MANDI-008,WH-West,05-14-2026 12:36 PM,2026-05-15 06:36:11,,,DRV555,861.297592787082
TRP008442,MANDI-002,WH-West,18-Feb-2026 08:05:59,19-Feb-2026 03:47:59,19.7,HR30BC2683,DRV112,985.6
TRP006865,MANDI-038,WH-South,13-Feb-2026 20:03:38,14/02/2026,4.8,,DRV590,204.0
TRP008285,MANDI-048,Export-Terminal,22-Feb-2026 01:14:10,22-Feb-2026 05:32:10,4.3,RJ33BC6256,DRV716,208.9
TRP000711,MANDI-037,WH-South,2026-07-05 06:50:50,07-05-2026 03:20 PM,8.5,HR67AB7005,,466.0
TRP000380,MANDI-015,WH-East,2026-06-10 19:03:09,,,PB35CD5887,DRV627,731.5
TRP006930,MANDI-021,WH-West,2026-06-12T05:21:40,2026-06-12 21:27:40,16.1,UP22DF5707,DRV435,810.1
TRP007273,MANDI-056,Export-Terminal,17/02/2026,18/02/2026 18:40,22.3,DL61CD9242,DRV538,1287.6
TRP009216,MANDI-005,Export-Terminal,15/07/2026 19:38,2026-07-16 16:08:44,20.5,PB49DF2765,DRV107,1080.896979035826
TRP007786,MANDI-036,WH-South,2026-01-07T07:59:19,2026-01-07 13:11:19,5.2,HR56AB8342,DRV345,289.2
TRP007758,MANDI-001,WH-East,2026-08-14 01:01:45,14-Aug-2026 04:37:45,3.6,HR17AB4953,DRV764,162.6
TRP007923,MANDI-046,WH-West,2026-03-04 12:16:38,05/03/2026 00:58,12.7,PB90CD8860,DRV356,
TRP004348,MANDI-054,WH-East,2026-06-21T08:02:39,22/06/2026,17.0,UP45BC1683,DRV298,989.2972350450019
TRP008094,MANDI-014,WH-North,04-14-2026 10:24 AM,15-Apr-2026 06:12:55,19.8,RJ49AB8148,DRV746,936.5
TRP002120,MANDI-036,WH-South,2026-07-05T05:09:46,05/07/2026 23:27,18.3,,,968.6
TRP008595,MANDI-029,Export-Terminal,24/07/2026 15:25,2026-07-25 08:19:52,16.9,PB56AB9038,DRV764,705.0
TRP007274,MANDI-040,WH-West,25/08/2026 01:05,,16.9,PB73DF6300,DRV821,788.8
TRP008368,MANDI-037,WH-West,02-02-2026 05:56 PM,2026-02-03T00:56:45,7.0,RJ78DF1809,DRV210,322.99909726021997
TRP007769,MANDI-033,WH-Central,06-05-2026 07:13 AM,05/06/2026 14:43,7.5,PB43BC4973,DRV698,305.9
TRP007513,MANDI-004,WH-South,09-04-2026 03:34 AM,2026-09-04T15:10:55,11.6,PB90DF1744,,498.8
TRP005545,MANDI-030,WH-East,2026-05-07 10:58:09,,11.9,HR92AB9172,DRV123,
TRP001314,MANDI-025,WH-North,08-15-2026 04:00 PM,2026-08-16 01:30:58,9.5,PB45DF6708,,404.2
TRP006188,MANDI-026,WH-East,2026-03-04 09:40:56,04/03/2026 11:46,2.1,HR23DF6752,DRV945,92.099742593394
TRP006081,MANDI-008,WH-North,23/04/2026 14:02,23/04/2026 20:20,6.3,PB62CD5157,DRV602,286.5
TRP006152,MANDI-030,WH-North,03-15-2026 12:30 AM,15/03/2026 22:06,21.6,DL34BC4813,DRV898,1018.9
TRP002389,MANDI-008,Export-Terminal,2026-09-06T11:08:00,2026-09-06T21:32:00,10.4,,DRV191,605.1
TRP003288,MANDI-046,WH-West,28/07/2026 05:20,2026-07-28 21:14:07,15.9,,,888.1
TRP005936,MANDI-038,Export-Terminal,25/07/2026,25-Jul-2026 17:17:25,11.7,HR29AB7041,DRV385,
TRP002139,MANDI-013,WH-South,12/02/2026 06:27,,,RJ70AB6904,DRV703,287.9
TRP001286,MANDI-023,Export-Terminal,06/06/2026 16:00,06-Jun-2026 19:24:36,3.4,DL61BC7004,DRV694,197.9
TRP004774,MANDI-036,WH-East,2026-02-14 15:04:22,15/02/2026 10:58,19.9,RJ23AB3423,DRV785,814.49772358653
TRP005993,MANDI-007,WH-South,2026-04-04 16:02:21,2026-04-05T10:44:21,18.7,UP23AB2464,DRV909,824.6
TRP001350,MANDI-010,WH-Central,2026-09-03T03:05:40,03/09/2026 17:05,14.0,HR75BC3138,DRV164,624.6
TRP003446,MANDI-036,WH-West,01-11-2026 07:19 AM,11/01/2026 18:37,11.3,,DRV745,500.6
TRP005703,MANDI-039,Export-Terminal,2026-07-24T11:22:55,2026-07-24T22:04:55,10.7,RJ85DF1690,DRV308,537.0
TRP006927,MANDI-028,Export-Terminal,06/02/2026 04:24,06/02/2026 17:00,12.6,,,569.3
TRP005886,MANDI-050,WH-West,2026-07-04 01:12:50,2026-07-04T08:24:50,7.2,RJ26BC9920,,311.4
TRP000428,MANDI-008,WH-East,2026-03-03T15:18:37,2026-03-04T01:18:37,10.0,DL29DF3176,DRV180,411.49884991511
TRP000654,MANDI-023,WH-North,23-Aug-2026 22:52:01,24/08/2026 06:10,7.3,UP62BC7516,DRV365,426.9
TRP008427,MANDI-004,Export-Terminal,2026-04-06T06:00:24,07-Apr-2026 03:36:24,21.6,PB97DF7355,DRV665,1275.4
TRP002151,MANDI-022,WH-North,2026-02-05 19:41:58,2026-02-06T03:23:58,7.7,UP78BC5974,DRV555,309.59913471134405
TRP008296,MANDI-013,WH-West,09/02/2026 15:41,,20.2,PB95AB3510,DRV973,884.9
TRP007671,MANDI-051,WH-Central,2026-02-10 15:35:41,11-Feb-2026 01:29:41,9.9,HR48DF9576,DRV440,445.4
TRP008267,MANDI-006,WH-West,2026-07-08T18:18:48,2026-07-08 22:30:48,,UP11DF9291,DRV660,198.5
TRP003858,MANDI-026,WH-North,18-Jul-2026 21:12:42,19/07/2026,,DL76DF5744,DRV478,648.8
TRP005175,MANDI-027,WH-South,12/05/2026,2026-05-12 10:29:25,5.6,,DRV871,276.4
TRP008635,MANDI-040,WH-North,06-27-2026 03:35 PM,2026-06-27T17:53:20,2.3,HR62BC1719,DRV881,115.5
TRP007943,MANDI-019,Export-Terminal,23-Jun-2026 20:27:53,24/06/2026 13:57,,RJ66CD5141,,1043.4
TRP007471,MANDI-041,WH-South,02-10-2026 07:43 AM,2026-02-11T03:13:32,19.5,,DRV758,879.4
TRP003388,MANDI-013,WH-South,18-Apr-2026 06:08:08,2026-04-18T23:50:08,17.7,HR32CD6594,DRV521,745.3
TRP004925,MANDI-026,WH-Central,2026-04-25 14:42:57,,4.0,HR32BC7899,DRV866,230.8
TRP000612,MANDI-041,WH-West,2026-05-16 04:05:35,16/05/2026 18:35,14.5,RJ85CD8313,DRV690,743.9
TRP004748,MANDI-029,WH-East,2026-06-06T10:55:16,2026-06-06 23:55:16,13.0,UP17CD9370,DRV353,610.5
TRP005528,MANDI-004,WH-West,26/03/2026,27-Mar-2026 01:15:42,18.4,HR76BC6756,DRV199,
TRP007021,MANDI-022,Export-Terminal,2026-04-09T23:00:45,10-Apr-2026 17:00:45,18.0,DL35DF5394,DRV599,813.2
TRP007062,MANDI-005,WH-East,2026-02-05T07:40:56,2026-02-05 14:04:56,6.4,DL38BC2971,DRV201,327.3
TRP004576,MANDI-045,WH-North,09-May-2026 23:10:12,2026-05-10 02:34:12,3.4,UP74BC2029,DRV145,
TRP006576,MANDI-030,WH-North,2026-01-27 04:39:14,,20.6,DL73BC2035,DRV579,1005.5
TRP001119,MANDI-031,WH-North,16-Jun-2026 10:23:46,2026-06-16 13:05:46,,UP76DF3899,DRV498,140.5
TRP000555,MANDI-031,WH-West,02-27-2026 12:35 PM,28/02/2026 05:53,17.3,PB72AB6003,DRV731,783.8
TRP007775,MANDI-023,WH-Central,2026-07-31 23:07:09,01-Aug-2026 11:01:09,11.9,HR51DF1885,,588.398355504376
TRP000512,MANDI-025,WH-East,24-May-2026 10:22:45,05-24-2026 08:40 PM,10.3,DL85DF1401,DRV294,542.6
TRP007170,MANDI-055,Export-Terminal,05-28-2026 02:00 PM,,20.4,HR69CD5714,DRV675,1152.2
TRP007546,MANDI-002,WH-East,23-Apr-2026 16:37:13,24/04/2026,15.9,,DRV859,644.8
TRP000968,MANDI-052,Export-Terminal,24/07/2026 18:24,2026-07-24T20:42:28,2.3,HR22AB3593,DRV507,131.2
TRP008562,MANDI-036,WH-South,03-01-2026 09:02 PM,2026-03-02 07:44:12,10.7,,DRV318,545.9
TRP002514,MANDI-032,WH-West,11/06/2026 15:43,12/06/2026 03:25,11.7,DL33AB5714,,
TRP006750,MANDI-042,WH-East,2026-05-01 21:41:28,2026-05-02T21:11:28,23.5,UP57AB8580,DRV561,1163.5
TRP002237,MANDI-002,Export-Terminal,26/08/2026 15:28,27/08/2026,,PB32AB3822,DRV215,856.9
TRP007387,MANDI-044,WH-East,04-Aug-2026 15:24:24,04/08/2026 21:00,5.6,RJ64BC3305,DRV762,313.4
TRP009461,MANDI-026,Export-Terminal,07-May-2026 12:59:10,08/05/2026 00:35,11.6,DL33BC2256,,470.1
TRP008291,MANDI-004,WH-East,2026-05-06T13:39:25,2026-05-07 12:27:25,22.8,PB65BC1624,DRV190,1193.1
TRP006481,MANDI-044,WH-West,08-14-2026 08:35 PM,08-15-2026 05:47 AM,,,DRV786,529.4
TRP005654,MANDI-002,WH-Central,2026-05-30T08:05:36,2026-05-30T11:35:36,3.5,RJ53BC6241,DRV988,149.4
TRP009014,MANDI-036,WH-East,2026-05-06 20:43:21,,3.9,RJ47CD1077,DRV622,202.9
TRP008808,MANDI-053,WH-East,04-11-2026 08:52 AM,2026-04-12T06:16:19,,DL79BC5589,DRV420,1230.8
TRP007563,MANDI-057,WH-South,03-29-2026 03:04 AM,2026-03-29 18:34:29,15.5,,DRV469,772.8
TRP002458,MANDI-057,Export-Terminal,03-08-2026 10:07 AM,2026-03-09T01:37:02,15.5,,DRV630,919.0
TRP006484,MANDI-046,WH-East,2026-06-17T11:38:52,2026-06-18 03:50:52,,HR50BC4410,DRV354,725.5
TRP005825,MANDI-037,WH-South,2026-05-08 04:29:15,2026-05-09T00:47:15,20.3,DL58DF7320,DRV649,960.5
TRP005222,MANDI-047,WH-South,07-May-2026 17:30:13,08/05/2026 01:54,8.4,HR74DF8711,DRV804,450.7
TRP007169,MANDI-008,WH-East,18/03/2026 18:57,19-Mar-2026 06:03:31,11.1,DL74BC3688,,455.298727500242
TRP007970,MANDI-055,WH-East,22/01/2026,2026-01-23 03:46:53,23.0,UP38BC4980,DRV255,1012.6
TRP001110,MANDI-004,WH-Central,03-20-2026 02:42 PM,2026-03-21 13:12:59,22.5,PB83AB3784,DRV470,
TRP006246,MANDI-010,Export-Terminal,2026-06-23 22:21:32,2026-06-24 12:57:32,14.6,HR32AB8091,DRV715,
TRP005528,MANDI-004,WH-West,26/03/2026,27-Mar-2026 01:15:42,18.4,HR76BC6756,DRV199,
TRP001039,MANDI-051,WH-North,09-01-2026 07:22 PM,01-Sep-2026 22:40:08,3.3,UP57BC6637,,174.3
TRP000021,MANDI-050,WH-South,10/05/2026 16:27,2026-05-11T12:21:30,19.9,RJ54DF3193,DRV246,1044.3
TRP004138,MANDI-049,WH-North,31-Jul-2026 13:16:10,01-Aug-2026 05:34:10,,,DRV856,865.5
TRP002499,MANDI-033,Export-Terminal,06/01/2026 13:24,,4.8,UP63BC5210,,
TRP004956,MANDI-018,Export-Terminal,04-06-2026 06:18 AM,06/04/2026 23:24,17.1,HR14BC4388,DRV204,748.9
TRP002964,MANDI-004,WH-South,2026-04-07 10:19:28,08/04/2026 01:07,14.8,DL51AB7822,DRV765,634.2
TRP000935,MANDI-003,Export-Terminal,22/04/2026 23:03,2026-04-23 12:15:21,13.2,UP23AB8261,DRV677,712.0
TRP009465,MANDI-004,WH-West,2026-02-08 10:59:27,,2.4,RJ43AB5020,DRV567,103.6
TRP004129,MANDI-051,WH-South,04/07/2026 15:22,2026-07-05T12:58:42,21.6,,,1079.3
TRP000395,MANDI-043,Export-Terminal,2026-01-27T17:19:17,2026-01-27 19:37:17,2.3,RJ19DF5563,DRV668,102.299714085822
TRP002466,MANDI-027,WH-West,2026-05-27 04:43:14,2026-05-27T15:31:14,10.8,UP69DF1814,DRV859,599.4
TRP001738,MANDI-044,WH-Central,05/08/2026,2026-08-06 14:42:09,21.2,HR95BC5790,,1101.1
TRP000562,MANDI-026,WH-West,05-18-2026 06:50 AM,18/05/2026,16.6,DL77CD7017,DRV382,748.7
TRP001163,MANDI-029,WH-West,05/02/2026 14:06,,18.8,RJ50BC1499,DRV342,1034.4
TRP009574,MANDI-010,WH-East,08-04-2026 07:13 PM,05/08/2026,16.5,PB64BC7969,DRV158,676.7
TRP009046,MANDI-023,WH-South,2026-07-09T14:45:56,2026-07-10 13:51:56,,RJ86DF8368,,
TRP003210,MANDI-005,WH-South,2026-08-31T10:04:06,01/09/2026 09:28,23.4,DL50CD8371,DRV584,1215.2
TRP001528,MANDI-049,WH-North,08-10-2026 05:39 PM,2026-08-11 05:03:21,11.4,PB99CD9691,DRV689,506.5
TRP006654,MANDI-029,WH-North,2026-07-09 16:21:20,07-09-2026 09:57 PM,5.6,PB80BC2503,DRV850,240.3
TRP009862,MANDI-046,WH-West,2026-08-09T00:52:08,09/08/2026 18:22,17.5,UP39CD2038,DRV606,911.6
TRP000059,MANDI-053,WH-East,09-03-2026 03:03 AM,03-Sep-2026 05:39:41,2.6,UP79BC8578,DRV941,109.1
TRP002192,MANDI-057,WH-South,01-23-2026 12:13 AM,23/01/2026,11.8,DL48AB4945,,579.8
TRP008313,MANDI-044,WH-North,02-04-2026 08:39 AM,2026-02-04 16:09:44,7.5,HR90BC2935,DRV313,303.2
TRP002738,MANDI-044,WH-North,16/04/2026,17/04/2026 14:33,23.1,,,1290.8
TRP006572,MANDI-056,WH-West,24-May-2026 17:47:41,25/05/2026 17:05,23.3,DL10BC8687,DRV884,1343.1
TRP002465,MANDI-032,WH-South,2026-04-16T22:22:33,17/04/2026 01:16,2.9,PB80CD2152,DRV265,119.3
TRP003992,MANDI-032,WH-North,2026-07-07T10:13:01,,9.1,UP97AB1740,DRV522,376.9
TRP004485,MANDI-013,WH-South,2026-07-28T15:06:17,29/07/2026 09:00,17.9,DL64AB2644,DRV195,1054.3
TRP005663,MANDI-046,WH-Central,03/07/2026 11:15,07-04-2026 05:57 AM,18.7,RJ65CD2599,DRV222,1100.796923418112
TRP004717,MANDI-023,WH-East,18-Feb-2026 10:24:19,02-18-2026 12:24 PM,2.0,HR64BC2212,DRV343,100.6
TRP000415,MANDI-038,WH-North,2026-09-08T19:24:56,09/09/2026,11.8,PB73CD4615,DRV433,586.3
TRP009878,MANDI-002,WH-Central,22/07/2026 17:23,23/07/2026 09:17,15.9,PB48AB9972,DRV770,855.7
TRP008044,MANDI-052,WH-Central,19-May-2026 08:50:36,20-May-2026 02:08:36,17.3,PB27CD7272,DRV547,
TRP002983,MANDI-018,WH-West,11-Jul-2026 21:00:11,12-Jul-2026 14:54:11,,UP86DF3736,DRV276,727.2
TRP007338,MANDI-010,WH-South,16/02/2026 16:03,17-Feb-2026 02:57:42,10.9,RJ94BC4726,,571.99840134008
TRP005610,MANDI-029,WH-South,2026-01-19 21:11:59,,15.6,RJ59BC9138,,930.4
TRP009895,MANDI-038,WH-Central,2026-02-26T11:59:54,26/02/2026,11.8,DL88BC5170,DRV301,677.098107600294
TRP005737,MANDI-051,WH-North,03-16-2026 06:29 AM,16/03/2026,11.7,RJ82AB7832,DRV307,501.5
TRP006907,MANDI-009,WH-North,2026-03-19 11:06:02,2026-03-19 18:42:02,7.6,RJ78AB9148,DRV707,427.9
TRP004984,MANDI-005,WH-South,2026-05-29T16:11:43,29-May-2026 19:11:43,3.0,,DRV308,
TRP001898,MANDI-008,WH-South,2026-07-06 06:03:52,,4.2,UP93CD6381,DRV176,219.9993851308
TRP006974,MANDI-038,WH-Central,16/06/2026 17:23,,4.2,DL52BC5906,DRV219,196.4
TRP007342,MANDI-010,WH-East,08-06-2026 04:03 AM,,21.9,HR30AB5686,DRV816,1175.4
TRP009395,MANDI-046,WH-Central,14-Aug-2026 10:12:16,2026-08-14T17:18:16,7.1,RJ66AB4048,DRV774,389.9
TRP007603,MANDI-007,WH-North,08-26-2026 03:36 PM,2026-08-26 23:12:17,7.6,HR16DF9651,DRV798,317.5
TRP008329,MANDI-009,WH-East,2026-02-06 13:54:06,07-Feb-2026 05:06:06,,,DRV435,612.9
TRP001818,MANDI-003,WH-Central,2026-05-16T17:02:02,2026-05-17T00:44:02,7.7,RJ58AB1256,DRV369,348.6
TRP001938,MANDI-045,WH-Central,07/09/2026 14:31,08/09/2026 14:25,23.9,HR82BC6999,DRV479,1043.0
TRP004973,MANDI-053,Export-Terminal,26/06/2026 09:14,,4.6,RJ77DF4120,DRV293,
TRP002073,MANDI-021,WH-North,06-16-2026 08:38 PM,,13.6,RJ86AB2432,,742.6
TRP001727,MANDI-045,WH-North,28/04/2026 00:08,2026-04-28 18:32:57,18.4,PB91BC1247,DRV378,974.2
TRP001048,MANDI-019,WH-North,01/01/2026,02/01/2026 09:20,10.3,UP55CD6311,DRV286,518.298551424062
TRP009563,MANDI-044,WH-Central,2026-03-24T23:45:09,25/03/2026,7.9,PB14CD8797,,432.8
TRP003947,MANDI-041,WH-East,03/01/2026 02:33,03/01/2026 04:45,2.2,DL48DF3701,DRV230,93.3
TRP008695,MANDI-029,WH-North,07/01/2026 07:20,2026-01-07 17:26:45,10.1,DL44AB2270,DRV522,438.098775571834
TRP000767,MANDI-019,WH-East,2026-04-14T11:50:16,04-14-2026 03:32 PM,3.7,,,190.5
TRP001145,MANDI-006,WH-West,12-Jun-2026 14:45:43,12-Jun-2026 23:21:43,8.6,RJ32BC3908,DRV483,360.0
TRP008027,MANDI-050,WH-Central,21/01/2026,22/01/2026 02:34,12.6,,DRV220,553.2
TRP002426,MANDI-048,WH-North,2026-03-13 08:12:51,13-Mar-2026 19:18:51,11.1,DL84AB5852,DRV570,454.1
TRP004608,MANDI-043,WH-Central,18-Jul-2026 00:37:07,18/07/2026 20:55,20.3,RJ68DF6360,DRV874,1124.9
TRP005795,MANDI-020,WH-South,2026-06-21T11:39:44,,23.6,,DRV947,1390.6
TRP008366,MANDI-053,WH-West,04-16-2026 04:25 AM,2026-04-17T02:19:23,21.9,PB70CD4372,DRV366,1208.8
TRP003048,MANDI-024,WH-East,11/06/2026 10:30,11/06/2026 15:18,4.8,,DRV887,199.2
TRP008824,MANDI-015,WH-West,10/07/2026 22:29,11/07/2026,2.3,PB44DF9979,DRV163,101.2
TRP008397,MANDI-046,WH-Central,2026-06-14 02:47:25,15-Jun-2026 00:47:25,,HR13AB5890,DRV194,1198.5
TRP002674,MANDI-037,WH-South,2026-05-09 08:28:16,,13.9,PB54BC7573,DRV604,556.6
TRP000829,MANDI-043,WH-North,09-07-2026 12:32 PM,2026-09-08 09:14:45,20.7,,DRV849,
TRP007079,MANDI-029,WH-North,2026-01-05 10:51:10,05-Jan-2026 21:39:10,10.8,,DRV426,495.4
TRP001673,MANDI-043,WH-West,18/05/2026 05:45,18/05/2026 08:57,3.2,PB21DF9280,DRV645,167.0
TRP003035,MANDI-039,WH-Central,04-Mar-2026 20:43:10,2026-03-05T13:55:10,17.2,HR41BC1824,DRV254,1001.4
TRP006265,MANDI-029,WH-West,2026-05-01 12:23:00,,,DL35BC3927,DRV716,235.1
TRP007873,MANDI-044,WH-North,04-28-2026 09:27 AM,29/04/2026,,,DRV578,976.7972699807519
TRP002358,MANDI-037,WH-South,26/01/2026 07:41,2026-01-26 14:11:00,6.5,HR89AB9617,DRV568,389.4
TRP008293,MANDI-037,WH-Central,27/02/2026,2026-02-28 10:06:48,21.8,UP37BC2677,DRV883,
TRP007524,MANDI-048,WH-Central,2026-06-01T00:49:43,2026-06-01T13:49:43,13.0,PB85CD4848,DRV791,629.1
TRP002046,MANDI-038,WH-East,09/06/2026 09:48,2026-06-09T23:48:43,14.0,,DRV812,825.3
TRP006791,MANDI-030,WH-South,03-18-2026 06:50 PM,2026-03-19 16:56:58,22.1,UP72CD5623,DRV610,1249.6
TRP009628,MANDI-031,WH-South,2026-06-03 16:08:23,2026-06-04 09:50:23,17.7,DL72AB6782,DRV473,1021.9
TRP002814,MANDI-013,WH-East,2026-01-15T11:25:11,2026-01-16 06:55:11,19.5,DL75BC4198,,981.1
TRP001296,MANDI-011,Export-Terminal,2026-04-03T10:21:05,03/04/2026,4.5,HR92BC4097,DRV349,210.3
TRP009228,MANDI-034,WH-North,05/09/2026 12:08,2026-09-06T02:32:15,14.4,UP91AB8186,DRV758,765.9
TRP000592,MANDI-002,WH-East,2026-01-30 04:42:40,01-30-2026 02:42 PM,10.0,RJ64BC1355,,562.6
TRP000222,MANDI-057,WH-West,2026-06-04T02:21:06,,4.0,,DRV211,238.899332307946
TRP005961,MANDI-004,WH-North,28/06/2026 18:05,2026-06-29 13:59:20,19.9,HR90AB4081,DRV583,1190.096673837114
TRP006131,MANDI-042,WH-East,29-Apr-2026 03:39:46,29-Apr-2026 10:09:46,6.5,HR64BC3096,DRV578,311.3
TRP004818,MANDI-003,Export-Terminal,03-08-2026 08:27 AM,2026-03-08T22:57:56,14.5,UP96CD8171,DRV831,803.6
TRP000859,MANDI-037,WH-South,2026-05-07 08:23:08,08/05/2026,22.5,HR69CD2690,DRV489,1045.2970785328419
TRP007638,MANDI-014,WH-Central,07/04/2026 19:55,,22.2,DL89CD9770,DRV300,984.9
TRP005437,MANDI-020,Export-Terminal,2026-07-12 17:05:31,13/07/2026 13:53,20.8,RJ77CD2726,DRV766,1007.0
TRP005088,MANDI-057,WH-West,22/02/2026,22/02/2026 22:51,22.0,PB39BC8534,DRV377,1267.9
TRP000842,MANDI-037,WH-West,05/04/2026 17:39,06/04/2026 01:45,8.1,DL22DF3513,DRV516,
TRP009509,MANDI-027,WH-South,04/07/2026,2026-07-05 08:32:50,11.6,,,551.7
TRP002767,MANDI-017,Export-Terminal,2026-02-15 11:17:42,16/02/2026,23.3,HR88AB4307,DRV219,1065.5
TRP007913,MANDI-056,WH-South,12-Aug-2026 23:08:50,08-13-2026 04:32 AM,5.4,,DRV421,
TRP000995,MANDI-022,WH-South,31/05/2026,2026-05-31T10:30:51,5.0,RJ46DF8779,,237.4
TRP005677,MANDI-045,WH-South,04-06-2026 09:27 PM,2026-04-07 20:03:08,22.6,,DRV909,1150.1
TRP001555,MANDI-017,WH-East,05-02-2026 08:09 PM,2026-05-03 03:33:31,7.4,HR91DF7769,DRV637,411.9
TRP005578,MANDI-002,Export-Terminal,10/03/2026 07:55,10/03/2026,10.1,UP24BC7719,DRV300,
TRP002621,MANDI-030,WH-North,2026-04-27 18:37:53,2026-04-27 23:31:53,,UP23AB8722,,201.1
TRP009176,MANDI-039,WH-North,08-23-2026 10:10 AM,23-Aug-2026 16:28:17,6.3,RJ41AB8637,DRV736,302.3
TRP002516,MANDI-030,WH-Central,2026-07-08T21:20:40,2026-07-09 02:02:40,4.7,,DRV268,194.8
TRP002545,MANDI-043,WH-West,2026-03-18 07:13:40,18-Mar-2026 14:37:40,,UP26AB1359,,306.9
TRP008135,MANDI-039,WH-South,2026-09-04T13:48:19,04/09/2026 19:54,6.1,,DRV441,354.2
TRP004851,MANDI-049,WH-North,04-07-2026 03:01 AM,08/04/2026 01:07,22.1,PB81CD2197,,886.0
TRP008096,MANDI-039,WH-Central,2026-06-25T19:14:32,26/06/2026 18:02,22.8,,DRV949,1234.196550583788
TRP006621,MANDI-009,Export-Terminal,28/01/2026 07:21,01-28-2026 12:27 PM,5.1,,DRV618,297.6
TRP007489,MANDI-036,WH-South,29-Apr-2026 06:46:30,2026-04-30 04:04:30,,,DRV540,1126.9968501927801
TRP008841,MANDI-003,WH-Central,2026-04-05 20:42:21,04-06-2026 05:54 PM,21.2,UP66DF4106,,
TRP000401,MANDI-026,WH-South,21-Jan-2026 11:29:05,2026-01-22 04:11:05,16.7,,,807.6
TRP003140,MANDI-013,WH-West,30/04/2026,01/05/2026,14.6,,DRV556,
TRP006977,MANDI-005,WH-Central,14-Jan-2026 14:42:57,15/01/2026 14:30,23.8,PB54CD7651,DRV682,1124.4
TRP003725,MANDI-007,WH-East,01-19-2026 12:36 PM,2026-01-20 06:24:17,17.8,UP99CD5539,DRV252,842.9
TRP002338,MANDI-049,Export-Terminal,2026-08-20T02:21:16,20/08/2026,19.2,,DRV584,851.5
TRP006966,MANDI-024,WH-West,2026-08-12T02:05:38,12/08/2026 10:11,8.1,RJ47BC6663,DRV724,456.2
TRP003816,MANDI-044,Export-Terminal,04-06-2026 03:47 AM,2026-04-06 17:41:57,13.9,UP37CD1154,,707.0
TRP000060,MANDI-043,WH-East,07-02-2026 08:51 PM,2026-07-03 16:51:25,20.0,PB51AB9125,DRV643,986.99724147318
TRP005821,MANDI-048,Export-Terminal,26/02/2026 12:56,,3.3,RJ33AB4868,DRV526,170.0
TRP008679,MANDI-039,WH-Central,2026-03-04 18:05:31,03-04-2026 11:05 PM,5.0,PB70CD6321,DRV406,274.0
TRP003405,MANDI-032,WH-East,04-07-2026 11:21 PM,2026-04-08 11:57:27,12.6,RJ52AB5994,DRV376,705.1
TRP004128,MANDI-011,WH-North,2026-07-31 12:40:22,01-Aug-2026 01:34:22,12.9,UP47DF7860,DRV489,719.0
TRP001329,MANDI-051,WH-North,03-13-2026 08:56 PM,03-14-2026 06:44 PM,21.8,UP31CD4579,DRV859,1135.8
TRP002612,MANDI-006,Export-Terminal,16/07/2026 14:53,2026-07-17 11:23:44,20.5,DL43DF9037,DRV986,938.7
TRP002390,MANDI-041,WH-South,13-Feb-2026 04:30:34,2026-02-13 07:48:34,3.3,,DRV193,179.699497763658
TRP003621,MANDI-026,WH-West,2026-05-23T11:19:10,05-23-2026 08:43 PM,9.4,UP43BC6801,DRV301,
TRP005557,MANDI-035,WH-East,2026-06-17T04:09:11,06-17-2026 04:15 PM,12.1,UP18CD8420,,634.7
TRP001551,MANDI-010,WH-South,2026-01-03T18:43:22,2026-01-04 00:19:22,5.6,HR66DF3745,,
TRP001010,MANDI-050,WH-West,2026-03-23 12:30:29,24-Mar-2026 12:12:29,23.7,DL80DF1772,DRV465,1234.1
TRP001613,MANDI-051,WH-South,2026-04-28 17:32:39,29-Apr-2026 13:32:39,20.0,HR24DF9806,DRV693,813.2977269403619
TRP003016,MANDI-047,Export-Terminal,2026-04-24T08:37:17,2026-04-24 14:43:17,6.1,DL46AB1020,,284.6
TRP006381,MANDI-016,WH-North,26-Mar-2026 21:41:49,03-27-2026 03:29 PM,17.8,PB26BC6019,DRV138,992.3
TRP000649,MANDI-041,WH-North,05-Apr-2026 21:16:08,2026-04-06 20:40:08,23.4,RJ72BC5040,,1075.7
TRP000880,MANDI-012,WH-West,06/04/2026,07/04/2026,13.4,HR90DF4165,DRV155,763.5
TRP003618,MANDI-041,WH-East,23/01/2026,,6.3,PB19BC8264,,324.8
TRP008382,MANDI-029,WH-West,03-Jul-2026 15:07:56,07-04-2026 08:43 AM,17.6,DL32AB4013,DRV181,867.3
TRP005467,MANDI-007,WH-South,2026-05-05T11:08:26,2026-05-06 06:56:26,19.8,HR54BC8341,DRV149,1114.1
TRP000551,MANDI-001,WH-South,03-23-2026 02:30 PM,,21.5,RJ34AB4269,DRV587,951.5
TRP009030,MANDI-011,WH-West,2026-08-08T01:48:45,08-Aug-2026 08:48:45,7.0,UP47DF1970,DRV846,355.0
TRP003882,MANDI-045,WH-East,03-07-2026 09:49 AM,03-07-2026 01:01 PM,3.2,,DRV409,166.9
TRP004081,MANDI-021,WH-East,05/09/2026 01:42,05/09/2026,21.5,RJ34BC7889,DRV654,999.3
TRP006433,MANDI-033,WH-South,30/05/2026 11:03,30-May-2026 14:57:21,3.9,UP25BC8512,DRV555,216.0
TRP000212,MANDI-045,WH-North,05-May-2026 22:20:21,,12.2,HR81DF5679,DRV334,
TRP002863,MANDI-032,WH-North,11/05/2026,11/05/2026 18:19,16.4,RJ77AB8089,,761.9
TRP004519,MANDI-035,WH-South,13/03/2026 14:59,,17.8,,DRV879,890.7
TRP009978,MANDI-045,Export-Terminal,2026-04-13 16:59:16,2026-04-13T20:29:16,3.5,PB40CD9808,DRV512,
TRP001439,MANDI-018,WH-East,23/03/2026 23:50,,15.9,,,890.7
TRP007230,MANDI-054,WH-Central,2026-07-02 00:45:10,07-02-2026 08:33 PM,19.8,UP84DF5617,,997.797211288692
TRP000697,MANDI-043,WH-South,2026-06-01 19:47:08,06-02-2026 09:11 AM,13.4,HR80AB2680,DRV345,612.298288707222
TRP007052,MANDI-043,WH-Central,29/04/2026 05:16,2026-04-30T02:58:32,21.7,PB63DF8462,,878.5
TRP005401,MANDI-016,WH-South,2026-06-29 06:47:17,29/06/2026,3.5,UP23CD7285,,
TRP001315,MANDI-004,Export-Terminal,2026-05-12 14:58:06,13/05/2026 11:10,20.2,RJ79CD7871,DRV263,
TRP008168,MANDI-038,WH-East,23-Jul-2026 09:39:03,23/07/2026,2.4,UP44CD8237,DRV680,128.89963974254601
TRP005423,MANDI-051,WH-South,11-May-2026 15:56:59,2026-05-12 11:50:59,19.9,RJ43BC3880,DRV196,833.9
TRP000013,MANDI-004,Export-Terminal,07-12-2026 09:52 PM,2026-07-13 06:40:09,8.8,DL99DF7094,DRV762,354.7
TRP005141,MANDI-027,Export-Terminal,12/01/2026,2026-01-13 02:25:39,8.3,UP64BC8037,DRV282,474.2
TRP007283,MANDI-019,WH-North,05/01/2026,05/01/2026,14.0,UP73CD9726,DRV602,674.4
TRP001347,MANDI-034,WH-North,2026-03-19 13:07:28,2026-03-20T03:37:28,14.5,,DRV157,666.3
TRP009000,MANDI-056,WH-North,20/07/2026,20-Jul-2026 20:04:28,11.0,UP72AB3304,DRV332,471.3
TRP000454,MANDI-049,WH-West,2026-01-17T05:48:38,17/01/2026 20:48,15.0,HR77DF9065,DRV434,672.3
TRP005538,MANDI-031,WH-West,2026-07-19 03:17:12,2026-07-19T06:47:12,,RJ41BC5641,DRV683,144.6
TRP005894,MANDI-043,WH-East,02-14-2026 06:13 AM,,13.0,HR95BC6740,DRV359,523.8
TRP002459,MANDI-049,WH-West,2026-08-09 19:00:26,2026-08-10 08:18:26,13.3,PB68DF9709,DRV247,726.5
TRP009080,MANDI-001,WH-East,2026-03-03T10:26:50,,20.3,HR82DF8954,DRV660,
TRP007064,MANDI-009,Export-Terminal,25/05/2026 12:16,26/05/2026 05:10,16.9,RJ95CD4009,DRV698,
TRP000038,MANDI-056,WH-North,02-15-2026 03:17 AM,15/02/2026,19.5,DL50BC9760,,1022.5
TRP001044,MANDI-019,WH-South,26-Aug-2026 12:13:54,08-26-2026 04:43 PM,4.5,DL73DF6913,DRV301,220.2
TRP004904,MANDI-045,WH-North,2026-02-19 09:55:52,2026-02-19 17:43:52,7.8,HR44CD4654,,325.6
TRP000941,MANDI-049,WH-West,2026-05-16T21:56:23,17/05/2026 17:56,20.0,PB12DF9176,DRV627,980.9
TRP009258,MANDI-032,WH-South,08-26-2026 11:17 AM,26/08/2026 21:11,9.9,DL91AB8665,DRV290,486.2
TRP003990,MANDI-038,WH-Central,12-Jan-2026 00:29:04,,17.7,HR65DF5919,DRV802,820.6
TRP003974,MANDI-046,WH-West,2026-03-09T03:40:05,2026-03-10T01:28:05,21.8,RJ51DF3258,DRV885,
TRP000539,MANDI-031,WH-West,24-Feb-2026 09:44:33,25-Feb-2026 08:08:33,22.4,RJ63AB7866,DRV377,974.7972755704719
TRP006334,MANDI-048,Export-Terminal,01-10-2026 02:30 PM,11/01/2026 12:24,21.9,UP85BC8850,DRV690,1089.3
TRP008721,MANDI-004,WH-West,2026-02-03T00:13:58,03/02/2026 08:19,8.1,PB42DF3417,DRV213,457.1
TRP001401,MANDI-021,WH-North,03-Jul-2026 14:10:30,04/07/2026 10:40,20.5,PB43BC9930,DRV358,980.8
TRP009085,MANDI-003,WH-Central,03/03/2026 09:27,04/03/2026 06:27,21.0,,DRV723,851.8
TRP005861,MANDI-021,Export-Terminal,01-01-2026 03:18 PM,2026-01-02T09:18:53,18.0,RJ94DF9004,DRV803,1075.9
TRP009011,MANDI-040,Export-Terminal,15/05/2026,2026-05-15 19:37:33,12.2,HR94BC2050,DRV110,553.3
TRP006045,MANDI-001,WH-South,2026-04-01 15:59:01,2026-04-02T01:53:01,9.9,DL24DF9759,,520.3
TRP009662,MANDI-004,WH-West,08-22-2026 09:50 AM,2026-08-22T12:26:04,2.6,HR90AB5204,DRV127,112.8
TRP004227,MANDI-050,WH-East,2026-05-07 06:32:13,05-07-2026 08:26 PM,13.9,PB87BC5420,DRV618,642.6
TRP006696,MANDI-022,WH-Central,09/04/2026 22:02,2026-04-10T05:50:43,7.8,DL43BC9567,DRV701,430.2
TRP004402,MANDI-017,WH-North,02-18-2026 07:16 PM,02-19-2026 05:10 PM,21.9,,DRV914,1007.7
TRP004103,MANDI-006,Export-Terminal,29/07/2026,30/07/2026,16.6,HR25CD2769,DRV528,
TRP002520,MANDI-057,WH-South,14/06/2026,2026-06-15 03:07:14,18.4,RJ25DF4006,DRV666,823.697697873818
TRP009969,MANDI-006,WH-East,29-May-2026 20:10:41,30-May-2026 13:10:41,17.0,DL89DF7794,DRV524,802.2
TRP003622,MANDI-027,Export-Terminal,2026-04-12 13:04:50,13-Apr-2026 11:34:50,22.5,DL13CD3252,DRV529,1327.99628842592
TRP008523,MANDI-045,Export-Terminal,03-09-2026 09:44 PM,2026-03-10T04:08:31,6.4,UP99AB7236,DRV850,326.8
TRP009417,MANDI-031,WH-North,04/03/2026 23:42,2026-03-05 04:06:04,4.4,PB58AB6031,DRV453,236.49933901561
TRP005122,MANDI-003,WH-Central,2026-06-05T11:15:40,2026-06-05 14:21:40,3.1,,DRV979,
TRP001740,MANDI-031,WH-North,02-Jul-2026 21:23:19,03/07/2026,8.7,PB70BC3166,DRV619,
TRP003071,MANDI-021,WH-Central,01/02/2026 05:27,01/02/2026 16:09,10.7,,DRV477,633.5
TRP009368,MANDI-017,WH-South,2026-09-06T00:34:09,06/09/2026 13:52,13.3,UP59DF2448,DRV475,561.5984304066241
TRP008661,MANDI-027,WH-East,09/01/2026,2026-01-10 18:26:34,20.4,DL16DF7050,DRV142,964.1
TRP000766,MANDI-024,WH-East,01-Sep-2026 01:38:53,01-Sep-2026 06:02:53,4.4,DL68CD8432,DRV199,242.8
TRP006238,MANDI-012,WH-Central,09/01/2026 23:34,01-10-2026 07:46 PM,,PB11CD1285,DRV109,1063.8
TRP007696,MANDI-045,WH-North,2026-03-19 18:46:24,,4.1,HR62BC5815,,236.5
TRP003111,MANDI-025,WH-Central,06-10-2026 04:37 AM,,5.6,RJ56CD4424,DRV953,
TRP001564,MANDI-035,WH-Central,2026-08-23T19:29:18,08-24-2026 02:41 PM,19.2,DL18AB4966,,977.5
TRP003245,MANDI-035,WH-Central,2026-02-16 21:30:16,17-Feb-2026 19:42:16,22.2,HR30CD4579,DRV546,
TRP002413,MANDI-038,WH-Central,08-06-2026 01:42 PM,2026-08-06 19:48:41,6.1,PB37CD8767,DRV272,
TRP009227,MANDI-038,WH-Central,2026-05-06 18:51:57,2026-05-07T07:51:57,13.0,DL50DF3737,DRV478,603.3
TRP004282,MANDI-035,WH-North,2026-03-29T09:58:49,2026-03-29T21:28:49,11.5,,DRV674,502.4
TRP004541,MANDI-046,WH-North,23/06/2026 04:13,2026-06-23 17:55:14,13.7,DL35CD8429,DRV272,748.1
TRP008475,MANDI-020,WH-South,02-Mar-2026 06:24:47,2026-03-03 04:42:47,22.3,PB40CD9672,DRV635,1009.797177750372
TRP009308,MANDI-014,WH-East,01-12-2026 02:39 PM,2026-01-13 00:03:54,9.4,RJ59AB4572,DRV985,
TRP009645,MANDI-053,WH-South,26/02/2026,,11.6,,DRV754,536.7
TRP006293,MANDI-018,WH-West,08-23-2026 03:04 PM,24-Aug-2026 13:46:04,22.7,HR53AB6808,DRV114,1220.1
TRP002454,MANDI-004,WH-East,2026-04-11T17:08:14,2026-04-12 06:02:14,12.9,PB11AB3986,DRV817,615.8
TRP007714,MANDI-003,WH-East,22/07/2026,07-22-2026 04:31 PM,5.0,UP12DF1729,,225.5
TRP009486,MANDI-014,WH-East,06-10-2026 08:35 AM,06-11-2026 04:11 AM,19.6,RJ39DF6979,DRV852,913.097448013334
TRP002524,MANDI-007,WH-East,01/07/2026 09:50,2026-07-01 23:26:15,13.6,HR89CD9866,DRV484,
TRP009029,MANDI-024,Export-Terminal,13-Mar-2026 17:47:06,2026-03-14T12:59:06,19.2,PB71CD2744,DRV718,1015.7
TRP002679,MANDI-055,WH-Central,06-22-2026 01:36 AM,22/06/2026,3.4,PB70BC9755,DRV405,181.5
TRP009585,MANDI-032,Export-Terminal,2026-03-23 18:43:47,24/03/2026 09:31,14.8,HR26CD8961,DRV668,
TRP002214,MANDI-043,WH-North,2026-02-14 03:23:37,,5.7,DL52AB8444,DRV916,
TRP000834,MANDI-013,Export-Terminal,05/05/2026 15:15,06/05/2026 07:51,16.6,,DRV717,908.9
TRP007092,MANDI-005,WH-West,2026-04-10T12:41:12,2026-04-11 03:23:12,14.7,DL26BC1092,DRV328,705.2
TRP008769,MANDI-011,WH-Central,30/03/2026,2026-03-31T01:56:13,16.1,,,715.7979994392119
TRP006024,MANDI-029,Export-Terminal,09/06/2026 20:15,10/06/2026,16.5,HR59BC1940,DRV448,893.3
TRP007095,MANDI-048,WH-West,03/01/2026 15:51,2026-01-03 19:33:02,3.7,UP55BC6992,DRV125,185.0
TRP005502,MANDI-008,WH-South,2026-02-24T21:18:29,25/02/2026 16:00,,HR51AB7615,DRV469,881.4
TRP009192,MANDI-018,Export-Terminal,04-18-2026 04:52 AM,18/04/2026 10:52,6.0,DL65AB6855,DRV903,247.199309110608
TRP008917,MANDI-003,WH-North,2026-04-21 11:45:26,22-Apr-2026 01:57:26,14.2,DL46CD3638,,
TRP008758,MANDI-001,WH-South,22/01/2026 02:44,2026-01-22T18:14:00,15.5,RJ76CD5101,DRV137,866.6
TRP006850,MANDI-009,WH-South,2026-02-12T03:56:25,2026-02-13 00:32:25,20.6,RJ67BC4835,DRV462,1121.5
TRP002914,MANDI-012,WH-East,2026-02-05 01:13:31,05-Feb-2026 03:25:31,2.2,DL68AB2330,DRV826,104.6
TRP004468,MANDI-023,WH-Central,10/07/2026 17:01,,6.2,PB69AB8005,DRV307,254.2
TRP009407,MANDI-027,WH-East,2026-05-06 05:23:54,06/05/2026 16:59,11.6,UP86BC6347,DRV637,543.7
TRP008346,MANDI-033,WH-North,2026-05-19 17:53:47,,17.5,UP99CD1669,DRV835,1027.4
TRP007819,MANDI-052,WH-Central,01-25-2026 03:36 PM,2026-01-25 20:30:44,,,DRV847,284.9992034649
TRP006456,MANDI-004,WH-East,2026-03-28 16:34:59,2026-03-28T20:34:59,4.0,DL69DF1412,DRV420,237.3
TRP001198,MANDI-032,WH-South,01/04/2026 17:54,2026-04-02T03:36:11,9.7,DL56BC1810,DRV407,578.1
TRP008617,MANDI-044,WH-West,2026-03-23 21:31:03,24/03/2026,3.7,PB93BC4075,DRV968,172.1
TRP003486,MANDI-010,WH-East,31/05/2026 14:55,2026-06-01 13:49:46,22.9,,DRV915,1243.3
TRP006919,MANDI-027,WH-East,29/03/2026,29/03/2026,9.7,HR69AB8571,DRV964,539.2
TRP001430,MANDI-028,Export-Terminal,06-Jan-2026 06:14:56,2026-01-07T04:32:56,22.3,UP94CD3336,DRV562,1311.796333702652
TRP006647,MANDI-028,WH-Central,2026-07-15T06:25:53,07-15-2026 08:55 AM,,UP16CD4485,DRV268,131.59963219642398
TRP006973,MANDI-029,WH-West,2026-06-26 13:55:44,2026-06-26 23:19:44,,RJ55DF5989,DRV946,440.7
TRP001154,MANDI-006,WH-West,2026-07-20 09:40:29,2026-07-20 13:46:29,4.1,UP24BC3804,DRV689,187.99947456632
TRP008380,MANDI-012,WH-Central,30/04/2026 17:36,01/05/2026,20.4,HR68CD4540,DRV744,1015.7
TRP005029,MANDI-021,WH-North,11-Feb-2026 20:02:17,,4.7,HR36DF4284,DRV196,213.0
TRP006859,MANDI-021,Export-Terminal,2026-08-20 11:39:08,21/08/2026 09:33,21.9,HR18AB3494,DRV551,1123.9
TRP008575,MANDI-040,WH-East,11/05/2026 05:32,11/05/2026 16:26,10.9,DL47BC8081,DRV649,607.6983015635781
TRP004011,MANDI-004,WH-South,12-Jun-2026 17:34:20,2026-06-12T22:04:20,4.5,UP38BC6670,DRV947,256.1
TRP000965,MANDI-016,WH-South,18/06/2026 16:18,19-Jun-2026 13:48:00,21.5,DL50CD8232,DRV612,951.5
TRP005077,MANDI-038,Export-Terminal,2026-03-31 08:01:23,,9.8,,DRV778,508.3
TRP006102,MANDI-038,WH-North,08-17-2026 08:50 PM,2026-08-18T14:32:02,17.7,HR91DF5193,DRV237,867.7
TRP003046,MANDI-057,WH-East,15/06/2026 22:39,2026-06-16 13:09:59,14.5,UP48DF8322,DRV520,671.9
TRP002378,MANDI-042,Export-Terminal,2026-09-08 01:05:08,2026-09-08 03:59:08,,HR51AB2709,DRV240,147.6
TRP001484,MANDI-021,WH-South,09/04/2026,2026-04-09 22:48:51,14.6,,DRV592,739.3
TRP007402,MANDI-054,WH-Central,2026-04-21 12:12:33,22/04/2026,13.0,HR75BC6484,DRV826,643.6
TRP007177,MANDI-050,WH-South,2026-01-17T10:58:34,2026-01-17T19:40:34,,DL28DF3274,DRV735,419.4
TRP005968,MANDI-008,WH-East,24/08/2026 09:42,2026-08-25 00:12:42,14.5,PB72DF5284,DRV950,716.1
TRP001427,MANDI-041,WH-North,05-28-2026 05:22 PM,2026-05-28T20:34:46,3.2,PB89AB2774,DRV652,170.7
TRP004004,MANDI-015,Export-Terminal,05-29-2026 12:26 AM,29-May-2026 02:56:15,2.5,UP36CD7056,DRV560,144.7
TRP002179,MANDI-051,WH-South,06-13-2026 09:52 PM,14-Jun-2026 06:58:47,9.1,DL29CD1924,DRV364,439.8
TRP006127,MANDI-043,Export-Terminal,2026-04-10 04:31:27,,2.7,HR41AB8355,DRV910,154.9
TRP008694,MANDI-055,WH-South,2026-08-13 17:42:23,2026-08-14 01:30:23,7.8,PB41CD4964,DRV838,377.3
TRP001058,MANDI-032,WH-Central,2026-06-14T15:16:08,2026-06-15T02:28:08,11.2,HR60AB6859,DRV621,485.5
TRP004581,MANDI-048,WH-South,2026-04-13 18:09:54,2026-04-14T16:57:54,22.8,DL82CD5117,DRV327,1141.5
TRP005921,MANDI-036,WH-West,2026-01-29T06:43:30,29-Jan-2026 11:31:30,4.8,HR85DF4525,DRV388,285.4
TRP003306,MANDI-014,WH-North,29-Jun-2026 20:53:58,29/06/2026 23:11,2.3,HR66AB5883,DRV676,112.6
TRP008700,MANDI-033,Export-Terminal,2026-08-31 01:11:38,31/08/2026 22:35,21.4,RJ44DF2169,DRV398,954.2
TRP003273,MANDI-011,Export-Terminal,2026-03-18 13:18:35,18/03/2026 19:06,5.8,PB95AB5726,DRV972,236.2
TRP008877,MANDI-016,WH-South,10-Feb-2026 08:18:59,02-10-2026 10:30 PM,,DL77BC2468,,694.7
TRP001545,MANDI-007,WH-East,20-Jun-2026 14:49:02,,11.5,RJ56CD4678,DRV649,513.9
TRP003483,MANDI-033,WH-East,2026-02-23T23:30:49,02-24-2026 08:24 AM,8.9,UP38DF3944,DRV137,387.7
TRP006860,MANDI-046,WH-Central,11-Jan-2026 23:01:58,12-Jan-2026 16:01:58,17.0,HR41AB7380,,
TRP008854,MANDI-048,WH-North,2026-01-07 11:56:48,07-Jan-2026 21:02:48,9.1,UP83CD6782,DRV942,434.49878563333
TRP004454,MANDI-032,WH-East,05/07/2026 15:40,2026-07-06 04:52:20,13.2,DL98CD5309,DRV612,538.9
TRP000725,MANDI-047,WH-North,11-Aug-2026 11:30:58,12/08/2026 09:54,22.4,UP85AB2635,DRV163,1216.4
TRP004699,MANDI-012,WH-Central,16/08/2026,2026-08-17 10:33:02,18.4,RJ33DF9849,,798.4
TRP005994,MANDI-038,WH-Central,04/01/2026 17:35,05/01/2026 00:05,6.5,HR22AB9328,DRV394,263.3
TRP001128,MANDI-029,WH-South,2026-03-15T03:39:34,2026-03-16 02:57:34,23.3,DL93AB2213,DRV434,1177.0
TRP004148,MANDI-011,WH-South,16/04/2026 14:26,17/04/2026 14:02,23.6,,,1016.7
TRP005637,MANDI-017,WH-South,2026-03-19 15:13:02,03-19-2026 06:19 PM,,,DRV207,173.4
TRP005258,MANDI-019,WH-South,04-25-2026 12:04 AM,,11.8,PB40DF2805,DRV247,489.398632195516
TRP003551,MANDI-035,Export-Terminal,31-Aug-2026 00:21:03,2026-08-31T23:21:03,23.0,RJ77BC3173,DRV559,
TRP006168,MANDI-017,WH-South,29-Jan-2026 03:29:53,2026-01-29 15:11:53,,,,566.7
TRP004884,MANDI-024,WH-West,2026-01-02 13:56:03,01-02-2026 11:32 PM,9.6,HR83AB8535,DRV853,533.7
TRP009452,MANDI-033,WH-Central,2026-06-30 16:07:29,30-Jun-2026 21:49:29,5.7,DL17BC8801,DRV205,299.199163777888
TRP001562,MANDI-008,WH-North,24/08/2026 12:10,25/08/2026,16.4,PB61CD9547,,946.6
TRP003610,MANDI-007,WH-Central,23-Feb-2026 09:47:44,24/02/2026,20.1,PB64CD7546,DRV142,1152.6
TRP005067,MANDI-011,Export-Terminal,18/02/2026 01:31,2026-02-18T06:43:35,5.2,,DRV844,307.1
TRP002639,MANDI-047,WH-North,2026-03-10 14:04:28,2026-03-10 22:04:28,8.0,HR91BC1796,DRV636,468.9
TRP005271,MANDI-025,WH-South,04/03/2026 10:05,2026-03-05T08:17:47,22.2,PB65AB6614,DRV812,1276.9
TRP005995,MANDI-027,WH-East,02/04/2026 17:06,03/04/2026,15.0,PB61AB4246,DRV811,852.6
TRP003945,MANDI-043,WH-South,2026-05-31 21:33:07,01/06/2026,9.3,,DRV901,557.9
TRP007031,MANDI-034,WH-North,2026-09-09T02:29:04,,2.5,HR34AB7641,DRV512,117.89967048600602
TRP002920,MANDI-012,WH-Central,2026-04-30 03:15:00,30-Apr-2026 20:09:00,16.9,RJ64AB9966,,710.8
TRP009399,MANDI-017,WH-West,04-03-2026 11:28 AM,03-Apr-2026 19:28:02,8.0,RJ71AB7504,DRV915,474.398674118416
TRP006815,MANDI-053,WH-Central,2026-08-13T04:18:38,13/08/2026,13.1,RJ50DF1646,DRV994,542.4
TRP008225,MANDI-006,Export-Terminal,05-Sep-2026 07:41:27,05/09/2026 13:53,6.2,UP30DF3900,DRV464,331.4
TRP006761,MANDI-054,Export-Terminal,06-Apr-2026 15:55:33,07-Apr-2026 05:25:33,13.5,PB11DF9385,DRV247,803.6
TRP006046,MANDI-044,WH-West,28-Jul-2026 05:17:13,2026-07-28T13:35:13,8.3,HR54CD4705,DRV180,403.2
TRP008618,MANDI-002,WH-Central,2026-07-10T23:37:37,07-11-2026 06:19 AM,6.7,,DRV674,331.3
TRP007385,MANDI-003,WH-East,10/06/2026,10/06/2026 22:01,16.6,PB74AB6042,DRV703,987.1972409142081
TRP009040,MANDI-025,WH-East,30/05/2026 14:38,30-May-2026 23:38:09,9.0,,DRV184,514.4
TRP001393,MANDI-011,WH-North,2026-04-12T18:45:29,04-13-2026 07:21 AM,12.6,HR57AB6282,DRV482,
TRP000753,MANDI-032,WH-West,2026-08-23T01:27:20,23/08/2026,21.5,HR18BC1783,DRV128,1183.0
TRP007612,MANDI-014,Export-Terminal,19/04/2026 20:07,20-Apr-2026 05:13:46,9.1,PB63CD7141,,379.8
TRP006106,MANDI-009,WH-North,2026-07-26 17:18:49,2026-07-27T00:48:49,,RJ95DF6989,DRV117,373.0
TRP004878,MANDI-007,WH-Central,08-10-2026 10:30 PM,2026-08-11 16:12:56,17.7,PB62BC8616,DRV730,763.1
TRP008716,MANDI-044,WH-West,25-Jun-2026 05:59:30,25/06/2026 14:23,,,DRV587,431.0
TRP000018,MANDI-022,WH-North,13/06/2026 05:46,06-14-2026 02:34 AM,20.8,,DRV658,
TRP001771,MANDI-026,WH-East,12/01/2026 11:52,,2.6,PB78BC2348,DRV838,155.699564840298
TRP001889,MANDI-017,Export-Terminal,07/02/2026,2026-02-07 10:19:30,,UP45AB1387,DRV797,
TRP001643,MANDI-039,Export-Terminal,03/08/2026 01:00,03/08/2026 10:54,,UP63AB6028,DRV222,491.6
TRP002317,MANDI-050,WH-East,2026-01-07 14:01:37,,13.7,PB45CD1750,DRV809,731.6
TRP000133,MANDI-050,Export-Terminal,2026-09-09T04:56:03,,12.3,PB16AB6063,DRV243,535.5
TRP005314,MANDI-055,WH-North,2026-08-08 15:57:18,08-Aug-2026 23:39:18,7.7,RJ67CD4759,DRV182,326.8
TRP002928,MANDI-018,WH-South,2026-04-06T14:02:35,04-06-2026 09:14 PM,7.2,RJ73AB7277,,
TRP004627,MANDI-057,WH-West,13/04/2026,13-Apr-2026 09:22:06,6.5,,DRV825,289.8
TRP008345,MANDI-021,WH-Central,2026-07-29 00:03:05,07-29-2026 07:33 AM,7.5,UP16CD6401,DRV126,331.0
TRP001096,MANDI-045,WH-East,22/08/2026,08-23-2026 06:40 AM,14.2,PB87CD9717,,687.0
TRP003694,MANDI-008,Export-Terminal,2026-05-22T05:54:21,2026-05-22 11:42:21,5.8,RJ83DF9556,DRV300,304.7
TRP009951,MANDI-042,WH-West,2026-08-01 12:03:07,02/08/2026,,DL86DF1266,,535.2
TRP000528,MANDI-040,Export-Terminal,30/03/2026 19:19,2026-03-31 03:25:01,8.1,UP80AB1348,DRV497,
TRP007832,MANDI-039,WH-West,2026-06-03 13:04:38,04-Jun-2026 11:28:38,22.4,PB20DF4502,DRV924,1064.9
TRP002003,MANDI-010,Export-Terminal,01/06/2026 17:52,2026-06-02 06:22:39,12.5,HR15BC6661,,702.898035492906
TRP004140,MANDI-047,WH-South,06-16-2026 06:11 AM,2026-06-16 10:05:10,3.9,UP12DF1736,DRV258,221.3
TRP000169,MANDI-001,WH-Central,02-15-2026 08:24 PM,2026-02-16T09:48:03,13.4,UP16DF6756,DRV605,
TRP006438,MANDI-025,WH-Central,01-24-2026 06:54 AM,01-24-2026 09:30 PM,14.6,DL29CD9757,DRV413,635.2
TRP001920,MANDI-001,Export-Terminal,10/03/2026 02:24,11/03/2026,21.9,UP91BC3951,DRV974,1171.5
TRP000702,MANDI-032,WH-North,2026-01-01T08:51:49,2026-01-02 03:45:49,,UP55CD8213,DRV804,1098.8969287283462
TRP006957,MANDI-013,Export-Terminal,2026-07-12T05:09:28,07-12-2026 09:45 AM,4.6,PB27BC8465,DRV514,257.7
TRP007416,MANDI-054,WH-East,2026-03-10 18:44:40,11/03/2026,,RJ54BC1891,DRV466,1285.3
TRP003296,MANDI-052,WH-Central,26/05/2026 01:33,2026-05-27 00:15:35,,UP84CD9531,,1222.3
TRP004133,MANDI-034,WH-North,2026-01-18T07:31:31,01-19-2026 02:43 AM,19.2,DL32AB7765,DRV268,925.5
TRP009124,MANDI-015,WH-Central,2026-02-19 22:34:56,02-20-2026 07:40 PM,21.1,,DRV580,971.7
TRP009692,MANDI-018,WH-South,07-11-2026 06:47 AM,,2.9,PB13BC1384,DRV974,163.7
TRP000773,MANDI-040,WH-South,18/05/2026,19-May-2026 04:08:20,12.5,PB87AB5828,DRV448,592.8
TRP001299,MANDI-057,Export-Terminal,2026-07-12 22:12:29,13-Jul-2026 06:00:29,7.8,,DRV540,343.699039406618
TRP007181,MANDI-012,WH-West,27/06/2026,06-27-2026 03:12 PM,14.6,UP94CD8003,DRV848,856.8
TRP001353,MANDI-009,WH-West,04-19-2026 04:27 PM,04-19-2026 08:33 PM,4.1,UP21BC4455,DRV654,
TRP004727,MANDI-052,WH-Central,21/06/2026 05:14,06-21-2026 04:56 PM,11.7,DL36BC5617,,514.3
TRP008040,MANDI-048,WH-East,01-19-2026 11:24 AM,2026-01-20 06:30:05,19.1,UP85CD6644,DRV375,1038.2
TRP001288,MANDI-052,WH-North,07-21-2026 12:09 AM,2026-07-21 03:51:12,,,DRV296,196.0
TRP006367,MANDI-001,WH-South,06/03/2026 02:32,03-06-2026 07:20 AM,4.8,HR83DF2906,DRV267,216.4
TRP006956,MANDI-037,WH-East,26/06/2026 08:27,2026-06-26 13:21:06,4.9,DL66AB2618,DRV248,243.1
TRP003376,MANDI-034,WH-West,28/08/2026 08:58,,16.5,RJ21DF4785,DRV921,915.3
TRP004416,MANDI-046,WH-North,21/02/2026,2026-02-21 11:37:14,6.4,RJ28CD5387,DRV725,341.1
TRP002014,MANDI-037,WH-Central,2026-08-19T09:31:42,20-Aug-2026 04:37:42,19.1,UP22AB7003,DRV642,959.1
TRP009281,MANDI-005,Export-Terminal,2026-08-08 09:19:07,09-Aug-2026 00:37:07,15.3,UP70AB6744,,678.3
TRP008732,MANDI-036,WH-West,05-09-2026 04:57 AM,2026-05-09 13:51:14,8.9,DL68AB5212,DRV308,446.3
TRP006326,MANDI-008,WH-North,16-Jul-2026 06:24:59,16/07/2026 17:12,,UP68AB8116,DRV899,468.9
TRP004760,MANDI-032,WH-East,21/08/2026 17:13,2026-08-21T19:43:02,2.5,PB64CD6385,,
TRP007729,MANDI-040,WH-Central,14/01/2026,15/01/2026 12:21,20.3,PB53AB4650,DRV815,942.9
TRP002148,MANDI-008,WH-South,2026-08-01 11:14:10,2026-08-01 23:20:10,12.1,HR46AB1821,DRV149,650.5
TRP005913,MANDI-045,WH-West,2026-03-01 18:53:52,2026-03-02 02:29:52,7.6,RJ44DF3189,DRV518,
TRP007304,MANDI-048,WH-Central,2026-04-16 12:01:19,17-Apr-2026 10:19:19,22.3,UP38BC8331,DRV479,1080.8
TRP007743,MANDI-040,WH-South,18/02/2026 14:38,,13.1,,DRV533,765.7
TRP000450,MANDI-050,WH-South,28-Jul-2026 19:23:49,07-29-2026 09:47 AM,14.4,UP95BC3350,DRV458,
TRP004186,MANDI-019,WH-Central,2026-05-19 21:56:21,05-20-2026 09:32 AM,11.6,PB97BC2942,DRV458,
TRP001563,MANDI-013,WH-East,2026-04-28 00:26:03,,17.3,RJ17CD4192,DRV860,1007.4
TRP009117,MANDI-027,WH-Central,04-Aug-2026 04:07:18,2026-08-04 07:01:18,2.9,RJ56BC9716,DRV848,149.5
TRP000811,MANDI-024,WH-South,09/01/2026 03:20,09/01/2026 12:14,8.9,UP91CD9043,DRV336,362.3
TRP003128,MANDI-001,WH-East,2026-05-14T12:32:15,15-May-2026 05:20:15,16.8,HR27CD3087,DRV102,953.9
TRP004082,MANDI-047,WH-West,2026-02-18T14:25:17,2026-02-19 10:07:17,19.7,DL41BC3365,,864.0
TRP003937,MANDI-056,WH-West,01/07/2026,2026-07-02T07:08:37,13.2,,DRV316,693.9
TRP004685,MANDI-054,Export-Terminal,12/02/2026,13/02/2026 01:16,15.1,PB18BC1866,DRV503,617.6
TRP008400,MANDI-008,Export-Terminal,2026-05-21 20:10:38,05-22-2026 08:22 AM,,RJ48AB3556,DRV102,568.0
TRP006423,MANDI-043,Export-Terminal,2026-06-21 07:53:45,22-Jun-2026 01:11:45,17.3,PB42CD6562,DRV217,742.5
TRP009587,MANDI-025,WH-West,2026-02-01 13:30:10,2026-02-02 07:30:10,18.0,,,795.1
TRP007324,MANDI-003,WH-Central,07-04-2026 12:48 AM,2026-07-04 05:18:50,4.5,UP43DF7630,DRV183,231.8
TRP001478,MANDI-028,WH-North,2026-08-24 06:44:05,2026-08-24 16:32:05,9.8,DL63BC9102,DRV948,491.0
TRP001791,MANDI-022,Export-Terminal,2026-09-04 20:00:54,2026-09-05T16:06:54,20.1,HR48DF6079,,1088.0
TRP002334,MANDI-028,WH-West,2026-01-02 19:37:05,2026-01-03 03:55:05,8.3,RJ60AB1922,DRV144,353.8
TRP002009,MANDI-017,WH-Central,26-Aug-2026 04:39:21,,16.2,HR96DF1380,DRV856,826.397690327696
TRP000683,MANDI-001,WH-East,09/06/2026 11:51,2026-06-10 01:21:44,13.5,UP41DF3672,DRV204,789.1977942964879
TRP009317,MANDI-035,Export-Terminal,27-Feb-2026 02:55:59,27-Feb-2026 18:01:59,15.1,DL93DF4122,DRV708,859.1
TRP007911,MANDI-003,WH-South,2026-04-07 23:26:55,04-08-2026 07:32 PM,20.1,PB34CD1693,DRV557,1197.0
TRP002523,MANDI-029,WH-East,2026-01-02 13:00:56,03-Jan-2026 02:54:56,13.9,HR63DF1579,DRV720,824.9976942405
TRP000058,MANDI-007,WH-South,04-27-2026 11:18 PM,28/04/2026 07:06,7.8,,DRV863,390.7
TRP006462,MANDI-021,WH-East,2026-06-16 06:43:02,2026-06-16T16:01:02,9.3,HR19DF6174,DRV433,490.398629400656
TRP004512,MANDI-015,WH-South,2026-05-17 04:35:57,,8.5,RJ97DF9124,,431.2
TRP003782,MANDI-043,WH-South,25/08/2026 14:52,2026-08-25T20:58:31,6.1,DL78AB4941,,272.0
TRP007564,MANDI-018,Export-Terminal,2026-02-02T01:20:14,2026-02-02T16:32:14,15.2,DL24CD9223,DRV741,650.798181105112
TRP008837,MANDI-049,WH-West,03-29-2026 06:33 AM,29-Mar-2026 22:21:47,,RJ83CD9315,DRV781,800.8
TRP000047,MANDI-029,WH-North,20-Apr-2026 02:05:19,2026-04-20T10:59:19,8.9,DL68AB6783,,411.9
TRP000031,MANDI-023,Export-Terminal,2026-08-16 08:45:50,17/08/2026,22.7,RJ57CD7952,DRV124,1263.8964675764462
TRP004588,MANDI-020,WH-Central,2026-08-05T09:43:13,08-05-2026 05:43 PM,8.0,,,342.0
TRP007774,MANDI-006,WH-Central,24/07/2026,07-25-2026 05:26 AM,12.0,DL47DF6109,DRV589,545.4
TRP001469,MANDI-051,WH-West,14/08/2026 21:59,08-15-2026 07:59 AM,10.0,DL88AB4476,DRV559,477.8
TRP001666,MANDI-044,WH-Central,06/02/2026 14:03,2026-02-07 07:39:10,17.6,HR54DF1566,DRV873,1010.9
TRP001417,MANDI-010,WH-East,12-Mar-2026 13:20:04,2026-03-12T15:32:04,2.2,DL34BC8934,DRV941,116.299674957782
TRP002803,MANDI-039,Export-Terminal,2026-03-03T02:45:04,03-03-2026 03:45 PM,13.0,PB80AB9703,DRV798,614.6
TRP002359,MANDI-034,WH-South,2026-03-26T21:43:17,27/03/2026 13:31,,DL47DF4581,DRV776,936.8
TRP003740,MANDI-051,WH-Central,26/02/2026 23:18,2026-02-27 15:54:07,16.6,RJ95BC6057,DRV314,871.8
TRP002923,MANDI-022,WH-West,2026-08-27 05:33:07,27/08/2026 21:51,16.3,HR38BC8725,DRV707,759.4
TRP007882,MANDI-030,Export-Terminal,02/01/2026 06:10,02/01/2026 17:28,11.3,PB82BC9271,,557.6
TRP007250,MANDI-030,WH-West,02-Jan-2026 07:18:53,03-Jan-2026 00:30:53,17.2,,,800.5
TRP000430,MANDI-044,WH-East,17-Apr-2026 21:29:52,18-Apr-2026 09:17:52,11.8,HR97AB4024,DRV353,653.398173838476
TRP006522,MANDI-033,Export-Terminal,08/02/2026 12:04,09/02/2026 00:58,12.9,DL36BC6421,DRV440,606.9983035199799
TRP002496,MANDI-046,WH-East,02-24-2026 11:30 AM,24-Feb-2026 19:24:23,7.9,UP25BC1779,DRV422,
TRP000386,MANDI-028,WH-North,2026-08-17 01:29:21,2026-08-17 14:29:21,13.0,HR56CD4301,DRV468,699.4980449954301
TRP001946,MANDI-022,WH-South,2026-07-02 10:30:21,03/07/2026 08:06,21.6,HR45AB8892,DRV245,1126.8968504722661
TRP008772,MANDI-018,WH-East,30/05/2026 10:23,2026-05-31 03:05:19,,HR12CD1856,DRV911,844.0
TRP009778,MANDI-002,WH-East,13/07/2026 12:30,14/07/2026 02:24,13.9,PB36DF8446,DRV394,742.4
TRP000474,MANDI-005,WH-Central,04-22-2026 10:32 PM,2026-04-23T01:20:22,2.8,UP28AB5247,,156.8
TRP004032,MANDI-039,WH-West,18-Jul-2026 22:26:24,,11.1,RJ35BC8044,DRV890,492.6
TRP009171,MANDI-047,Export-Terminal,2026-04-30T16:34:03,2026-05-01T14:22:03,21.8,DL76AB6288,DRV806,1118.3
TRP007448,MANDI-046,WH-East,2026-01-05 01:37:07,05/01/2026 08:19,6.7,HR70AB2073,DRV574,345.4
TRP007319,MANDI-016,WH-North,2026-04-13 08:48:40,,6.9,DL21AB8973,DRV698,398.3
TRP007620,MANDI-038,WH-East,06-17-2026 04:09 AM,2026-06-17 19:51:09,15.7,,DRV104,911.2
TRP001056,MANDI-037,WH-East,02-Jan-2026 18:00:31,2026-01-03 13:18:31,19.3,HR27AB4032,DRV151,1122.5
TRP002282,MANDI-026,Export-Terminal,21/08/2026 05:32,21/08/2026 13:02,7.5,RJ49DF3472,DRV378,425.6
TRP003849,MANDI-027,WH-Central,31-Jul-2026 01:31:04,31/07/2026 18:55,17.4,DL12CD8905,DRV469,955.5
TRP005019,MANDI-047,WH-East,2026-04-16 01:28:34,16-Apr-2026 15:28:34,14.0,RJ14BC1190,DRV273,658.7
TRP009664,MANDI-015,WH-West,03-03-2026 10:52 AM,03-Mar-2026 18:22:10,,DL78BC5436,DRV443,417.8
TRP006347,MANDI-034,WH-East,16-Mar-2026 00:00:00,16/03/2026 04:24,4.4,PB25CD2687,DRV159,209.5
TRP005849,MANDI-008,WH-West,2026-07-23 08:28:40,2026-07-23 11:22:40,2.9,,DRV779,134.6
TRP000812,MANDI-003,WH-West,2026-04-25 03:19:18,25/04/2026 07:31,4.2,PB54AB7402,DRV685,227.29936472832202
TRP008090,MANDI-033,WH-Central,30-Mar-2026 19:57:58,2026-03-31T01:39:58,5.7,UP65AB7034,DRV613,330.4
TRP007543,MANDI-016,WH-East,01/08/2026 12:46,2026-08-02 06:28:47,17.7,RJ94AB9447,DRV742,958.5
TRP002816,MANDI-049,WH-South,13-Mar-2026 11:24:16,2026-03-13 23:18:16,11.9,HR91DF8380,DRV551,537.1
TRP008825,MANDI-032,WH-North,01-Apr-2026 02:11:01,04-01-2026 06:05 PM,15.9,,DRV110,822.1977020661079
TRP006792,MANDI-042,WH-Central,04-01-2026 09:05 PM,02/04/2026 15:29,18.4,PB78AB7073,,
TRP000112,MANDI-048,WH-North,18-May-2026 01:45:31,2026-05-19 00:27:31,22.7,RJ10BC7198,,1204.6
TRP009268,MANDI-012,WH-West,31/03/2026,01/04/2026 01:45,23.4,RJ83CD5914,DRV913,
TRP006302,MANDI-037,WH-East,2026-02-23 23:26:57,24/02/2026 18:50,19.4,UP34DF6919,DRV368,1005.0
TRP001746,MANDI-027,Export-Terminal,03-Jan-2026 17:12:30,2026-01-04 16:06:30,22.9,,DRV584,1195.2
TRP003182,MANDI-028,WH-Central,2026-05-09 10:49:28,2026-05-09 16:07:28,5.3,RJ18AB8204,DRV206,249.3
TRP001453,MANDI-051,WH-South,2026-04-30T09:29:14,05-01-2026 03:47 AM,18.3,DL64BC7885,DRV825,1008.297181942662
TRP002150,MANDI-004,WH-West,2026-05-19T08:46:14,2026-05-19 12:58:14,4.2,RJ65CD8848,DRV165,
TRP000320,MANDI-036,WH-North,13/06/2026 03:46,13/06/2026 14:34,10.8,RJ76DF3988,DRV140,480.0986581877141
TRP003370,MANDI-008,WH-East,2026-01-07 12:25:22,01-07-2026 04:37 PM,4.2,UP12BC4920,DRV266,225.0
TRP005652,MANDI-010,WH-West,29/08/2026 23:09,2026-08-30 12:03:32,12.9,HR73AB6032,DRV374,724.197975962388
TRP001923,MANDI-054,Export-Terminal,01/09/2026 13:05,02-Sep-2026 00:53:37,11.8,,DRV107,
TRP001576,MANDI-032,WH-West,08-08-2026 09:51 PM,,3.7,DL48AB8973,DRV275,182.0
TRP009241,MANDI-047,WH-Central,23/07/2026 15:46,24/07/2026 09:34,17.8,UP43CD6271,DRV942,835.3
TRP005385,MANDI-017,WH-Central,2026-01-20T10:52:32,20-Jan-2026 19:52:32,9.0,DL50CD9504,DRV173,455.8
TRP008714,MANDI-037,Export-Terminal,2026-01-02 20:56:03,2026-01-03 12:32:03,15.6,DL35BC4901,,746.2
TRP007826,MANDI-005,WH-East,2026-03-26T20:39:25,2026-03-27T09:15:25,12.6,PB46DF3741,DRV429,
TRP002130,MANDI-042,WH-East,2026-01-15T03:44:59,2026-01-15 13:50:59,10.1,,,510.19857406242795
TRP008611,MANDI-011,WH-East,2026-08-18 00:24:37,18-Aug-2026 08:48:37,8.4,RJ36DF6454,DRV365,400.2
TRP005911,MANDI-026,WH-North,04-10-2026 03:32 PM,2026-04-10 19:08:00,3.6,UP45DF5081,DRV918,202.1
TRP006826,MANDI-040,Export-Terminal,2026-02-11 03:14:04,02-11-2026 10:56 AM,7.7,,DRV444,353.799011178532
TRP003419,MANDI-056,WH-West,2026-04-03T08:31:53,04/04/2026,18.8,RJ69DF5160,DRV377,1040.7
TRP008129,MANDI-006,WH-West,2026-07-07 16:23:04,07-08-2026 08:41 AM,16.3,RJ24AB4684,DRV446,681.6
TRP009959,MANDI-036,Export-Terminal,22-Apr-2026 16:21:39,2026-04-23 10:15:39,17.9,DL59BC8097,DRV788,821.397704301996
TRP004190,MANDI-004,Export-Terminal,01-Apr-2026 17:27:51,2026-04-02T13:03:51,19.6,PB55AB5093,DRV753,925.4
TRP009447,MANDI-022,WH-West,2026-01-23 19:29:33,01-24-2026 08:29 AM,13.0,UP20CD1792,,738.3
TRP001053,MANDI-043,WH-East,29-Apr-2026 15:46:12,30-Apr-2026 00:34:12,8.8,PB74BC2204,,486.198641139068
TRP004526,MANDI-021,WH-North,05-20-2026 10:42 PM,2026-05-21 04:24:44,5.7,DL60CD1340,DRV423,308.9
TRP004334,MANDI-044,WH-East,08-30-2026 02:56 AM,2026-08-31 02:08:31,23.2,HR94CD6055,DRV505,1328.3
TRP000100,MANDI-030,WH-East,01-03-2026 02:21 AM,03-Jan-2026 12:39:10,10.3,RJ40AB1128,DRV298,
TRP006985,MANDI-034,WH-East,2026-03-27 17:07:15,,11.6,,DRV887,634.6
TRP001457,MANDI-012,WH-East,2026-03-10 09:33:09,2026-03-10 12:15:09,2.7,PB23BC1165,DRV714,113.7
TRP000362,MANDI-016,WH-Central,03/01/2026 19:54,,13.8,UP76BC3753,DRV638,759.0
TRP000813,MANDI-018,WH-Central,2026-02-14 13:12:09,02-15-2026 12:00 PM,22.8,UP23BC1334,DRV781,1304.1
TRP001093,MANDI-033,Export-Terminal,2026-07-23 22:49:19,24-Jul-2026 22:37:19,23.8,UP71BC1528,DRV759,1107.1
TRP009887,MANDI-036,Export-Terminal,2026-06-27T12:29:24,,17.0,UP66AB3937,DRV126,1009.5
TRP006390,MANDI-007,WH-South,07-Jan-2026 07:54:29,07-Jan-2026 14:12:29,6.3,RJ76BC5703,DRV784,
TRP004296,MANDI-042,Export-Terminal,2026-05-04 04:10:45,2026-05-04 06:40:45,2.5,,DRV132,121.89965930656601
TRP008014,MANDI-014,WH-East,2026-03-21T20:05:06,2026-03-22 14:29:06,18.4,HR21AB3184,DRV521,898.0
TRP009637,MANDI-024,WH-South,06-28-2026 04:34 AM,06-28-2026 01:58 PM,9.4,RJ47AB8851,DRV396,412.1
TRP007048,MANDI-038,WH-West,2026-01-20T15:51:09,21/01/2026 03:39,11.8,RJ86AB3710,DRV801,623.9
TRP005509,MANDI-041,WH-West,01-25-2026 02:23 PM,2026-01-26 13:53:02,23.5,UP38DF5639,DRV652,1155.9
TRP001415,MANDI-046,WH-West,2026-02-22 15:13:44,2026-02-23 08:49:44,17.6,HR90CD2217,DRV571,983.9
TRP000541,MANDI-021,WH-North,01-13-2026 12:09 PM,01-14-2026 07:57 AM,19.8,DL36AB2221,DRV165,1054.8
TRP006346,MANDI-054,WH-West,08-04-2026 11:27 AM,2026-08-05T06:51:25,19.4,,DRV571,980.8
TRP004340,MANDI-027,WH-West,20-Jun-2026 17:10:58,2026-06-21T09:16:58,16.1,PB48AB5641,DRV665,724.0
TRP001147,MANDI-004,WH-East,06/09/2026 06:23,2026-09-06T17:35:05,11.2,,DRV958,477.7
TRP008867,MANDI-020,WH-Central,2026-01-02 21:15:36,03/01/2026 11:57,14.7,HR39AB3667,DRV399,633.4
TRP000755,MANDI-035,WH-Central,05-19-2026 01:20 PM,20-May-2026 03:20:11,14.0,PB30DF7166,DRV939,668.1
TRP007768,MANDI-049,WH-Central,28-May-2026 19:30:57,29-May-2026 16:24:57,20.9,RJ20BC4354,DRV810,1054.1
TRP003308,MANDI-019,Export-Terminal,22/05/2026,2026-05-22 20:47:55,11.6,DL33AB1596,DRV720,599.9
TRP009238,MANDI-055,WH-South,30/06/2026 11:37,2026-07-01T01:07:24,13.5,DL36CD7062,DRV371,730.8
TRP009899,MANDI-021,WH-East,09-05-2026 09:52 PM,09-06-2026 02:40 PM,16.8,RJ92DF7835,DRV248,892.4
TRP009402,MANDI-013,WH-North,2026-04-18 06:39:37,2026-04-18T15:03:37,8.4,RJ93AB1579,DRV669,390.1
TRP006183,MANDI-045,WH-East,2026-01-11 04:32:20,2026-01-12 00:50:20,20.3,,DRV181,1026.9
TRP004346,MANDI-050,WH-North,11/02/2026,2026-02-12 10:13:47,12.3,HR12DF9223,DRV526,567.7
TRP003315,MANDI-031,WH-South,04/04/2026,2026-04-04 22:13:51,14.9,,DRV150,598.6
TRP007733,MANDI-033,WH-West,14/05/2026 15:45,2026-05-15 11:57:53,20.2,HR79DF8185,DRV542,864.5
TRP004462,MANDI-019,Export-Terminal,28/05/2026 02:01,05-28-2026 10:07 AM,8.1,UP91CD9113,DRV933,477.098666572294
TRP006904,MANDI-015,Export-Terminal,09/07/2026 23:15,10/07/2026,20.9,UP47AB1937,DRV634,1051.197062043168
TRP008820,MANDI-003,WH-South,01-11-2026 05:54 PM,11/01/2026 22:12,,DL95CD6583,DRV520,257.4
TRP007486,MANDI-044,WH-South,05-28-2026 06:12 AM,2026-05-29T00:54:59,18.7,HR37BC4150,DRV463,1098.8
TRP006028,MANDI-040,WH-Central,27/07/2026 15:42,2026-07-28T09:24:54,17.7,UP67DF4313,DRV777,825.8
TRP004794,MANDI-019,WH-Central,21/07/2026 05:46,2026-07-21T10:34:06,4.8,PB27CD9966,DRV642,198.8
TRP009793,MANDI-024,WH-North,2026-04-02T22:12:30,03/04/2026,10.0,DL77BC6991,DRV402,452.0
TRP000602,MANDI-023,WH-Central,31/01/2026 00:23,31/01/2026 04:47,4.4,PB23CD3651,DRV580,
TRP002824,MANDI-021,WH-East,04-Apr-2026 16:10:37,2026-04-05 06:10:37,14.0,UP99DF6420,DRV948,670.6
TRP009278,MANDI-039,WH-Central,06-Mar-2026 10:43:44,,18.0,UP72DF9848,DRV500,998.2
TRP003543,MANDI-047,WH-South,26/08/2026 06:51,27/08/2026 05:51,23.0,RJ18BC9691,DRV724,1032.9
TRP005066,MANDI-052,WH-North,18-Apr-2026 15:34:12,2026-04-19 05:40:12,14.1,,DRV880,815.4
TRP009005,MANDI-020,WH-West,2026-08-24 21:07:04,25/08/2026 03:49,6.7,RJ16DF1460,DRV333,336.59905925012407
TRP007952,MANDI-016,WH-Central,06-29-2026 02:21 PM,2026-06-30 04:51:58,,DL66AB2918,DRV823,665.298140579642
TRP005154,MANDI-007,WH-Central,05/02/2026 22:34,06/02/2026 03:46,5.2,DL36DF3766,DRV713,262.799265510792
TRP001045,MANDI-017,WH-North,2026-04-11 03:23:33,04-11-2026 09:53 PM,18.5,PB12CD8418,DRV208,1047.9
TRP007979,MANDI-004,Export-Terminal,2026-02-06T12:46:01,07-Feb-2026 07:10:01,18.4,RJ36BC3059,DRV930,
TRP001558,MANDI-040,WH-West,15/08/2026,16/08/2026 03:42,7.8,DL24DF4049,DRV327,387.5
TRP007269,MANDI-020,WH-South,01-19-2026 11:01 PM,,15.8,UP55AB6123,DRV287,692.8
TRP001488,MANDI-019,WH-North,2026-02-02T08:55:40,02-03-2026 12:07 AM,15.2,DL43CD9360,,885.5
TRP007429,MANDI-008,WH-North,09-Feb-2026 18:16:50,09/02/2026 20:22,2.1,,DRV764,88.8
TRP000181,MANDI-044,WH-North,2026-01-21T03:54:22,21/01/2026 12:00,8.1,UP54AB8674,DRV858,
TRP005932,MANDI-044,WH-Central,02-20-2026 04:13 AM,20/02/2026 22:13,18.0,UP70BC1577,DRV974,
TRP002116,MANDI-017,WH-South,15/01/2026 21:02,,3.2,DL52BC1124,,172.7
TRP001700,MANDI-001,WH-South,30/07/2026,30/07/2026 22:33,21.8,HR12CD4532,DRV949,1043.7
TRP001380,MANDI-007,Export-Terminal,19/02/2026,,12.5,DL15CD4679,DRV633,649.3
TRP009686,MANDI-052,WH-Central,16/05/2026 08:35,17/05/2026 02:05,17.5,HR66CD4030,DRV659,897.6
TRP003678,MANDI-023,WH-Central,2026-01-16 16:27:19,17-Jan-2026 01:21:19,,DL24CD6372,DRV164,430.3
TRP007866,MANDI-014,WH-South,17-Mar-2026 06:12:15,2026-03-17T20:06:15,,,DRV412,742.1979256549082
TRP009877,MANDI-048,WH-West,2026-07-15T07:53:32,15/07/2026,6.0,PB81AB9850,,
TRP000619,MANDI-039,WH-North,26/08/2026 11:57,27/08/2026 02:15,14.3,,DRV335,797.8
TRP009280,MANDI-003,WH-South,28/02/2026,02-28-2026 07:33 AM,,,DRV463,165.5
TRP001374,MANDI-002,WH-West,2026-01-26T10:16:26,,15.6,DL42CD2564,DRV999,785.8
TRP001601,MANDI-054,WH-West,2026-02-08 10:09:13,2026-02-08T13:03:13,,DL45CD8837,DRV358,130.0
TRP006500,MANDI-001,WH-South,31-Mar-2026 08:03:29,2026-03-31T10:27:29,2.4,,DRV259,120.49966321937
TRP001616,MANDI-044,Export-Terminal,27/03/2026 10:32,03-27-2026 04:38 PM,6.1,UP84DF1835,DRV749,327.9
TRP006453,MANDI-009,WH-South,2026-04-18 21:00:40,2026-04-19 01:12:40,4.2,DL90BC9935,DRV127,194.8
TRP000439,MANDI-008,WH-North,29/01/2026,2026-01-30 11:24:13,19.9,,DRV829,1137.3
TRP005713,MANDI-025,Export-Terminal,06-11-2026 06:36 AM,2026-06-11T09:30:49,2.9,DL66BC5235,DRV767,140.4
TRP002084,MANDI-006,WH-Central,06-May-2026 06:04:29,06/05/2026,6.4,UP50AB2792,DRV154,274.8
TRP007355,MANDI-005,WH-South,09/06/2026 06:42,09/06/2026 23:36,16.9,DL44BC5577,DRV259,741.5
TRP003648,MANDI-021,WH-West,2026-08-11 08:20:50,2026-08-11 16:14:50,,PB84AB1478,DRV664,443.2
TRP005598,MANDI-013,WH-Central,05/08/2026,2026-08-06 16:48:01,20.5,HR44CD1627,,912.597449410764
TRP005010,MANDI-001,WH-Central,2026-03-02 01:33:07,02-Mar-2026 09:21:07,7.8,PB39DF6417,DRV108,
TRP009690,MANDI-046,WH-Central,09-May-2026 15:00:26,05-10-2026 03:48 AM,12.8,PB26DF4830,DRV363,710.1980150904282
TRP008566,MANDI-020,WH-North,31-Mar-2026 04:05:54,31/03/2026 11:05,7.0,PB22AB7140,DRV985,
TRP008969,MANDI-023,WH-West,05/02/2026 14:46,,8.0,DL47CD1702,DRV645,410.3
TRP002546,MANDI-024,WH-West,2026-08-12T13:06:55,,3.9,DL66DF8730,DRV922,
TRP005560,MANDI-038,WH-South,27/08/2026 13:04,08-27-2026 08:58 PM,7.9,DL45DF2246,DRV751,440.2
TRP008668,MANDI-038,WH-North,06-07-2026 08:34 PM,08/06/2026 14:16,17.7,HR83BC9865,DRV388,
TRP009873,MANDI-005,WH-East,26-Jul-2026 08:37:29,26/07/2026 14:55,6.3,RJ42CD9111,DRV327,
TRP001919,MANDI-008,WH-Central,2026-07-30 06:38:39,2026-07-31T01:32:39,18.9,PB70BC5420,DRV596,851.2976207356819
TRP008664,MANDI-041,WH-Central,05/02/2026,06/02/2026,11.3,,DRV944,497.0
TRP006224,MANDI-022,WH-North,2026-05-13 23:36:24,05-14-2026 04:42 AM,5.1,HR26BC6349,DRV443,293.199180547048
TRP009957,MANDI-020,WH-Central,26-Jun-2026 11:23:27,26/06/2026 16:47,5.4,,,248.8
TRP004152,MANDI-052,WH-Central,06-30-2026 08:33 PM,2026-07-01 15:33:54,19.0,HR93DF9495,DRV189,860.9
TRP006913,MANDI-015,WH-North,2026-07-20 02:13:42,2026-07-20 10:19:42,8.1,PB94BC8222,DRV701,349.4
TRP002055,MANDI-048,Export-Terminal,19/03/2026,20/03/2026 02:44,8.3,RJ25DF1794,DRV992,454.198730574588
TRP002733,MANDI-006,WH-East,29-Jun-2026 09:56:29,2026-06-30 06:32:29,20.6,,DRV928,886.6
TRP009580,MANDI-009,WH-East,13-Jul-2026 06:34:56,,12.2,UP60BC4036,DRV949,574.0
TRP002363,MANDI-011,WH-Central,2026-07-20T17:35:54,,3.3,UP50BC8343,,195.4
TRP002226,MANDI-054,WH-South,21-Apr-2026 08:02:26,04-21-2026 09:20 PM,13.3,HR24BC6075,DRV515,548.7
TRP004642,MANDI-013,WH-West,16-Aug-2026 05:33:10,2026-08-16 18:15:10,12.7,UP83BC8183,DRV897,661.9
TRP001127,MANDI-053,WH-West,04-11-2026 12:36 PM,2026-04-11 20:54:24,8.3,HR99DF1143,DRV205,401.4
TRP006954,MANDI-013,WH-East,2026-08-28T04:22:20,,16.6,HR50CD4608,,827.6
TRP005024,MANDI-007,Export-Terminal,2026-04-17T07:48:57,17-Apr-2026 23:36:57,15.8,DL91BC4191,DRV357,636.4982210716099
TRP009546,MANDI-031,WH-East,2026-07-02T06:20:57,07-02-2026 12:20 PM,6.0,UP60DF3631,DRV592,360.0
TRP007922,MANDI-037,WH-North,21-Jun-2026 12:09:06,2026-06-22T09:27:06,21.3,UP77BC7125,DRV491,1179.8967023446862
TRP002445,MANDI-024,WH-Central,2026-06-09T20:29:51,06-10-2026 05:41 AM,9.2,PB85CD6891,DRV606,469.3
TRP002817,MANDI-024,WH-North,03-Aug-2026 16:50:48,08-04-2026 01:38 PM,20.8,RJ83DF9312,DRV805,1149.4
TRP001323,MANDI-057,Export-Terminal,2026-06-13 16:38:20,06-14-2026 04:08 PM,23.5,PB74AB6929,DRV421,1087.3
TRP001604,MANDI-026,Export-Terminal,28/02/2026 03:19,2026-02-28 16:19:10,13.0,DL73CD4735,DRV436,772.1
TRP006019,MANDI-020,WH-East,01/07/2026 17:28,2026-07-02T16:52:48,23.4,RJ36CD7668,DRV364,1116.1
TRP008075,MANDI-012,WH-East,2026-08-17T22:15:57,2026-08-18 16:57:57,18.7,UP74CD9638,DRV944,885.8
TRP007019,MANDI-017,WH-West,25-Mar-2026 23:40:43,26-Mar-2026 21:52:43,22.2,HR98BC9964,DRV508,1310.596337056484
TRP005941,MANDI-001,WH-West,2026-09-05T10:34:25,2026-09-06T08:58:25,22.4,UP54BC7134,DRV633,1273.3
TRP005228,MANDI-044,WH-Central,12/03/2026 22:11,13/03/2026,7.2,DL93DF9276,DRV126,357.5
TRP005459,MANDI-051,WH-Central,04/08/2026 03:03,,4.4,DL65AB3496,DRV391,255.0
TRP008010,MANDI-017,Export-Terminal,09/06/2026,,20.8,PB82DF3442,,1189.0
TRP009717,MANDI-026,WH-West,27/05/2026,2026-05-28 03:36:45,4.1,DL24AB1849,DRV573,174.8
TRP009501,MANDI-029,WH-Central,07-27-2026 09:41 PM,28/07/2026 08:59,11.3,HR72CD6261,DRV434,601.7
TRP001508,MANDI-031,WH-North,05-Feb-2026 22:44:43,2026-02-06 05:08:43,6.4,,DRV597,270.0
TRP008847,MANDI-054,Export-Terminal,2026-07-08 13:01:45,2026-07-08 16:37:45,3.6,HR96BC4441,DRV312,165.5
TRP001560,MANDI-036,WH-West,2026-09-01T17:08:42,,17.1,DL14CD1164,DRV650,686.5980810491241
TRP005112,MANDI-018,WH-North,14/08/2026,15/08/2026 11:47,21.1,DL34CD3776,,981.9
TRP003380,MANDI-013,WH-South,31-Mar-2026 14:23:36,2026-03-31 16:35:36,2.2,UP41BC7285,DRV582,129.8
TRP007206,MANDI-002,WH-East,2026-01-26 21:55:38,27/01/2026 19:43,21.8,PB29CD3822,DRV662,1211.3
TRP008495,MANDI-035,WH-South,10-Jan-2026 09:10:12,2026-01-11T01:28:12,16.3,UP29CD6627,DRV665,865.3
TRP001837,MANDI-032,WH-North,27/04/2026,28/04/2026,21.5,UP59CD7451,DRV154,1174.9
TRP006532,MANDI-004,WH-West,23/02/2026 23:47,,6.4,,DRV258,256.49928311841
TRP003013,MANDI-034,WH-South,2026-07-14 19:41:24,15/07/2026,17.5,DL97BC1874,DRV116,828.0
TRP000982,MANDI-045,WH-Central,2026-07-12T22:17:08,13/07/2026 13:41,15.4,UP26CD5517,DRV861,829.0
TRP000040,MANDI-006,WH-South,24/01/2026 07:05,24-Jan-2026 22:23:42,,UP24BC3811,DRV670,877.8
TRP001355,MANDI-025,Export-Terminal,2026-04-16 12:46:30,2026-04-17 10:46:30,22.0,HR83AB9061,DRV329,1261.6
TRP000046,MANDI-057,Export-Terminal,2026-02-02T18:19:07,02-03-2026 08:31 AM,14.2,,DRV484,830.2
TRP002543,MANDI-032,WH-North,2026-01-02T06:28:41,,13.8,RJ76DF8565,DRV297,779.49782140663
TRP006324,MANDI-030,Export-Terminal,21/02/2026,02-22-2026 01:03 AM,10.6,UP21AB9106,DRV253,554.8
TRP000749,MANDI-046,Export-Terminal,04-01-2026 07:33 AM,2026-04-01 19:39:20,12.1,HR28CD3565,,549.2
TRP007992,MANDI-049,Export-Terminal,2026-02-13 08:11:43,02-14-2026 02:29 AM,,PB99BC1450,DRV112,832.2
TRP002877,MANDI-021,WH-West,16/06/2026 10:50,16/06/2026 21:26,,PB43CD9796,DRV457,626.1
TRP009716,MANDI-034,WH-West,06/02/2026 08:47,2026-02-06 22:11:14,,PB75DF5596,DRV146,625.9
TRP003397,MANDI-024,WH-West,2026-08-27T12:03:36,2026-08-28T02:33:36,,,DRV711,837.3
TRP007038,MANDI-040,WH-South,15/07/2026 04:31,16/07/2026,21.9,HR84CD2124,DRV220,1133.196832864648
TRP003185,MANDI-037,WH-South,18-Feb-2026 07:33:09,2026-02-18 21:33:09,14.0,RJ78AB4428,DRV555,653.4
TRP000536,MANDI-002,WH-East,2026-07-18 00:59:16,18-Jul-2026 20:05:16,19.1,RJ33AB6789,DRV553,900.2
TRP007860,MANDI-015,Export-Terminal,15-Jun-2026 12:27:57,06-15-2026 03:21 PM,2.9,PB48BC7874,,
TRP009995,MANDI-031,Export-Terminal,05/09/2026,2026-09-06T12:47:03,20.3,UP12AB2720,DRV739,944.1
TRP006056,MANDI-041,WH-Central,2026-04-26 16:45:51,2026-04-26 23:21:51,6.6,PB91DF3165,DRV460,296.9
TRP002252,MANDI-042,Export-Terminal,2026-04-08 20:59:49,04-09-2026 01:05 AM,4.1,RJ43CD1382,DRV436,177.9
TRP006487,MANDI-031,WH-Central,22-Apr-2026 07:47:07,04-22-2026 12:35 PM,4.8,,,220.0
TRP003038,MANDI-032,WH-West,20/07/2026 07:18,21/07/2026,21.6,UP22AB1632,DRV559,1284.6
TRP005397,MANDI-042,WH-East,2026-08-29 15:06:50,30/08/2026 05:06,14.0,DL36AB8278,DRV734,605.8
TRP009257,MANDI-041,WH-Central,08/09/2026,09/09/2026 06:20,20.0,HR27AB8159,,1122.9
TRP003729,MANDI-041,WH-West,11/02/2026 07:16,2026-02-11T20:52:09,13.6,DL91DF9431,DRV429,
TRP008485,MANDI-011,WH-Central,2026-03-24T15:29:22,25/03/2026 12:59,21.5,PB10BC5182,DRV285,
TRP009931,MANDI-026,WH-East,2026-02-08 00:06:56,02-08-2026 09:42 PM,21.6,DL34BC4466,DRV164,914.7
TRP008399,MANDI-032,WH-East,07-17-2026 12:18 AM,17/07/2026,15.5,,,867.5
TRP005096,MANDI-005,WH-North,07-27-2026 04:34 PM,07-28-2026 12:22 AM,7.8,UP91CD9702,DRV635,446.29875265398204
TRP004328,MANDI-014,Export-Terminal,26/03/2026 19:27,27/03/2026 11:09,15.7,HR10BC3071,DRV191,899.597485743944
TRP001964,MANDI-042,WH-East,19-Aug-2026 12:10:09,19/08/2026 17:58,5.8,HR88CD1203,DRV442,301.6
TRP005413,MANDI-052,Export-Terminal,12/08/2026 10:09,08-13-2026 02:33 AM,16.4,HR60CD2735,DRV870,903.1
TRP000665,MANDI-019,WH-South,06-05-2026 10:21 PM,06-Jun-2026 07:03:11,8.7,UP29BC1489,DRV351,473.9
TRP003133,MANDI-018,Export-Terminal,20-May-2026 08:59:14,2026-05-20 21:53:14,12.9,HR57DF7929,DRV894,
TRP008739,MANDI-053,WH-Central,2026-05-13 13:54:22,2026-05-14 07:06:22,17.2,HR97BC7660,DRV139,
TRP009494,MANDI-041,WH-Central,10-Mar-2026 19:12:25,11/03/2026 17:18,22.1,HR75DF2785,DRV742,1070.9
TRP003895,MANDI-039,WH-East,13/05/2026 05:56,13-May-2026 12:14:41,6.3,HR15DF9191,DRV302,324.5
TRP009986,MANDI-057,WH-South,2026-05-24 10:27:32,2026-05-24 12:39:32,2.2,UP50AB8946,DRV598,123.2
TRP009200,MANDI-009,WH-West,04-Jan-2026 21:47:18,05/01/2026 01:17,3.5,UP84CD4016,,148.7
TRP000676,MANDI-007,WH-East,2026-08-13 07:04:59,13/08/2026,7.6,UP32AB9418,,371.4
TRP004773,MANDI-017,WH-West,19-Mar-2026 02:57:44,19-Mar-2026 11:21:44,8.4,DL18DF4768,DRV947,470.2
TRP007538,MANDI-022,WH-North,2026-01-16 05:43:03,2026-01-17T00:13:03,,HR72AB3328,DRV317,872.8
TRP008015,MANDI-038,Export-Terminal,06/09/2026 00:26,06-Sep-2026 15:44:01,15.3,HR49AB6774,DRV877,893.6
TRP007511,MANDI-053,WH-East,2026-09-06 17:31:05,2026-09-07 13:37:05,20.1,PB32CD9669,DRV383,813.7
TRP001963,MANDI-036,WH-South,05-02-2026 09:42 AM,2026-05-03T05:24:20,19.7,HR61DF7654,DRV712,
TRP001841,MANDI-047,WH-East,12/03/2026 10:47,13-Mar-2026 07:11:10,20.4,,,1023.3
TRP005750,MANDI-021,WH-East,01-20-2026 04:36 PM,01-20-2026 06:54 PM,2.3,UP44AB6280,,104.6
TRP003932,MANDI-038,WH-South,06-Jan-2026 21:27:27,07/01/2026,8.4,,DRV846,438.3
TRP009729,MANDI-019,WH-Central,14-May-2026 07:17:58,2026-05-14 10:23:58,3.1,DL83CD7182,DRV583,169.6
TRP008992,MANDI-045,WH-South,26-Jul-2026 17:06:16,27/07/2026 11:42,18.6,PB56CD9000,DRV757,1071.7
TRP003027,MANDI-050,WH-Central,2026-03-30 21:25:13,31-Mar-2026 08:25:13,11.0,UP18CD6994,DRV711,652.1
TRP005315,MANDI-003,Export-Terminal,2026-03-31 05:07:36,31/03/2026 09:19,4.2,HR37CD8596,DRV756,183.3
TRP006479,MANDI-053,WH-East,2026-07-21 23:36:19,07-22-2026 04:30 AM,4.9,PB11CD7708,DRV656,213.8
TRP003126,MANDI-005,WH-Central,2026-02-14 04:30:19,14-Feb-2026 21:24:19,,RJ58CD3624,DRV117,777.99782559892
TRP005681,MANDI-031,WH-East,03-09-2026 08:01 AM,2026-03-10 03:07:55,19.1,HR34CD7709,,1057.0
TRP006993,MANDI-028,WH-West,10/05/2026 21:03,05-10-2026 11:15 PM,2.2,HR55AB2643,DRV177,91.0
TRP006325,MANDI-056,WH-East,02-21-2026 03:01 AM,2026-02-21 13:49:53,10.8,DL12DF5605,DRV960,454.8
TRP007679,MANDI-007,WH-South,2026-03-24 13:55:56,24/03/2026 21:19,7.4,,DRV650,389.2
TRP000412,MANDI-037,WH-South,08-Jul-2026 02:10:04,07-08-2026 08:34 AM,6.4,UP86AB6966,,269.2
TRP000614,MANDI-049,WH-West,2026-05-12 11:47:12,2026-05-13T05:17:12,17.5,,DRV891,708.598019562204
TRP003320,MANDI-019,WH-West,07-23-2026 12:23 AM,07-23-2026 02:11 PM,,UP65CD7940,DRV311,757.2
TRP007488,MANDI-045,WH-North,2026-08-16T22:34:27,08-17-2026 05:40 PM,19.1,RJ56AB5017,DRV175,917.5
TRP001431,MANDI-031,WH-Central,02-Apr-2026 22:39:38,,18.1,,DRV756,913.5
TRP002871,MANDI-055,WH-North,21-Feb-2026 13:17:40,2026-02-21 19:17:40,6.0,,DRV702,324.9
TRP009450,MANDI-034,Export-Terminal,12/06/2026,13/06/2026,19.9,RJ34DF4491,DRV725,1123.0
TRP004962,MANDI-029,WH-South,02/01/2026 00:50,02/01/2026 11:50,11.0,PB70BC1445,DRV321,507.6
TRP002752,MANDI-045,WH-East,2026-05-25 02:45:45,2026-05-26T01:39:45,22.9,RJ38DF4903,DRV814,948.2
TRP009364,MANDI-049,WH-North,2026-04-30T00:23:38,30/04/2026,19.2,,,886.0
TRP001418,MANDI-046,WH-South,29/01/2026,2026-01-29T14:44:25,3.2,DL75BC1365,DRV618,191.6
TRP004505,MANDI-010,WH-South,2026-07-06T05:00:55,06/07/2026 08:24,3.4,RJ84CD6610,DRV202,178.7
TRP000605,MANDI-017,WH-East,14-Jul-2026 19:55:29,15/07/2026 10:13,,HR84BC9881,DRV382,581.6983742299379
TRP001273,MANDI-013,WH-North,2026-01-30T22:38:25,31-Jan-2026 07:38:25,9.0,DL66DF1042,DRV636,385.2
TRP004388,MANDI-034,WH-West,25/03/2026 04:34,03-25-2026 12:46 PM,8.2,UP48AB4462,DRV512,349.8
TRP006948,MANDI-012,WH-West,09-02-2026 03:15 PM,2026-09-03T13:57:17,22.7,DL63CD7900,DRV758,1095.6
TRP007664,MANDI-009,WH-East,05-05-2026 09:39 AM,2026-05-06T08:33:22,22.9,HR81AB9405,DRV156,1300.9
TRP009650,MANDI-017,WH-North,08/01/2026,2026-01-08 14:16:25,,PB61AB5551,DRV312,629.3
TRP000248,MANDI-018,WH-Central,2026-01-18 00:44:43,01-18-2026 06:50 AM,,UP66AB4353,,254.7
TRP004722,MANDI-022,WH-West,08-29-2026 06:56 AM,08-29-2026 05:20 PM,10.4,,DRV997,516.7
TRP001983,MANDI-053,WH-Central,18/08/2026 20:59,2026-08-19 04:05:17,7.1,PB44BC6065,DRV551,415.29883929464205
TRP008150,MANDI-025,WH-East,02/02/2026 07:47,02-Feb-2026 13:29:44,5.7,UP52BC5766,DRV550,326.4
TRP005827,MANDI-056,WH-East,2026-07-22T19:32:59,2026-07-23 13:56:59,18.4,RJ31DF1947,DRV361,765.4978605346699
TRP000200,MANDI-012,Export-Terminal,2026-03-13T08:25:01,2026-03-14T02:49:01,18.4,PB50CD5838,DRV867,
TRP004399,MANDI-015,Export-Terminal,2026-05-12 04:48:54,2026-05-12 20:36:54,15.8,PB18CD3167,DRV822,634.6
TRP000486,MANDI-021,WH-West,04/08/2026 09:19,2026-08-05T05:13:54,19.9,DL66AB3387,DRV453,1025.5
TRP006631,MANDI-046,WH-West,01-26-2026 09:09 AM,27/01/2026 04:15,19.1,PB61DF1670,DRV635,
TRP003964,MANDI-020,WH-East,2026-07-02 15:45:00,02-Jul-2026 19:21:00,3.6,UP90AB8051,DRV591,189.199471212488
TRP000456,MANDI-015,Export-Terminal,2026-03-07 18:35:33,2026-03-08 12:47:33,18.2,,DRV808,902.4
TRP000714,MANDI-014,WH-North,24-Feb-2026 21:36:39,25/02/2026 14:06,16.5,PB33BC4475,DRV636,937.4
TRP009183,MANDI-008,Export-Terminal,2026-07-07T16:28:56,07-08-2026 03:52 AM,11.4,HR20DF7703,DRV632,525.6
TRP007110,MANDI-022,WH-West,2026-02-09 01:55:25,2026-02-09T14:31:25,12.6,,DRV721,672.9
TRP001722,MANDI-051,WH-Central,2026-05-30T02:36:22,30-May-2026 05:12:22,2.6,UP66AB6119,,118.4
TRP005636,MANDI-023,WH-North,10-Jun-2026 11:56:54,2026-06-11 08:56:54,21.0,DL63CD7548,DRV442,1111.8
TRP006665,MANDI-025,WH-East,13/01/2026,2026-01-13 05:38:18,3.1,RJ47CD9108,DRV234,132.6
TRP008510,MANDI-024,WH-South,2026-02-10 01:07:42,10/02/2026 12:25,,HR14DF8275,DRV755,522.3
TRP005675,MANDI-004,WH-Central,30/04/2026,05-01-2026 03:14 AM,6.3,UP84AB1265,,259.1
TRP009905,MANDI-053,WH-North,05-21-2026 11:23 AM,2026-05-21T23:53:07,12.5,PB63CD3154,,533.6
TRP005383,MANDI-016,WH-North,20/04/2026 22:07,2026-04-21T06:55:25,8.8,DL83AB4900,DRV513,374.8
TRP000863,MANDI-055,Export-Terminal,01/05/2026,01/05/2026 13:15,11.4,DL70BC5314,DRV939,668.7
TRP002095,MANDI-008,WH-North,2026-05-23T19:29:20,2026-05-24 10:47:20,15.3,PB39CD4964,DRV296,703.8
TRP000948,MANDI-052,Export-Terminal,16/06/2026 11:47,2026-06-16T19:11:58,7.4,RJ70CD8446,DRV967,409.3
TRP009670,MANDI-022,WH-East,2026-04-18 12:17:44,2026-04-19 05:59:44,17.7,HR67BC4140,DRV128,1047.5
TRP001445,MANDI-040,WH-North,01-26-2026 12:02 AM,26/01/2026,12.1,UP31BC9950,DRV329,702.898035492906
TRP001281,MANDI-032,WH-South,05/07/2026,2026-07-06 06:20:36,,DL60AB9710,DRV484,1066.5
TRP009774,MANDI-011,WH-South,2026-09-08T04:43:32,08/09/2026 14:25,9.7,HR78CD5913,DRV454,502.198596421308
TRP003834,MANDI-015,WH-West,02-11-2026 08:58 PM,2026-02-11 23:10:51,2.2,PB97AB3850,DRV107,95.7
TRP005616,MANDI-056,WH-North,2026-05-09 21:28:48,2026-05-10 01:34:48,4.1,,DRV443,245.1
TRP003033,MANDI-017,WH-North,04/05/2026 18:40,05/05/2026 09:40,15.0,PB90BC1276,DRV637,718.2
TRP009559,MANDI-028,WH-East,2026-03-13T07:02:52,13/03/2026 15:14,8.2,,DRV819,443.6
TRP007012,MANDI-053,WH-East,2026-04-10 08:08:24,04-10-2026 11:44 AM,3.6,,DRV954,196.4
TRP002303,MANDI-045,WH-Central,15-Jan-2026 12:32:18,16/01/2026,17.9,,DRV933,840.3
TRP002005,MANDI-036,WH-South,12/07/2026 10:13,2026-07-12T17:55:57,7.7,DL28BC7074,DRV603,373.3
TRP008662,MANDI-025,WH-East,08-22-2026 09:04 PM,2026-08-23 01:52:24,,DL21DF2996,,242.5
TRP009054,MANDI-041,Export-Terminal,2026-02-03T16:52:57,03/02/2026 21:46,,DL21DF3301,DRV709,209.4
TRP001006,MANDI-048,WH-West,09/09/2026 06:39,10/09/2026 01:45,19.1,HR47BC1346,DRV793,
TRP007869,MANDI-015,WH-South,26-May-2026 19:20:28,27/05/2026,5.7,DL49DF1304,DRV635,307.799139742092
TRP008782,MANDI-012,WH-West,26/01/2026 01:52,2026-01-26 05:04:51,3.2,,DRV684,144.399596422216
TRP008481,MANDI-042,WH-South,04-02-2026 05:19 AM,2026-04-02 12:43:33,7.4,UP68AB9998,DRV937,340.299048909142
TRP008939,MANDI-050,WH-Central,2026-08-19 17:18:07,20-Aug-2026 03:18:07,10.0,PB60BC5541,DRV664,427.0
TRP002133,MANDI-045,WH-Central,06-Sep-2026 06:13:21,2026-09-06 12:31:21,6.3,RJ78BC5283,,257.4
TRP007779,MANDI-039,WH-South,2026-04-09 17:05:44,2026-04-10T01:41:44,,RJ66DF5915,DRV233,384.3
TRP007712,MANDI-055,Export-Terminal,02-19-2026 01:23 AM,2026-02-19 07:11:03,5.8,DL30BC6373,DRV858,238.7
TRP002058,MANDI-035,WH-North,14/02/2026 20:03,02-15-2026 04:21 PM,20.3,PB56CD8695,DRV319,1094.9
TRP009781,MANDI-046,WH-South,26/08/2026 16:35,,16.5,,DRV783,926.9
TRP000230,MANDI-053,WH-North,20/08/2026,08-20-2026 10:50 PM,22.7,HR63CD7179,,1335.9
TRP007460,MANDI-022,WH-North,03-11-2026 06:56 AM,2026-03-11T14:38:31,7.7,UP92AB9902,DRV363,436.2
TRP009970,MANDI-042,WH-South,03/08/2026 20:33,2026-08-04 00:51:45,4.3,,DRV380,200.3
TRP008081,MANDI-027,WH-South,2026-01-08 15:54:55,09-Jan-2026 15:30:55,23.6,DL84BC6541,DRV278,1413.5
TRP004272,MANDI-030,Export-Terminal,21/06/2026 02:11,2026-06-21T07:59:16,,RJ74AB7252,DRV738,237.39933650023602
TRP004056,MANDI-032,WH-East,06-14-2026 10:50 AM,15-Jun-2026 09:50:41,,UP64CD4636,DRV535,1359.2
TRP008715,MANDI-024,WH-South,2026-01-19T10:27:19,19/01/2026 23:03,12.6,HR39AB9697,DRV935,699.1
TRP000210,MANDI-031,WH-Central,2026-09-07T15:03:35,2026-09-08T11:27:35,,RJ64BC6091,,1122.2
TRP007394,MANDI-038,Export-Terminal,2026-03-24 02:43:19,24/03/2026 07:49,5.1,DL33AB3181,DRV908,293.4
TRP002751,MANDI-003,WH-Central,02-Feb-2026 16:53:00,2026-02-02 21:47:00,4.9,UP50CD3806,DRV274,287.6
TRP002961,MANDI-050,WH-Central,2026-06-05T09:19:18,05/06/2026,,DL56BC5921,DRV789,376.0
TRP007432,MANDI-041,Export-Terminal,21/08/2026 17:00,22-Aug-2026 12:42:26,19.7,RJ76AB7138,DRV411,794.8
TRP007747,MANDI-032,WH-North,2026-08-13 15:22:14,2026-08-14T00:46:14,9.4,HR50DF3293,DRV706,534.0985072652741
TRP003352,MANDI-018,Export-Terminal,01/07/2026,,23.6,RJ34BC7639,DRV599,1130.8
TRP005082,MANDI-018,WH-West,2026-01-11T07:35:57,11/01/2026,6.0,PB10AB7994,,302.8
TRP005203,MANDI-022,WH-Central,02/07/2026 02:42,2026-07-02T06:24:36,3.7,DL13AB9916,DRV161,165.0
TRP004819,MANDI-002,Export-Terminal,15/04/2026 18:43,16-Apr-2026 13:43:08,19.0,DL38CD5976,DRV210,965.8
TRP001729,MANDI-015,Export-Terminal,2026-05-15 01:39:44,,16.1,,DRV639,673.2
TRP006359,MANDI-001,WH-West,2026-02-27 02:43:07,27-Feb-2026 18:43:07,16.0,RJ14CD9561,DRV453,938.7
TRP000338,MANDI-013,WH-Central,2026-07-21 03:00:36,2026-07-21T15:00:36,12.0,DL22DF5664,DRV413,595.5
TRP008064,MANDI-050,Export-Terminal,2026-05-19 16:28:09,2026-05-20T02:58:09,10.5,DL94AB2549,DRV438,614.4
TRP002651,MANDI-008,WH-East,22/08/2026 11:43,2026-08-23 03:13:09,15.5,DL11AB2500,DRV903,
TRP003321,MANDI-054,WH-West,2026-05-28 14:13:28,29-May-2026 09:37:28,19.4,HR44BC5753,DRV309,1011.3
TRP007888,MANDI-044,Export-Terminal,05-13-2026 07:42 AM,13/05/2026 20:30,12.8,RJ78AB7905,DRV191,747.7
TRP004354,MANDI-030,WH-East,27-Jun-2026 22:09:00,,22.8,,DRV400,1139.2
TRP001227,MANDI-036,WH-East,2026-06-26T13:03:07,26/06/2026,9.5,PB33BC7739,DRV116,511.7
TRP003913,MANDI-040,WH-North,03-Apr-2026 08:47:04,04/04/2026 03:59,19.2,HR66BC3317,DRV350,1006.7
TRP004707,MANDI-019,WH-East,26/05/2026,2026-05-26 04:28:57,,RJ71CD6325,DRV839,
TRP002145,MANDI-027,WH-Central,2026-06-21 23:57:39,06-22-2026 09:57 AM,10.0,RJ90DF1431,DRV868,472.698678869678
TRP009126,MANDI-042,WH-West,2026-05-02T15:40:57,,3.2,DL73DF9239,DRV264,158.8
TRP008976,MANDI-019,WH-East,2026-01-08 14:43:32,2026-01-09 01:19:32,10.6,UP75AB4935,,611.9
TRP002112,MANDI-026,WH-North,04-19-2026 06:31 PM,20/04/2026,10.5,RJ59AB5267,DRV216,
TRP008028,MANDI-015,WH-South,08-01-2026 06:54 PM,2026-08-02T12:06:19,17.2,UP21CD5325,DRV720,1016.8
TRP009731,MANDI-046,WH-East,30-Mar-2026 05:07:28,,3.7,PB80DF5357,DRV128,180.5
TRP007619,MANDI-051,WH-South,2026-02-05T14:19:09,2026-02-06 06:25:09,16.1,,DRV421,809.9
TRP001018,MANDI-012,WH-West,22/02/2026 10:24,02-22-2026 07:18 PM,8.9,UP38AB6814,DRV990,370.5
TRP003401,MANDI-047,WH-South,2026-04-18 19:12:17,2026-04-19 05:00:17,9.8,UP24DF1950,DRV981,517.5
TRP003444,MANDI-051,Export-Terminal,26/03/2026,2026-03-27T04:41:51,19.5,,,914.7
TRP005479,MANDI-031,WH-North,05-29-2026 05:46 PM,30-May-2026 08:40:39,14.9,RJ59BC7806,DRV108,815.0
TRP001929,MANDI-012,WH-West,2026-03-13T12:05:09,14/03/2026,18.8,RJ57AB5302,DRV335,1097.6969320821781
TRP000351,MANDI-042,WH-West,2026-06-24 07:15:09,25-Jun-2026 04:57:09,21.7,RJ76DF4442,DRV192,1067.1
TRP003266,MANDI-046,WH-West,26/01/2026 21:04,27-Jan-2026 09:04:40,12.0,UP32DF2585,,636.5
TRP002202,MANDI-021,WH-Central,2026-06-30T21:56:03,2026-07-01 07:44:03,9.8,RJ71DF6752,DRV690,563.2
TRP004566,MANDI-042,WH-Central,2026-02-09 08:48:19,2026-02-10 00:12:19,15.4,,DRV511,778.7
TRP001935,MANDI-033,WH-North,14-Feb-2026 12:21:18,2026-02-15T00:21:18,12.0,RJ49BC5846,DRV363,531.3
TRP005334,MANDI-014,WH-South,09-May-2026 10:39:41,2026-05-10T02:39:41,16.0,PB31DF7790,DRV355,836.2
TRP007521,MANDI-028,WH-Central,30/07/2026 07:13,07-30-2026 10:31 PM,15.3,UP10CD6395,,646.9
TRP005267,MANDI-011,WH-Central,04-16-2026 01:01 PM,04-16-2026 03:43 PM,2.7,DL27CD4962,,141.6
TRP005567,MANDI-011,Export-Terminal,09-04-2026 05:05 AM,05/09/2026 01:05,20.0,PB35DF6041,DRV797,1179.49670346263
TRP004383,MANDI-012,WH-West,29-May-2026 04:10:21,30-May-2026 00:40:21,20.5,HR63BC2416,,1062.0
TRP000565,MANDI-027,WH-South,02-22-2026 12:07 AM,2026-02-22 02:13:01,2.1,,DRV117,96.99972889858
TRP001583,MANDI-044,WH-South,2026-04-19 02:16:30,2026-04-19 14:22:30,12.1,RJ99DF6547,DRV625,527.7
TRP004170,MANDI-005,WH-Central,05-Aug-2026 09:10:30,,6.0,DL37DF2196,DRV283,305.1
TRP002176,MANDI-031,WH-Central,20-Apr-2026 07:27:36,2026-04-20 15:27:36,8.0,UP41DF2434,,444.2
TRP005327,MANDI-017,WH-North,2026-06-05T21:05:59,2026-06-06 17:05:59,20.0,RJ91AB4490,DRV623,1122.2
TRP002541,MANDI-035,WH-West,06-04-2026 07:56 AM,04-Jun-2026 11:20:33,3.4,,DRV755,153.4
TRP009564,MANDI-042,WH-West,04-Jul-2026 05:26:18,05-Jul-2026 02:02:18,20.6,DL12CD2985,DRV967,1045.4
TRP002708,MANDI-034,Export-Terminal,03-Jun-2026 20:05:11,2026-06-04T12:47:11,16.7,,DRV936,827.0
TRP004943,MANDI-007,WH-Central,09-07-2026 06:47 PM,2026-09-08 04:05:11,9.3,UP81CD7137,DRV939,509.5
TRP002229,MANDI-030,WH-East,12/03/2026 22:42,13/03/2026 03:06,,,DRV403,192.8
TRP001116,MANDI-036,WH-South,2026-02-08 12:57:56,,11.9,DL25AB7916,DRV283,586.1
TRP008261,MANDI-026,Export-Terminal,03-16-2026 10:45 AM,2026-03-17 05:15:57,18.5,RJ61DF3352,DRV848,939.1
TRP003051,MANDI-009,WH-East,2026-03-13 16:09:15,03-14-2026 04:33 AM,12.4,,DRV238,
TRP005226,MANDI-022,Export-Terminal,2026-03-21 16:30:29,21-Mar-2026 20:42:29,4.2,UP74AB5186,DRV612,222.09937926159398
TRP005518,MANDI-043,WH-West,22/08/2026 14:45,2026-08-23 01:27:11,10.7,HR18DF3468,DRV876,564.5
TRP006787,MANDI-024,WH-West,12/04/2026 23:21,2026-04-13 07:51:52,8.5,RJ61CD8503,DRV930,350.299020960542
TRP005829,MANDI-051,WH-South,28/01/2026 01:31,01-28-2026 09:43 PM,20.2,HR86CD7234,DRV584,1141.796808828852
TRP008133,MANDI-008,WH-West,16-Mar-2026 09:27:29,2026-03-16 16:51:29,,RJ32DF2905,DRV797,367.8
TRP000822,MANDI-027,WH-North,08-Sep-2026 14:39:47,09/09/2026,17.6,PB85BC2385,DRV872,898.7
TRP009703,MANDI-011,WH-Central,2026-09-02 22:34:03,,22.9,RJ94AB9471,DRV806,1330.9
TRP002273,MANDI-047,WH-East,02/05/2026 10:41,,13.5,UP34DF4532,DRV924,740.9
TRP006052,MANDI-008,WH-Central,01-04-2026 07:20 PM,05/01/2026,10.6,UP70DF8680,,432.09879234099407
TRP000082,MANDI-017,WH-North,17-Jun-2026 02:22:15,,16.6,UP98AB7877,DRV204,884.8
TRP001324,MANDI-046,WH-South,19/07/2026 17:50,2026-07-19T20:02:46,2.2,PB51BC7189,DRV938,128.599640581004
TRP005768,MANDI-051,WH-West,2026-02-21T20:08:04,22-Feb-2026 18:20:04,,UP96AB9734,,
TRP008489,MANDI-022,WH-Central,17/08/2026 21:31,08-18-2026 01:55 AM,4.4,,DRV333,251.7
TRP001615,MANDI-047,WH-East,04/01/2026 07:47,05-Jan-2026 04:53:35,21.1,UP48DF7709,,1041.6
TRP002698,MANDI-031,WH-South,2026-01-19T06:07:26,01-19-2026 09:07 PM,15.0,UP96DF6658,DRV371,777.2
TRP000832,MANDI-015,Export-Terminal,2026-07-10T11:32:24,10/07/2026,8.1,HR12AB4822,DRV478,345.5
TRP004345,MANDI-054,WH-North,02-16-2026 09:49 PM,17-Feb-2026 16:25:40,18.6,,DRV424,913.6974463364181
TRP006004,MANDI-029,WH-North,2026-01-01 20:37:24,01-02-2026 12:31 AM,3.9,UP11BC3604,DRV385,182.4
TRP002421,MANDI-041,WH-East,25/08/2026 05:53,25/08/2026,17.1,UP73CD2861,DRV642,
TRP004871,MANDI-026,WH-West,06/05/2026 03:28,2026-05-06 18:34:23,15.1,UP63CD3213,DRV362,655.1
TRP004939,MANDI-023,Export-Terminal,2026-01-06 05:49:15,06/01/2026 15:13,9.4,DL51AB9021,DRV354,521.8
TRP002834,MANDI-032,WH-North,23-Feb-2026 02:05:23,23/02/2026 18:11,16.1,PB46AB4389,DRV148,958.7
TRP006763,MANDI-032,WH-South,23-May-2026 13:57:51,2026-05-24 05:39:51,15.7,,,662.9
TRP001650,MANDI-021,WH-West,27/04/2026,2026-04-27 18:56:17,11.5,PB22CD5420,,650.798181105112
TRP008614,MANDI-047,WH-Central,12-Jul-2026 13:56:15,,18.4,PB18CD3903,DRV228,964.8
TRP005857,MANDI-051,WH-North,09/06/2026,2026-06-09 21:47:59,4.0,,DRV737,184.5
TRP003188,MANDI-055,WH-Central,31/01/2026 04:12,31-Jan-2026 21:54:09,17.7,DL44AB2447,DRV495,747.4979108421501
TRP007567,MANDI-055,WH-North,07-24-2026 06:06 PM,2026-07-25T15:36:08,21.5,DL89CD5627,DRV210,882.8
TRP007329,MANDI-030,WH-North,2026-05-03 08:14:23,2026-05-03 19:32:23,11.3,DL52BC9556,DRV911,465.79869815421205
TRP007776,MANDI-028,WH-West,17/07/2026,,9.1,HR23CD1856,DRV635,436.7
TRP007508,MANDI-035,Export-Terminal,2026-04-03 17:04:28,04/04/2026 01:52,8.8,HR59DF5250,DRV615,402.7
TRP004793,MANDI-050,WH-West,2026-05-22 04:19:49,05-22-2026 08:13 PM,15.9,UP50CD6298,DRV416,781.7
TRP002690,MANDI-004,Export-Terminal,2026-01-09 16:46:06,2026-01-10 00:34:06,7.8,PB29BC8552,DRV385,318.4
TRP004253,MANDI-046,WH-North,2026-04-29 13:25:26,2026-04-30 09:13:26,19.8,PB26AB9698,DRV473,1166.9967383983799
TRP003371,MANDI-056,WH-East,21/06/2026,21/06/2026,9.9,,DRV308,461.9
TRP000750,MANDI-025,WH-South,2026-07-21 02:52:21,,19.2,HR19BC9862,DRV523,1023.9
TRP005763,MANDI-043,WH-North,05-03-2026 06:19 PM,04-May-2026 08:55:32,14.6,,DRV336,592.0
TRP002374,MANDI-036,WH-West,2026-06-01T06:54:35,02/06/2026 05:24,22.5,DL86CD7300,,1098.8
TRP002443,MANDI-054,WH-West,2026-07-24T21:07:24,25-Jul-2026 17:25:24,20.3,HR66BC8132,DRV361,1092.4
TRP009597,MANDI-006,WH-West,28/08/2026 06:12,2026-08-29T01:18:50,19.1,RJ70DF5232,DRV278,905.597468974784
TRP003095,MANDI-043,WH-West,2026-04-09 22:43:57,2026-04-10T13:19:57,14.6,PB98AB1395,,589.4
TRP002759,MANDI-032,WH-Central,14/07/2026 03:58,14/07/2026 13:46,9.8,RJ45BC8980,DRV102,464.49870178752997
TRP009477,MANDI-023,Export-Terminal,09-Jun-2026 06:15:54,2026-06-10 00:39:54,18.4,,DRV118,982.4
TRP003778,MANDI-054,WH-North,2026-08-16 07:16:33,2026-08-17 07:16:33,,UP94DF6031,DRV757,1123.3
TRP008704,MANDI-006,WH-North,22/05/2026 02:12,,7.9,,,437.2
TRP005493,MANDI-013,WH-North,2026-03-26 17:31:01,27/03/2026 05:31,12.0,,DRV130,
TRP009428,MANDI-002,Export-Terminal,2026-07-16 22:56:45,,21.6,RJ90BC6934,DRV125,1117.7
TRP004113,MANDI-033,WH-North,2026-05-14T11:24:45,,13.7,UP38DF2156,DRV761,
TRP005345,MANDI-034,WH-Central,2026-08-28 07:05:28,28-Aug-2026 15:41:28,8.6,DL60CD8279,DRV675,
TRP005139,MANDI-014,WH-South,2026-02-21T07:44:23,21/02/2026 18:32,10.8,UP22BC5019,DRV234,477.2
TRP009696,MANDI-024,WH-North,2026-06-19 18:30:00,2026-06-20 13:48:00,19.3,PB21CD6553,DRV266,790.6
TRP009765,MANDI-055,WH-Central,2026-08-12 20:39:27,2026-08-13 06:51:27,10.2,DL33BC9979,DRV942,
TRP004522,MANDI-049,WH-West,21/05/2026,05-22-2026 03:22 PM,20.7,,DRV701,1143.5
TRP009544,MANDI-033,WH-Central,2026-02-26 19:44:51,27-Feb-2026 16:20:51,20.6,DL41AB8352,,1056.6
TRP004861,MANDI-028,WH-Central,2026-01-09T09:42:10,10-Jan-2026 01:06:10,15.4,HR55CD6271,DRV208,887.9
TRP001140,MANDI-012,Export-Terminal,06-12-2026 06:02 AM,06-12-2026 04:02 PM,10.0,UP15CD9508,DRV807,403.4
TRP008241,MANDI-056,WH-West,04-15-2026 06:25 AM,2026-04-16 05:01:18,22.6,PB20AB5496,DRV472,1236.296544714582
TRP002232,MANDI-030,Export-Terminal,07/03/2026 04:45,07/03/2026 22:21,17.6,DL78CD1194,DRV582,777.7
TRP002165,MANDI-056,WH-South,15-May-2026 15:00:16,2026-05-16 12:18:16,21.3,HR13CD9257,DRV665,1024.3
TRP005834,MANDI-034,WH-Central,18/03/2026 14:56,19-Mar-2026 06:50:29,15.9,DL29BC7146,DRV797,883.6
TRP006983,MANDI-050,WH-East,2026-02-03 20:29:23,04-Feb-2026 02:47:23,6.3,RJ46DF8020,DRV499,254.8
TRP002778,MANDI-029,WH-West,04-26-2026 05:39 AM,26/04/2026,,RJ58CD1721,DRV469,858.3
TRP006342,MANDI-027,WH-South,28/01/2026,29-Jan-2026 09:46:50,12.2,RJ28DF4221,,578.3
TRP002936,MANDI-012,WH-East,03/09/2026,2026-09-04T03:51:00,4.1,PB73AB8768,,182.29949049702202
TRP001571,MANDI-053,WH-Central,2026-04-23 01:01:32,2026-04-23 09:25:32,8.4,DL20CD4897,,465.098700110614
TRP000173,MANDI-056,WH-South,23/03/2026 16:25,24/03/2026,22.0,UP22BC3393,DRV665,1111.3
TRP008192,MANDI-017,WH-East,2026-01-05T04:20:46,2026-01-05T14:26:46,10.1,UP77BC2293,,411.5
TRP002088,MANDI-041,WH-East,2026-01-30T00:53:32,30-Jan-2026 14:53:32,14.0,UP61AB3908,DRV412,582.0
TRP003910,MANDI-057,WH-East,17/04/2026,2026-04-17 12:38:11,6.2,RJ22CD8712,DRV698,311.4
TRP004982,MANDI-029,WH-West,22/01/2026,22-Jan-2026 11:40:04,6.1,UP96DF6013,DRV822,342.9
TRP009197,MANDI-055,WH-North,24-Apr-2026 14:45:43,2026-04-25T04:03:43,13.3,HR48BC3335,DRV579,725.7
TRP006914,MANDI-020,WH-North,07-Apr-2026 11:49:34,04-08-2026 09:13 AM,21.4,RJ14CD9319,DRV153,1220.2
TRP005377,MANDI-056,WH-West,2026-03-13 19:49:40,2026-03-14T04:19:40,8.5,UP62CD9102,DRV972,364.6
TRP009016,MANDI-027,Export-Terminal,2026-08-12 07:18:09,13/08/2026 01:42,,PB56BC7366,,1086.9
TRP003170,MANDI-039,WH-South,17-Jan-2026 10:52:08,18/01/2026 09:40,22.8,,DRV832,1338.1
TRP001833,MANDI-045,WH-East,2026-03-09 12:40:31,2026-03-10 06:46:31,18.1,HR90DF7737,DRV234,891.3
TRP005585,MANDI-045,WH-Central,2026-01-12T00:51:32,12-Jan-2026 21:09:32,20.3,RJ65DF6277,DRV153,1112.8
TRP005107,MANDI-012,WH-South,2026-05-08T09:03:21,08-May-2026 21:45:21,12.7,UP53CD7130,,624.4
TRP009496,MANDI-021,WH-West,01-10-2026 12:38 AM,10/01/2026 05:26,4.8,PB66AB2068,DRV915,264.1
TRP003881,MANDI-052,Export-Terminal,30/08/2026,31-Aug-2026 15:28:19,18.8,,DRV159,753.0978951909341
TRP009301,MANDI-038,WH-East,03-30-2026 12:10 PM,2026-03-30 16:34:04,4.4,PB37CD1270,,179.699497763658
TRP008927,MANDI-052,WH-South,2026-02-27 18:47:50,2026-02-28 08:59:50,14.2,PB12BC3179,DRV928,574.2
TRP007622,MANDI-057,WH-South,2026-02-28 10:42:19,28/02/2026,4.1,DL70AB9151,DRV227,
TRP000835,MANDI-037,WH-North,28/06/2026 17:37,,22.8,HR22CD5296,DRV933,1129.6
TRP002487,MANDI-031,Export-Terminal,02-Jan-2026 20:47:47,03-Jan-2026 13:41:47,16.9,DL78BC8627,DRV196,1007.0
TRP007436,MANDI-024,WH-South,2026-08-23 09:02:32,2026-08-24 02:08:32,17.1,PB57CD7707,DRV589,994.9
TRP008149,MANDI-006,WH-North,05-23-2026 09:53 AM,2026-05-23T17:53:36,8.0,,,413.1
TRP004951,MANDI-055,Export-Terminal,06-23-2026 10:29 AM,2026-06-23T22:23:35,11.9,PB72DF6858,DRV542,
TRP004329,MANDI-043,WH-West,2026-07-22T11:21:51,2026-07-23T02:33:51,15.2,UP46DF9291,,767.2
TRP006395,MANDI-015,WH-North,2026-06-17 11:13:52,2026-06-18T04:43:52,17.5,PB30DF7211,DRV794,792.7
TRP004895,MANDI-029,WH-Central,18-May-2026 11:05:58,05-19-2026 09:29 AM,22.4,DL92DF4833,DRV224,1124.8
TRP004068,MANDI-030,WH-Central,01-15-2026 10:56 AM,15/01/2026,13.0,HR68BC3700,,743.5
TRP000066,MANDI-042,WH-East,2026-08-12 11:54:37,12/08/2026,3.0,,DRV609,140.0
TRP009548,MANDI-020,WH-South,03/07/2026,,10.2,UP12AB7862,DRV511,440.0
TRP006132,MANDI-008,Export-Terminal,04/07/2026,05/07/2026,4.9,UP11BC3669,DRV282,209.2
TRP002025,MANDI-018,WH-South,30/08/2026,2026-08-30T11:50:27,4.3,UP41AB9713,DRV590,175.9
TRP009382,MANDI-031,WH-East,09/08/2026 22:56,2026-08-10T05:20:41,6.4,PB77BC8150,,
TRP000355,MANDI-035,Export-Terminal,22/05/2026,23-May-2026 13:08:05,,RJ93CD8708,,752.2
TRP004374,MANDI-021,Export-Terminal,2026-07-08 12:19:19,2026-07-08 16:49:19,,PB71DF2386,DRV539,191.799463945852
TRP006946,MANDI-016,WH-West,22/04/2026 16:18,23/04/2026 12:24,20.1,HR36DF2615,DRV114,1002.7971973143921
TRP003316,MANDI-031,Export-Terminal,12-Jan-2026 01:19:23,2026-01-12 10:49:23,,,,446.49875209501005
TRP001809,MANDI-011,Export-Terminal,2026-08-20 22:43:24,08-21-2026 05:07 AM,6.4,,DRV398,340.6
TRP007349,MANDI-021,Export-Terminal,31-Mar-2026 05:51:05,,12.4,RJ27AB3770,DRV988,518.2
TRP003920,MANDI-041,WH-East,15-Jul-2026 14:16:45,2026-07-16 00:34:45,10.3,RJ65BC1174,DRV566,551.4
TRP007221,MANDI-054,WH-South,2026-02-01T04:11:56,01-Feb-2026 18:41:56,14.5,UP15BC6385,DRV585,672.2
TRP008447,MANDI-006,WH-East,03/07/2026,,,HR94AB1828,DRV345,449.2
TRP004484,MANDI-025,WH-North,2026-07-19 22:32:11,2026-07-20 19:14:11,20.7,PB79CD3192,DRV572,1167.2967375599221
TRP003468,MANDI-023,Export-Terminal,08/08/2026,08/08/2026,3.2,DL83AB6434,DRV427,141.4
TRP000473,MANDI-005,Export-Terminal,01-04-2026 12:17 AM,2026-01-04 05:17:45,,UP45BC3310,DRV115,243.099320569534
TRP008655,MANDI-023,WH-South,06/08/2026 03:55,06/08/2026 23:31,19.6,RJ37DF9434,DRV227,952.3
TRP002975,MANDI-014,Export-Terminal,04/09/2026 23:50,2026-09-05T19:14:22,,RJ81BC4479,DRV535,1108.2
TRP007939,MANDI-011,WH-West,2026-05-04 13:02:41,05-05-2026 10:32 AM,21.5,HR29CD7121,DRV395,966.3
TRP006483,MANDI-045,WH-Central,2026-01-12 11:18:38,13/01/2026 08:42,21.4,UP69AB8737,,1156.4
TRP006434,MANDI-053,WH-South,05-12-2026 12:23 AM,2026-05-12 02:59:38,2.6,RJ57AB5596,DRV949,129.2
TRP005152,MANDI-003,WH-South,06/05/2026 23:37,07/05/2026,,PB33CD8110,DRV836,997.9972107297199
TRP000869,MANDI-039,WH-Central,24-Mar-2026 06:32:26,2026-03-25 01:02:26,18.5,DL98AB4827,DRV590,893.7
TRP009949,MANDI-020,WH-North,2026-02-19 11:55:51,,15.0,,DRV907,820.7
TRP007930,MANDI-022,WH-West,13/08/2026,13/08/2026 23:49,2.1,UP55CD9551,DRV144,
TRP001507,MANDI-010,WH-East,21/07/2026 17:02,2026-07-22 10:32:48,,UP69DF7438,,
TRP005640,MANDI-040,WH-West,2026-08-28T02:32:46,28/08/2026 08:14,5.7,HR26AB3551,,335.7
TRP005992,MANDI-008,Export-Terminal,07-14-2026 06:54 PM,15/07/2026 05:24,10.5,,DRV604,444.8
TRP006544,MANDI-039,WH-West,05-29-2026 09:24 AM,30/05/2026,,PB53BC4309,DRV188,864.9
TRP006518,MANDI-028,WH-North,13/02/2026 22:51,14/02/2026 04:21,5.5,RJ51BC9841,DRV793,308.2
TRP002771,MANDI-057,WH-East,10-Feb-2026 23:01:54,,,DL36DF6458,DRV472,
TRP009704,MANDI-051,WH-North,21/03/2026 19:24,2026-03-22 18:54:30,23.5,UP21AB5959,DRV239,1159.9
TRP008876,MANDI-047,WH-East,18/04/2026 15:28,19-Apr-2026 09:10:07,17.7,UP10DF5224,,846.7
TRP006122,MANDI-054,WH-Central,08-14-2026 11:05 PM,2026-08-15T09:47:57,10.7,DL10AB1989,DRV917,457.0
TRP005248,MANDI-049,Export-Terminal,16/04/2026 12:22,04-17-2026 04:40 AM,16.3,RJ38BC5158,DRV187,781.6
TRP001076,MANDI-034,WH-North,2026-03-22 17:08:24,2026-03-22 22:20:24,5.2,,DRV411,259.2
TRP006976,MANDI-015,WH-South,19-Jul-2026 20:12:28,20/07/2026 15:48,19.6,HR16AB6595,DRV138,982.4
TRP009099,MANDI-044,WH-Central,16/05/2026,17/05/2026,15.1,HR41DF8832,DRV232,891.7
TRP007362,MANDI-023,WH-East,2026-08-20T15:43:59,2026-08-21 01:31:59,9.8,RJ59AB5003,,513.3
TRP007208,MANDI-009,WH-Central,12/01/2026 06:06,13-Jan-2026 02:42:25,,PB37BC1392,DRV341,1207.99662380912
TRP009839,MANDI-018,WH-Central,2026-08-26T03:57:38,,5.5,UP47CD1704,,319.2
TRP005197,MANDI-034,WH-Central,02-Jun-2026 04:20:11,,,PB61DF2416,DRV178,792.6
TRP005813,MANDI-029,WH-East,26/03/2026 02:15,26/03/2026,15.5,DL68DF7169,DRV554,621.2
TRP007647,MANDI-046,Export-Terminal,04-01-2026 11:48 PM,02/04/2026,21.1,DL83DF8306,DRV781,1263.0
TRP006437,MANDI-001,WH-West,2026-09-09T19:16:12,10/09/2026,20.3,,DRV435,849.7976249279719
TRP007796,MANDI-024,WH-West,08/01/2026,2026-01-08T23:23:40,12.0,PB19CD7925,DRV912,667.398134710436
TRP000074,MANDI-049,WH-North,2026-08-14 20:31:07,2026-08-15 02:31:07,6.0,PB97DF5865,DRV937,331.99907210648
TRP004833,MANDI-008,WH-East,2026-01-05 15:01:58,01-05-2026 08:07 PM,5.1,PB80AB4930,DRV232,283.1
TRP007901,MANDI-039,WH-East,23/03/2026,24-Mar-2026 12:48:43,14.0,PB73AB7791,,665.0
TRP004769,MANDI-043,WH-Central,2026-07-04 13:06:13,07-05-2026 02:36 AM,13.5,DL19BC1208,DRV890,
TRP007303,MANDI-004,WH-East,07/07/2026,2026-07-07T23:34:36,21.4,DL62DF2879,,1252.9
TRP006217,MANDI-011,WH-South,09/03/2026 03:05,09/03/2026,14.0,PB52CD2254,DRV753,720.3
TRP001102,MANDI-027,WH-Central,04/08/2026,2026-08-05 03:09:09,11.8,DL27DF8795,DRV680,561.3
TRP006591,MANDI-019,WH-East,29-Mar-2026 04:33:01,29/03/2026 17:09,12.6,HR30AB5167,DRV165,586.6
TRP009918,MANDI-045,WH-Central,19-Jun-2026 10:59:59,19/06/2026 23:53,12.9,HR60BC6235,,750.7
TRP000314,MANDI-044,Export-Terminal,2026-03-31T22:59:35,2026-04-01T06:41:35,7.7,,DRV914,362.2
TRP009118,MANDI-038,WH-North,2026-02-28 08:50:43,01-Mar-2026 07:56:43,,DL83CD5630,DRV774,1283.0
TRP005170,MANDI-037,WH-North,05-19-2026 03:38 PM,2026-05-20 03:02:11,11.4,,DRV815,487.4
TRP000119,MANDI-055,WH-North,07/08/2026 00:21,2026-08-07 08:51:33,8.5,HR38BC2258,DRV678,429.7
TRP002023,MANDI-035,WH-East,2026-08-06T04:03:03,,10.9,PB77BC9380,DRV920,597.4
TRP007147,MANDI-014,WH-North,2026-02-23 10:51:22,2026-02-24T00:09:22,13.3,RJ58AB4339,DRV834,662.7
TRP003025,MANDI-041,WH-North,2026-09-05 12:19:30,06-Sep-2026 02:19:30,14.0,PB59DF7648,DRV169,770.0
TRP002035,MANDI-039,WH-South,08/05/2026 03:06,05-08-2026 01:54 PM,10.8,UP79CD6732,DRV612,449.9
TRP003429,MANDI-012,WH-East,2026-08-07 14:17:23,07/08/2026 21:59,7.7,RJ93DF5401,DRV168,353.8
TRP008154,MANDI-051,WH-North,2026-01-31T01:39:17,31-Jan-2026 18:57:17,17.3,RJ44DF9478,,872.6
TRP009013,MANDI-038,WH-Central,04-04-2026 05:08 PM,05-Apr-2026 08:20:24,15.2,,DRV187,741.3
TRP009480,MANDI-025,WH-North,13-Mar-2026 15:27:44,13/03/2026 21:15,5.8,HR83CD5768,DRV835,
TRP001220,MANDI-001,WH-East,09/06/2026,10/06/2026 04:08,23.5,PB25CD6665,DRV901,1090.2
TRP007586,MANDI-025,WH-South,14-May-2026 16:10:10,2026-05-15 16:04:10,23.9,UP38AB7973,DRV478,1354.396214641616
TRP004534,MANDI-056,WH-East,2026-06-23T13:27:54,24-Jun-2026 09:27:54,20.0,HR74CD1921,DRV292,891.3
TRP008823,MANDI-051,WH-South,10/05/2026 17:35,2026-05-11T01:59:02,8.4,HR14BC5715,DRV463,421.2
TRP006261,MANDI-005,Export-Terminal,07/02/2026 03:57,2026-02-07T11:21:33,7.4,UP89BC3011,DRV870,425.7
TRP002511,MANDI-025,WH-East,2026-07-30 11:05:47,07-30-2026 09:35 PM,10.5,PB52CD4487,,559.1
TRP003856,MANDI-042,WH-South,31/07/2026 06:47,2026-07-31 17:23:41,10.6,RJ93BC1096,DRV956,490.7
TRP009545,MANDI-053,WH-South,24/02/2026,02-25-2026 11:22 PM,23.9,HR99BC8805,DRV292,1260.5
TRP007530,MANDI-025,WH-North,04-May-2026 18:24:33,04/05/2026,3.8,RJ60DF2731,DRV593,181.8
TRP004899,MANDI-048,WH-South,30/05/2026 04:08,30-May-2026 21:56:51,17.8,PB88DF6113,DRV958,981.4
TRP005590,MANDI-037,WH-West,12/02/2026 06:11,2026-02-12 11:11:31,5.0,PB23AB1483,DRV127,259.0
TRP007137,MANDI-039,WH-North,2026-01-15 12:00:28,2026-01-15T15:06:28,3.1,DL15AB2348,DRV289,172.2
TRP004853,MANDI-027,WH-Central,15/03/2026 21:49,16/03/2026 20:31,22.7,DL38DF2150,DRV179,956.1
TRP000178,MANDI-045,WH-East,2026-04-21T20:52:28,22-Apr-2026 08:16:28,11.4,HR19BC6569,DRV475,
TRP001644,MANDI-001,Export-Terminal,01-14-2026 05:18 PM,15/01/2026 05:12,11.9,HR90DF2522,,
TRP009977,MANDI-032,WH-North,03-Sep-2026 22:23:46,2026-09-04 05:11:46,6.8,DL78BC4684,DRV353,337.5
TRP003351,MANDI-016,Export-Terminal,08/08/2026 00:52,08-Aug-2026 07:16:26,6.4,PB57DF7346,DRV490,303.3
TRP003465,MANDI-054,WH-West,2026-07-31 22:01:54,,,RJ99BC8882,DRV612,527.9
TRP001375,MANDI-007,WH-West,2026-05-23T01:47:03,23/05/2026 20:29,18.7,,DRV995,786.4
TRP001721,MANDI-038,WH-North,2026-06-20T00:25:55,2026-06-20T09:43:55,,UP79AB8461,DRV553,442.0
TRP004585,MANDI-034,WH-Central,2026-08-07 22:43:18,08/08/2026,19.8,RJ46CD3588,DRV128,905.3
TRP006624,MANDI-042,WH-East,20-Jan-2026 15:06:52,01-20-2026 06:18 PM,3.2,,,
TRP002265,MANDI-041,WH-East,2026-09-06 04:27:29,09-06-2026 11:39 PM,19.2,PB28BC1899,DRV892,854.5
TRP000088,MANDI-026,WH-East,2026-06-20T18:29:18,06-21-2026 03:41 PM,21.2,RJ83DF3831,DRV609,881.1
TRP006963,MANDI-048,WH-North,2026-02-27T21:17:08,2026-02-28T10:11:08,12.9,DL96AB4895,DRV670,690.4
TRP009775,MANDI-005,WH-South,18-May-2026 04:26:25,,2.7,UP69BC2301,DRV559,152.1
TRP009036,MANDI-031,WH-Central,2026-02-27 22:43:19,2026-02-28 08:07:19,9.4,,,387.5
TRP000404,MANDI-010,WH-West,02-15-2026 01:03 AM,2026-02-15 07:57:35,6.9,RJ22AB4795,DRV166,347.9
TRP008295,MANDI-012,WH-North,2026-08-04 20:38:49,2026-08-05 02:02:49,5.4,HR23CD8858,,259.8
TRP003935,MANDI-029,Export-Terminal,03-13-2026 07:08 AM,14/03/2026,17.9,PB57DF5602,,904.9
TRP006625,MANDI-046,WH-North,2026-05-12 13:13:31,12/05/2026,8.8,,DRV503,371.8
TRP008363,MANDI-050,WH-South,2026-09-03 02:08:34,04/09/2026 00:56,22.8,HR86DF6990,DRV997,1107.6
TRP007133,MANDI-004,Export-Terminal,05/07/2026 19:48,06/07/2026,6.4,PB33CD3283,DRV329,287.1
TRP002457,MANDI-021,WH-West,2026-02-10 23:48:24,02-11-2026 03:54 AM,4.1,,,195.9
TRP005665,MANDI-006,WH-South,09/03/2026,2026-03-10T04:14:21,24.0,HR38AB8082,DRV793,
TRP002215,MANDI-024,WH-North,2026-03-10 02:14:31,2026-03-10 07:14:31,5.0,HR29BC5581,DRV675,221.7
TRP001028,MANDI-035,WH-South,02-09-2026 11:42 AM,2026-02-09 15:48:17,4.1,HR39AB3951,DRV489,230.6
TRP007943,MANDI-019,Export-Terminal,23-Jun-2026 20:27:53,24/06/2026 13:57,,RJ66CD5141,,1043.4
TRP001422,MANDI-014,WH-Central,2026-07-26T14:18:35,2026-07-26T23:42:35,9.4,HR40AB5019,DRV372,561.7
TRP002437,MANDI-022,WH-East,15/06/2026 15:30,16-Jun-2026 04:30:45,13.0,PB27CD2779,DRV552,724.2
TRP007499,MANDI-003,Export-Terminal,2026-01-01 08:26:15,02/01/2026,22.0,,DRV160,1063.9
TRP007026,MANDI-044,WH-North,05-17-2026 01:42 PM,2026-05-18T02:54:05,13.2,HR58DF5207,DRV664,627.6
TRP009451,MANDI-044,WH-West,2026-04-18T10:49:22,,9.7,RJ61DF9580,DRV867,
TRP001279,MANDI-038,WH-West,30/05/2026 09:22,30/05/2026 16:46,7.4,HR87AB9170,DRV967,335.8
TRP007297,MANDI-042,WH-Central,08/03/2026 20:23,2026-03-09 12:41:11,16.3,DL89CD4305,,937.4
TRP002761,MANDI-007,WH-West,17-Jun-2026 09:25:53,18/06/2026,,RJ83DF1119,DRV244,853.7
TRP005361,MANDI-001,WH-East,17/03/2026 02:25,17/03/2026 16:31,14.1,RJ15BC2523,DRV110,803.9
TRP000260,MANDI-027,Export-Terminal,2026-01-29 14:14:33,29-Jan-2026 20:20:33,6.1,DL46CD2171,,
TRP007198,MANDI-042,WH-West,17/08/2026,08-17-2026 01:01 PM,8.4,PB32BC1090,DRV811,342.3
TRP001979,MANDI-028,WH-North,2026-03-06T22:32:37,2026-03-07T00:44:37,2.2,DL57AB4643,DRV802,93.7
TRP001062,MANDI-057,WH-Central,12/08/2026 05:42,,12.5,UP77AB6094,DRV175,749.5
TRP001426,MANDI-048,WH-South,2026-05-31 09:03:14,05-31-2026 05:39 PM,8.6,PB15BC5305,DRV561,348.3
TRP005287,MANDI-009,WH-South,11/08/2026,2026-08-12 03:00:10,,,DRV722,588.4
TRP007615,MANDI-040,WH-North,2026-02-14T16:50:56,15-Feb-2026 09:50:56,,HR44BC3224,,965.5
TRP005000,MANDI-037,Export-Terminal,04/09/2026,04/09/2026,2.3,,,117.2
TRP001503,MANDI-010,Export-Terminal,2026-05-12T22:26:34,,21.1,RJ71DF9626,DRV469,1085.1
TRP003785,MANDI-052,WH-North,2026-07-27 21:41:34,2026-07-28 06:29:34,8.8,,DRV191,499.19860480588795
TRP008914,MANDI-001,Export-Terminal,19-Feb-2026 08:46:49,2026-02-20T00:46:49,16.0,HR91BC9429,DRV873,861.5
TRP004809,MANDI-007,WH-West,2026-01-07T04:43:36,2026-01-08T03:07:36,22.4,RJ44DF9068,DRV941,1181.1
TRP005121,MANDI-019,Export-Terminal,2026-04-17 20:16:56,2026-04-18 09:28:56,13.2,DL70BC4599,DRV298,739.9
TRP008930,MANDI-033,WH-West,26-Mar-2026 15:36:58,27/03/2026,14.0,PB98BC5148,DRV620,834.3
TRP005372,MANDI-017,WH-West,2026-04-29 02:09:48,,17.9,RJ77CD1429,DRV122,883.4
TRP000679,MANDI-010,WH-West,2026-08-10 19:56:37,2026-08-10T23:44:37,3.8,HR47DF8243,,160.0
TRP002578,MANDI-031,WH-Central,20/05/2026,2026-05-21T04:15:51,7.1,PB99AB6271,,402.6
TRP006250,MANDI-023,WH-West,03-31-2026 09:57 AM,2026-04-01T00:21:40,14.4,PB57AB8649,,811.8
TRP006419,MANDI-008,WH-West,04-30-2026 02:06 PM,01/05/2026 06:12,16.1,PB66BC5956,,728.8
TRP008210,MANDI-022,WH-West,05/08/2026 09:37,05/08/2026 20:37,11.0,RJ17CD7474,DRV352,
TRP007862,MANDI-029,WH-East,23-Feb-2026 12:51:27,2026-02-23 17:21:27,4.5,DL33DF8839,DRV126,212.0
TRP006880,MANDI-009,WH-Central,2026-01-10T00:23:06,2026-01-10 09:17:06,8.9,PB11CD4218,DRV892,443.9
TRP000103,MANDI-039,WH-South,2026-01-15 15:54:01,2026-01-16 12:18:01,20.4,PB94DF1711,DRV219,832.9976718816199
TRP000958,MANDI-014,WH-West,2026-08-20 08:01:31,2026-08-20T15:43:31,7.7,UP64DF3021,DRV914,323.3
TRP004826,MANDI-016,WH-North,27/07/2026 10:32,07-28-2026 03:56 AM,17.4,,DRV744,737.097939908694
TRP004327,MANDI-054,WH-East,2026-03-12 00:11:27,12/03/2026 17:53,,RJ60BC2443,DRV325,855.3
TRP007258,MANDI-048,WH-South,31/01/2026 07:45,2026-02-01T04:39:30,20.9,HR30BC7020,,1065.3
TRP007808,MANDI-039,WH-South,04-09-2026 08:51 PM,10/04/2026,9.1,UP43AB6033,DRV593,379.0
TRP004114,MANDI-030,WH-North,2026-06-17 00:05:50,17/06/2026 18:35,,DL44CD9969,DRV970,904.0
TRP002689,MANDI-022,WH-North,14/03/2026,2026-03-15T00:02:25,10.8,HR56DF4819,DRV208,440.1
TRP003132,MANDI-039,WH-North,04-16-2026 07:25 AM,16/04/2026 11:37,4.2,PB82BC6549,DRV766,190.4
TRP009910,MANDI-050,WH-East,27/01/2026,2026-01-27 18:05:39,9.0,UP65AB6092,DRV692,480.0
TRP007853,MANDI-027,WH-South,17/02/2026 02:55,2026-02-17T09:49:54,6.9,DL24BC9525,DRV402,296.1
TRP006420,MANDI-022,WH-East,25/06/2026 04:20,26/06/2026 02:20,22.0,PB44AB4134,DRV843,1201.8
TRP003350,MANDI-038,WH-East,2026-06-19 06:22:20,20/06/2026 06:04,23.7,RJ14DF6504,DRV759,1301.7
TRP007720,MANDI-002,WH-East,19/08/2026 21:35,2026-08-20 17:35:44,20.0,UP30BC7909,DRV999,835.4
TRP005683,MANDI-053,WH-West,2026-01-22 08:34:38,01-23-2026 12:52 AM,16.3,PB54DF2243,DRV316,893.2
TRP000419,MANDI-008,Export-Terminal,2026-02-04T05:45:42,2026-02-05 03:45:42,22.0,,DRV961,1169.3
TRP006759,MANDI-053,WH-West,2026-01-27 11:43:12,28/01/2026 06:07,18.4,,DRV890,899.9
TRP004506,MANDI-053,Export-Terminal,2026-04-30 04:08:06,2026-04-30 23:26:06,19.3,HR34BC1132,DRV784,936.1
TRP006616,MANDI-033,WH-North,15-Jan-2026 11:01:29,2026-01-16T09:31:29,22.5,PB44BC7498,,1168.3
TRP001948,MANDI-022,Export-Terminal,25/06/2026 12:03,25-Jun-2026 17:15:51,5.2,PB96BC9742,DRV911,261.2
TRP002319,MANDI-005,WH-North,13/02/2026 22:17,14-Feb-2026 10:59:37,12.7,DL98DF4740,DRV305,674.7
TRP002300,MANDI-027,WH-South,29-Jun-2026 18:12:45,29-Jun-2026 22:18:45,4.1,PB94AB1766,DRV730,166.4
TRP004943,MANDI-007,WH-Central,09-07-2026 06:47 PM,2026-09-08 04:05:11,9.3,UP81CD7137,DRV939,509.5
TRP009626,MANDI-027,WH-North,07-22-2026 03:25 PM,23/07/2026,,DL72DF9207,DRV904,788.7
TRP000209,MANDI-010,WH-East,2026-03-13T14:48:03,,23.2,UP87CD9601,DRV521,
TRP003470,MANDI-023,WH-Central,27/01/2026,,17.9,HR40DF1047,,866.5
TRP003887,MANDI-020,WH-North,15-Aug-2026 09:32:22,2026-08-15T21:20:22,11.8,UP38CD4169,DRV378,558.2
TRP006428,MANDI-041,WH-Central,10/02/2026 11:34,11/02/2026,,,DRV470,883.7
TRP000529,MANDI-049,Export-Terminal,29-Aug-2026 22:56:41,2026-08-30T01:26:41,2.5,HR71DF4770,,107.1
TRP001234,MANDI-034,WH-East,06-23-2026 03:36 AM,,19.4,HR42AB4560,DRV809,
TRP000780,MANDI-054,WH-South,08-10-2026 09:03 AM,08-11-2026 06:45 AM,21.7,UP29AB3086,DRV723,1203.1
TRP000723,MANDI-008,WH-East,2026-05-17T12:29:33,,6.4,,DRV530,262.5
TRP008973,MANDI-044,WH-North,2026-07-30 15:41:42,2026-07-31 03:05:42,11.4,HR12AB1351,DRV258,554.1984510885881
TRP007937,MANDI-021,WH-East,16/06/2026 15:16,17/06/2026 01:40,10.4,DL15AB5639,DRV219,472.5
TRP001861,MANDI-039,WH-North,2026-05-23T04:14:25,23/05/2026,3.4,RJ99CD6596,DRV202,
TRP008773,MANDI-046,WH-Central,2026-05-01 18:04:11,2026-05-02 13:40:11,19.6,UP23CD7033,DRV817,1054.1
TRP008052,MANDI-016,WH-West,06/02/2026 10:37,07-Feb-2026 08:31:51,,HR98CD4950,DRV877,1211.4
TRP005406,MANDI-027,WH-East,01-16-2026 12:53 AM,2026-01-16T16:59:08,16.1,UP98BC1138,DRV307,946.2
TRP003695,MANDI-031,WH-West,2026-05-16T01:24:06,2026-05-16 15:30:06,14.1,DL33BC6954,,753.9
TRP001993,MANDI-052,WH-North,09-Feb-2026 14:31:24,09-Feb-2026 22:19:24,7.8,DL52DF6397,DRV100,380.8
TRP002333,MANDI-044,WH-West,2026-06-22T08:35:44,23/06/2026,21.8,,DRV484,1154.9
TRP006622,MANDI-037,Export-Terminal,01-24-2026 02:17 AM,2026-01-25 00:29:01,22.2,UP34BC7374,DRV865,961.2
TRP009062,MANDI-044,WH-East,08/08/2026,08/08/2026 22:30,6.2,PB85BC1550,DRV892,349.5
TRP008162,MANDI-045,Export-Terminal,14-Aug-2026 18:20:47,15/08/2026 10:20,16.0,DL61CD1590,DRV509,805.99774734284
TRP007428,MANDI-040,WH-Central,2026-04-15T14:15:47,2026-04-15 20:21:47,6.1,,,
TRP007921,MANDI-006,WH-West,04/09/2026 15:41,09-05-2026 07:29 AM,15.8,HR23BC7113,DRV574,
TRP002472,MANDI-057,Export-Terminal,24-Aug-2026 06:26:16,2026-08-25T04:26:16,22.0,PB19CD7405,DRV184,958.3
TRP005505,MANDI-018,Export-Terminal,06-23-2026 03:22 AM,23-Jun-2026 16:10:33,12.8,HR42BC6120,DRV393,517.6
TRP009592,MANDI-030,WH-Central,02/03/2026 08:24,02/03/2026 13:12,4.8,DL43BC7516,DRV378,277.0
TRP005063,MANDI-011,WH-South,11-Jul-2026 14:22:30,2026-07-12T11:40:30,21.3,DL64AB7634,,
TRP005130,MANDI-024,WH-East,07/02/2026 23:18,2026-02-08T05:36:10,6.3,DL42AB2972,DRV350,321.7
TRP001397,MANDI-007,WH-North,14/03/2026 20:24,03-15-2026 07:06 PM,22.7,RJ45CD9567,DRV417,
TRP001490,MANDI-049,WH-West,2026-04-18T16:07:41,18/04/2026 22:49,6.7,HR86AB6403,DRV188,374.1
TRP005754,MANDI-047,WH-North,16-Jan-2026 08:28:38,2026-01-16T20:46:38,12.3,RJ61DF4432,DRV675,542.0
TRP002885,MANDI-011,WH-Central,2026-02-04T10:26:10,2026-02-05 03:32:10,,DL50DF1570,,810.9977333685399
TRP003847,MANDI-035,WH-Central,15-Mar-2026 05:04:48,16/03/2026 00:16,19.2,HR10BC7169,,950.6
TRP001043,MANDI-014,WH-North,14-Aug-2026 07:00:32,08-14-2026 05:36 PM,10.6,UP62DF3828,DRV271,529.9
TRP008880,MANDI-046,WH-Central,23/05/2026 00:44,,20.4,RJ88DF6081,,884.2
TRP006413,MANDI-023,WH-East,2026-06-01T02:02:15,01/06/2026,18.5,RJ71CD6571,DRV122,880.197539964228
TRP007898,MANDI-042,WH-South,01-04-2026 10:28 PM,,23.3,HR93AB9854,DRV765,1006.2
TRP000258,MANDI-035,WH-West,2026-05-12T09:11:01,,3.6,DL78DF8686,DRV749,154.5
TRP007719,MANDI-051,WH-West,01-25-2026 09:27 PM,2026-01-26 12:33:26,15.1,PB84CD6886,,743.9
TRP007929,MANDI-016,WH-East,22/07/2026 18:21,23/07/2026 03:09,8.8,UP76AB1490,DRV824,367.6
TRP008963,MANDI-043,WH-East,2026-05-25 01:08:46,05-25-2026 05:08 PM,16.0,PB17CD6382,DRV927,778.8
TRP008332,MANDI-041,WH-West,01/05/2026,02-May-2026 09:03:59,20.5,DL94BC4074,DRV922,1175.5
TRP002836,MANDI-027,WH-South,06-Jun-2026 02:33:17,,12.6,UP57DF5507,DRV447,609.2
TRP005527,MANDI-011,Export-Terminal,20-Mar-2026 00:30:21,2026-03-20 07:12:21,6.7,UP40DF1547,DRV987,365.6
TRP002090,MANDI-006,WH-Central,15-Feb-2026 20:34:06,16-Feb-2026 18:10:06,21.6,RJ92CD3302,DRV612,
TRP000703,MANDI-007,WH-West,15/05/2026,15/05/2026 21:42,6.3,PB20CD3944,DRV279,312.3
TRP000504,MANDI-037,WH-East,07/05/2026,2026-05-08 02:54:51,,HR12DF9060,DRV680,963.7
TRP004005,MANDI-044,Export-Terminal,04-18-2026 10:33 AM,2026-04-19 02:57:33,16.4,UP20CD4515,DRV652,867.5
TRP009170,MANDI-002,WH-East,2026-03-04 01:16:35,04/03/2026 11:52,10.6,HR13AB8351,,
TRP001346,MANDI-049,WH-West,2026-01-31 23:06:34,01/02/2026 03:18,,UP15CD8357,DRV999,
TRP007145,MANDI-003,WH-East,09/06/2026,2026-06-10T09:07:30,22.4,UP22DF2924,,1111.9
TRP005516,MANDI-010,WH-North,12/04/2026,13/04/2026,21.1,UP25BC2241,DRV606,862.3
TRP002249,MANDI-004,Export-Terminal,22/02/2026,22/02/2026 15:39,,UP76BC1927,DRV427,413.5
TRP005442,MANDI-045,WH-South,2026-06-03 05:09:50,2026-06-03T09:33:50,4.4,DL37AB9196,DRV432,228.8
TRP004141,MANDI-025,WH-Central,01/06/2026 12:37,01/06/2026 18:43,6.1,UP78AB1382,DRV186,
TRP000373,MANDI-017,WH-South,03/09/2026 08:51,09-03-2026 01:45 PM,4.9,RJ53DF8210,,218.699388764118
TRP008789,MANDI-043,WH-North,01-11-2026 01:52 PM,2026-01-11T16:22:26,2.5,RJ49AB3471,,112.9
TRP004112,MANDI-026,WH-East,2026-04-04T19:44:17,04-05-2026 10:50 AM,15.1,RJ69BC3327,DRV659,751.1
TRP002007,MANDI-027,WH-Central,2026-05-16T02:45:01,,4.3,DL90DF3528,DRV528,178.6
TRP004218,MANDI-006,WH-West,05/07/2026 16:03,07-06-2026 04:51 AM,12.8,HR75BC4910,DRV463,712.6
TRP004251,MANDI-005,Export-Terminal,2026-08-04 06:40:57,05/08/2026,,DL74CD5556,DRV299,886.8
TRP004626,MANDI-016,Export-Terminal,28/08/2026 17:14,08-29-2026 04:56 AM,11.7,UP58AB1829,DRV996,474.0
TRP002803,MANDI-039,Export-Terminal,2026-03-03T02:45:04,03-03-2026 03:45 PM,13.0,PB80AB9703,DRV798,614.6
TRP006195,MANDI-010,WH-North,01-25-2026 04:19 AM,26/01/2026 00:19,20.0,,DRV298,1046.2
TRP009805,MANDI-017,WH-South,2026-04-05T07:34:58,06-Apr-2026 02:46:58,19.2,PB96BC6264,DRV581,836.8976609816659
TRP002103,MANDI-039,WH-East,03-26-2026 03:15 PM,03-27-2026 05:27 AM,14.2,RJ99DF5385,DRV829,623.0
TRP000998,MANDI-055,WH-South,28/05/2026,05-29-2026 09:55 AM,13.8,UP84CD4873,,
TRP008517,MANDI-028,WH-North,02/02/2026,2026-02-03T09:30:59,19.4,RJ96AB8831,DRV350,947.7
TRP003911,MANDI-005,WH-North,24-Aug-2026 10:31:48,2026-08-24 23:01:48,12.5,PB98AB2802,,662.3
TRP001177,MANDI-051,WH-East,09/02/2026 08:41,2026-02-09T14:35:42,5.9,RJ38DF8787,DRV725,251.9
TRP000552,MANDI-045,WH-East,03-30-2026 02:09 AM,2026-03-30T21:39:22,19.5,PB57BC1167,DRV418,1056.5
TRP000745,MANDI-040,WH-Central,08-15-2026 02:23 AM,2026-08-15 19:47:25,17.4,DL28CD7623,DRV594,775.4
TRP006078,MANDI-053,WH-North,2026-04-24 00:28:44,2026-04-24 21:34:44,21.1,PB69CD4460,DRV249,923.3
TRP008995,MANDI-009,WH-North,12/02/2026 01:35,02-12-2026 08:29 PM,18.9,PB17CD1410,DRV108,876.0
TRP006392,MANDI-019,WH-East,2026-01-05T01:03:04,2026-01-05 16:33:04,15.5,RJ61BC7259,DRV674,855.197609835728
TRP006149,MANDI-002,WH-West,16-Feb-2026 14:24:09,2026-02-17 11:42:09,21.3,,DRV810,1009.6
TRP006072,MANDI-011,WH-West,26/05/2026 14:43,2026-05-27 10:49:10,20.1,UP66AB9430,DRV394,1151.396781998196
TRP004093,MANDI-051,Export-Terminal,2026-01-11 21:27:43,2026-01-12 16:15:43,18.8,DL95DF1151,DRV712,867.0
TRP007464,MANDI-032,WH-West,2026-01-27T12:12:17,28-Jan-2026 01:36:17,13.4,HR57BC9688,,658.7
TRP009110,MANDI-021,WH-Central,01-01-2026 07:17 AM,2026-01-02 06:59:39,23.7,DL60AB2414,DRV256,1281.796417548452
TRP008200,MANDI-046,WH-South,2026-08-04 01:43:13,2026-08-04 10:07:13,8.4,,DRV548,
TRP004930,MANDI-052,WH-East,2026-03-27 09:09:53,2026-03-28T00:15:53,,HR38BC9249,DRV397,861.297592787082
TRP003459,MANDI-008,WH-South,2026-01-07T00:29:02,2026-01-07 06:47:02,6.3,UP24CD2690,DRV336,362.7
TRP006861,MANDI-056,WH-West,23-Jan-2026 15:25:54,01-23-2026 10:19 PM,6.9,,DRV602,332.7
TRP005954,MANDI-016,WH-Central,15/08/2026 14:23,15/08/2026 23:53,9.5,UP50CD4456,DRV724,456.4
TRP005441,MANDI-018,WH-East,2026-07-05T01:44:39,2026-07-05 03:50:39,,UP21DF7459,DRV536,107.6
TRP003523,MANDI-025,WH-East,2026-01-04 21:47:51,05/01/2026 19:05,21.3,HR26BC4461,DRV262,1253.8
TRP000694,MANDI-003,WH-West,16/01/2026,17-Jan-2026 09:05:13,21.2,DL80CD4950,DRV302,1038.5
TRP002534,MANDI-033,WH-North,2026-05-12 01:20:50,12/05/2026 14:14,12.9,DL54AB8295,DRV857,
TRP006221,MANDI-035,WH-North,2026-08-29 01:11:27,2026-08-29 23:47:27,22.6,HR41CD1025,DRV783,982.9
TRP000983,MANDI-012,WH-West,02-22-2026 04:39 PM,2026-02-23T07:57:13,15.3,,DRV183,705.2
TRP009712,MANDI-030,WH-Central,07-06-2026 12:11 AM,,22.0,PB84CD9416,DRV578,993.0
TRP000080,MANDI-002,Export-Terminal,2026-04-16 10:27:52,16/04/2026 23:33,13.1,RJ44CD2954,DRV248,
TRP008639,MANDI-047,WH-South,02-Jul-2026 16:43:57,03/07/2026 07:31,14.8,UP51DF1080,DRV465,876.2
TRP003818,MANDI-053,WH-South,08-09-2026 02:53 PM,09-Aug-2026 22:29:41,7.6,,DRV568,438.6
TRP007077,MANDI-039,Export-Terminal,03-13-2026 06:40 AM,13/03/2026 12:22,5.7,UP13BC8967,DRV574,252.7
TRP005338,MANDI-008,WH-East,2026-05-14T03:40:36,2026-05-14T15:28:36,11.8,,DRV727,560.4
TRP003687,MANDI-015,WH-North,2026-03-04 09:19:32,03-04-2026 02:55 PM,5.6,DL66AB2118,,286.6
TRP004061,MANDI-001,WH-East,2026-08-18T23:48:06,,22.3,UP17AB2956,DRV679,1221.1
TRP005415,MANDI-001,Export-Terminal,2026-06-03 17:34:20,06-03-2026 09:52 PM,4.3,DL87DF7078,DRV305,233.3
TRP000262,MANDI-024,WH-Central,11/03/2026 20:37,,22.9,,DRV750,1181.8
TRP002143,MANDI-047,WH-West,2026-01-26 07:53:21,2026-01-26T12:53:21,5.0,PB35AB8361,DRV606,288.0
TRP006885,MANDI-029,WH-West,2026-04-01 07:56:22,2026-04-02T01:32:22,17.6,RJ18DF1328,DRV107,
TRP002269,MANDI-008,WH-South,2026-05-01 21:44:18,02-May-2026 02:26:18,4.7,HR23AB7265,DRV132,247.6
TRP000446,MANDI-016,WH-Central,08-19-2026 03:56 PM,20-Aug-2026 02:20:14,10.4,RJ18AB2184,,526.1
TRP005333,MANDI-011,WH-East,2026-03-07 23:49:41,2026-03-08 14:07:41,14.3,,DRV364,834.7
TRP004873,MANDI-052,WH-East,2026-08-22 08:10:18,22/08/2026 16:16,8.1,RJ38CD6067,,348.7
TRP006990,MANDI-049,WH-North,14/04/2026 06:07,04-14-2026 12:55 PM,6.8,,,349.399023475916
TRP007235,MANDI-015,WH-South,25/05/2026 23:45,26/05/2026 18:33,18.8,RJ65AB3624,DRV596,830.4
TRP003754,MANDI-004,Export-Terminal,04-19-2026 06:50 AM,,4.4,PB10CD2868,DRV549,206.4
TRP001702,MANDI-012,WH-West,08/04/2026 09:46,2026-04-08 15:52:04,6.1,,,289.399191167516
TRP007580,MANDI-002,WH-Central,27-Apr-2026 08:18:31,27-Apr-2026 19:24:31,11.1,HR22AB2318,DRV446,500.798600334112
TRP002527,MANDI-029,WH-South,09/08/2026,2026-08-10 01:32:02,11.6,RJ77CD1344,DRV231,599.3
TRP005501,MANDI-046,WH-Central,30-Jan-2026 23:14:10,2026-01-31T02:38:10,3.4,DL81AB8721,DRV495,158.3
TRP005232,MANDI-028,WH-Central,11/08/2026 17:09,12/08/2026 14:09,21.0,UP73AB7989,DRV961,1067.7
TRP000069,MANDI-002,WH-East,08-23-2026 02:45 PM,2026-08-24T10:51:45,20.1,DL91DF4719,DRV348,828.2976850174621
TRP001169,MANDI-028,WH-Central,09/03/2026 22:12,03-10-2026 07:18 AM,9.1,HR42CD9927,DRV442,451.3
TRP000049,MANDI-006,WH-Central,26/03/2026,2026-03-27 06:37:15,11.3,PB82AB6389,DRV436,616.99827557138
TRP001054,MANDI-054,WH-North,2026-08-01 03:12:21,2026-08-02 02:06:21,,HR88AB4070,DRV582,1232.6
TRP000085,MANDI-031,WH-North,25-May-2026 16:36:24,26-May-2026 12:18:24,19.7,HR34DF8055,DRV866,1054.3970530996162
TRP003150,MANDI-021,WH-West,2026-03-14 20:02:08,15/03/2026 15:26,19.4,DL60DF6476,DRV115,1094.7
TRP000881,MANDI-020,WH-Central,08-Aug-2026 19:37:01,2026-08-09T07:31:01,11.9,UP37CD2491,DRV586,710.8
TRP002652,MANDI-032,WH-North,2026-05-15 20:19:18,16/05/2026 04:43,8.4,PB47DF8868,DRV983,418.6
TRP008194,MANDI-029,WH-North,2026-03-24T21:03:05,03-25-2026 05:03 PM,20.0,HR83AB2041,,1128.0
TRP002440,MANDI-006,WH-North,2026-08-31 12:17:13,2026-09-01 09:17:13,21.0,RJ24CD7991,DRV186,1181.7
TRP004116,MANDI-033,WH-South,20/02/2026,2026-02-20 23:43:08,15.6,HR73CD7546,,820.4
TRP009962,MANDI-055,Export-Terminal,09-Sep-2026 18:16:52,10/09/2026,6.4,HR26BC2889,DRV429,266.59925489032406
TRP001468,MANDI-044,WH-Central,16/08/2026 20:32,2026-08-17T09:50:39,13.3,PB91BC3026,DRV827,767.5
TRP008519,MANDI-040,WH-East,2026-05-17 21:48:34,18/05/2026 10:00,12.2,HR29CD3275,DRV768,629.5
TRP003594,MANDI-004,WH-North,01-Jan-2026 08:25:11,01/01/2026 17:49,9.4,DL15AB4319,DRV927,471.0
TRP002442,MANDI-003,WH-East,06-15-2026 02:17 AM,15/06/2026,,DL26AB8729,DRV909,877.9
TRP006099,MANDI-034,WH-South,01-07-2026 01:11 PM,07/01/2026,6.2,HR83DF7490,DRV988,333.0
TRP000231,MANDI-052,WH-West,2026-08-19T02:39:24,08-20-2026 12:45 AM,22.1,,DRV122,884.5
TRP001321,MANDI-039,Export-Terminal,07-Feb-2026 13:13:38,07/02/2026 17:07,3.9,UP60BC5582,DRV704,202.79943320239198
TRP000042,MANDI-036,WH-South,2026-01-04T01:46:03,2026-01-04T16:34:03,14.8,UP18DF9882,DRV470,790.0
TRP003040,MANDI-035,WH-North,10-Jan-2026 14:37:11,2026-01-11T00:01:11,9.4,PB76BC4923,DRV980,403.4
TRP000778,MANDI-054,WH-Central,02-22-2026 02:50 AM,22/02/2026 23:14,20.4,RJ98DF9209,,973.2
TRP009498,MANDI-055,WH-East,23-Aug-2026 09:20:43,08-23-2026 03:44 PM,6.4,DL18BC2196,DRV829,370.898963386426
TRP002373,MANDI-044,WH-North,27-Feb-2026 15:57:17,2026-02-28 13:27:17,21.5,,DRV856,1172.2
TRP001730,MANDI-016,WH-West,2026-07-13 09:44:13,13-Jul-2026 13:20:13,3.6,,DRV118,190.89946646122598
TRP005571,MANDI-021,Export-Terminal,30/07/2026,30/07/2026,2.6,UP31AB7456,,136.4
TRP000580,MANDI-037,WH-North,08-01-2026 07:37 PM,2026-08-02T14:37:23,19.0,,DRV266,1118.3
TRP007702,MANDI-029,WH-East,2026-04-25T06:13:12,2026-04-25 18:07:12,11.9,PB41CD2898,DRV821,693.0
TRP006370,MANDI-045,WH-North,2026-05-21 11:42:52,2026-05-21T14:24:52,2.7,PB71DF1347,,140.8
TRP003079,MANDI-040,WH-Central,2026-07-14 17:48:17,,2.8,PB27CD5644,DRV118,
TRP007201,MANDI-044,WH-Central,06-14-2026 10:46 AM,14/06/2026,,HR63DF2966,DRV669,518.2
TRP003616,MANDI-036,Export-Terminal,2026-03-08T14:54:18,09-Mar-2026 14:24:18,23.5,HR61CD1601,,1080.1
TRP002868,MANDI-054,WH-West,2026-02-05 21:56:08,02-06-2026 08:38 PM,22.7,PB37AB1106,DRV740,1194.5
TRP001492,MANDI-050,WH-South,2026-04-15 22:01:24,16/04/2026,11.0,DL94BC3822,,445.0
TRP009243,MANDI-039,Export-Terminal,03/02/2026,04/02/2026,16.6,RJ53AB6459,,684.9
TRP006124,MANDI-039,WH-North,2026-01-25T11:00:10,25-Jan-2026 13:42:10,2.7,UP32AB7409,DRV414,139.5
TRP000062,MANDI-014,WH-Central,19-Jan-2026 07:40:02,2026-01-19 12:52:02,5.2,HR26CD9362,DRV734,229.2
TRP004798,MANDI-017,WH-West,13/08/2026 05:25,2026-08-13 11:43:49,6.3,RJ94AB2678,DRV293,277.0992255442941
TRP004355,MANDI-022,WH-Central,03-11-2026 02:20 AM,03-11-2026 06:02 AM,3.7,HR76BC9989,DRV222,216.9
TRP008404,MANDI-029,WH-West,18/02/2026 10:34,02-18-2026 06:04 PM,7.5,PB57DF8334,DRV243,435.3
TRP000403,MANDI-022,WH-Central,01-Jul-2026 04:26:10,01-Jul-2026 18:38:10,14.2,DL53BC1222,DRV210,738.3
TRP000333,MANDI-003,WH-North,06/05/2026 00:17,06/05/2026 14:53,14.6,UP46DF2641,DRV381,835.8
TRP002085,MANDI-011,WH-South,2026-07-10 07:24:48,11-Jul-2026 03:18:48,,DL92CD5964,DRV164,815.1
TRP003058,MANDI-005,WH-North,2026-01-21 19:54:35,2026-01-22T08:42:35,,DL91CD6836,DRV488,595.5
TRP005559,MANDI-008,WH-South,03-17-2026 05:57 PM,03-18-2026 08:57 AM,15.0,UP68DF2708,DRV387,662.6
TRP009730,MANDI-053,WH-West,25/05/2026 15:48,2026-05-26T04:30:22,12.7,HR12BC7868,DRV524,625.2
TRP009642,MANDI-037,WH-North,2026-04-08T09:57:09,04-08-2026 06:27 PM,8.5,RJ72BC3543,DRV518,398.098887366234
TRP000165,MANDI-034,WH-West,31/07/2026 15:36,2026-07-31 22:30:39,6.9,DL52CD7128,DRV692,403.6
TRP004632,MANDI-016,WH-North,04-14-2026 11:15 PM,,11.5,PB87AB6150,DRV952,681.9
TRP002716,MANDI-033,WH-East,2026-06-08T17:41:58,,12.6,,DRV519,625.5
TRP009283,MANDI-040,WH-South,03/06/2026 00:24,,4.0,PB62DF9973,DRV613,187.5
TRP007548,MANDI-056,WH-Central,2026-07-05T19:42:59,06/07/2026 04:00,8.3,RJ16AB4479,DRV648,334.2
TRP005604,MANDI-018,WH-North,29/03/2026 02:14,29/03/2026 10:50,8.6,HR20DF2286,DRV232,390.8
TRP006672,MANDI-040,Export-Terminal,30/04/2026 14:18,2026-05-01 11:48:16,21.5,HR95AB8044,DRV994,1081.6
TRP002756,MANDI-042,WH-West,07-04-2026 06:44 AM,07-04-2026 11:20 PM,16.6,DL83BC4386,DRV144,760.297875067942
TRP002877,MANDI-021,WH-West,16/06/2026 10:50,16/06/2026 21:26,,PB43CD9796,DRV457,626.1
TRP007672,MANDI-024,WH-North,2026-08-03T12:46:08,2026-08-04 06:28:08,17.7,HR42BC8080,DRV682,940.1
TRP001335,MANDI-015,Export-Terminal,26-Feb-2026 08:51:17,,,DL19CD3217,DRV515,1029.2
TRP008676,MANDI-012,WH-South,2026-01-10T07:44:42,2026-01-10 11:50:42,4.1,DL59CD5337,DRV858,172.4
TRP002865,MANDI-038,WH-South,03-Apr-2026 01:27:59,03-Apr-2026 13:03:59,11.6,HR46BC7386,DRV703,676.4
TRP001660,MANDI-001,WH-South,06-18-2026 02:53 AM,18/06/2026 05:41,2.8,HR10CD4254,DRV812,134.6
TRP004792,MANDI-028,Export-Terminal,22-Apr-2026 15:23:45,2026-04-22 19:41:45,4.3,HR42BC5611,,203.1
TRP000754,MANDI-028,WH-North,18-Jul-2026 09:20:31,19/07/2026,16.6,,DRV795,909.3
TRP003065,MANDI-049,WH-Central,2026-06-03T15:49:35,2026-06-04 05:07:35,13.3,,DRV507,
TRP008449,MANDI-005,Export-Terminal,09/03/2026 21:15,10/03/2026,21.0,UP55CD3944,DRV496,860.9
TRP007619,MANDI-051,WH-South,2026-02-05T14:19:09,2026-02-06 06:25:09,16.1,,DRV421,809.9
TRP000707,MANDI-005,WH-North,2026-07-10T08:01:38,,16.8,PB80BC3111,DRV935,977.4
TRP002974,MANDI-002,WH-South,02-24-2026 06:21 PM,25/02/2026 09:15,14.9,DL23BC1691,DRV550,778.5
TRP000583,MANDI-016,WH-East,06/06/2026,2026-06-06 23:14:23,20.0,DL90CD9139,DRV307,884.797527107872
TRP009179,MANDI-013,WH-West,27/01/2026,2026-01-28 07:54:53,,RJ73CD3704,DRV897,742.0
TRP005020,MANDI-039,WH-Central,2026-08-02 02:08:54,02-Aug-2026 06:56:54,,DL63CD7047,DRV307,282.0
TRP007144,MANDI-019,WH-Central,2026-02-21 08:33:58,22/02/2026,16.6,,DRV821,739.3
TRP004113,MANDI-033,WH-North,2026-05-14T11:24:45,,13.7,UP38DF2156,DRV761,
TRP009968,MANDI-017,WH-Central,2026-02-25 00:45:08,2026-02-25 15:33:08,14.8,HR32BC8678,DRV903,766.2
TRP003152,MANDI-017,WH-North,12/08/2026,2026-08-12 14:27:52,14.4,UP75BC2656,DRV437,729.4
TRP004120,MANDI-057,WH-North,14-Apr-2026 15:05:15,,23.3,UP11AB9018,DRV740,1030.9
TRP009939,MANDI-017,WH-North,2026-06-01 09:17:25,,5.5,UP75DF2083,DRV552,289.5
TRP009346,MANDI-053,Export-Terminal,2026-06-03T09:31:22,2026-06-03 15:43:22,6.2,DL43DF6401,DRV957,345.4
TRP001835,MANDI-038,WH-West,15/08/2026 14:08,2026-08-15 19:50:37,5.7,DL26DF9569,DRV689,330.2
TRP006271,MANDI-017,WH-East,16/08/2026,2026-08-16 15:11:05,4.8,RJ98AB8096,DRV117,274.699232251958
TRP007780,MANDI-035,WH-West,2026-05-21 09:52:23,05-22-2026 03:10 AM,17.3,,DRV834,873.9
TRP004342,MANDI-027,WH-East,19-Apr-2026 01:03:39,2026-04-19T04:51:39,3.8,PB24AB7997,DRV970,220.6
TRP004908,MANDI-043,WH-West,20/02/2026,02-21-2026 10:26 AM,13.5,DL14DF9795,DRV254,783.6
TRP005555,MANDI-014,WH-East,13-Jan-2026 09:50:15,2026-01-14 05:20:15,19.5,HR52CD2410,DRV481,861.2
TRP009990,MANDI-022,WH-East,17-Mar-2026 09:04:13,2026-03-18T04:52:13,19.8,DL93CD5687,DRV303,1081.99697596148
TRP007884,MANDI-057,WH-West,04-Jul-2026 21:39:40,05/07/2026 19:15,,DL11BC5956,DRV535,1055.597049745784
TRP003650,MANDI-054,WH-West,2026-04-21 08:51:09,2026-04-21T15:21:09,6.5,RJ46BC4275,DRV149,347.3
TRP001495,MANDI-051,WH-West,10/06/2026 03:30,2026-06-10T13:24:57,9.9,,DRV619,543.9
TRP002263,MANDI-054,Export-Terminal,2026-08-21T10:55:01,21/08/2026,6.8,,DRV671,312.7
TRP002247,MANDI-032,WH-East,16/08/2026 23:30,17/08/2026 07:30,8.0,UP55DF4215,,415.99883733824004
TRP000836,MANDI-055,WH-Central,04/08/2026 18:39,08-05-2026 06:09 PM,23.5,HR96AB5883,DRV393,1192.7966662909919
TRP008729,MANDI-004,WH-West,29/08/2026 20:57,30-Aug-2026 05:39:56,8.7,HR36CD9886,DRV811,422.39881945113603
TRP005352,MANDI-044,WH-East,30-Apr-2026 09:32:53,05-01-2026 12:02 AM,14.5,DL17CD5585,DRV934,679.1
TRP000433,MANDI-029,WH-East,08-11-2026 06:19 AM,11-Aug-2026 17:01:31,10.7,UP24DF5381,DRV562,432.5
TRP004964,MANDI-022,WH-Central,2026-01-14 23:52:07,15-Jan-2026 14:16:07,14.4,UP94DF3578,,691.9
TRP006078,MANDI-053,WH-North,2026-04-24 00:28:44,2026-04-24 21:34:44,21.1,PB69CD4460,DRV249,923.3
TRP004203,MANDI-048,WH-South,02-23-2026 02:26 PM,2026-02-24T00:20:59,9.9,RJ58BC6191,DRV179,572.7
TRP008505,MANDI-048,Export-Terminal,06-07-2026 02:23 PM,08/06/2026 10:35,20.2,,DRV135,1084.796968135872
TRP005124,MANDI-052,WH-Central,18-Jun-2026 03:23:26,19/06/2026 01:23,22.0,HR55CD2151,DRV602,1124.7
TRP006755,MANDI-048,WH-Central,08/03/2026,08/03/2026 22:52,3.9,PB77DF1675,DRV863,158.0
TRP003942,MANDI-019,WH-West,20-Jan-2026 00:39:09,2026-01-20 12:03:09,11.4,UP93AB7904,DRV783,502.0
TRP001194,MANDI-027,WH-East,28/07/2026 22:29,2026-07-29 16:53:12,18.4,DL71CD2421,DRV231,857.1
TRP007554,MANDI-051,WH-Central,02/03/2026 13:00,03-Mar-2026 06:06:52,17.1,,DRV634,
TRP002907,MANDI-040,WH-East,05-Sep-2026 19:35:46,06/09/2026 09:59,14.4,UP26BC1478,DRV588,738.0
TRP005962,MANDI-016,Export-Terminal,28-Apr-2026 17:46:14,2026-04-29T14:46:14,21.0,RJ49CD1705,DRV963,1118.3
TRP008553,MANDI-034,WH-Central,05/03/2026 16:46,,7.3,,DRV438,
TRP000305,MANDI-026,Export-Terminal,22/06/2026,,7.6,HR20CD6378,DRV161,422.6
TRP003239,MANDI-020,WH-South,20/04/2026 12:42,04-21-2026 10:18 AM,21.6,PB60CD7848,DRV481,1134.2
TRP008275,MANDI-034,WH-West,2026-05-24T09:07:23,2026-05-24 16:25:23,7.3,UP76BC6454,DRV578,
TRP008542,MANDI-057,WH-South,03-04-2026 04:59 PM,05-Mar-2026 05:53:52,12.9,UP53CD2215,DRV763,720.3
TRP003674,MANDI-040,WH-South,05-Sep-2026 23:04:28,06/09/2026,24.0,,,1236.5
TRP006969,MANDI-054,WH-East,28-Jun-2026 19:00:08,2026-06-29 12:06:08,,RJ54DF6278,DRV769,708.1
TRP002730,MANDI-046,WH-South,02/04/2026,02/04/2026 07:36,5.0,PB91CD3826,DRV920,214.0
TRP006551,MANDI-042,WH-Central,06-01-2026 08:03 AM,06-01-2026 11:45 AM,3.7,PB47CD6196,DRV596,204.2
TRP006508,MANDI-044,WH-North,08/01/2026 07:35,2026-01-08 22:59:06,15.4,,DRV182,904.0
TRP000434,MANDI-034,Export-Terminal,2026-02-14 05:05:24,14/02/2026,11.8,RJ99CD8125,,519.6
TRP003888,MANDI-040,WH-West,2026-02-16T01:30:48,2026-02-16 07:06:48,5.6,PB30DF2448,DRV912,275.5
TRP008570,MANDI-053,WH-West,23-Feb-2026 03:51:53,2026-02-23T07:15:53,3.4,,DRV205,192.0
TRP009457,MANDI-031,WH-Central,10/08/2026 19:11,10/08/2026 22:35,3.4,,DRV511,146.7
TRP000105,MANDI-047,WH-Central,04/04/2026 19:01,2026-04-05 16:25:52,21.4,RJ70AB6180,DRV623,1023.4
TRP005799,MANDI-022,WH-South,14/02/2026 20:57,02-15-2026 12:45 AM,3.8,HR67DF4061,DRV197,213.6
TRP001657,MANDI-011,WH-West,2026-07-28T10:40:12,2026-07-29T09:34:12,22.9,PB13BC8892,DRV151,963.8973060344459
TRP007415,MANDI-023,WH-East,01-Apr-2026 11:56:54,04-02-2026 06:20 AM,18.4,HR11AB7263,DRV485,951.9
TRP001534,MANDI-023,WH-Central,2026-05-31T03:15:31,05-31-2026 07:45 AM,4.5,,DRV235,220.8
TRP002987,MANDI-054,WH-North,2026-05-10T13:25:07,2026-05-10 17:49:07,4.4,HR87BC1544,DRV334,200.3
TRP008888,MANDI-011,WH-Central,25/06/2026 05:28,06-26-2026 01:16 AM,19.8,PB33CD1026,DRV660,848.0
TRP001333,MANDI-026,WH-West,2026-04-30 23:28:45,05-01-2026 07:58 AM,8.5,PB18AB8413,DRV183,375.8
TRP009736,MANDI-053,WH-Central,2026-02-07T16:52:14,2026-02-08 03:40:14,10.8,,DRV920,560.5
TRP006725,MANDI-056,WH-East,08/09/2026 13:31,09/09/2026 08:49,19.3,,,846.5
TRP005956,MANDI-016,Export-Terminal,16-Feb-2026 11:02:12,16/02/2026 17:50,6.8,HR23DF1709,DRV569,402.6
TRP001444,MANDI-021,WH-East,23/06/2026,,,RJ21CD5846,DRV233,911.7
TRP003435,MANDI-038,WH-Central,2026-09-08 23:35:35,,4.6,,DRV119,256.49928311841
TRP000215,MANDI-049,WH-Central,2026-06-19T13:44:19,20/06/2026,16.1,HR33BC6984,DRV703,941.2
TRP005854,MANDI-051,WH-North,02-15-2026 11:30 PM,16/02/2026 20:12,20.7,UP38CD5638,DRV530,1126.9
TRP006933,MANDI-056,WH-East,25-Feb-2026 12:28:18,26/02/2026 03:22,14.9,UP35CD7004,DRV612,867.8975743410059
TRP002911,MANDI-034,WH-West,2026-06-10 14:20:28,11/06/2026,22.3,HR99DF9280,,1282.1964164305082
TRP004903,MANDI-001,WH-East,25/05/2026,2026-05-25T18:12:51,11.7,HR15DF6255,DRV518,496.3
TRP008240,MANDI-041,WH-West,2026-07-19 09:06:37,2026-07-20T05:54:37,20.8,RJ54CD7542,DRV995,994.4
TRP001420,MANDI-033,WH-North,2026-02-07 06:08:32,07/02/2026 20:38,14.5,DL65DF9748,,713.49800586739
TRP003636,MANDI-047,WH-North,2026-05-24 04:43:21,,12.9,,DRV769,521.3
TRP008813,MANDI-042,WH-North,15-May-2026 15:44:42,,3.6,DL85DF5056,DRV506,193.8
TRP000182,MANDI-037,WH-South,04/08/2026 13:18,04/08/2026 18:06,4.8,RJ37BC2117,DRV195,271.2
TRP004711,MANDI-039,WH-North,19/02/2026 21:32,,21.7,HR27CD6483,DRV998,1085.4
TRP009050,MANDI-030,WH-East,25/04/2026 15:35,26-Apr-2026 13:05:42,21.5,PB36CD4636,DRV163,1209.2
TRP002447,MANDI-007,WH-South,2026-04-21T10:24:23,21/04/2026 15:42,5.3,DL70DF2871,DRV541,
TRP005817,MANDI-012,WH-Central,2026-01-03 20:34:16,2026-01-04 15:52:16,19.3,PB34AB8727,DRV725,1117.296877302922
TRP003722,MANDI-035,WH-East,02/05/2026 17:13,2026-05-03 07:49:46,14.6,RJ99AB3485,DRV826,
TRP006201,MANDI-032,Export-Terminal,2026-05-29 01:28:58,2026-05-29T05:04:58,3.6,RJ29AB8269,,144.4
TRP007326,MANDI-007,WH-Central,03/08/2026,03/08/2026,21.8,HR57DF2995,DRV125,1294.7
TRP006080,MANDI-010,WH-West,2026-01-30 09:14:11,2026-01-31 05:26:11,20.2,RJ52AB9409,DRV652,1163.1
TRP008412,MANDI-024,WH-Central,20-May-2026 20:45:30,21/05/2026 19:03,22.3,,,1300.1
TRP003173,MANDI-029,WH-South,2026-09-01T08:31:48,02/09/2026,22.4,RJ50DF3286,DRV327,1090.296952764142
TRP001224,MANDI-006,WH-South,05-12-2026 01:40 AM,12/05/2026,9.8,UP63AB7134,DRV156,405.1
TRP008269,MANDI-049,Export-Terminal,14/08/2026 19:49,15-Aug-2026 01:55:15,6.1,HR78CD5111,DRV706,363.8
TRP000071,MANDI-015,Export-Terminal,2026-05-13 01:57:04,2026-05-13 05:27:04,,HR73DF7557,DRV808,191.6
TRP000545,MANDI-012,WH-South,2026-07-17 10:11:46,2026-07-18 07:59:46,21.8,HR21BC3924,DRV727,1297.8
TRP001205,MANDI-032,WH-South,2026-03-29 08:44:57,2026-03-29 21:44:57,13.0,HR14CD9373,DRV266,624.9
TRP003871,MANDI-036,WH-South,20-Apr-2026 10:26:12,20/04/2026 23:38,13.2,DL48BC5025,DRV953,536.9
TRP003652,MANDI-020,Export-Terminal,02/02/2026,,5.6,,DRV608,328.3
TRP009471,MANDI-052,WH-Central,2026-04-29T09:10:17,04-30-2026 08:52 AM,23.7,RJ86CD3186,DRV893,977.7
TRP003147,MANDI-042,WH-North,25/04/2026,2026-04-26 13:14:08,23.1,RJ14DF5503,DRV886,1372.9
TRP008409,MANDI-001,WH-South,07/07/2026 05:10,08/07/2026 00:46,19.6,HR56AB7565,DRV204,1165.6
TRP006232,MANDI-055,WH-Central,23-Mar-2026 16:11:04,03-23-2026 10:35 PM,6.4,,DRV151,295.0
TRP005582,MANDI-049,WH-West,23/03/2026 11:01,2026-03-23T19:13:56,8.2,HR11AB4769,DRV718,
TRP009773,MANDI-018,WH-East,2026-01-14T23:09:48,,19.9,HR69CD1043,DRV853,877.297548069322
TRP007446,MANDI-016,WH-North,02-Feb-2026 03:10:38,02/02/2026 11:16,8.1,UP34CD7764,,406.49886388941
TRP008918,MANDI-022,Export-Terminal,05/07/2026 05:36,,6.9,HR53DF6764,DRV374,294.69917635475804
TRP007418,MANDI-056,WH-North,2026-02-24 23:57:13,25/02/2026,4.3,,DRV916,208.2
TRP003502,MANDI-032,WH-Central,30/04/2026 12:44,01/05/2026,21.3,DL21BC9993,DRV903,1207.1
TRP000878,MANDI-032,WH-West,01-12-2026 09:42 AM,12-Jan-2026 20:48:08,,HR95CD2838,DRV364,523.99853549336
TRP008455,MANDI-029,WH-Central,2026-02-18 04:18:26,2026-02-18 06:24:26,2.1,DL84BC3856,,111.8
TRP000197,MANDI-035,WH-Central,07-23-2026 05:04 PM,2026-07-23 19:40:26,2.6,,DRV633,111.8
TRP008182,MANDI-007,WH-Central,22/05/2026 15:08,2026-05-23 11:38:33,20.5,UP54BC7125,DRV765,1076.2
TRP003995,MANDI-012,WH-Central,01/05/2026 07:22,05-01-2026 10:46 PM,15.4,RJ10AB5782,DRV442,793.5
TRP006854,MANDI-032,WH-Central,08-Mar-2026 17:28:39,03-09-2026 04:58 AM,11.5,RJ62BC8944,DRV829,
TRP002998,MANDI-034,WH-North,18-Jul-2026 10:37:18,19-Jul-2026 00:49:18,,HR22AB7096,DRV976,673.0
TRP002572,MANDI-013,Export-Terminal,17-May-2026 09:37:00,2026-05-17 15:25:00,5.8,PB70AB1412,DRV797,
TRP004270,MANDI-028,Export-Terminal,2026-04-23 15:32:41,,21.3,UP71CD5894,DRV905,956.5
TRP007880,MANDI-042,Export-Terminal,2026-04-03 04:25:52,2026-04-03T10:13:52,5.8,PB63DF3174,DRV886,
TRP008975,MANDI-046,Export-Terminal,19/02/2026 10:22,2026-02-20 06:28:31,20.1,DL27BC8740,DRV737,1186.6
TRP009742,MANDI-025,WH-West,21-Apr-2026 00:18:23,21/04/2026 05:36,5.3,RJ83DF3505,,271.2
TRP006714,MANDI-030,WH-North,2026-08-10T14:56:26,11-Aug-2026 06:38:26,15.7,PB54DF3901,DRV473,912.1
TRP006461,MANDI-045,WH-West,2026-06-14 06:14:34,2026-06-14T15:02:34,8.8,,DRV360,384.698924817358
TRP005835,MANDI-004,WH-South,2026-04-30T16:36:58,01/05/2026,18.2,HR80BC9177,DRV943,970.7
TRP001607,MANDI-030,WH-East,2026-09-07 02:05:31,,13.0,UP18BC7289,DRV477,564.598422022044
TRP002869,MANDI-017,Export-Terminal,2026-05-24 11:51:55,05-25-2026 07:09 AM,19.3,RJ82DF5707,DRV437,864.5
TRP002719,MANDI-024,WH-East,02-08-2026 01:23 AM,2026-02-08 14:23:10,13.0,PB17AB7102,,632.4
TRP009003,MANDI-037,WH-Central,06/07/2026,07-07-2026 01:44 AM,,HR37AB4146,DRV908,787.4
TRP004238,MANDI-029,WH-West,29/04/2026 05:09,2026-04-30T04:39:52,23.5,,DRV910,1130.196841249228
TRP008020,MANDI-030,WH-North,2026-04-06 12:20:59,07/04/2026 10:02,21.7,RJ48AB5064,DRV241,918.1
TRP003401,MANDI-047,WH-South,2026-04-18 19:12:17,2026-04-19 05:00:17,9.8,UP24DF1950,DRV981,517.5
TRP000189,MANDI-036,WH-South,2026-03-29T03:15:29,,18.4,UP31BC8897,DRV317,988.7
TRP007503,MANDI-009,WH-South,2026-07-20T05:16:48,20/07/2026 14:04,8.8,PB72DF3204,DRV974,411.598849635624
TRP008024,MANDI-046,Export-Terminal,09/06/2026 23:34,2026-06-10 13:58:31,14.4,RJ38DF3174,DRV150,644.1
TRP002683,MANDI-045,WH-North,05/03/2026 10:07,05/03/2026 23:43,,RJ19BC9294,,550.5
TRP005471,MANDI-022,WH-South,2026-01-05 03:28:15,05-Jan-2026 15:16:15,11.8,PB87AB8843,DRV718,692.0
TRP005362,MANDI-009,WH-East,08/06/2026 15:25,2026-06-08 18:43:55,3.3,UP20BC9635,DRV612,173.9
TRP004415,MANDI-028,WH-South,05-11-2026 03:30 PM,11-May-2026 20:42:51,5.2,UP56AB5407,DRV486,210.0
TRP007245,MANDI-036,Export-Terminal,2026-03-07 16:48:11,2026-03-08 00:42:11,7.9,PB96BC6452,DRV464,405.6
TRP000219,MANDI-039,Export-Terminal,19/05/2026 20:31,,9.3,DL99DF5470,DRV118,394.7
TRP008242,MANDI-048,WH-South,06/06/2026 11:19,06-06-2026 07:55 PM,8.6,HR37AB2266,DRV297,391.398906091796
TRP006350,MANDI-035,WH-North,01-10-2026 08:14 PM,2026-01-10 23:44:20,3.5,RJ67BC4771,DRV888,181.299493291882
TRP004866,MANDI-006,WH-Central,05-Aug-2026 04:46:15,05-Aug-2026 11:40:15,6.9,UP52BC4778,,309.3
TRP002544,MANDI-047,WH-East,2026-07-15T07:19:29,2026-07-16 04:13:29,20.9,,DRV815,1001.8
TRP004036,MANDI-033,Export-Terminal,19/07/2026,20-Jul-2026 13:50:14,23.5,,DRV484,1164.2
TRP001245,MANDI-003,Export-Terminal,08-02-2026 02:31 AM,2026-08-02T17:43:12,15.2,DL81AB2960,DRV612,784.9
TRP000421,MANDI-012,WH-East,2026-05-18 19:55:29,18/05/2026 22:25,2.5,UP66BC7147,DRV427,142.79960089399202
TRP007531,MANDI-036,Export-Terminal,2026-08-15T00:14:35,2026-08-15T14:38:35,14.4,DL63AB2492,DRV162,818.6
TRP006796,MANDI-023,WH-South,2026-08-30T20:19:49,08-31-2026 03:07 AM,6.8,,DRV989,324.4
TRP002059,MANDI-040,WH-East,2026-04-22 05:49:14,04-22-2026 11:13 AM,5.4,RJ85CD4409,DRV523,273.8
TRP008831,MANDI-001,WH-Central,19/01/2026 00:13,01-19-2026 05:37 AM,5.4,HR47DF5405,DRV262,257.9
TRP007018,MANDI-001,WH-North,2026-02-09 21:13:25,10/02/2026,17.4,,DRV514,789.8
TRP004065,MANDI-001,WH-East,2026-04-10T06:41:47,10/04/2026 10:11,3.5,PB62BC4395,DRV885,165.7
TRP004920,MANDI-057,WH-West,2026-02-08 11:08:39,2026-02-08 19:38:39,8.5,RJ61CD1638,DRV517,462.7
TRP001167,MANDI-052,WH-West,30/06/2026 19:00,01/07/2026,15.7,RJ14DF3545,DRV114,725.3
TRP000255,MANDI-038,Export-Terminal,20/02/2026 00:26,20/02/2026 07:50,7.4,UP59BC1689,DRV526,361.7
TRP000416,MANDI-048,WH-East,03/01/2026 08:17,03-Jan-2026 23:05:03,14.8,DL52BC2396,DRV439,887.5
TRP006400,MANDI-016,WH-North,2026-01-05 18:15:10,01-06-2026 03:03 PM,20.8,DL84DF4032,DRV353,1081.8
TRP009543,MANDI-001,WH-East,07-Apr-2026 04:02:56,2026-04-07 12:20:56,8.3,PB60BC6869,DRV440,333.2
TRP009021,MANDI-051,WH-West,06-25-2026 03:44 PM,26-Jun-2026 01:50:16,10.1,DL56CD3175,,
TRP004280,MANDI-051,WH-East,19/07/2026 19:09,,2.5,RJ19CD7137,DRV180,101.7
TRP000760,MANDI-037,WH-South,2026-08-15 00:40:11,15-Aug-2026 20:58:11,20.3,DL91CD3297,,1217.7
TRP001386,MANDI-017,WH-West,2026-02-03 19:45:44,04/02/2026 12:09,16.4,UP19AB7216,DRV909,768.49785215009
TRP000655,MANDI-036,WH-North,02-13-2026 02:07 PM,2026-02-13T20:19:18,6.2,UP35BC6477,DRV657,298.4
TRP001202,MANDI-024,WH-South,02/04/2026,2026-04-02 23:43:58,22.8,,DRV364,1304.9
TRP002414,MANDI-040,WH-West,02/05/2026 14:04,03/05/2026,11.4,DL30BC6055,DRV797,631.3
TRP008811,MANDI-017,WH-East,06/04/2026 20:08,07/04/2026 16:32,20.4,UP83CD6435,DRV149,1029.8971215736863
TRP005418,MANDI-011,WH-East,30/07/2026 06:49,30-Jul-2026 16:13:31,9.4,RJ54BC4933,DRV328,440.9
TRP005503,MANDI-035,WH-North,18/04/2026,18/04/2026 16:06,14.3,PB19DF7962,DRV733,679.8
TRP003402,MANDI-016,WH-South,2026-07-31 00:04:44,2026-07-31 20:22:44,20.3,HR77AB4833,,835.7
TRP006728,MANDI-023,WH-South,09-Sep-2026 19:09:48,09-Sep-2026 21:51:48,2.7,DL76DF7490,DRV128,130.4
TRP005129,MANDI-010,WH-Central,16/08/2026,2026-08-16 09:54:35,6.6,DL28AB6153,DRV936,
TRP003045,MANDI-041,WH-North,28/02/2026 13:38,2026-03-01T00:26:22,10.8,HR15BC1780,DRV141,522.3
TRP002831,MANDI-006,WH-East,2026-04-07 18:06:59,2026-04-08T03:48:59,9.7,PB43BC9324,DRV867,517.9
TRP003525,MANDI-022,WH-South,28/02/2026 04:38,28-Feb-2026 14:20:51,9.7,UP85DF2146,DRV942,551.8
TRP000329,MANDI-052,WH-East,07-17-2026 10:33 PM,07-18-2026 01:15 AM,2.7,DL92CD5557,DRV235,108.2
TRP007357,MANDI-051,WH-Central,2026-06-19T05:33:12,2026-06-20T02:15:12,20.7,UP64CD7323,DRV699,1214.396605922016
TRP006533,MANDI-052,WH-North,11-Jan-2026 10:23:58,01-11-2026 04:41 PM,6.3,HR22BC6185,DRV849,303.1
TRP009214,MANDI-012,WH-South,17/04/2026 01:35,04-17-2026 04:23 PM,14.8,HR54AB5464,DRV227,804.8
TRP008860,MANDI-018,WH-Central,11/07/2026 10:02,11/07/2026 18:44,8.7,RJ63AB9308,DRV300,417.6
TRP002064,MANDI-033,WH-East,06-15-2026 04:02 PM,15-Jun-2026 22:26:03,6.4,UP28BC4170,DRV740,300.8
TRP008300,MANDI-034,WH-South,10/05/2026 11:52,,,PB79AB5621,,484.8
TRP004408,MANDI-052,WH-North,2026-04-10 11:06:02,2026-04-10 21:12:02,10.1,DL24AB1347,DRV507,518.5
TRP003034,MANDI-057,WH-North,04-18-2026 02:32 AM,2026-04-19 00:20:19,21.8,UP90AB5364,DRV225,1033.3
TRP008728,MANDI-056,Export-Terminal,2026-01-15T16:09:52,2026-01-16T03:03:52,10.9,PB87AB4947,DRV674,594.5
TRP003953,MANDI-029,WH-South,07-26-2026 01:26 AM,,6.3,RJ84DF1154,,341.1
TRP003828,MANDI-037,WH-West,2026-04-22 06:55:52,,16.2,DL91DF1256,DRV657,661.0
TRP004830,MANDI-033,WH-Central,11-Mar-2026 01:24:56,11/03/2026,16.8,UP77BC7474,DRV237,982.0
TRP001282,MANDI-011,Export-Terminal,27-Feb-2026 03:25:59,02-27-2026 04:43 PM,,,DRV654,583.898368081246
TRP003020,MANDI-043,WH-North,2026-08-28T10:48:34,29/08/2026,13.4,PB90CD1020,,763.097867242334
TRP003030,MANDI-004,WH-East,08-12-2026 02:52 AM,2026-08-12 23:52:51,21.0,PB11BC3408,DRV493,971.0
TRP000034,MANDI-057,WH-West,2026-08-13T05:21:48,13-Aug-2026 14:15:48,8.9,DL65AB3380,DRV761,437.5
TRP002637,MANDI-012,WH-West,22/03/2026 08:04,2026-03-23T07:40:11,23.6,RJ41DF3051,DRV892,981.2
TRP006262,MANDI-027,Export-Terminal,2026-07-25T03:14:09,07-25-2026 07:44 AM,4.5,RJ40AB1415,DRV111,214.9
TRP007020,MANDI-002,WH-West,2026-05-08 19:53:13,2026-05-09T10:29:13,14.6,UP95AB1463,DRV310,870.5975667948841
TRP004891,MANDI-055,WH-Central,2026-01-07 07:11:34,2026-01-07 22:17:34,15.1,UP21AB1660,DRV494,754.1
TRP003019,MANDI-035,WH-Central,27-Jul-2026 11:29:59,07-28-2026 12:59 AM,13.5,DL35AB5109,DRV319,666.7
TRP002946,MANDI-033,WH-North,2026-06-22T11:37:17,2026-06-22 19:19:17,7.7,DL10CD4920,DRV782,335.0
TRP006664,MANDI-038,WH-West,03-29-2026 04:55 PM,30/03/2026 11:31,,UP35AB8383,DRV337,786.797801004152
TRP005318,MANDI-056,WH-South,05-09-2026 03:33 AM,10/05/2026,21.7,,DRV288,1099.8
TRP004292,MANDI-003,WH-West,12/03/2026 20:06,2026-03-13 01:42:57,5.6,UP74AB3575,DRV356,296.5
TRP008178,MANDI-035,WH-West,01-Jan-2026 16:13:53,02/01/2026 10:13,18.0,PB41AB7068,DRV759,981.3
TRP002664,MANDI-056,WH-South,08-20-2026 07:06 AM,21/08/2026 06:36,23.5,PB84DF6836,DRV895,1000.6
TRP008615,MANDI-011,WH-West,19/01/2026 08:54,19/01/2026,3.9,RJ87BC1605,,216.2
TRP001283,MANDI-046,Export-Terminal,02-01-2026 07:27 AM,2026-02-02 06:51:54,,UP16CD3691,DRV582,1190.296673278142
TRP004122,MANDI-015,WH-West,22/06/2026 00:59,22-Jun-2026 10:53:32,9.9,UP56DF4634,DRV541,525.3
TRP001363,MANDI-011,WH-Central,2026-02-26T08:05:26,02-27-2026 07:11 AM,23.1,RJ24BC4292,DRV482,1072.0
TRP008533,MANDI-019,WH-North,07-15-2026 10:26 PM,07-16-2026 01:56 PM,15.5,HR24DF5508,,698.3
TRP006299,MANDI-035,WH-North,2026-07-01 03:49:03,2026-07-02T03:37:03,23.8,PB19CD5504,DRV926,1216.7
TRP001438,MANDI-057,WH-Central,03/04/2026 11:32,03/04/2026,6.1,RJ55BC3261,DRV640,353.599011737504
TRP006034,MANDI-036,Export-Terminal,2026-04-28 23:16:14,29/04/2026 08:04,8.8,PB10AB1065,DRV439,440.6
TRP004092,MANDI-034,WH-West,25/06/2026 07:28,2026-06-26T02:16:44,18.8,RJ79CD8280,,758.5
TRP000057,MANDI-014,WH-Central,03-13-2026 05:38 PM,2026-03-14T08:56:11,15.3,,DRV716,878.6
TRP005020,MANDI-039,WH-Central,2026-08-02 02:08:54,02-Aug-2026 06:56:54,,DL63CD7047,DRV307,282.0
TRP000032,MANDI-023,WH-West,28/07/2026,07-28-2026 05:44 PM,14.4,HR83AB7638,DRV294,
TRP003528,MANDI-034,WH-West,05-11-2026 06:27 AM,2026-05-11 21:45:10,15.3,,DRV136,706.8
TRP001845,MANDI-012,WH-West,22/01/2026 23:53,23-Jan-2026 03:29:11,,UP47AB6976,DRV549,
TRP004696,MANDI-038,WH-South,2026-04-19 16:37:51,20-Apr-2026 12:31:51,19.9,UP51BC5011,DRV390,1097.2
TRP008919,MANDI-034,WH-South,2026-01-23T19:06:17,24-Jan-2026 09:00:17,13.9,HR79AB5980,DRV684,744.3
TRP006085,MANDI-043,WH-East,2026-06-20 18:57:50,2026-06-21T12:21:50,17.4,RJ93DF6570,DRV836,702.1
TRP002881,MANDI-045,WH-South,01-07-2026 09:44 PM,2026-01-08T01:14:49,3.5,,DRV987,164.9
TRP001744,MANDI-006,WH-East,03-29-2026 07:47 PM,2026-03-30 13:05:02,17.3,DL15BC8688,DRV822,884.397528225816
TRP003382,MANDI-014,WH-Central,09-02-2026 01:03 PM,03/09/2026,13.1,,DRV740,627.2
TRP008733,MANDI-003,WH-Central,2026-02-03T01:25:24,2026-02-03T18:37:24,17.2,PB91AB2248,DRV916,1021.5
TRP004000,MANDI-014,WH-Central,2026-03-29 10:43:45,2026-03-30 01:49:45,15.1,RJ45BC1017,DRV714,712.0
TRP006352,MANDI-042,WH-East,2026-08-11 08:22:15,,10.8,RJ24DF3393,DRV105,561.9
TRP004451,MANDI-014,WH-Central,04-05-2026 11:52 PM,06/04/2026,21.4,RJ43DF1118,DRV781,1108.5
TRP009786,MANDI-017,WH-South,01/04/2026 23:34,02-Apr-2026 16:10:04,16.6,HR35DF9480,DRV477,701.2
TRP000741,MANDI-019,WH-North,20/08/2026,2026-08-21 21:25:46,22.0,RJ53AB2677,,1232.99655393762
TRP006952,MANDI-021,WH-North,07-30-2026 06:36 AM,2026-07-30T17:42:54,11.1,RJ76AB2058,DRV279,
TRP006650,MANDI-002,WH-North,06-25-2026 01:17 PM,2026-06-25 21:59:18,8.7,UP96DF8155,DRV592,459.5
TRP002255,MANDI-009,WH-South,2026-03-25 05:44:14,25/03/2026 08:32,2.8,UP69AB7123,DRV297,159.799553381372
TRP001625,MANDI-020,WH-North,15/06/2026 22:25,16/06/2026 05:43,,RJ93DF9352,DRV431,
TRP000525,MANDI-042,WH-West,2026-01-09 04:47:15,2026-01-09 20:05:15,15.3,HR86BC3575,DRV935,811.3
TRP007683,MANDI-028,Export-Terminal,21/02/2026 01:52,2026-02-21T20:58:00,19.1,PB55AB2795,DRV794,1110.5
TRP004594,MANDI-052,WH-East,10/02/2026,10-Feb-2026 07:21:53,4.2,HR11AB2768,DRV832,180.3
TRP003236,MANDI-032,WH-North,2026-06-29T17:08:34,30-Jun-2026 00:20:34,7.2,PB59DF2712,,
TRP005350,MANDI-012,WH-South,2026-04-23 01:32:20,23-Apr-2026 03:56:20,2.4,,,96.199731134468
TRP003258,MANDI-046,WH-Central,2026-08-31T17:47:56,09-01-2026 11:23 AM,17.6,HR37CD2944,DRV954,1044.5
TRP009408,MANDI-056,WH-West,06-Mar-2026 15:04:39,06-Mar-2026 20:46:39,5.7,UP72BC4392,DRV326,338.1
TRP007294,MANDI-009,WH-North,2026-04-25 06:20:54,2026-04-25 17:20:54,11.0,UP71CD8243,DRV525,541.3
TRP005906,MANDI-054,WH-South,19/01/2026 12:34,2026-01-20T00:28:57,11.9,UP16AB6847,DRV718,536.9
TRP000436,MANDI-037,WH-Central,29/08/2026 16:00,2026-08-29 19:48:46,3.8,RJ61AB4754,DRV903,174.0
TRP005707,MANDI-032,WH-East,2026-06-27 11:27:58,,20.1,UP35BC7986,DRV246,860.397595302456
TRP007856,MANDI-011,WH-South,2026-01-31 16:27:05,01/02/2026 13:57,21.5,PB40DF2401,DRV765,881.3975366103961
TRP000309,MANDI-003,Export-Terminal,29/07/2026 03:47,2026-07-29T13:53:30,10.1,DL32DF9704,DRV670,
TRP001566,MANDI-020,Export-Terminal,2026-07-10 09:04:25,10/07/2026,11.9,HR15DF9709,DRV836,688.4
TRP002632,MANDI-024,WH-Central,09/07/2026 06:57,07-10-2026 03:51 AM,20.9,PB82CD4467,DRV800,871.8
TRP006546,MANDI-011,Export-Terminal,2026-01-04 11:07:16,2026-01-04 21:19:16,10.2,PB50BC4458,DRV327,483.2
TRP004839,MANDI-025,WH-South,2026-05-26 17:26:11,2026-05-27T15:50:11,22.4,PB11CD3151,DRV839,1110.796895469512
TRP000402,MANDI-027,WH-Central,09/03/2026 01:38,2026-03-09T13:44:57,12.1,HR85DF2958,DRV295,518.598550585604
TRP008277,MANDI-028,WH-Central,26/08/2026 01:56,26/08/2026 11:14,9.3,UP10BC5478,,446.1
TRP003069,MANDI-011,WH-Central,22/04/2026 19:33,23/04/2026 16:57,21.4,DL59DF8623,,857.0
TRP000882,MANDI-017,WH-North,01/03/2026 02:04,2026-03-01 22:58:53,20.9,,DRV344,953.6
TRP000435,MANDI-023,WH-South,2026-09-02 04:27:35,2026-09-02T17:03:35,,,,587.0
TRP007749,MANDI-022,WH-Central,21/04/2026,04-21-2026 10:54 PM,12.7,RJ90AB9155,DRV913,658.398159864176
TRP003298,MANDI-003,WH-East,11/03/2026 03:39,03-12-2026 02:57 AM,23.3,PB30DF7938,DRV834,1190.0
TRP003880,MANDI-054,WH-West,2026-04-16 20:15:17,17/04/2026,22.1,UP68DF7783,DRV997,1108.196902736148
TRP007924,MANDI-029,Export-Terminal,20/03/2026 09:02,21/03/2026 05:38,20.6,,DRV824,842.2976458894219
TRP008741,MANDI-018,WH-South,09/05/2026 13:55,2026-05-09 20:55:09,7.0,HR37CD7624,DRV978,
TRP009888,MANDI-035,WH-North,19/05/2026 05:44,05-19-2026 01:20 PM,7.6,UP76AB3379,DRV152,311.6
TRP009646,MANDI-039,WH-Central,2026-01-23 09:51:19,2026-01-23 20:09:19,10.3,UP33BC3590,DRV448,589.6
TRP006061,MANDI-031,WH-West,27/04/2026 20:11,,6.7,DL96AB7102,DRV371,346.7
TRP000289,MANDI-035,WH-North,2026-08-29 17:00:20,,18.1,PB96BC1277,DRV113,970.4
TRP007171,MANDI-017,WH-North,01/05/2026 02:59,01/05/2026,,HR95BC3090,DRV464,979.7
TRP008658,MANDI-055,WH-West,08-27-2026 07:56 PM,28/08/2026 13:08,17.2,,DRV178,886.0
TRP002624,MANDI-018,WH-North,2026-02-14 07:31:55,14/02/2026 15:01,7.5,UP97DF3606,,334.3
TRP006477,MANDI-050,WH-East,2026-02-01 16:13:36,01/02/2026 22:31,6.3,UP24AB7785,DRV263,
TRP000477,MANDI-006,WH-East,24-Feb-2026 01:26:58,24/02/2026,13.9,DL85CD3632,DRV284,731.2
TRP007650,MANDI-047,WH-South,12/03/2026 07:08,03-12-2026 11:32 PM,,HR96DF6446,DRV394,849.6976252074581
TRP009518,MANDI-004,WH-West,06/06/2026 18:57,06/06/2026,4.3,PB15DF1790,DRV528,186.0
TRP000232,MANDI-033,WH-East,02-02-2026 12:33 AM,02/02/2026 06:33,6.0,UP68BC8744,DRV551,
TRP003693,MANDI-006,WH-Central,19-Jul-2026 21:25:49,,18.2,HR38AB5617,DRV112,979.4
TRP003545,MANDI-001,WH-South,15-Jan-2026 00:41:36,2026-01-15 18:47:36,18.1,,DRV800,1082.8
TRP000738,MANDI-050,WH-Central,2026-07-30 18:48:39,2026-07-30 23:30:39,,HR50DF8877,DRV496,
TRP005080,MANDI-048,WH-East,2026-08-16 13:11:48,08-16-2026 07:59 PM,6.8,RJ20BC6772,DRV500,293.0
TRP000843,MANDI-043,Export-Terminal,05-16-2026 01:46 PM,17-May-2026 12:22:18,22.6,PB87BC6728,DRV243,1182.2
TRP007147,MANDI-014,WH-North,2026-02-23 10:51:22,2026-02-24T00:09:22,13.3,RJ58AB4339,DRV834,662.7
TRP009954,MANDI-030,WH-East,2026-08-14 21:00:28,15-Aug-2026 11:18:28,14.3,DL53CD4143,DRV445,659.2
TRP006070,MANDI-020,Export-Terminal,20/04/2026 21:23,21/04/2026 11:53,14.5,,DRV657,676.1
TRP007223,MANDI-033,WH-North,2026-03-13T06:19:15,03-13-2026 01:37 PM,7.3,,DRV318,346.2
TRP003252,MANDI-052,WH-West,03/08/2026,03/08/2026,20.7,PB68BC4040,,1216.4
TRP007013,MANDI-016,WH-North,01-15-2026 08:18 PM,16/01/2026 11:24,15.1,,DRV703,860.5
TRP005595,MANDI-035,WH-Central,2026-03-16 02:51:10,16-Mar-2026 20:09:10,17.3,UP65AB1019,DRV209,719.3
TRP005045,MANDI-007,WH-Central,2026-04-10 03:41:23,04-10-2026 10:53 PM,19.2,DL81DF5093,DRV288,1061.3
TRP005991,MANDI-057,Export-Terminal,28-Jun-2026 17:05:11,29-Jun-2026 10:11:11,,HR59CD1161,DRV841,
TRP001322,MANDI-048,Export-Terminal,2026-01-19T04:28:31,,16.6,,DRV573,881.2
TRP001840,MANDI-024,WH-East,24/02/2026,02-24-2026 10:16 PM,15.8,RJ11DF6654,DRV724,898.9
TRP001996,MANDI-053,WH-West,2026-03-26 08:08:18,26/03/2026 16:56,8.8,RJ42AB5328,DRV597,527.5
TRP002400,MANDI-006,WH-West,2026-02-03 23:29:10,2026-02-04 17:53:10,18.4,PB26CD5148,DRV513,949.3
TRP006889,MANDI-006,WH-Central,02-13-2026 09:54 AM,,20.2,UP29DF9974,DRV428,
TRP007106,MANDI-007,Export-Terminal,13-Mar-2026 07:23:55,2026-03-13 18:47:55,11.4,HR27DF5259,DRV380,606.7
TRP005171,MANDI-006,Export-Terminal,02/02/2026 12:40,02-02-2026 08:10 PM,7.5,PB28CD3499,DRV284,428.4
TRP001042,MANDI-007,WH-East,2026-07-01 12:08:40,2026-07-02 00:56:40,12.8,,DRV118,630.6
TRP004554,MANDI-040,WH-West,2026-07-04 00:51:34,2026-07-04 10:51:34,10.0,PB42CD1809,DRV208,534.8
TRP000801,MANDI-028,WH-East,2026-02-24 07:24:36,25-Feb-2026 05:36:36,,,DRV808,1117.7
TRP007616,MANDI-030,Export-Terminal,2026-03-18 04:58:16,2026-03-19 01:16:16,,PB70CD6476,,948.9
TRP006731,MANDI-023,WH-West,2026-06-30T14:34:46,01-Jul-2026 04:04:46,13.5,DL37BC3792,DRV950,548.5984667398039
TRP001406,MANDI-015,WH-South,27-Aug-2026 12:26:43,28-Aug-2026 01:20:43,12.9,RJ25AB5708,,740.5
TRP008021,MANDI-018,WH-Central,2026-01-06 13:48:27,2026-01-07 03:24:27,13.6,,DRV745,797.8
TRP000070,MANDI-024,WH-North,2026-01-30T07:36:25,30/01/2026 12:24,4.8,DL46BC9544,DRV486,216.3
TRP006244,MANDI-008,WH-North,08-06-2026 08:39 AM,2026-08-07 07:57:29,23.3,DL59DF2837,DRV858,1049.297067353402
TRP002760,MANDI-057,WH-South,2026-08-24T11:22:40,2026-08-24 18:46:40,7.4,PB77BC8404,,398.9
TRP003884,MANDI-014,WH-East,16/08/2026 09:22,16-Aug-2026 20:40:35,11.3,,DRV397,487.4
TRP004515,MANDI-006,WH-East,04/05/2026 19:06,05-05-2026 04:00 AM,8.9,HR65DF6448,DRV378,398.898885130346
TRP001587,MANDI-003,WH-East,2026-01-11T13:34:54,2026-01-12T01:04:54,11.5,UP50AB5298,DRV408,611.0
TRP004640,MANDI-028,WH-Central,07/08/2026,08/08/2026,16.8,PB33AB2275,DRV839,812.9
TRP004540,MANDI-023,WH-South,09/03/2026 10:54,03-10-2026 07:36 AM,20.7,RJ90BC8440,,1005.7
TRP006093,MANDI-010,WH-East,2026-05-03T01:07:03,03/05/2026,8.9,UP34BC2915,DRV433,373.6
TRP001075,MANDI-003,WH-East,2026-08-08T23:40:18,,3.3,PB66AB6089,DRV629,186.4
TRP003633,MANDI-014,Export-Terminal,2026-07-25T02:39:08,25/07/2026 15:15,12.6,HR76CD9627,DRV589,638.3
TRP003462,MANDI-022,WH-West,2026-03-15T14:46:47,16-Mar-2026 08:58:47,18.2,HR95CD7861,DRV979,745.0
TRP003669,MANDI-053,WH-West,06/07/2026,2026-07-06T21:47:44,11.8,HR77DF4308,DRV760,679.9
TRP001470,MANDI-012,WH-West,05-09-2026 02:58 AM,10-May-2026 00:10:54,21.2,UP77CD6886,DRV184,1256.9
TRP004295,MANDI-056,WH-West,2026-04-27 16:29:30,27/04/2026 22:35,6.1,RJ67BC9152,DRV949,
TRP009433,MANDI-027,WH-Central,2026-02-23 22:40:51,24/02/2026,21.3,DL81BC1141,DRV266,874.6
TRP002604,MANDI-043,WH-East,2026-03-11 12:02:58,11-Mar-2026 22:14:58,10.2,HR23AB6188,DRV741,
TRP006673,MANDI-018,WH-North,03-25-2026 07:55 AM,26/03/2026,19.8,HR15DF3081,DRV675,1172.4
TRP001580,MANDI-003,WH-Central,08-29-2026 06:07 PM,2026-08-30T05:13:24,11.1,HR59BC5884,DRV650,471.0
TRP007914,MANDI-019,Export-Terminal,13-Aug-2026 13:50:11,14/08/2026 05:02,,HR92AB4054,DRV447,775.5
TRP004304,MANDI-007,WH-North,03-31-2026 03:02 PM,2026-03-31 19:20:38,4.3,,,192.4
TRP006088,MANDI-040,WH-West,07-Feb-2026 16:39:38,2026-02-07 23:45:38,7.1,RJ80CD9630,DRV250,373.0
TRP000410,MANDI-009,WH-South,04-Jun-2026 06:03:38,2026-06-04T15:57:38,9.9,DL76BC4198,DRV264,
TRP003783,MANDI-006,WH-North,26-Jan-2026 19:29:56,01-27-2026 01:47 AM,6.3,UP46DF9495,DRV144,306.8
TRP002953,MANDI-052,WH-South,2026-05-01 21:38:29,02/05/2026 03:14,5.6,DL37BC7853,DRV207,325.1
TRP006113,MANDI-010,WH-West,10/05/2026 04:29,2026-05-10 07:41:41,,PB86CD8816,DRV820,159.7
TRP005719,MANDI-005,WH-West,17-Jul-2026 03:10:44,,7.2,,,
TRP004281,MANDI-005,WH-North,2026-01-30 07:40:42,2026-01-31T07:34:42,23.9,RJ57CD1709,DRV255,1183.4
TRP003092,MANDI-021,WH-North,2026-07-16T17:02:59,2026-07-17T14:50:59,21.8,HR85CD5772,,
TRP002727,MANDI-056,WH-East,03/02/2026 06:15,03-Feb-2026 12:27:07,6.2,DL69AB7146,,254.39928898761602
TRP000478,MANDI-025,WH-Central,06-22-2026 04:20 AM,2026-06-22T13:14:37,8.9,PB55CD6769,DRV660,498.6
TRP001330,MANDI-003,WH-Central,2026-03-14T15:18:20,15/03/2026 04:00,12.7,HR27BC8610,DRV768,711.8980103391659
TRP002284,MANDI-050,WH-East,25/05/2026 16:43,2026-05-26T11:31:11,18.8,PB84CD4069,DRV623,972.0
TRP000322,MANDI-003,Export-Terminal,2026-03-06 04:15:50,06-Mar-2026 15:09:50,10.9,PB49CD8480,,449.3
TRP005781,MANDI-041,WH-West,05-18-2026 12:54 PM,18/05/2026,3.3,HR16CD2415,DRV182,192.7
TRP001778,MANDI-037,WH-North,14/04/2026 14:47,15-Apr-2026 02:29:54,11.7,PB21BC6149,DRV774,567.0
TRP008224,MANDI-029,WH-Central,21/02/2026 10:08,02-22-2026 01:26 AM,15.3,UP72DF3677,,688.5
TRP000752,MANDI-026,WH-West,2026-04-02T01:20:20,2026-04-02 15:20:20,14.0,PB74DF6826,DRV876,752.8
TRP009354,MANDI-030,WH-West,13-Jan-2026 14:44:36,2026-01-13 20:44:36,,,DRV834,285.8
TRP004443,MANDI-025,WH-South,10-Aug-2026 17:04:28,2026-08-10T19:28:28,2.4,HR70BC2865,DRV833,99.59972163194399
TRP007781,MANDI-008,WH-Central,2026-05-15 02:52:50,,18.5,PB79DF8631,DRV822,858.3
TRP006573,MANDI-032,WH-West,17/01/2026 19:18,18-Jan-2026 09:48:47,14.5,DL14DF6983,DRV719,710.8
TRP009513,MANDI-044,Export-Terminal,01-May-2026 09:04:18,01-May-2026 12:52:18,3.8,UP95DF5630,DRV136,192.9
TRP005771,MANDI-034,WH-South,04-29-2026 04:29 AM,04-29-2026 10:53 PM,18.4,RJ12DF1038,DRV906,769.5
TRP001032,MANDI-027,WH-South,28/06/2026,2026-06-28 18:23:54,10.7,RJ52BC5394,DRV633,508.4
TRP005675,MANDI-004,WH-Central,30/04/2026,05-01-2026 03:14 AM,6.3,UP84AB1265,,259.1
TRP005630,MANDI-016,WH-West,2026-02-01T23:19:39,02-02-2026 08:07 AM,8.8,HR26BC8098,DRV801,383.4
TRP000469,MANDI-056,Export-Terminal,23/05/2026 22:15,,22.3,HR55AB1820,DRV400,1177.196709890808
TRP001546,MANDI-023,Export-Terminal,01-03-2026 02:12 AM,03-Jan-2026 16:30:22,14.3,UP85DF2611,DRV304,592.6
TRP006886,MANDI-013,WH-West,2026-02-19T00:55:59,2026-02-19 05:01:59,4.1,,DRV346,192.099463107394
TRP008908,MANDI-008,WH-South,07/06/2026 16:43,06-08-2026 02:01 PM,21.3,,DRV728,1009.4
TRP002684,MANDI-028,WH-West,2026-05-08T00:42:36,08-May-2026 13:54:36,13.2,RJ16AB8372,DRV851,772.8
TRP007821,MANDI-021,WH-South,2026-03-29 22:22:38,2026-03-30 15:58:38,17.6,UP53BC4123,DRV526,
TRP006740,MANDI-002,WH-West,21-Mar-2026 21:50:28,2026-03-22T11:44:28,13.9,HR89AB8764,DRV706,693.7
TRP001026,MANDI-047,WH-West,18/02/2026 07:31,02-19-2026 07:07 AM,23.6,DL14CD3208,DRV465,1360.1961984314282
TRP009090,MANDI-020,Export-Terminal,22/07/2026 02:50,22/07/2026 04:56,2.1,DL53CD4242,DRV761,90.1
TRP004367,MANDI-022,WH-West,2026-05-16 10:32:17,17-May-2026 08:08:17,21.6,UP24BC9239,DRV632,1136.6
TRP005866,MANDI-013,WH-Central,2026-02-24T08:01:32,2026-02-25T06:19:32,22.3,DL14CD3155,DRV488,1073.0
TRP005679,MANDI-009,WH-North,2026-07-22 17:18:17,2026-07-22T23:48:17,6.5,UP54BC1274,DRV908,337.2
TRP003519,MANDI-002,WH-North,06/04/2026 12:34,04-07-2026 05:40 AM,17.1,DL31DF1953,DRV629,788.1
TRP008078,MANDI-003,WH-East,16-May-2026 03:24:19,2026-05-16T21:00:19,,UP70DF2403,DRV937,900.3
TRP002355,MANDI-053,WH-West,2026-02-27 03:54:03,02-27-2026 02:30 PM,10.6,DL94BC1804,DRV624,516.9
TRP007049,MANDI-057,WH-Central,03-16-2026 08:01 AM,16/03/2026,,PB90BC1672,DRV827,734.3
TRP007696,MANDI-045,WH-North,2026-03-19 18:46:24,,4.1,HR62BC5815,,236.5
TRP000774,MANDI-012,Export-Terminal,18/07/2026 16:30,2026-07-19T07:36:12,15.1,HR18AB2333,DRV385,656.1
TRP005255,MANDI-054,WH-South,15/02/2026 07:25,15/02/2026 18:37,11.2,PB38DF5650,DRV189,
TRP009165,MANDI-018,WH-Central,07-01-2026 06:01 AM,07-02-2026 03:13 AM,21.2,RJ46DF3460,DRV362,1136.0
TRP009455,MANDI-046,WH-Central,02/06/2026 04:27,2026-06-02 14:39:11,10.2,,,415.7
TRP008257,MANDI-008,Export-Terminal,09/01/2026,2026-01-09T23:18:52,23.1,HR52AB9420,DRV435,1269.7
TRP000642,MANDI-043,WH-Central,2026-03-29 03:25:17,29/03/2026,16.3,PB35BC6536,DRV549,865.7
TRP004609,MANDI-032,WH-North,2026-03-09 13:41:52,2026-03-10T03:29:52,13.8,RJ84DF1265,DRV525,702.8
TRP004305,MANDI-009,WH-North,24/08/2026 08:36,,5.1,UP49AB5387,DRV432,231.199353828368
TRP004470,MANDI-019,Export-Terminal,02-Feb-2026 01:14:45,2026-02-02T09:26:45,8.2,UP53BC3903,DRV731,425.7
TRP005506,MANDI-023,WH-Central,11-Feb-2026 08:18:06,02-11-2026 03:48 PM,7.5,PB67AB2252,DRV258,320.5
TRP007117,MANDI-008,WH-South,03-Aug-2026 20:48:18,04-Aug-2026 14:18:18,17.5,RJ48DF6683,DRV310,958.8
TRP008870,MANDI-026,WH-South,05-10-2026 01:01 AM,10/05/2026 15:43,14.7,HR88DF7902,DRV534,
TRP001109,MANDI-039,WH-North,05-21-2026 08:01 PM,2026-05-22T13:01:18,17.0,DL99AB9470,DRV448,683.0
TRP004150,MANDI-047,WH-Central,30-Apr-2026 05:36:51,30-Apr-2026 10:48:51,5.2,,DRV384,287.1
TRP000866,MANDI-046,WH-South,2026-05-22 08:42:12,05-22-2026 11:24 AM,2.7,RJ64AB1154,DRV855,108.3
TRP001421,MANDI-012,WH-East,16/03/2026 19:45,17/03/2026 06:33,,PB83DF9422,DRV195,457.3
TRP007558,MANDI-042,Export-Terminal,2026-04-22 15:06:17,,8.7,RJ17AB9033,,426.3
TRP004344,MANDI-006,WH-West,2026-03-20 23:26:00,03-21-2026 03:56 PM,16.5,DL76AB6260,DRV522,769.9
TRP005363,MANDI-033,WH-Central,2026-02-07 23:16:45,,4.1,,DRV348,
TRP006310,MANDI-057,WH-West,2026-04-04 12:57:49,05-Apr-2026 09:15:49,20.3,,DRV449,1080.1969809922282
TRP009120,MANDI-042,Export-Terminal,04-05-2026 05:27 AM,05-Apr-2026 09:03:17,3.6,HR78AB3812,DRV571,216.0
TRP006001,MANDI-016,WH-South,01-04-2026 09:00 AM,2026-01-05 05:54:44,20.9,PB41AB5484,,
TRP000963,MANDI-006,WH-West,08-Feb-2026 23:19:55,2026-02-09T14:49:55,15.5,DL85CD8630,DRV391,843.6
TRP001681,MANDI-036,WH-West,22/04/2026,2026-04-23 11:39:18,13.7,UP70BC7639,DRV147,
TRP008238,MANDI-029,WH-North,07-Feb-2026 02:56:29,,6.0,UP11CD8642,DRV199,330.7
TRP000634,MANDI-008,WH-South,24/07/2026 03:29,24-Jul-2026 13:29:18,10.0,DL75BC1380,DRV564,509.69857545985803
TRP002570,MANDI-042,Export-Terminal,2026-05-08T23:18:13,09/05/2026,11.7,RJ89CD3115,DRV139,
TRP006504,MANDI-049,WH-South,2026-02-01 12:25:18,,9.2,PB28BC9436,DRV209,398.198887086748
TRP003965,MANDI-043,WH-North,2026-08-19 00:25:08,2026-08-19T08:19:08,7.9,PB19AB8292,DRV927,355.7
TRP003310,MANDI-037,WH-South,26/07/2026 09:29,07-27-2026 05:17 AM,19.8,UP10DF7236,DRV916,1111.1
TRP002167,MANDI-004,Export-Terminal,19/02/2026 05:18,2026-02-19T17:24:20,12.1,,DRV955,515.0
TRP000364,MANDI-008,Export-Terminal,01-Mar-2026 21:06:25,2026-03-02 03:48:25,6.7,PB66AB4364,DRV652,389.0
TRP007378,MANDI-016,WH-West,2026-07-01T14:18:02,07-02-2026 04:06 AM,13.8,DL21BC2969,DRV918,697.6
TRP002826,MANDI-053,WH-South,2026-01-18 00:25:07,18-Jan-2026 20:13:07,19.8,PB83AB5376,DRV237,1040.9
TRP005808,MANDI-017,WH-Central,09-Jul-2026 11:50:08,2026-07-09T20:56:08,9.1,UP73DF9944,DRV437,510.1
TRP003575,MANDI-024,WH-North,2026-09-02 13:23:43,03-Sep-2026 05:35:43,16.2,HR43DF3667,DRV988,
TRP003598,MANDI-030,WH-North,24/02/2026 02:57,24-Feb-2026 14:09:25,11.2,,DRV752,574.5
TRP008699,MANDI-013,WH-Central,12-Mar-2026 18:28:19,13/03/2026 00:40,6.2,RJ24DF7236,DRV492,319.2
TRP008182,MANDI-007,WH-Central,22/05/2026 15:08,2026-05-23 11:38:33,20.5,UP54BC7125,DRV765,1076.2
TRP007816,MANDI-031,WH-Central,09/01/2026,01-09-2026 08:02 PM,3.5,PB47CD4446,DRV742,165.2
TRP000472,MANDI-012,WH-North,08/06/2026 19:19,09/06/2026 04:55,9.6,PB15DF5209,DRV583,
TRP008123,MANDI-018,WH-South,07-Mar-2026 14:35:23,2026-03-08 07:35:23,17.0,,DRV178,
TRP007068,MANDI-021,WH-South,09/03/2026 00:29,2026-03-09T23:23:24,22.9,PB96DF8160,DRV924,958.6
TRP003339,MANDI-054,WH-Central,2026-01-17 07:37:27,01-18-2026 03:49 AM,20.2,HR90CD6032,DRV938,1065.6
TRP008899,MANDI-021,WH-North,2026-07-15T23:48:53,16/07/2026 19:36,,DL60CD7431,DRV833,956.7
TRP001173,MANDI-009,WH-West,2026-08-10 16:46:06,11/08/2026,15.8,DL64AB6482,,786.9
TRP009137,MANDI-041,WH-East,26/05/2026 00:28,26/05/2026,23.2,DL59BC1836,DRV419,1338.9
TRP004598,MANDI-036,WH-North,04/01/2026 22:43,05/01/2026 03:49,5.1,UP92BC4562,DRV497,251.8
TRP008697,MANDI-049,WH-East,15/02/2026 02:25,15-Feb-2026 06:49:41,4.4,PB56BC4497,DRV122,248.99930407986002
TRP002577,MANDI-050,WH-South,2026-08-15 23:54:40,08-16-2026 01:18 PM,13.4,HR60DF6117,DRV861,800.897761596626
TRP001990,MANDI-030,WH-West,2026-07-28 22:33:33,2026-07-29T11:27:33,12.9,PB25DF9074,DRV436,521.0
TRP007594,MANDI-053,WH-North,2026-01-04T11:40:02,2026-01-04 22:04:02,10.4,PB78CD5240,DRV346,482.2
TRP008043,MANDI-050,WH-North,04-Jan-2026 10:12:12,05/01/2026 04:24,18.2,UP16DF3305,DRV807,818.4
TRP003906,MANDI-016,Export-Terminal,2026-08-20T17:45:37,21/08/2026,16.3,UP26AB5620,DRV336,917.8974345980059
TRP007933,MANDI-041,WH-Central,17-Jul-2026 23:48:54,2026-07-18T16:00:54,16.2,PB98AB6034,DRV347,762.4
TRP004978,MANDI-006,WH-West,2026-08-28 08:20:20,28-Aug-2026 13:32:20,5.2,UP75BC9163,DRV495,273.1
TRP003814,MANDI-030,WH-Central,08-05-2026 09:55 AM,2026-08-05T13:01:19,,PB85CD3591,DRV840,175.1
TRP004743,MANDI-045,WH-Central,29/05/2026,2026-05-29T21:42:11,,RJ11AB7512,DRV991,513.9985634419601
TRP002629,MANDI-015,WH-North,2026-03-13 22:15:04,2026-03-14 17:27:04,19.2,PB27BC7919,DRV357,993.5
TRP000378,MANDI-045,Export-Terminal,22/01/2026 02:06,2026-01-22 10:06:25,8.0,HR73DF4992,DRV916,449.6
TRP001411,MANDI-023,Export-Terminal,03-Aug-2026 14:33:59,08-03-2026 11:09 PM,8.6,PB19DF7605,DRV335,400.5
TRP009491,MANDI-022,WH-South,05-13-2026 02:20 PM,2026-05-14T13:02:15,22.7,UP57DF3476,DRV687,1136.6
TRP004337,MANDI-037,WH-West,2026-06-15 19:26:20,2026-06-16T10:56:20,,RJ65CD9207,DRV769,893.2
TRP006356,MANDI-003,WH-North,2026-03-05 18:27:26,,8.7,HR41CD3328,DRV107,466.3
TRP004976,MANDI-027,WH-East,2026-08-30 05:51:59,2026-08-31 04:15:59,22.4,UP35CD5985,DRV923,991.9
TRP007360,MANDI-002,WH-West,15/01/2026 19:40,2026-01-16 12:46:17,17.1,DL98DF4094,DRV153,823.0
TRP007151,MANDI-056,WH-East,08/06/2026 16:40,2026-06-08T19:10:08,2.5,PB36BC9847,DRV144,100.099720234514
TRP000816,MANDI-019,WH-South,08-18-2026 08:21 AM,2026-08-18 17:03:13,8.7,,DRV833,461.0
TRP002405,MANDI-015,WH-Central,2026-01-28T22:39:28,2026-01-29T13:03:28,14.4,UP33AB1664,DRV418,663.198146448848
TRP005895,MANDI-050,WH-North,26/04/2026,04-27-2026 05:30 AM,9.5,,DRV832,535.0
TRP001795,MANDI-004,WH-East,2026-04-07 09:48:33,08/04/2026,19.3,HR61CD2130,DRV607,909.6
TRP007237,MANDI-031,WH-East,06-27-2026 05:47 PM,06-28-2026 04:11 PM,22.4,DL32BC1831,DRV805,981.197257683368
TRP002132,MANDI-014,WH-East,2026-02-18T15:35:31,19/02/2026,19.2,,DRV437,779.3
TRP001798,MANDI-029,Export-Terminal,07/07/2026 19:18,2026-07-08 11:24:27,16.1,HR60DF6713,DRV448,830.797678030312
TRP003091,MANDI-014,WH-Central,2026-06-03 17:37:19,04-Jun-2026 12:19:19,18.7,HR61AB1861,DRV805,750.4
TRP008369,MANDI-045,WH-North,18/03/2026,03-19-2026 02:40 PM,19.0,,DRV932,1021.2
TRP004555,MANDI-046,WH-West,2026-06-26T00:56:34,27-Jun-2026 00:32:34,23.6,PB37DF7466,DRV248,1396.8
TRP009867,MANDI-041,WH-West,2026-07-07 14:17:32,07-08-2026 05:23 AM,15.1,DL45AB8745,DRV915,811.097733089054
TRP003123,MANDI-036,WH-East,2026-02-09T16:37:54,10-Feb-2026 09:43:54,17.1,UP54CD4789,DRV288,806.7
TRP007771,MANDI-022,WH-Central,2026-01-24 15:10:07,01-24-2026 09:40 PM,6.5,RJ44AB9801,DRV685,278.1
TRP008600,MANDI-053,WH-West,11/02/2026 01:48,11/02/2026 16:00,14.2,,DRV651,753.6
TRP004599,MANDI-036,WH-North,14-Mar-2026 11:15:25,03-14-2026 05:27 PM,6.2,PB50DF6696,DRV336,294.9991755163
TRP000123,MANDI-042,Export-Terminal,2026-03-03 21:58:08,03-04-2026 06:34 AM,8.6,UP80CD3197,DRV218,480.5
TRP000180,MANDI-054,WH-North,26/08/2026,27/08/2026 05:25,10.9,,DRV167,568.1
TRP009621,MANDI-017,WH-West,10-Feb-2026 05:21:27,2026-02-11 03:45:27,22.4,UP49CD5759,DRV125,
TRP006030,MANDI-028,WH-West,2026-01-24T03:12:37,24/01/2026 13:36,10.4,RJ98CD6292,DRV487,460.3
TRP004935,MANDI-007,WH-North,20-Jul-2026 17:23:00,2026-07-21T06:41:00,13.3,PB83CD7482,DRV744,617.1
TRP008818,MANDI-057,Export-Terminal,03/05/2026 07:10,03/05/2026 15:28,8.3,PB31DF9716,DRV370,451.0
TRP004289,MANDI-005,WH-North,2026-05-14 01:59:08,2026-05-14 22:23:08,20.4,,DRV589,1032.7
TRP005454,MANDI-029,WH-South,2026-07-26T21:08:20,07-27-2026 01:08 PM,16.0,,DRV777,756.8
TRP001158,MANDI-047,WH-East,02-22-2026 09:40 AM,02-22-2026 04:28 PM,6.8,PB17DF4735,DRV352,
TRP000238,MANDI-026,Export-Terminal,2026-02-13 13:37:34,2026-02-14T07:37:34,18.0,UP62AB3500,DRV224,930.49739938277
TRP001533,MANDI-003,WH-West,08-02-2026 11:58 AM,08-02-2026 02:28 PM,2.5,PB24DF5659,,114.2
TRP007822,MANDI-050,WH-East,29/06/2026 13:56,06-30-2026 12:56 PM,23.0,UP85DF1706,DRV769,1286.5
TRP005975,MANDI-016,WH-South,18-Jan-2026 19:24:46,01-18-2026 11:54 PM,4.5,HR14DF2305,DRV797,246.0
TRP003411,MANDI-037,Export-Terminal,20/01/2026,21/01/2026,23.1,HR50DF9648,DRV581,1115.396882613156
TRP006878,MANDI-006,WH-West,2026-05-09 22:33:49,2026-05-10 05:21:49,6.8,RJ28AB5020,DRV977,388.3
TRP001113,MANDI-004,WH-South,06/01/2026,07/01/2026 03:01,22.7,,DRV143,1194.4
TRP004047,MANDI-017,Export-Terminal,16-Feb-2026 21:16:50,17/02/2026 01:58,4.7,PB58CD7039,DRV742,262.5
TRP001536,MANDI-042,WH-South,2026-04-30 10:02:08,,14.0,UP75AB6210,,629.6
TRP003394,MANDI-001,WH-West,2026-09-03 19:09:06,04/09/2026 05:15,10.1,RJ65CD7954,DRV520,605.198308550728
TRP006838,MANDI-056,WH-West,02/01/2026 23:18,01-03-2026 06:00 PM,18.7,DL73DF9297,DRV350,908.8
TRP001207,MANDI-032,Export-Terminal,2026-05-02 04:07:17,2026-05-03T03:55:17,23.8,DL98DF9921,DRV293,1098.6
TRP000899,MANDI-041,WH-West,30/05/2026 20:12,2026-05-31 16:48:36,,DL24AB8523,DRV915,1093.8969427026461
TRP002606,MANDI-009,WH-East,2026-01-29 14:51:42,2026-01-30 11:57:42,21.1,PB84CD7031,DRV156,952.5
TRP001723,MANDI-004,WH-Central,26-Aug-2026 08:23:06,08-26-2026 03:53 PM,7.5,,DRV715,305.9
TRP007667,MANDI-032,WH-Central,12/04/2026,13/04/2026 00:04,,DL63CD1114,DRV897,319.7
TRP008113,MANDI-025,WH-East,08-01-2026 04:18 PM,02-Aug-2026 15:54:13,23.6,RJ22CD5850,DRV512,1304.3
TRP002178,MANDI-008,WH-North,2026-05-30T13:22:08,31/05/2026 07:10,,PB12CD8763,DRV655,927.1
TRP008420,MANDI-053,WH-North,12/08/2026 06:28,2026-08-13 00:52:39,18.4,,DRV272,
TRP002352,MANDI-024,WH-North,07/08/2026 19:59,08-08-2026 03:47 PM,19.8,HR81BC2354,DRV280,823.5
TRP003326,MANDI-013,WH-West,2026-06-23 13:48:01,06-24-2026 07:42 AM,17.9,DL71DF2043,DRV423,831.8
TRP003870,MANDI-019,Export-Terminal,27/02/2026,28/02/2026,7.1,,DRV811,388.99891279946
TRP008912,MANDI-008,WH-North,26/08/2026,08-27-2026 08:52 AM,18.6,UP24DF7685,DRV466,1028.1
TRP007842,MANDI-042,WH-West,07-19-2026 10:19 AM,20/07/2026,20.7,RJ41DF2673,,852.0
TRP006821,MANDI-009,WH-Central,2026-01-24 02:54:36,2026-01-24 10:30:36,7.6,,,328.9
TRP002135,MANDI-006,WH-West,14-Jun-2026 11:17:13,15/06/2026 10:29,23.2,DL31BC9281,DRV586,1378.7
TRP001481,MANDI-039,WH-Central,24/07/2026 17:50,07-25-2026 07:14 AM,13.4,UP10BC5558,DRV223,678.8981025695459
TRP002794,MANDI-035,WH-North,2026-07-26 05:26:35,07-26-2026 06:50 PM,13.4,HR56DF2373,DRV720,641.3
TRP008532,MANDI-049,Export-Terminal,2026-02-24T01:56:22,2026-02-24 08:32:22,6.6,RJ60DF9076,,300.2
TRP000994,MANDI-044,WH-North,2026-05-05 19:02:57,2026-05-06T17:38:57,22.6,HR33AB2347,DRV517,1342.2
TRP004722,MANDI-022,WH-West,08-29-2026 06:56 AM,08-29-2026 05:20 PM,10.4,,DRV997,516.7
TRP005050,MANDI-002,WH-North,01/06/2026,01/06/2026 15:00,4.9,PB89CD7612,DRV255,292.49918250344996
TRP003860,MANDI-057,WH-North,2026-02-12 12:12:27,13/02/2026 07:54,19.7,,DRV293,1042.3
TRP006587,MANDI-055,Export-Terminal,04-25-2026 09:28 AM,2026-04-25 16:58:23,7.5,UP31AB9009,DRV407,411.7
TRP004300,MANDI-005,WH-East,24/06/2026 00:02,24-Jun-2026 15:14:37,15.2,HR29BC2440,DRV307,764.7
TRP004096,MANDI-009,WH-South,23/06/2026 11:33,,21.4,DL20AB2623,,1214.1
TRP008061,MANDI-044,WH-North,07/09/2026 10:31,2026-09-07 14:13:10,3.7,PB84DF7742,DRV459,157.9
TRP004455,MANDI-019,WH-North,19/03/2026 07:09,2026-03-20T01:33:16,18.4,,DRV122,741.4
TRP003662,MANDI-016,WH-South,11/04/2026 07:13,2026-04-11 21:43:10,14.5,,,
TRP005426,MANDI-023,WH-West,06-11-2026 11:38 AM,,6.2,,DRV857,311.5
TRP001953,MANDI-014,WH-West,08-24-2026 03:14 AM,,12.4,HR61AB5912,DRV361,551.2
TRP000556,MANDI-002,WH-North,18-Jun-2026 17:22:28,19/06/2026 07:10,13.8,PB87BC4242,DRV547,562.798427052792
TRP004646,MANDI-003,WH-South,2026-02-14 15:27:49,15-Feb-2026 06:39:49,15.2,RJ54DF3315,DRV192,766.9
TRP001164,MANDI-027,WH-East,2026-03-05 23:16:35,2026-03-06 06:40:35,7.4,PB83CD9230,,363.398984347876
TRP001585,MANDI-009,WH-West,03-Apr-2026 20:57:57,04-Apr-2026 20:39:57,23.7,PB30BC6115,DRV311,1213.8
TRP009876,MANDI-032,WH-South,2026-02-20T04:58:39,2026-02-20 23:16:39,18.3,HR13DF4508,DRV971,985.0
TRP007643,MANDI-017,WH-North,14/07/2026 05:14,14/07/2026 08:02,2.8,UP90BC8659,DRV302,115.49967719367
TRP010000,MANDI-040,WH-East,27-Jul-2026 01:42:58,2026-07-27T16:54:58,15.2,UP33DF9634,DRV239,689.7
TRP006368,MANDI-018,WH-North,03/05/2026,2026-05-03 11:44:32,9.0,RJ57CD2799,DRV875,510.3
TRP008592,MANDI-045,WH-West,2026-08-10 17:33:09,,8.1,HR37CD2509,DRV728,351.3
TRP005729,MANDI-009,WH-Central,2026-06-18 01:32:39,06-18-2026 01:20 PM,11.8,RJ17BC4996,DRV388,538.9
TRP001460,MANDI-005,WH-East,2026-08-04 19:08:26,2026-08-04 21:56:26,2.8,RJ75DF2899,DRV374,134.5
TRP007150,MANDI-046,WH-Central,18/02/2026 23:47,2026-02-19T03:17:12,3.5,HR27AB4926,DRV847,176.0
TRP001599,MANDI-029,WH-South,02-Jul-2026 18:44:06,,22.6,UP67AB6651,DRV860,1087.99695919232
TRP007817,MANDI-018,WH-Central,29-Aug-2026 00:57:22,29/08/2026 11:45,10.8,DL16DF6528,DRV297,505.79858635981196
TRP000301,MANDI-009,WH-East,2026-03-31 08:49:28,,,HR85BC7623,DRV664,321.8
TRP008744,MANDI-032,WH-West,2026-02-19 18:23:25,2026-02-20 17:41:25,23.3,UP59CD3724,,1136.1
TRP001761,MANDI-021,WH-Central,16/03/2026 14:13,03-16-2026 08:19 PM,6.1,PB72CD2255,DRV489,290.7
TRP006735,MANDI-013,WH-North,09/06/2026 13:53,10/06/2026 05:59,16.1,,,802.6
TRP005909,MANDI-019,WH-North,2026-07-01 08:24:08,01-Jul-2026 10:48:08,2.4,HR73BC7379,DRV528,143.7
TRP006801,MANDI-019,WH-West,2026-08-20T09:04:53,21/08/2026 07:28,22.4,DL15BC8689,DRV746,1176.7
TRP006448,MANDI-011,WH-Central,2026-05-12 12:13:46,12-May-2026 21:25:46,9.2,PB95DF2368,DRV914,383.4
TRP007090,MANDI-014,WH-East,2026-01-26T13:21:45,26-Jan-2026 19:21:45,6.0,PB88CD8835,DRV453,274.0
TRP002859,MANDI-020,WH-East,2026-03-18 04:12:07,18/03/2026 18:54,14.7,RJ69BC9857,DRV845,879.0
TRP003972,MANDI-013,WH-East,06/07/2026 04:49,,17.0,RJ79BC1626,DRV816,
TRP004195,MANDI-032,WH-North,2026-01-17T15:43:23,18/01/2026 02:01,10.3,UP14CD6595,DRV872,
TRP003143,MANDI-044,WH-North,03-27-2026 05:09 AM,28/03/2026 02:21,21.2,HR52AB3747,DRV175,1168.6
TRP001360,MANDI-032,Export-Terminal,12/06/2026 17:31,13/06/2026,10.0,PB64AB1616,DRV433,534.8
TRP009508,MANDI-029,WH-North,2026-04-12T15:59:00,2026-04-12T21:35:00,5.6,PB82BC6316,DRV247,324.5
TRP001936,MANDI-051,WH-East,24/06/2026,2026-06-24 10:34:22,8.1,DL61AB7780,DRV459,358.2
TRP003206,MANDI-014,WH-West,2026-06-09 02:27:21,2026-06-09T07:51:21,5.4,PB91AB1240,DRV727,289.2
TRP006204,MANDI-015,WH-South,22/01/2026 20:52,2026-01-23T00:04:07,3.2,RJ94CD3186,DRV425,175.7
TRP000487,MANDI-038,Export-Terminal,18/01/2026,18/01/2026 17:23,3.3,RJ44BC9280,DRV216,140.3
TRP009427,MANDI-047,WH-North,2026-06-18T13:59:35,18/06/2026,9.0,HR14DF3149,DRV672,471.2
TRP004741,MANDI-038,WH-Central,08/02/2026 18:09,2026-02-09 07:57:22,13.8,UP44DF4188,DRV348,818.4
TRP009952,MANDI-023,WH-South,2026-05-18T16:59:53,2026-05-19T05:41:53,12.7,RJ65DF2451,DRV431,703.298034374962
TRP009787,MANDI-016,WH-North,07-10-2026 02:41 AM,10/07/2026,4.4,DL46BC7525,DRV598,233.5
TRP005307,MANDI-017,WH-Central,2026-02-06T04:05:09,2026-02-06T08:11:09,4.1,RJ14DF2636,,224.3
TRP004635,MANDI-001,WH-East,07/06/2026 19:29,07/06/2026 22:17,2.8,PB63BC4335,DRV815,137.09961682469398
TRP003338,MANDI-013,WH-North,2026-08-27 20:39:10,28/08/2026 03:33,6.9,DL19BC9636,DRV475,300.8
TRP003609,MANDI-050,Export-Terminal,07-16-2026 07:25 PM,17/07/2026,10.9,DL91AB7728,,
TRP009133,MANDI-014,WH-Central,08/04/2026 07:36,08/04/2026,9.5,UP90AB7208,DRV768,526.8
TRP001153,MANDI-016,WH-West,2026-07-17T02:55:24,2026-07-17 19:13:24,16.3,,DRV465,856.1
TRP007978,MANDI-055,WH-Central,2026-02-17 12:28:34,17/02/2026 18:58,6.5,,DRV290,351.9
TRP001225,MANDI-002,WH-East,06-02-2026 04:19 AM,,22.0,RJ43DF2152,DRV180,1136.6
TRP001213,MANDI-054,WH-East,2026-01-02 03:06:55,02/01/2026 11:30,8.4,HR81CD6866,,420.1
TRP000408,MANDI-057,WH-North,2026-04-08 16:05:32,09/04/2026,14.0,DL65CD6647,DRV698,687.6
TRP005324,MANDI-005,WH-North,18-Feb-2026 02:11:10,18/02/2026,15.4,UP73AB1700,DRV267,697.7
TRP004465,MANDI-020,WH-East,09/06/2026 07:23,06-09-2026 12:47 PM,5.4,UP38BC1679,,254.0
TRP007989,MANDI-025,WH-West,16/07/2026 14:07,07-16-2026 06:43 PM,4.6,,DRV648,
TRP007439,MANDI-037,WH-Central,04/04/2026 06:38,04/04/2026 08:44,2.1,,,120.0
TRP008829,MANDI-022,WH-West,2026-04-30T12:30:51,30/04/2026 17:42,,RJ46BC5237,DRV979,251.4
TRP007086,MANDI-056,WH-Central,03/02/2026,04/02/2026 05:12,14.6,,DRV806,703.5
TRP005810,MANDI-012,WH-North,15/08/2026,08-16-2026 04:25 AM,20.0,UP29CD6527,DRV897,1182.8
TRP006425,MANDI-052,WH-East,10/02/2026 01:58,02-10-2026 05:58 PM,16.0,PB27CD8255,DRV144,848.697628002318
TRP005251,MANDI-028,Export-Terminal,05-Apr-2026 13:22:30,,11.2,PB40AB7658,DRV344,535.698502793498
TRP004631,MANDI-006,WH-Central,2026-03-20T23:41:57,2026-03-21 02:53:57,3.2,HR67BC9716,,153.3
TRP000666,MANDI-029,WH-North,12-Apr-2026 00:29:21,2026-04-12 04:53:21,4.4,DL84AB5354,DRV223,232.7
TRP004076,MANDI-039,WH-West,2026-08-19 03:35:50,2026-08-19 20:05:50,16.5,PB59BC5456,DRV974,770.0
TRP005915,MANDI-006,Export-Terminal,28-Jan-2026 19:56:16,29/01/2026,5.4,PB80AB4452,DRV830,252.699293738878
TRP007927,MANDI-054,Export-Terminal,04/03/2026 04:34,,,HR89AB3318,DRV338,513.1
TRP000643,MANDI-043,WH-South,2026-02-28T03:36:55,03-01-2026 02:54 AM,23.3,PB30DF8747,,1096.7
TRP009613,MANDI-046,WH-North,30-Aug-2026 23:01:31,2026-08-31 20:31:31,21.5,RJ69BC3718,DRV898,948.6
TRP003768,MANDI-039,WH-West,01/04/2026,2026-04-02 06:49:30,9.9,PB78DF4111,,
TRP000177,MANDI-038,WH-South,2026-08-23T08:43:48,23/08/2026 21:43,,UP66DF8569,DRV760,651.2
TRP006588,MANDI-017,WH-East,2026-01-06T06:40:28,01-06-2026 11:52 PM,17.2,HR93DF6389,DRV233,994.6
TRP005636,MANDI-023,WH-North,10-Jun-2026 11:56:54,2026-06-11 08:56:54,21.0,DL63CD7548,DRV442,1111.8
TRP007443,MANDI-030,WH-Central,2026-01-09T11:45:52,01-09-2026 07:33 PM,7.8,UP29DF7926,DRV759,442.2
TRP000787,MANDI-005,Export-Terminal,27-Jul-2026 02:29:50,28/07/2026,24.0,HR89AB6911,,992.2
TRP007939,MANDI-011,WH-West,2026-05-04 13:02:41,05-05-2026 10:32 AM,21.5,HR29CD7121,DRV395,966.3
TRP006940,MANDI-056,Export-Terminal,2026-02-14 20:46:40,15/02/2026 13:34,,,DRV254,755.5
TRP007481,MANDI-007,WH-North,2026-07-13 09:32:36,07-13-2026 11:02 PM,,RJ30CD8396,DRV170,
TRP003203,MANDI-012,WH-Central,08/05/2026 16:49,2026-05-09 03:07:26,10.3,PB52CD7125,DRV234,420.9
TRP005245,MANDI-002,WH-South,30/07/2026 02:46,2026-07-30T20:58:19,18.2,PB32BC4395,DRV998,748.6
TRP009248,MANDI-027,WH-West,2026-09-09 12:02:33,10-Sep-2026 05:14:33,17.2,HR40DF1483,,892.6
TRP009377,MANDI-020,Export-Terminal,13/08/2026 02:28,08-13-2026 08:58 PM,18.5,PB37AB6183,DRV145,963.8
TRP007377,MANDI-013,WH-Central,27/03/2026,2026-03-28 00:06:22,20.9,UP77AB5053,DRV676,1005.3
TRP000092,MANDI-030,WH-Central,30/01/2026,30-Jan-2026 20:46:06,,RJ53DF5258,DRV420,247.5
TRP009657,MANDI-040,Export-Terminal,12-Jun-2026 19:08:23,13/06/2026 07:02,11.9,UP35DF1217,DRV711,525.3
TRP006283,MANDI-039,WH-Central,22/03/2026 09:02,2026-03-23 06:08:49,21.1,DL62AB2647,DRV298,1224.3
TRP006251,MANDI-053,WH-West,16/04/2026 03:30,2026-04-17 01:00:56,21.5,RJ23DF5464,DRV793,1002.8
TRP009883,MANDI-052,WH-North,2026-02-18 15:38:14,2026-02-19 05:26:14,13.8,DL86BC9687,DRV621,
TRP004639,MANDI-050,Export-Terminal,18/06/2026,2026-06-19T02:18:06,19.2,DL64CD8556,,894.7
TRP001972,MANDI-017,WH-West,23/02/2026,2026-02-24 01:17:44,21.7,DL35CD3870,DRV431,894.8
TRP002906,MANDI-051,WH-South,2026-09-07 23:47:54,08/09/2026 21:35,21.8,PB56BC6298,DRV197,1301.4
TRP000531,MANDI-009,WH-Central,07-09-2026 03:50 AM,09/07/2026 12:02,,,DRV433,351.4
TRP008484,MANDI-009,WH-North,21/02/2026,2026-02-22T05:52:33,13.0,RJ50DF4359,DRV362,641.798206258852
TRP000997,MANDI-005,WH-South,07/04/2026 19:49,08/04/2026,8.4,DL45BC6819,DRV870,437.2
TRP004049,MANDI-033,Export-Terminal,2026-05-22 05:00:03,2026-05-22T08:42:03,3.7,UP95AB3325,DRV485,
TRP004602,MANDI-003,WH-West,07-14-2026 04:04 AM,14/07/2026,14.7,PB91CD6296,,847.4
TRP004211,MANDI-015,Export-Terminal,22-Jul-2026 08:50:35,,21.1,DL60BC8136,DRV801,882.5
TRP006822,MANDI-010,WH-West,04/05/2026 04:35,05/05/2026 02:23,21.8,,DRV836,1066.0
TRP002313,MANDI-037,WH-North,10/05/2026 22:44,2026-05-11 06:26:17,7.7,RJ43CD3580,DRV820,
TRP007536,MANDI-039,WH-Central,07-30-2026 04:59 PM,2026-07-31T10:17:26,17.3,DL82DF7007,DRV886,772.8
TRP002155,MANDI-017,Export-Terminal,2026-04-23T10:14:00,24-Apr-2026 04:32:00,,,DRV199,844.7
TRP004630,MANDI-015,WH-Central,04-Feb-2026 18:58:45,2026-02-05 07:34:45,12.6,RJ72AB8418,,610.4
TRP007705,MANDI-038,WH-South,2026-07-30 04:19:46,2026-07-30 09:01:46,4.7,PB27BC9087,DRV190,248.1
TRP001428,MANDI-042,WH-West,19/05/2026 13:15,20/05/2026 07:15,18.0,,DRV500,744.0
TRP005023,MANDI-007,Export-Terminal,08-31-2026 09:21 AM,2026-09-01T04:03:21,18.7,,DRV506,1015.3
TRP005427,MANDI-003,WH-South,2026-08-17T09:29:08,2026-08-17 14:47:08,5.3,PB73DF1461,DRV450,246.3
TRP007325,MANDI-049,WH-Central,2026-08-10T13:27:34,2026-08-11 03:09:34,13.7,HR73AB6366,DRV963,808.9
TRP004303,MANDI-017,WH-East,01-Feb-2026 17:06:52,02-02-2026 01:42 PM,20.6,UP75DF1368,DRV263,1073.8
TRP000157,MANDI-009,WH-Central,2026-06-26 18:31:19,2026-06-27 03:25:19,8.9,DL71AB6156,,472.8
TRP005740,MANDI-024,WH-South,2026-03-12T06:04:32,,11.3,HR62AB9076,DRV784,462.6
TRP003086,MANDI-006,WH-South,19/04/2026,19/04/2026 18:14,5.2,DL38CD1521,DRV399,300.7
TRP006430,MANDI-020,WH-South,04-09-2026 12:23 AM,,11.5,PB10CD4145,DRV871,
TRP009846,MANDI-024,Export-Terminal,2026-03-14T15:09:12,,,UP76AB4621,DRV453,866.6
TRP008499,MANDI-023,WH-Central,07-27-2026 10:35 AM,,23.5,PB35BC3024,DRV165,944.1
TRP008493,MANDI-051,WH-East,07/02/2026,,14.5,PB16AB1903,DRV298,654.1
TRP005583,MANDI-025,WH-Central,2026-07-24T11:48:08,24/07/2026 22:12,10.4,HR82DF5404,DRV878,494.09861905967404
TRP003796,MANDI-053,WH-North,2026-05-31T20:39:43,01/06/2026 13:03,16.4,PB20CD4976,DRV318,940.8
TRP000496,MANDI-002,WH-North,19/01/2026 07:44,19-Jan-2026 15:14:35,7.5,PB77BC5466,DRV484,312.7
TRP002148,MANDI-008,WH-South,2026-08-01 11:14:10,2026-08-01 23:20:10,12.1,HR46AB1821,DRV149,650.5
TRP002322,MANDI-027,WH-West,02/01/2026 13:54,03/01/2026 08:42,18.8,DL44AB6477,DRV243,1090.7
TRP004650,MANDI-011,WH-West,2026-04-13 08:35:19,04-13-2026 10:41 PM,14.1,DL13DF9300,DRV648,624.2
TRP006022,MANDI-048,WH-South,02-Jul-2026 23:03:56,03/07/2026 21:03,22.0,RJ63DF3834,DRV312,1013.8971662914461
TRP000152,MANDI-022,Export-Terminal,19/04/2026 20:20,2026-04-20T16:56:28,20.6,,DRV341,1138.696817492918
TRP009293,MANDI-038,WH-Central,28/06/2026 01:35,2026-06-28 13:23:41,11.8,DL33DF4909,DRV665,478.99866126206
TRP000695,MANDI-005,WH-East,2026-03-25 20:08:51,2026-03-26T19:20:51,23.2,HR13DF4084,DRV884,1116.3
TRP004817,MANDI-057,Export-Terminal,10/07/2026 11:23,11-Jul-2026 10:59:11,23.6,HR19BC8521,DRV462,1204.4
TRP006214,MANDI-045,WH-West,2026-02-24 23:54:56,25/02/2026,14.6,UP44CD4101,DRV902,780.0
TRP001739,MANDI-004,WH-Central,2026-05-29 21:44:05,30/05/2026 08:20,10.6,PB84CD5661,DRV893,502.798594744392
TRP003002,MANDI-054,Export-Terminal,07/01/2026 07:31,07/01/2026 11:19,3.8,RJ73AB2171,,183.89948602524598
TRP000168,MANDI-044,Export-Terminal,30/04/2026 08:52,30-Apr-2026 14:16:45,5.4,HR20DF7318,DRV956,311.6
TRP005428,MANDI-013,WH-West,03-02-2026 06:14 AM,03-02-2026 05:44 PM,11.5,UP70DF4624,,
TRP006742,MANDI-028,WH-East,2026-08-14 05:08:30,2026-08-14 17:56:30,12.8,RJ73CD6777,DRV533,729.8
TRP002866,MANDI-017,WH-Central,18-Aug-2026 04:18:35,18-Aug-2026 18:36:35,14.3,DL51CD3675,DRV362,
TRP008886,MANDI-013,WH-West,2026-04-12 10:24:25,,2.5,PB74DF3800,DRV233,132.7
TRP004268,MANDI-053,Export-Terminal,2026-07-07 11:51:25,2026-07-08 09:33:25,,DL25AB2579,DRV513,939.7
TRP006422,MANDI-022,WH-East,13/06/2026,06-14-2026 10:49 AM,,,DRV374,1157.296765508522
TRP002884,MANDI-043,WH-Central,2026-08-28T17:50:50,2026-08-29 16:14:50,22.4,RJ20AB8918,DRV722,1256.6
TRP003721,MANDI-051,Export-Terminal,28/01/2026,01-29-2026 04:26 AM,10.5,,DRV377,573.598396868304
TRP003032,MANDI-033,WH-East,08-Jan-2026 05:44:44,2026-01-08T22:56:44,17.2,RJ55CD8694,DRV947,
TRP006303,MANDI-023,WH-Central,08-May-2026 00:07:11,08/05/2026,20.7,PB18CD4149,,1241.1
TRP008874,MANDI-012,Export-Terminal,2026-05-10 03:50:11,2026-05-10 19:44:11,15.9,PB26CD6900,DRV587,725.0
TRP004197,MANDI-016,WH-Central,05-21-2026 09:15 AM,2026-05-21 12:45:36,3.5,HR64DF5371,DRV690,162.3
TRP004418,MANDI-025,WH-Central,2026-07-09 08:04:18,09-Jul-2026 21:10:18,13.1,PB63AB6428,,644.5
TRP004788,MANDI-011,WH-West,04-Sep-2026 06:56:03,2026-09-04 15:14:03,8.3,,DRV163,489.4
TRP007935,MANDI-009,WH-North,13-Mar-2026 20:15:48,,19.7,,DRV548,874.9
TRP002277,MANDI-044,WH-North,09-Mar-2026 19:37:29,10/03/2026 14:25,18.8,RJ54CD6991,,
TRP007655,MANDI-055,WH-South,07-26-2026 11:29 PM,27/07/2026 05:29,6.0,,DRV633,280.5
TRP006222,MANDI-007,WH-North,25-Apr-2026 07:39:26,2026-04-26 04:27:26,20.8,RJ12BC8900,DRV470,833.0
TRP000609,MANDI-023,WH-South,03-01-2026 02:40 PM,03-01-2026 06:28 PM,3.8,,DRV519,191.3
TRP005786,MANDI-001,WH-South,07/01/2026 18:56,08-Jan-2026 07:50:12,12.9,DL21BC1602,DRV650,752.0
TRP006272,MANDI-018,WH-South,06/05/2026 11:28,2026-05-07T10:40:49,23.2,RJ65AB4053,,1356.4
TRP003496,MANDI-011,Export-Terminal,2026-06-28 19:35:50,29-Jun-2026 00:59:50,,RJ22CD1572,DRV885,323.4
TRP008017,MANDI-056,WH-South,2026-03-30 21:19:18,,22.3,HR83CD5736,DRV904,1033.5
TRP000429,MANDI-039,WH-North,06/04/2026 18:12,07/04/2026 15:30,21.3,DL96AB2721,DRV662,1190.0
TRP009109,MANDI-024,WH-North,06/03/2026 06:01,06-Mar-2026 08:19:51,,UP17AB6613,DRV620,112.3
TRP004696,MANDI-038,WH-South,2026-04-19 16:37:51,20-Apr-2026 12:31:51,19.9,UP51BC5011,DRV390,1097.2
TRP005047,MANDI-010,WH-West,2026-02-06 15:53:30,02-07-2026 07:11 AM,15.3,,,830.6
TRP000427,MANDI-029,WH-North,26-Jun-2026 06:41:23,06-26-2026 09:41 AM,3.0,,DRV405,120.3
TRP002224,MANDI-022,Export-Terminal,2026-08-22 00:53:44,22-Aug-2026 14:59:44,14.1,HR69BC8332,,585.1983644479279
TRP000101,MANDI-024,WH-West,10/03/2026 05:59,10-Mar-2026 22:35:52,16.6,UP59DF7153,,978.1
TRP005730,MANDI-052,WH-Central,20-Jun-2026 18:28:12,2026-06-21 12:28:12,18.0,RJ61DF9753,DRV237,959.1
TRP005240,MANDI-038,Export-Terminal,28/06/2026 01:02,,12.6,DL87AB9777,DRV598,650.2
TRP002763,MANDI-041,WH-South,25/01/2026 04:27,26-Jan-2026 00:09:37,19.7,UP91DF7376,DRV295,1080.4
TRP006388,MANDI-036,Export-Terminal,2026-02-03T23:33:49,2026-02-04 19:09:49,19.6,DL59DF8039,DRV512,873.6
TRP007076,MANDI-048,WH-South,06-18-2026 10:57 PM,2026-06-19T04:51:13,5.9,DL46BC3301,DRV957,310.5
TRP005332,MANDI-005,WH-East,05-Jun-2026 23:30:52,06-Jun-2026 18:42:52,19.2,RJ62BC6543,DRV858,979.0972635525741
TRP009956,MANDI-009,WH-North,08-Jun-2026 09:46:10,08/06/2026,13.9,DL49DF6164,DRV472,687.6
TRP004783,MANDI-024,WH-West,02/08/2026 05:35,03-Aug-2026 00:53:47,19.3,DL98CD4937,DRV381,934.8
TRP008159,MANDI-001,WH-South,19/01/2026 22:43,20-Jan-2026 21:49:17,23.1,UP53DF7038,DRV217,1037.9
TRP003287,MANDI-049,WH-East,01/06/2026 01:12,06-01-2026 04:30 AM,3.3,HR43BC5693,DRV491,190.8
TRP004814,MANDI-034,WH-South,2026-08-06 06:21:11,06-Aug-2026 19:51:11,13.5,DL12BC5372,DRV795,749.8
TRP006211,MANDI-015,WH-North,22-Jun-2026 17:31:05,22/06/2026,3.5,DL60DF8047,DRV370,167.0
TRP009507,MANDI-033,WH-South,2026-04-19 21:56:28,20/04/2026,,PB58CD2275,DRV793,827.7976864148919
TRP006799,MANDI-030,WH-East,02/09/2026 19:12,,12.8,DL72DF2678,DRV690,681.898094184966
TRP006614,MANDI-036,WH-North,11/04/2026 17:15,2026-04-12 04:03:11,10.8,UP35AB6788,DRV369,600.898320568626
TRP009405,MANDI-057,Export-Terminal,2026-01-11 23:10:43,12-Jan-2026 16:04:43,,HR52CD9170,DRV516,852.5
TRP009606,MANDI-039,WH-West,2026-02-19 18:37:15,2026-02-19T22:49:15,4.2,UP56BC3268,DRV280,196.3
TRP007380,MANDI-004,WH-North,2026-04-18 23:57:52,19-Apr-2026 14:09:52,14.2,,DRV307,692.7
TRP001466,MANDI-002,WH-East,2026-03-17 09:46:48,17-Mar-2026 23:16:48,13.5,,DRV245,638.0
TRP009059,MANDI-006,Export-Terminal,27/03/2026,27-Mar-2026 18:45:24,10.7,HR21DF9610,DRV562,542.4
TRP002235,MANDI-004,WH-South,04/02/2026 05:15,2026-02-05T04:45:25,23.5,PB55CD9979,DRV572,1321.6
TRP007323,MANDI-044,WH-Central,2026-07-11T06:49:11,2026-07-11T13:13:11,6.4,RJ55AB3917,DRV765,260.2
TRP003904,MANDI-014,WH-North,22/07/2026,2026-07-23 08:42:14,17.2,HR21AB1647,DRV322,695.0
TRP001745,MANDI-044,WH-West,2026-01-11T04:56:58,11-Jan-2026 20:02:58,15.1,RJ81CD1487,DRV895,859.6
TRP006674,MANDI-020,Export-Terminal,20/07/2026 09:50,21/07/2026 01:14,,PB62AB4807,DRV124,622.1
TRP006642,MANDI-011,WH-West,2026-06-14 02:34:00,14/06/2026 19:52,17.3,DL38CD7734,DRV302,
TRP000574,MANDI-057,WH-East,18/06/2026 12:07,18/06/2026 22:43,10.6,,DRV714,614.0
TRP008922,MANDI-023,WH-East,30/05/2026 00:41,2026-05-30 21:35:31,20.9,DL46CD4482,DRV536,1033.9
TRP004589,MANDI-027,WH-Central,24/05/2026 02:00,24/05/2026,21.1,DL49DF4616,DRV518,994.9
TRP006276,MANDI-001,WH-South,22-Jan-2026 16:51:39,,,UP82AB9081,DRV104,353.1
TRP005492,MANDI-007,Export-Terminal,18-Aug-2026 09:01:53,19/08/2026 00:37,15.6,RJ94CD8790,DRV627,706.4980254314099
TRP009605,MANDI-027,WH-West,16/02/2026 05:05,16/02/2026 09:11,4.1,PB85DF3504,DRV314,199.9
TRP003788,MANDI-017,WH-East,08-25-2026 11:11 AM,26/08/2026,19.6,,DRV423,1075.7
TRP001984,MANDI-044,Export-Terminal,11/08/2026 20:26,2026-08-12 01:38:01,5.2,,DRV707,212.7
TRP009199,MANDI-005,WH-North,11/04/2026 18:56,04-12-2026 10:20 AM,15.4,,DRV797,760.897873391026
TRP006662,MANDI-013,WH-Central,05-06-2026 07:07 AM,06/05/2026 21:37,14.5,PB20CD5453,DRV569,
TRP009798,MANDI-023,WH-South,2026-06-04 23:47:29,2026-06-05T06:23:29,,,DRV320,291.599185018824
TRP003699,MANDI-004,WH-Central,25/02/2026,26-Feb-2026 07:26:02,21.7,RJ68BC5178,DRV772,1271.0
TRP002122,MANDI-029,WH-East,01-Jan-2026 02:25:48,01/01/2026 21:25,19.0,HR64CD7300,DRV850,961.3
TRP008159,MANDI-001,WH-South,19/01/2026 22:43,20-Jan-2026 21:49:17,23.1,UP53DF7038,DRV217,1037.9
TRP004339,MANDI-033,WH-East,01/02/2026,,,,DRV935,532.7
TRP003004,MANDI-047,WH-Central,21-Aug-2026 06:43:11,08-21-2026 09:07 AM,2.4,DL23DF7798,,
TRP004100,MANDI-046,WH-North,04-03-2026 01:58 AM,2026-04-03T18:10:22,16.2,PB73BC8008,DRV295,891.2975089412819
TRP000917,MANDI-032,WH-Central,2026-07-13 04:25:07,2026-07-13 12:49:07,8.4,UP23DF3088,DRV647,460.5
TRP008892,MANDI-029,WH-Central,11-Jun-2026 12:03:10,2026-06-12 11:33:10,23.5,,DRV340,1289.396396307516
TRP008501,MANDI-048,WH-Central,2026-08-22 16:51:18,08-23-2026 12:15 PM,19.4,HR74DF7076,DRV115,860.1
TRP005552,MANDI-038,WH-East,10/04/2026 05:14,,14.1,RJ67DF4571,,822.49770122765
TRP003162,MANDI-050,WH-West,2026-06-21T18:40:56,2026-06-22 15:16:56,20.6,RJ64CD2227,DRV395,1022.7
TRP008086,MANDI-026,Export-Terminal,11/02/2026,11-Feb-2026 23:59:43,6.1,HR14BC8426,,317.9
TRP006835,MANDI-041,WH-South,21/07/2026 04:44,21/07/2026 15:14,10.5,PB48DF5220,DRV196,569.798407488772
TRP008855,MANDI-049,WH-West,07-17-2026 05:02 PM,2026-07-18T02:08:49,9.1,RJ62CD8146,,414.9
TRP005922,MANDI-001,WH-East,2026-01-28 16:26:16,2026-01-29 02:38:16,10.2,PB39DF4762,DRV491,479.1
TRP009339,MANDI-047,WH-West,2026-02-13T03:47:04,2026-02-13T10:41:04,6.9,UP91DF9994,DRV690,305.6
TRP001204,MANDI-010,WH-Central,22/07/2026 10:02,22/07/2026 13:02,3.0,,DRV480,122.8
TRP002318,MANDI-055,WH-Central,07/09/2026,08/09/2026 13:11,22.4,DL90BC1170,DRV891,1100.196925095028
TRP006112,MANDI-011,Export-Terminal,08-07-2026 01:05 AM,07-Aug-2026 04:11:53,3.1,,,139.399610396516
TRP005412,MANDI-011,WH-West,20-Apr-2026 19:22:07,2026-04-20 23:58:07,4.6,PB92CD4996,DRV981,230.9
TRP000617,MANDI-049,WH-Central,2026-04-16 04:36:54,,7.5,RJ51CD9550,DRV737,406.99886249198
TRP001927,MANDI-017,WH-East,17/07/2026 11:20,17/07/2026 22:50,11.5,,DRV694,663.698145051418
TRP003115,MANDI-011,Export-Terminal,2026-06-22 16:53:49,2026-06-23T00:53:49,8.0,,DRV784,
TRP002642,MANDI-048,WH-South,2026-06-26 16:57:01,2026-06-27 06:45:01,13.8,RJ48AB6453,DRV615,
TRP008551,MANDI-008,WH-East,2026-02-05 18:51:33,2026-02-06 16:15:33,,HR52CD4692,,1085.9
TRP008006,MANDI-039,WH-West,2026-03-02T15:49:46,2026-03-03T02:49:46,,RJ85BC1510,DRV205,551.0
TRP005877,MANDI-013,WH-Central,04/01/2026,,,DL14BC4258,DRV633,695.2980567338419
TRP002563,MANDI-032,WH-West,2026-04-26T23:22:22,27/04/2026,2.1,DL69AB6817,DRV807,118.4
TRP002631,MANDI-038,Export-Terminal,2026-01-14 02:18:23,14/01/2026 16:36,14.3,HR28CD4712,DRV150,591.9
TRP009404,MANDI-057,WH-East,03/01/2026,2026-01-03 14:14:00,4.0,,DRV285,236.8
TRP002729,MANDI-006,WH-Central,2026-04-29T11:57:22,,16.1,DL36BC3524,DRV812,
TRP002217,MANDI-039,Export-Terminal,29/01/2026 06:29,30-Jan-2026 05:29:39,23.0,UP11BC2711,DRV708,1087.99695919232
TRP004162,MANDI-050,WH-North,2026-01-17 17:32:12,18-Jan-2026 05:02:12,,PB64DF2599,DRV523,664.4
TRP005365,MANDI-009,WH-Central,2026-03-15 08:12:35,2026-03-16 00:30:35,16.3,PB20CD3224,DRV965,732.8
TRP008282,MANDI-023,Export-Terminal,2026-04-10 03:04:20,2026-04-10 21:10:20,18.1,RJ90DF3676,DRV408,
TRP008169,MANDI-022,WH-Central,07-Sep-2026 14:52:38,,10.1,,,545.0
TRP002627,MANDI-054,WH-South,09-02-2026 09:16 PM,03-Sep-2026 02:40:04,5.4,RJ14DF6015,DRV974,320.6
TRP002127,MANDI-048,WH-North,14/08/2026 02:34,2026-08-14 10:04:11,7.5,PB27CD5470,DRV356,441.1
TRP006073,MANDI-015,WH-Central,2026-01-15 08:31:34,16/01/2026,19.0,UP18BC5982,DRV801,996.8
TRP008588,MANDI-008,WH-North,2026-06-05 11:48:47,05/06/2026 17:06,5.3,,DRV811,305.1
TRP005036,MANDI-041,WH-West,06/04/2026,,22.0,HR58CD2425,DRV151,1278.1
TRP005408,MANDI-005,Export-Terminal,17/04/2026 08:34,18/04/2026,21.9,DL51DF5379,DRV593,900.5
TRP007047,MANDI-034,WH-Central,02-Aug-2026 01:48:19,02-Aug-2026 19:18:19,17.5,,DRV435,820.3
TRP000806,MANDI-041,Export-Terminal,2026-05-17 11:16:20,2026-05-17 14:34:20,,HR19AB8258,DRV980,
TRP005061,MANDI-022,WH-South,02-27-2026 07:13 PM,02-28-2026 08:25 AM,13.2,HR54CD8244,DRV825,529.5
TRP000848,MANDI-029,Export-Terminal,09-Feb-2026 10:38:16,2026-02-10 00:32:16,13.9,PB22CD6799,,602.8
TRP003681,MANDI-049,WH-East,2026-07-31 07:18:43,31-Jul-2026 19:06:43,11.8,,DRV823,
TRP006075,MANDI-011,WH-Central,2026-01-19 23:17:07,20/01/2026 20:23,,DL52CD3079,DRV629,976.4
TRP003161,MANDI-030,WH-Central,2026-07-08 05:56:45,08/07/2026 08:02,,RJ15BC3226,DRV505,99.1
TRP004316,MANDI-040,WH-West,2026-04-12 02:30:46,12/04/2026,,PB20AB2128,DRV420,163.0
TRP009625,MANDI-019,WH-North,2026-04-08T19:42:48,09-Apr-2026 18:00:48,22.3,DL68AB9413,DRV509,
TRP007316,MANDI-001,Export-Terminal,02-Jul-2026 17:09:20,03/07/2026 07:45,14.6,PB12DF9019,DRV742,647.8981892102059
TRP004865,MANDI-018,WH-North,01/07/2026 06:05,07-02-2026 04:05 AM,22.0,RJ96BC7320,DRV398,1022.0
TRP001243,MANDI-014,WH-East,29-Mar-2026 16:11:42,2026-03-30 07:53:42,15.7,PB14AB6840,,635.7
TRP009105,MANDI-016,WH-East,2026-08-21 12:36:35,,15.6,,,818.4
TRP007212,MANDI-003,WH-Central,29-May-2026 02:26:38,2026-05-29T22:14:38,19.8,UP10BC6843,DRV197,925.7
TRP007585,MANDI-045,WH-North,02/07/2026,2026-07-03 02:54:12,8.3,PB69DF7846,DRV625,448.69874594631796
TRP000548,MANDI-052,WH-East,02-09-2026 12:16 PM,10/02/2026,20.2,UP85BC1761,DRV282,1093.7
TRP003023,MANDI-041,WH-East,2026-06-03T06:19:38,06-03-2026 01:55 PM,7.6,UP86AB5014,DRV978,386.8
TRP007305,MANDI-052,Export-Terminal,2026-08-09 03:15:26,09-Aug-2026 16:09:26,12.9,RJ46CD5820,DRV414,680.6
TRP005606,MANDI-008,WH-North,2026-05-13 20:50:37,05-14-2026 02:08 PM,17.3,UP13AB9144,DRV228,768.1
TRP000027,MANDI-012,WH-South,09/06/2026 03:07,2026-06-09 22:55:56,19.8,UP30BC8937,DRV358,910.8
TRP009907,MANDI-029,WH-East,07-23-2026 08:31 PM,24-Jul-2026 09:13:07,12.7,PB99DF8137,DRV765,746.3
TRP003919,MANDI-055,WH-East,19/03/2026 12:38,20/03/2026,19.2,HR77BC7886,DRV214,1011.3
TRP004658,MANDI-011,WH-Central,05/02/2026,2026-02-06 00:44:06,9.2,PB53CD2574,DRV197,445.0
TRP002509,MANDI-035,WH-South,2026-05-15 17:11:22,2026-05-16 13:23:22,20.2,UP66BC3751,DRV698,880.4975391257701
TRP001434,MANDI-009,WH-Central,2026-07-15 23:14:09,16/07/2026,19.8,PB95DF4522,DRV842,956.7
TRP002583,MANDI-010,WH-West,2026-04-24 13:07:41,2026-04-25 11:07:41,22.0,UP43CD8166,DRV528,1165.7
TRP001303,MANDI-054,WH-Central,05-11-2026 12:15 AM,2026-05-11 23:09:34,22.9,UP35AB5409,DRV382,1151.1
TRP007646,MANDI-051,WH-East,2026-07-01 23:47:27,2026-07-02 11:17:27,,RJ50AB5273,DRV355,678.3
TRP007114,MANDI-020,Export-Terminal,2026-01-13T14:28:22,13/01/2026 22:58,8.5,HR34AB2554,,400.3
TRP004382,MANDI-025,WH-Central,01-05-2026 11:26 PM,2026-01-06 18:32:40,19.1,DL21CD9302,DRV105,768.4
TRP004607,MANDI-020,WH-South,2026-05-21 00:38:15,2026-05-21 06:32:15,5.9,UP66DF8352,DRV798,289.7
TRP007140,MANDI-043,WH-Central,04-29-2026 07:18 AM,04-29-2026 03:54 PM,8.6,PB39BC9649,DRV386,403.3
TRP001222,MANDI-038,Export-Terminal,28/08/2026 15:46,2026-08-29 14:10:18,22.4,RJ88CD4985,DRV156,1225.6
TRP005453,MANDI-041,WH-South,2026-04-11T10:37:26,2026-04-11T12:55:26,2.3,,DRV544,126.5
TRP002549,MANDI-019,WH-West,03/06/2026 22:23,2026-06-04T10:29:30,12.1,,DRV188,631.3
TRP000751,MANDI-047,WH-North,25/02/2026,26/02/2026 02:51,23.1,,DRV712,
TRP000438,MANDI-005,WH-North,03-May-2026 01:21:28,03/05/2026 21:03,19.7,RJ80AB2814,DRV168,899.397486302916
TRP007969,MANDI-038,Export-Terminal,01-Jan-2026 14:51:04,02-Jan-2026 01:27:04,10.6,UP87DF4883,DRV890,465.3
TRP003412,MANDI-017,WH-West,2026-02-23 06:26:20,2026-02-23 15:38:20,9.2,DL27CD6164,DRV307,496.7
TRP008806,MANDI-002,WH-North,2026-07-15 21:21:55,16/07/2026 16:15,18.9,,DRV453,1118.196874787548
TRP002848,MANDI-035,WH-Central,02-15-2026 03:37 PM,16/02/2026 10:31,18.9,HR79CD7884,DRV177,1077.8
TRP001174,MANDI-025,Export-Terminal,02-05-2026 09:45 PM,06/02/2026 09:15,11.5,RJ87CD1495,DRV512,658.9
TRP002234,MANDI-037,Export-Terminal,2026-03-13T09:54:28,2026-03-14T02:06:28,,,DRV542,690.598069869684
TRP002700,MANDI-029,WH-Central,2026-01-25 17:01:27,2026-01-25T23:19:27,6.3,RJ56DF4886,DRV767,360.6
TRP004975,MANDI-044,WH-South,01/09/2026,01/09/2026,2.8,DL13AB7291,DRV202,165.5
TRP006450,MANDI-016,Export-Terminal,08-09-2026 03:18 AM,09/08/2026 07:18,4.0,,DRV673,182.2
TRP005054,MANDI-010,WH-North,2026-08-25 15:15:49,08-26-2026 10:45 AM,19.5,RJ37CD2821,DRV601,1069.9970094998
TRP002482,MANDI-022,WH-North,26-Jun-2026 10:56:11,06-27-2026 09:50 AM,22.9,UP54BC9556,DRV716,1006.5
TRP008644,MANDI-048,WH-South,2026-06-10 05:10:59,2026-06-11 00:28:59,19.3,PB72DF2179,,
TRP008779,MANDI-051,WH-West,03-14-2026 11:50 PM,03-15-2026 11:20 AM,11.5,HR18DF6276,DRV790,
TRP002707,MANDI-041,WH-South,26-May-2026 02:10:43,27-May-2026 02:04:43,23.9,UP10CD1793,,1165.6
TRP005091,MANDI-006,WH-West,2026-02-27 14:39:01,28-Feb-2026 10:57:01,20.3,RJ94BC9625,DRV909,892.197506425908
TRP000327,MANDI-002,WH-West,2026-04-16 08:45:51,04-16-2026 12:09 PM,3.4,UP65AB5142,DRV986,147.4
TRP001040,MANDI-027,WH-North,2026-03-30 10:57:33,31/03/2026 10:21,23.4,,DRV803,1091.5
TRP002638,MANDI-001,WH-East,01-08-2026 07:21 AM,08/01/2026 17:09,9.8,PB23CD3048,DRV504,506.1
TRP009869,MANDI-034,WH-North,13/03/2026 00:01,13-Mar-2026 08:13:17,8.2,RJ19BC5959,DRV155,468.6
TRP002500,MANDI-017,WH-Central,19-Aug-2026 09:35:47,08-19-2026 04:53 PM,7.3,RJ29CD6690,DRV467,371.2
TRP001005,MANDI-026,WH-Central,08-22-2026 08:25 PM,2026-08-23 04:43:50,8.3,UP85AB6575,DRV984,368.798969255632
TRP002862,MANDI-011,Export-Terminal,07/05/2026 02:45,07/05/2026 20:39,17.9,HR95DF5737,DRV423,987.8972389578059
TRP003234,MANDI-055,Export-Terminal,03/05/2026,04/05/2026 03:52,15.5,DL53DF7135,DRV359,797.6
TRP001871,MANDI-010,WH-West,03/07/2026 01:18,07-03-2026 11:12 PM,21.9,PB44AB9149,DRV468,1060.8
TRP005166,MANDI-037,WH-South,02/07/2026 10:01,07-02-2026 09:31 PM,11.5,PB44CD5037,DRV612,653.49817355899
TRP004902,MANDI-007,WH-West,11/02/2026 09:26,02-12-2026 04:56 AM,19.5,PB11DF6577,DRV944,883.4
TRP008719,MANDI-017,Export-Terminal,2026-09-05T04:40:29,2026-09-05T08:58:29,4.3,RJ49BC1465,DRV500,249.899301564486
TRP008630,MANDI-037,WH-East,06-24-2026 04:02 AM,2026-06-25T01:32:28,21.5,PB60BC4364,DRV310,1288.7
TRP006863,MANDI-005,WH-East,30/03/2026,03-31-2026 04:55 AM,9.5,PB32DF1910,DRV657,419.3
TRP000535,MANDI-057,WH-Central,17-Jun-2026 11:19:29,,21.2,UP78AB6903,DRV857,933.1
TRP008103,MANDI-034,WH-North,21/07/2026,21/07/2026 20:30,2.3,HR85BC7759,DRV161,124.6
TRP003961,MANDI-046,WH-North,2026-08-12 16:29:46,2026-08-12 23:59:46,7.5,UP15BC4884,,425.7
TRP003345,MANDI-028,WH-West,28/01/2026,29-Jan-2026 12:39:44,12.9,UP24DF6881,DRV723,653.5
TRP006663,MANDI-025,WH-North,04-24-2026 01:28 AM,24-Apr-2026 03:40:05,2.2,PB99DF2027,,
TRP009847,MANDI-026,WH-North,2026-07-30T19:46:43,2026-07-31 13:22:43,17.6,HR90AB1678,DRV107,
TRP000586,MANDI-045,WH-South,2026-06-26 08:43:19,2026-06-26 17:07:19,8.4,,DRV889,
TRP008583,MANDI-015,WH-North,13/08/2026,2026-08-14 12:46:08,14.4,PB75CD2391,,609.5
TRP005560,MANDI-038,WH-South,27/08/2026 13:04,08-27-2026 08:58 PM,7.9,DL45DF2246,DRV751,440.2
TRP003036,MANDI-048,WH-West,2026-05-29 19:48:26,30/05/2026,6.6,UP92BC9541,DRV150,268.2
TRP004829,MANDI-006,Export-Terminal,07-19-2026 05:18 AM,07-19-2026 09:48 PM,,UP10CD5679,,861.2
TRP002586,MANDI-013,WH-West,2026-03-10T01:41:29,2026-03-10 13:47:29,12.1,,,632.1
TRP001704,MANDI-024,WH-East,2026-01-31 13:03:04,01/02/2026 09:57,20.9,DL92BC5006,DRV751,1021.3
TRP004682,MANDI-032,Export-Terminal,2026-09-06 05:21:51,2026-09-07 03:51:51,22.5,DL63DF3048,DRV455,905.9
TRP006077,MANDI-021,WH-North,04/07/2026 00:48,2026-07-04 14:30:11,,HR91DF7953,DRV691,619.2
TRP009323,MANDI-021,Export-Terminal,30/04/2026 18:48,05-01-2026 04:00 PM,21.2,HR17BC6885,DRV785,1267.0
TRP000492,MANDI-033,Export-Terminal,26/02/2026 19:05,,13.9,DL96DF8985,DRV431,764.8
TRP007996,MANDI-003,WH-West,2026-02-24T02:40:25,2026-02-24 12:52:25,10.2,HR92AB3612,DRV686,595.9
TRP004746,MANDI-036,WH-North,2026-01-22 06:50:35,22/01/2026 12:38,5.8,RJ40BC2228,DRV604,322.7
TRP002837,MANDI-012,Export-Terminal,2026-02-03T09:57:50,2026-02-03 13:45:50,3.8,DL67CD3001,DRV658,172.4
TRP002267,MANDI-035,WH-North,2026-01-09T08:10:07,09-Jan-2026 11:46:07,3.6,PB22AB4956,DRV552,195.399453884356
TRP005217,MANDI-035,Export-Terminal,13/08/2026 10:48,2026-08-14T08:24:09,21.6,UP88DF6811,DRV156,
TRP009850,MANDI-003,Export-Terminal,02-22-2026 10:23 PM,2026-02-23T09:29:27,11.1,UP80AB4089,DRV490,659.0
TRP007082,MANDI-022,WH-West,2026-07-27 13:07:54,28/07/2026,14.5,RJ86CD7053,DRV521,753.6
TRP008896,MANDI-045,WH-North,2026-08-12T01:36:10,13/08/2026 00:30,22.9,UP71DF7752,DRV803,1004.1
TRP008659,MANDI-041,WH-South,2026-08-05 03:59:05,2026-08-05 22:41:05,18.7,RJ47DF8188,DRV620,951.097341808654
TRP003549,MANDI-023,WH-East,04-05-2026 01:56 AM,2026-04-05 16:44:13,14.8,RJ27BC5686,DRV176,711.7
TRP002901,MANDI-045,WH-Central,2026-05-24T11:35:45,24-May-2026 18:05:45,6.5,PB80AB7296,DRV671,311.4
TRP000820,MANDI-005,WH-Central,2026-03-08 07:31:04,09-Mar-2026 02:43:04,19.2,DL78AB5205,DRV513,960.6973149779981
TRP002945,MANDI-030,Export-Terminal,2026-04-24 23:02:46,25/04/2026,19.9,PB85BC1516,DRV895,970.2972881473419
TRP001917,MANDI-012,Export-Terminal,30-Mar-2026 19:40:42,03-31-2026 05:58 AM,10.3,DL94BC7418,DRV119,539.9
TRP003186,MANDI-023,Export-Terminal,2026-08-09 19:10:10,10-Aug-2026 03:58:10,8.8,RJ30BC9000,DRV503,447.3
TRP007437,MANDI-025,WH-South,05/06/2026,,13.0,UP94CD8452,,593.49834125059
TRP004177,MANDI-028,WH-South,12-Jun-2026 02:09:42,,23.0,RJ84BC2016,DRV769,1218.7
TRP004012,MANDI-040,WH-North,01-28-2026 05:18 PM,29-Jan-2026 04:00:12,10.7,,DRV166,497.8
TRP006341,MANDI-017,WH-South,2026-07-04T11:24:54,04-Jul-2026 14:48:54,3.4,UP98AB4541,DRV332,
TRP004360,MANDI-046,WH-South,20/01/2026 11:59,,15.8,HR99DF1687,DRV182,788.2
TRP007896,MANDI-016,Export-Terminal,04-11-2026 03:31 AM,04-11-2026 07:37 AM,,RJ71DF5104,,228.0
TRP004188,MANDI-023,WH-North,2026-01-05T05:02:32,2026-01-05 19:20:32,14.3,DL18CD5086,DRV465,857.49760340755
TRP005816,MANDI-052,WH-North,20/04/2026,04-20-2026 09:39 PM,2.4,HR68DF8503,DRV789,111.8
TRP004623,MANDI-044,WH-East,2026-04-14 08:28:02,14/04/2026 20:58,12.5,UP17BC9533,DRV766,722.8979795957059
TRP006364,MANDI-046,WH-North,2026-04-19 18:23:30,2026-04-20T02:41:30,8.3,UP12BC1441,DRV704,389.0
TRP001134,MANDI-016,Export-Terminal,2026-05-02T23:41:12,2026-05-03T20:53:12,21.2,UP80AB7853,DRV151,
TRP007440,MANDI-040,Export-Terminal,03-06-2026 05:30 AM,2026-03-06T08:24:17,2.9,UP85DF7734,DRV328,137.09961682469398
TRP008911,MANDI-011,WH-North,2026-07-22 03:18:28,2026-07-22 15:36:28,12.3,PB46CD9657,,657.6
TRP002519,MANDI-020,WH-Central,21/02/2026 14:31,,7.6,HR28CD2297,,405.9
TRP000398,MANDI-049,WH-West,2026-06-04 03:20:52,04/06/2026 17:02,13.7,DL50AB5062,DRV396,776.9
TRP001318,MANDI-034,WH-South,28-Jun-2026 01:05:09,2026-06-28 11:59:09,10.9,UP13AB8357,DRV870,546.4
TRP005981,MANDI-032,WH-Central,2026-02-08 02:05:34,08/02/2026 11:35,9.5,DL34CD9287,,541.8
TRP000122,MANDI-020,WH-East,2026-05-08T03:18:56,08-May-2026 23:18:56,20.0,PB99BC3497,DRV881,893.4
TRP007800,MANDI-009,Export-Terminal,2026-07-29 19:30:27,,11.2,HR19CD7487,DRV579,612.0
TRP002450,MANDI-044,WH-North,04-23-2026 10:21 PM,24-Apr-2026 21:33:16,23.2,,,969.0
TRP009520,MANDI-029,WH-East,2026-03-22T00:07:11,22-Mar-2026 10:55:11,10.8,RJ62AB3454,,548.2
TRP003230,MANDI-015,WH-North,26/07/2026,,22.5,UP75CD3539,DRV295,1184.4
TRP001567,MANDI-015,WH-Central,22-Jul-2026 19:08:09,07-23-2026 08:02 AM,12.9,RJ42BC3214,DRV379,650.2
TRP001985,MANDI-054,WH-North,03/06/2026 19:30,2026-06-04 06:48:08,11.3,RJ51BC7204,DRV450,534.798505308872
TRP007466,MANDI-036,WH-North,04-30-2026 08:43 AM,2026-04-30T22:43:01,14.0,HR37DF8024,DRV915,734.5
TRP002602,MANDI-011,WH-East,2026-07-12 16:09:10,2026-07-13T11:51:10,19.7,RJ74AB3620,DRV816,897.5
TRP007291,MANDI-039,WH-West,2026-03-31T03:33:56,2026-03-31T15:33:56,12.0,,DRV532,692.9
TRP009222,MANDI-017,WH-East,06-15-2026 02:02 PM,06-15-2026 06:38 PM,4.6,,DRV119,235.9
TRP002174,MANDI-035,Export-Terminal,06/05/2026 12:59,05-07-2026 01:47 AM,12.8,DL10AB4816,DRV589,636.2
TRP003284,MANDI-019,WH-East,08-26-2026 01:25 PM,2026-08-27 04:31:16,15.1,RJ91BC2917,DRV513,902.5
TRP003606,MANDI-046,Export-Terminal,2026-01-30 22:11:50,31/01/2026,6.2,HR53CD5816,,264.9
TRP004221,MANDI-008,WH-South,03-30-2026 08:34 PM,2026-03-31 17:16:16,20.7,PB27CD6248,DRV714,1170.0
TRP009439,MANDI-011,WH-North,15/02/2026 22:45,02-16-2026 05:03 PM,,PB89AB3390,DRV958,760.9
TRP003769,MANDI-026,WH-South,2026-04-12 05:00:13,04-12-2026 10:06 PM,17.1,HR56CD1817,DRV219,893.597502513104
TRP009802,MANDI-003,WH-East,2026-08-15 14:54:57,2026-08-15 17:00:57,2.1,HR27AB8064,DRV165,97.7
TRP004039,MANDI-027,Export-Terminal,07/05/2026 02:19,07/05/2026 11:25,9.1,RJ85AB9883,DRV565,381.5
TRP003503,MANDI-037,WH-North,2026-08-06 21:39:02,08-07-2026 06:39 AM,9.0,PB47AB3284,DRV855,503.2
TRP001408,MANDI-029,WH-Central,04/07/2026,,3.8,DL33CD8462,DRV277,187.1
TRP004510,MANDI-039,WH-South,2026-01-11 06:48:30,12/01/2026,17.4,RJ93DF6089,DRV463,919.9
TRP005021,MANDI-015,WH-East,11/05/2026 16:37,12/05/2026 03:13,,UP96BC4038,DRV996,598.4
TRP005329,MANDI-030,WH-Central,2026-02-12 07:11:24,02-12-2026 07:23 PM,,HR16CD7023,DRV953,608.0
TRP002580,MANDI-013,WH-East,07-May-2026 09:07:39,2026-05-08 08:31:39,23.4,RJ73CD4332,DRV856,1386.0
TRP004182,MANDI-014,WH-Central,15-Mar-2026 05:47:21,16/03/2026,21.0,RJ84BC1236,DRV391,1140.3
TRP003270,MANDI-013,Export-Terminal,23/08/2026 20:28,24/08/2026 04:34,8.1,RJ65CD5481,,475.1
TRP009935,MANDI-038,WH-North,2026-06-24 21:38:26,25-Jun-2026 03:32:26,5.9,PB60CD6372,DRV757,275.4
TRP001868,MANDI-026,WH-Central,2026-08-17 19:45:53,18-Aug-2026 04:45:53,9.0,PB60DF2166,DRV922,
TRP006604,MANDI-003,WH-East,2026-03-16 05:36:47,17-Mar-2026 03:18:47,21.7,HR35CD8179,DRV823,1030.7
TRP006898,MANDI-057,WH-North,2026-03-29 20:29:56,30-Mar-2026 12:41:56,16.2,DL24DF9583,DRV959,660.5
TRP002522,MANDI-047,WH-Central,01/06/2026,2026-06-02T00:35:28,15.5,UP93CD3552,,718.0
TRP006260,MANDI-001,WH-East,04/08/2026,05/08/2026 12:27,15.4,,DRV369,913.8
TRP001821,MANDI-018,WH-East,2026-04-07 23:59:21,08/04/2026,22.1,,DRV166,
TRP004863,MANDI-027,Export-Terminal,01-27-2026 01:07 PM,2026-01-27 15:43:35,2.6,UP75DF2989,DRV782,129.89963694768602
TRP000052,MANDI-019,WH-Central,2026-09-06 06:10:12,2026-09-06T21:10:12,15.0,UP66CD1182,DRV648,745.0
TRP003889,MANDI-001,WH-North,17/02/2026 21:22,18/02/2026 13:16,15.9,DL58BC6496,DRV440,795.6
TRP005966,MANDI-044,WH-Central,31/05/2026 09:34,2026-05-31T20:16:43,10.7,HR97AB5002,DRV931,575.9
TRP003578,MANDI-054,WH-West,22/08/2026,2026-08-22 15:55:52,11.2,RJ74CD7300,,509.9
TRP008579,MANDI-055,WH-Central,2026-03-11 01:31:48,12/03/2026 01:31,,,,978.2
TRP008143,MANDI-025,Export-Terminal,08-23-2026 04:55 AM,08-23-2026 02:37 PM,9.7,HR61BC2329,DRV179,446.5
TRP001859,MANDI-005,WH-South,23/02/2026 17:10,2026-02-24 04:16:41,11.1,UP30CD5918,DRV736,565.4
TRP005522,MANDI-025,WH-South,03-13-2026 01:53 AM,03-13-2026 10:11 AM,8.3,RJ37AB2335,DRV244,356.7
TRP009913,MANDI-045,WH-East,2026-04-15T15:14:40,15/04/2026,4.5,PB63DF1485,DRV161,255.19928675172798
TRP008212,MANDI-031,WH-South,2026-07-01T12:28:04,02/07/2026,12.1,DL49BC8686,DRV573,
TRP005478,MANDI-033,WH-East,2026-04-11 12:12:06,2026-04-12 04:42:06,16.5,UP44DF9841,DRV606,947.9
TRP006891,MANDI-008,WH-West,02/01/2026 19:16,03/01/2026 18:28,23.2,RJ37CD3129,DRV596,1118.0
TRP009595,MANDI-020,WH-Central,2026-06-13 00:30:16,06-13-2026 05:00 PM,16.5,PB95DF4463,DRV123,745.6
TRP000426,MANDI-027,WH-South,2026-08-29 04:53:14,30/08/2026 00:59,,UP13CD4460,DRV679,986.4
TRP007205,MANDI-021,WH-North,22/02/2026,22/02/2026 11:19,3.7,,DRV108,151.4
TRP004880,MANDI-004,WH-South,02-26-2026 02:23 PM,26/02/2026 18:17,3.9,RJ36BC9325,,189.6
TRP000229,MANDI-016,WH-Central,2026-01-24 19:14:53,24/01/2026,4.6,HR31CD8179,,238.4
TRP009925,MANDI-047,WH-Central,2026-08-21 06:17:56,22/08/2026 00:11,,DL37AB9554,DRV941,914.797443262072
TRP002742,MANDI-052,WH-West,2026-05-17 00:52:01,2026-05-17T06:40:01,5.8,,DRV766,
TRP008792,MANDI-024,WH-North,05-Apr-2026 16:09:27,2026-04-06 01:09:27,9.0,,DRV508,405.99886528684
TRP005796,MANDI-049,WH-East,08-17-2026 10:46 AM,17/08/2026 17:52,7.1,DL19DF4113,DRV977,411.898848797166
TRP002922,MANDI-027,WH-West,2026-03-27T23:30:51,28/03/2026 15:12,,RJ54BC6829,DRV984,908.1
TRP008776,MANDI-031,WH-South,2026-02-16 11:47:25,2026-02-16 20:05:25,8.3,PB33DF6067,DRV746,
TRP003654,MANDI-021,WH-North,2026-04-15 11:52:03,,,HR45BC5664,,936.4
TRP004460,MANDI-017,WH-West,30/06/2026 19:07,30/06/2026 23:55,4.8,UP62CD3154,DRV532,252.7
TRP001129,MANDI-014,WH-South,2026-05-21T17:36:18,2026-05-22 13:48:18,20.2,DL21AB5947,,1095.5
TRP009830,MANDI-023,WH-South,25-Aug-2026 11:02:47,,16.6,DL20AB1702,DRV186,766.2
TRP007732,MANDI-033,WH-North,28-Aug-2026 12:48:03,29/08/2026 00:30,11.7,UP60AB8340,DRV674,572.7
TRP002209,MANDI-001,WH-South,2026-08-27T14:19:50,28/08/2026 13:01,22.7,RJ28CD3914,DRV139,1047.1
TRP006182,MANDI-003,WH-North,20/02/2026 09:08,2026-02-20 12:44:42,3.6,,DRV874,211.6
TRP009260,MANDI-020,WH-South,29/08/2026 01:50,29/08/2026,,,DRV628,691.5
TRP008315,MANDI-041,WH-East,11/08/2026,11/08/2026 15:48,6.9,PB48DF8168,,327.49908468334996
TRP003154,MANDI-003,WH-West,2026-01-12 21:32:36,2026-01-13 10:32:36,13.0,DL83DF3671,,624.9
TRP004843,MANDI-004,WH-Central,12/02/2026,13/02/2026 15:49,,RJ57AB6046,DRV791,1377.2
TRP007933,MANDI-041,WH-Central,17-Jul-2026 23:48:54,2026-07-18T16:00:54,16.2,PB98AB6034,DRV347,762.4
TRP006780,MANDI-012,WH-East,18-Jul-2026 05:02:24,2026-07-18 23:20:24,18.3,RJ68AB7493,DRV488,774.0
TRP009985,MANDI-047,WH-Central,30-Apr-2026 03:24:17,2026-04-30 06:06:17,2.7,HR84DF2420,DRV213,141.2
TRP002375,MANDI-046,WH-West,03/03/2026 10:44,04-Mar-2026 03:56:25,17.2,DL84CD5607,DRV385,944.1973610931881
TRP001633,MANDI-024,WH-West,17/01/2026,2026-01-18 12:30:06,23.5,UP54DF7527,,1010.7
TRP005278,MANDI-051,WH-Central,01-20-2026 12:51 PM,20-Jan-2026 22:15:04,9.4,UP43BC9713,DRV560,558.6
TRP002299,MANDI-037,WH-West,14/03/2026 12:34,15/03/2026 07:10,18.6,HR51BC7418,DRV603,1025.4
TRP007309,MANDI-020,WH-West,03-03-2026 11:51 AM,03-03-2026 06:51 PM,,RJ52DF8423,DRV649,
TRP007104,MANDI-054,WH-South,2026-01-12 21:54:44,13-Jan-2026 20:30:44,22.6,DL58BC4186,DRV218,1242.5
TRP008619,MANDI-011,WH-Central,2026-07-31T09:08:03,2026-08-01 05:08:03,20.0,UP76AB6903,DRV916,807.3
TRP008402,MANDI-055,WH-Central,03/04/2026 17:51,,,HR13AB6013,DRV168,953.5973348215041
TRP004561,MANDI-027,Export-Terminal,2026-05-27 18:24:22,2026-05-28T18:24:22,24.0,HR76BC7987,DRV181,1119.8
TRP004574,MANDI-025,WH-West,2026-07-21 14:31:18,22/07/2026 14:19,23.8,PB43BC1987,DRV827,1379.0
TRP004072,MANDI-023,WH-Central,05-Mar-2026 23:50:38,03-06-2026 03:50 PM,16.0,DL17AB8338,DRV943,715.4
TRP009004,MANDI-011,WH-West,19-Jun-2026 10:34:03,2026-06-20T09:22:03,22.8,UP82DF8546,DRV942,1230.7
TRP009571,MANDI-022,WH-East,2026-01-18 14:46:41,19-Jan-2026 07:58:41,17.2,PB87BC7412,DRV474,874.0
TRP004395,MANDI-047,Export-Terminal,2026-07-05T19:44:48,2026-07-06 17:14:48,21.5,HR54CD5111,DRV957,1061.5
TRP005831,MANDI-017,WH-Central,12/06/2026 11:57,12/06/2026,10.8,HR73CD2138,,476.2
TRP004603,MANDI-046,Export-Terminal,10-May-2026 20:10:46,2026-05-10T22:22:46,2.2,HR89DF8631,DRV371,90.299747624142
TRP009290,MANDI-047,WH-West,07/05/2026 12:14,2026-05-08 02:20:35,14.1,UP39CD6002,DRV273,714.0
TRP008426,MANDI-021,Export-Terminal,2026-07-03 23:32:45,,16.5,,DRV311,673.5
TRP002551,MANDI-027,Export-Terminal,07-Aug-2026 16:18:38,08/08/2026,16.5,DL26CD9279,DRV892,
TRP007519,MANDI-036,WH-West,07-14-2026 10:43 AM,14/07/2026 17:01,6.3,DL95AB2791,DRV771,372.0
TRP000939,MANDI-024,Export-Terminal,09/03/2026 18:24,,3.2,UP44AB3772,DRV100,136.2
TRP006259,MANDI-014,Export-Terminal,27/04/2026 20:32,28-Apr-2026 08:02:14,11.5,DL43CD8979,DRV522,561.7
TRP009221,MANDI-047,WH-East,2026-04-28T23:40:52,2026-04-29 21:40:52,22.0,,DRV135,945.4
TRP005852,MANDI-050,WH-South,2026-02-13T00:09:46,13/02/2026,,,,288.4
TRP006744,MANDI-003,WH-North,02-10-2026 03:03 PM,02-11-2026 01:39 PM,22.6,,DRV630,941.1
TRP002645,MANDI-028,WH-Central,2026-01-19T08:57:02,2026-01-19 14:45:02,5.8,HR77AB6841,DRV381,255.2
TRP003166,MANDI-017,WH-South,08-01-2026 10:33 AM,2026-08-02T02:27:32,,PB66AB6547,DRV600,
TRP003640,MANDI-047,WH-East,2026-02-09T00:38:06,,6.8,HR61DF5605,,400.7
TRP002062,MANDI-050,WH-West,2026-08-25 07:00:28,2026-08-25 19:12:28,12.2,DL77DF2991,DRV374,531.698513972938
TRP004683,MANDI-025,WH-West,2026-01-02T19:38:57,2026-01-03T19:14:57,23.6,DL13DF4576,DRV906,1127.99684739792
TRP002813,MANDI-048,WH-East,2026-05-28 03:58:07,28-May-2026 15:28:07,11.5,DL23BC1879,,601.3
TRP009756,MANDI-033,WH-Central,2026-07-26 00:15:15,,7.1,UP50BC6103,,387.5
TRP008984,MANDI-036,WH-West,2026-07-17 03:35:22,07-17-2026 06:17 PM,,HR28BC9738,DRV805,822.7
TRP009358,MANDI-004,WH-East,01-22-2026 09:02 AM,01-23-2026 04:02 AM,19.0,DL69CD9416,,1048.9
TRP002550,MANDI-022,WH-West,2026-04-11 09:46:45,11/04/2026 17:46,8.0,HR38DF8277,DRV329,371.1
TRP007508,MANDI-035,Export-Terminal,2026-04-03 17:04:28,04/04/2026 01:52,8.8,HR59DF5250,DRV615,402.7
TRP005273,MANDI-020,WH-South,30-May-2026 06:50:21,2026-05-30T12:56:21,6.1,PB21DF6437,DRV340,298.2
TRP007533,MANDI-042,WH-South,2026-05-24 13:40:32,05-25-2026 01:04 PM,23.4,PB93CD5034,DRV652,1165.49674259067
TRP004175,MANDI-015,WH-Central,02-10-2026 01:24 PM,,18.0,DL10CD2557,DRV882,964.6
TRP009100,MANDI-014,WH-East,2026-07-07 17:41:58,2026-07-08T07:17:58,13.6,RJ73CD5571,DRV971,683.6
TRP001025,MANDI-006,Export-Terminal,07-31-2026 08:14 PM,2026-08-01 05:38:52,9.4,PB21CD5712,DRV879,560.3
TRP004373,MANDI-002,Export-Terminal,04-17-2026 07:26 AM,2026-04-17 17:50:05,10.4,UP74CD2789,,560.9
TRP005891,MANDI-057,WH-West,2026-05-28 15:08:31,28-May-2026 23:08:31,8.0,PB26DF1442,DRV354,325.9
TRP001952,MANDI-022,WH-Central,15/06/2026,16/06/2026,,HR10BC6412,DRV682,1152.1
TRP008337,MANDI-055,Export-Terminal,03-01-2026 10:18 AM,01/03/2026,6.7,DL45BC3957,DRV324,380.8
TRP000352,MANDI-020,WH-North,14-May-2026 16:05:05,15-May-2026 04:05:05,12.0,HR28CD9561,DRV681,626.0
TRP005274,MANDI-044,WH-North,2026-07-23 22:09:08,07-24-2026 06:51 AM,8.7,DL96AB5230,DRV883,507.5
TRP003663,MANDI-004,WH-West,2026-03-04 18:09:34,03-05-2026 09:27 AM,15.3,UP13CD8386,DRV579,725.897971211126
TRP005490,MANDI-050,WH-North,25-Jun-2026 05:48:52,2026-06-25 20:54:52,15.1,RJ81BC2047,,827.0
TRP008037,MANDI-016,WH-South,2026-07-25 12:56:32,25-Jul-2026 20:02:32,7.1,RJ19AB9839,,319.5
TRP003151,MANDI-041,Export-Terminal,03/06/2026 17:01,,13.7,DL35DF5007,DRV758,704.8
TRP005007,MANDI-042,WH-South,03-24-2026 09:43 AM,25/03/2026,22.8,PB26BC6840,DRV486,
TRP005507,MANDI-011,WH-West,14/04/2026 03:32,2026-04-14T21:38:22,18.1,HR92BC3796,DRV672,1004.7971917246721
TRP006609,MANDI-015,WH-West,2026-08-05T15:47:34,06/08/2026 05:41,13.9,,,815.297721350642
TRP002940,MANDI-052,WH-North,04-16-2026 03:31 PM,2026-04-17 09:49:09,18.3,DL19AB6113,,875.3
TRP001341,MANDI-028,WH-East,27-Apr-2026 19:04:41,28/04/2026 12:10,17.1,DL66DF4412,DRV227,795.1
TRP009745,MANDI-020,Export-Terminal,04-22-2026 06:54 PM,2026-04-22 20:54:26,2.0,PB78AB4119,,116.7
TRP009467,MANDI-046,WH-South,12/03/2026 04:06,2026-03-12T18:54:13,14.8,PB85AB4182,DRV168,733.297950529162
TRP008338,MANDI-041,WH-North,08-Mar-2026 09:16:14,08-Mar-2026 22:28:14,,DL69CD9648,DRV174,705.8
TRP005034,MANDI-057,WH-West,28-Aug-2026 10:41:18,2026-08-28 23:23:18,,HR87DF1879,DRV345,741.99792621388
TRP008012,MANDI-012,Export-Terminal,2026-01-23T07:30:31,2026-01-23 17:00:31,9.5,DL31AB9331,DRV361,440.7
TRP007218,MANDI-036,WH-South,2026-03-31T00:44:51,2026-03-31 14:32:51,13.8,RJ79DF1438,DRV717,809.7
TRP001584,MANDI-042,WH-North,13-Jul-2026 17:22:24,2026-07-14 05:16:24,11.9,RJ21AB7141,DRV163,610.3
TRP001413,MANDI-027,WH-East,2026-06-06 13:17:04,2026-06-06 20:05:04,6.8,HR19BC1954,DRV148,298.2
TRP004478,MANDI-034,WH-Central,2026-07-27T06:27:59,2026-07-27 21:15:59,14.8,PB15DF3024,,753.4
TRP009098,MANDI-014,WH-North,2026-04-11 17:50:06,12-Apr-2026 08:50:06,15.0,DL69BC8633,DRV820,715.7
TRP002257,MANDI-038,WH-East,2026-08-24T14:44:16,25-Aug-2026 05:26:16,14.7,RJ15DF3686,DRV251,764.5
TRP007298,MANDI-054,WH-East,2026-03-20 18:50:50,03-20-2026 10:20 PM,3.5,PB75CD7369,DRV894,183.2
TRP002213,MANDI-050,WH-East,28/01/2026,2026-01-29 01:20:38,15.9,UP34DF2260,DRV582,821.7
TRP002623,MANDI-005,WH-South,2026-01-21T10:21:22,2026-01-22 00:45:22,14.4,RJ78CD3429,DRV715,803.6977537710179
TRP006490,MANDI-002,WH-South,05-20-2026 09:08 PM,21/05/2026 00:08,3.0,,DRV268,174.5
TRP003625,MANDI-057,WH-North,2026-04-21T05:34:07,04-21-2026 12:46 PM,7.2,HR35CD2817,DRV642,386.7
TRP004846,MANDI-052,WH-South,03/07/2026 08:23,03/07/2026 18:35,10.2,DL40DF5650,DRV988,605.2
TRP009852,MANDI-019,WH-Central,24-Feb-2026 02:58:43,02-24-2026 09:58 AM,7.0,RJ77CD8206,DRV615,368.6
TRP000464,MANDI-055,WH-Central,30-Apr-2026 12:15:37,01/05/2026 02:33,14.3,PB82CD3943,DRV606,592.7
TRP001755,MANDI-047,WH-South,2026-08-23T06:11:10,,,UP82BC6019,DRV329,
TRP005008,MANDI-014,Export-Terminal,2026-06-05T07:33:18,06-05-2026 11:51 PM,,DL75CD2959,DRV434,874.4
TRP008388,MANDI-047,WH-East,09-02-2026 03:24 PM,09-03-2026 06:48 AM,15.4,HR91CD7384,DRV215,905.0
TRP004394,MANDI-008,WH-East,2026-06-01 04:42:57,2026-06-01 23:30:57,18.8,UP21AB5059,DRV279,1021.3
TRP000379,MANDI-024,WH-South,16/07/2026,2026-07-16 15:00:21,8.5,RJ84CD1915,DRV295,356.7
TRP003107,MANDI-014,Export-Terminal,05/07/2026 05:14,,18.2,RJ61AB8193,DRV958,996.4
TRP001336,MANDI-035,WH-Central,07/07/2026 15:16,08-Jul-2026 10:34:01,19.3,RJ62CD8005,DRV993,898.0
TRP002021,MANDI-038,WH-North,19-Jul-2026 08:26:38,2026-07-20 07:32:38,23.1,DL55DF3052,DRV302,1215.3
TRP002717,MANDI-023,Export-Terminal,2026-04-08T18:34:32,04-09-2026 05:04 AM,10.5,DL27AB6250,DRV553,601.5983186122239
TRP005832,MANDI-036,WH-South,2026-03-06 15:06:09,06-Mar-2026 20:36:09,,PB60DF2285,DRV204,252.8
TRP005263,MANDI-018,Export-Terminal,2026-07-12T05:15:55,2026-07-12 09:39:55,4.4,UP23CD3561,DRV608,180.1
TRP005285,MANDI-003,WH-West,07-01-2026 09:49 PM,02/07/2026 11:01,13.2,HR74AB3625,DRV537,620.0
TRP007039,MANDI-045,Export-Terminal,08-11-2026 07:00 AM,2026-08-11T19:42:59,,PB48DF9598,DRV147,690.6
TRP001812,MANDI-004,Export-Terminal,18/02/2026 17:50,19/02/2026 12:14,18.4,PB79BC8808,DRV138,763.1
TRP001895,MANDI-054,WH-North,2026-07-22 18:17:31,,,,DRV350,269.1
TRP008171,MANDI-025,Export-Terminal,01/04/2026 13:10,2026-04-01T15:16:48,2.1,DL77DF5692,DRV249,
TRP005548,MANDI-038,WH-East,10/08/2026,08-11-2026 06:34 AM,12.6,,DRV186,524.8
TRP001190,MANDI-010,Export-Terminal,03-04-2026 07:54 PM,05/03/2026 04:36,8.7,RJ37CD5895,DRV370,505.1
TRP006953,MANDI-024,WH-East,2026-01-21T12:41:45,2026-01-21 16:29:45,,HR53CD9352,DRV915,201.3
TRP009750,MANDI-029,WH-East,08-04-2026 05:53 AM,04/08/2026 13:11,7.3,,DRV247,
TRP003455,MANDI-055,WH-Central,26-Apr-2026 14:48:07,2026-04-27 08:48:07,18.0,PB45CD8762,DRV797,789.1977942964879
TRP008456,MANDI-030,WH-South,03-24-2026 11:14 AM,2026-03-24 17:02:52,,PB99AB2769,DRV165,345.5
TRP008764,MANDI-029,WH-East,17/06/2026,17-Jun-2026 20:23:44,13.7,,DRV323,653.7
TRP007744,MANDI-022,Export-Terminal,2026-03-11 23:55:16,,22.1,RJ33DF6206,DRV162,1012.4
TRP004386,MANDI-038,WH-Central,03-05-2026 08:35 AM,05-Mar-2026 17:41:25,9.1,,DRV658,429.1
TRP007389,MANDI-002,WH-East,2026-05-15 02:42:06,2026-05-15 16:48:06,14.1,HR28AB1975,DRV770,
TRP003993,MANDI-045,WH-West,06-29-2026 10:31 AM,29/06/2026 16:43,6.2,RJ59BC3781,DRV393,358.3
TRP007835,MANDI-004,WH-North,2026-03-10T00:25:00,10-Mar-2026 02:25:00,2.0,HR19BC7216,DRV484,98.5
TRP001031,MANDI-018,WH-West,12/08/2026 17:54,2026-08-13 00:42:52,,,DRV984,402.09887618679403
TRP005873,MANDI-031,WH-East,08/08/2026 08:46,2026-08-08 17:34:23,8.8,PB17DF2045,,522.7
TRP007730,MANDI-051,WH-South,2026-07-13 22:47:56,2026-07-14T11:17:56,12.5,UP23AB4577,DRV295,691.8
TRP003775,MANDI-049,WH-North,2026-05-29 04:28:44,29/05/2026 13:34,9.1,DL31BC1475,DRV573,475.698670485098
TRP006697,MANDI-033,WH-East,30/06/2026 03:02,30-Jun-2026 23:32:53,20.5,RJ56AB1424,DRV937,1186.9
TRP007972,MANDI-048,Export-Terminal,2026-09-08 07:06:32,2026-09-08T15:06:32,8.0,PB75AB9852,DRV465,341.0
TRP001756,MANDI-039,WH-Central,04/08/2026,04/08/2026,3.7,DL68DF8893,DRV378,159.6
TRP005539,MANDI-044,Export-Terminal,2026-04-25 21:49:43,,18.7,UP76AB1368,DRV422,
TRP007121,MANDI-001,Export-Terminal,30/01/2026 00:33,2026-01-30T04:09:57,3.6,,DRV579,182.3
TRP000111,MANDI-036,WH-Central,2026-04-07T18:40:50,2026-04-08T18:22:50,,,DRV779,1301.3
TRP005957,MANDI-052,WH-Central,2026-09-01 08:51:58,01/09/2026 23:09,,RJ56DF2149,DRV789,651.5
TRP007314,MANDI-028,WH-North,14/06/2026 03:47,2026-06-14 15:29:19,11.7,DL61BC3021,DRV753,601.0
TRP002918,MANDI-012,Export-Terminal,2026-03-01T21:04:25,02/03/2026 18:40,21.6,PB95DF3813,DRV760,
TRP001516,MANDI-039,WH-West,2026-07-13 08:13:33,2026-07-13T18:01:33,9.8,HR70AB3660,DRV811,455.3
TRP009584,MANDI-018,WH-North,02/08/2026 11:53,,8.9,UP24CD8720,DRV222,517.5
TRP009425,MANDI-049,WH-West,2026-07-02 15:01:19,07-03-2026 01:31 AM,10.5,DL79AB5512,,627.4
TRP008752,MANDI-043,WH-East,06-23-2026 09:21 AM,2026-06-23 17:57:49,8.6,PB80AB8669,DRV215,499.4
TRP002264,MANDI-013,WH-East,01-07-2026 07:22 AM,2026-01-08 03:34:24,20.2,UP92BC3481,DRV434,822.897700109706
TRP004569,MANDI-016,WH-South,05-07-2026 09:00 PM,08/05/2026 15:24,,RJ80AB9759,,1061.3
TRP008836,MANDI-050,WH-West,2026-07-05 00:50:59,05/07/2026 09:26,8.6,DL62BC7479,DRV298,425.6
TRP008810,MANDI-055,WH-Central,2026-03-17 01:09:57,2026-03-17T23:27:57,22.3,UP71BC7820,DRV525,1166.7
TRP000894,MANDI-016,Export-Terminal,2026-06-20 07:47:21,2026-06-20 21:23:21,13.6,,DRV806,774.9
TRP001491,MANDI-037,Export-Terminal,2026-04-03T19:16:46,04-04-2026 04:46 AM,9.5,UP79CD6187,DRV325,434.59878535384405
TRP001851,MANDI-012,WH-South,2026-01-13T01:34:17,01-13-2026 05:16 AM,3.7,UP98DF7792,DRV157,198.3
TRP000325,MANDI-010,WH-South,29/08/2026 19:16,30-Aug-2026 16:10:21,20.9,UP45CD6265,DRV656,902.3
TRP001216,MANDI-034,WH-West,07-25-2026 09:26 PM,,,PB79CD7754,DRV928,1032.0
TRP002934,MANDI-007,Export-Terminal,05-15-2026 08:24 AM,2026-05-16 07:18:54,22.9,HR52AB4143,DRV929,1109.3
TRP008122,MANDI-007,Export-Terminal,2026-02-25 01:14:25,2026-02-25 23:56:25,22.7,DL24DF3359,DRV603,1249.9
TRP006873,MANDI-045,WH-West,31-Jan-2026 23:24:22,02-01-2026 09:54 PM,22.5,DL68CD1388,DRV638,1215.3
TRP008932,MANDI-057,WH-West,07-14-2026 06:31 AM,14/07/2026 10:31,4.0,RJ55CD5123,DRV506,204.4
TRP006726,MANDI-029,WH-West,06/05/2026 00:31,,17.4,DL62AB1754,DRV353,830.397679148256
TRP004004,MANDI-015,Export-Terminal,05-29-2026 12:26 AM,29-May-2026 02:56:15,2.5,UP36CD7056,DRV560,144.7
TRP001130,MANDI-005,Export-Terminal,11/04/2026 17:03,11-Apr-2026 22:39:16,5.6,PB89AB7814,,250.0
TRP005227,MANDI-030,WH-North,29-May-2026 14:23:15,2026-05-29T20:59:15,6.6,PB70AB1676,,371.298962268482
TRP002919,MANDI-038,WH-Central,22/05/2026 07:21,05-23-2026 05:51 AM,22.5,HR75BC1019,DRV247,1263.9
TRP003085,MANDI-037,WH-West,03/06/2026 05:54,2026-06-03T22:24:02,16.5,RJ27BC3960,DRV659,826.4
TRP002796,MANDI-051,WH-South,2026-03-31 18:35:42,01/04/2026 11:35,17.0,,DRV360,903.1
TRP006868,MANDI-028,Export-Terminal,23/05/2026,23/05/2026 12:46,,,DRV605,435.6
TRP000799,MANDI-056,WH-East,2026-01-21T19:05:30,22/01/2026 08:53,13.8,RJ36CD6438,DRV864,
TRP000735,MANDI-010,WH-East,2026-02-08 06:39:48,2026-02-08 22:15:48,15.6,PB11CD1030,DRV314,896.4
TRP004429,MANDI-028,WH-South,2026-06-28T02:26:43,2026-06-28 09:56:43,,DL96BC3935,DRV729,329.6
TRP002245,MANDI-056,WH-South,2026-06-25 19:32:28,2026-06-26 10:50:28,15.3,UP53CD5185,DRV878,860.8
TRP000179,MANDI-040,WH-South,10-Apr-2026 22:25:20,2026-04-11 13:07:20,,PB85AB3103,DRV836,689.8
TRP006361,MANDI-038,WH-West,04-19-2026 09:27 AM,20-Apr-2026 04:15:06,18.8,,DRV875,904.8
TRP008479,MANDI-025,Export-Terminal,27/08/2026,2026-08-28 06:01:38,14.6,RJ96AB4012,DRV559,778.9
TRP001175,MANDI-050,Export-Terminal,2026-08-28 11:34:44,29-Aug-2026 09:58:44,22.4,UP52BC8116,DRV899,1087.596960310264
TRP006379,MANDI-050,WH-Central,2026-06-20T16:38:06,2026-06-21 02:44:06,10.1,DL29AB3476,DRV978,409.7
TRP001832,MANDI-051,WH-East,24-Aug-2026 00:26:50,24/08/2026 23:02,22.6,RJ76AB6989,DRV130,1114.396885408016
TRP008424,MANDI-005,WH-West,02-15-2026 12:04 PM,2026-02-15T18:04:24,6.0,HR32AB4981,DRV209,304.2
TRP004688,MANDI-044,WH-South,31/08/2026 19:17,31/08/2026,,HR84BC9578,DRV982,222.7
TRP008370,MANDI-054,WH-East,2026-07-29 14:03:40,30/07/2026 06:39,,PB24AB7394,DRV899,684.7
TRP007908,MANDI-031,WH-South,2026-06-23T14:59:42,24-Jun-2026 07:23:42,16.4,,DRV549,837.9
TRP003202,MANDI-028,WH-West,29/08/2026 12:32,29/08/2026 20:50,8.3,HR86CD2322,DRV651,
TRP000199,MANDI-031,WH-East,02/02/2026 18:24,03/02/2026 08:00,13.6,RJ59BC7321,DRV615,668.2
TRP006207,MANDI-009,WH-South,2026-03-29 00:29:03,2026-03-29 08:59:03,8.5,DL68AB8279,DRV963,
TRP004088,MANDI-043,WH-East,17-Feb-2026 15:30:53,2026-02-18T05:30:53,,PB70DF1759,DRV654,784.397807711816
TRP000549,MANDI-004,WH-Central,2026-05-19 05:45:00,19/05/2026 11:21,5.6,UP46BC8601,,331.2
TRP008298,MANDI-004,WH-South,2026-08-03 05:08:13,03/08/2026,4.0,HR80BC2675,DRV228,165.2
TRP006496,MANDI-043,WH-West,2026-01-08 20:19:10,09-Jan-2026 04:07:10,7.8,RJ99CD8399,DRV405,367.7
TRP007050,MANDI-026,WH-South,30/03/2026 09:07,,21.0,HR57AB7920,DRV819,1255.9
TRP002533,MANDI-044,WH-Central,07-28-2026 06:20 AM,28-Jul-2026 11:20:17,5.0,HR37DF6195,DRV986,289.799190049572
TRP002315,MANDI-030,WH-South,04/04/2026 00:53,2026-04-04 18:47:18,17.9,UP23AB4936,,1035.6
TRP007256,MANDI-046,WH-East,13-Mar-2026 15:43:30,03-14-2026 08:01 AM,16.3,PB52AB6413,DRV812,887.2
TRP004343,MANDI-015,Export-Terminal,05-Jan-2026 09:00:56,06/01/2026 01:12,16.2,,,
TRP000067,MANDI-008,WH-Central,02-May-2026 23:33:24,2026-05-03 13:51:24,14.3,UP16AB5839,,697.6980500261781
TRP003261,MANDI-001,WH-West,16-Jul-2026 01:38:56,16/07/2026 17:38,16.0,PB62AB1046,DRV363,823.9
TRP002573,MANDI-028,WH-Central,08-24-2026 01:21 AM,2026-08-24T16:57:45,15.6,PB84AB9134,DRV825,758.9
TRP006209,MANDI-053,WH-Central,2026-05-29T17:45:14,2026-05-30 16:21:14,22.6,UP46BC6839,,1144.2968018417018
TRP006900,MANDI-043,WH-South,05-14-2026 06:14 PM,2026-05-15 06:38:15,12.4,HR74AB2465,DRV812,695.0
TRP000623,MANDI-055,WH-North,28-Aug-2026 20:06:53,29/08/2026,7.9,RJ87BC7071,DRV189,361.1
TRP001682,MANDI-040,WH-East,2026-03-29T13:10:51,2026-03-30 01:28:51,12.3,RJ29AB5353,DRV988,650.4
TRP000788,MANDI-015,WH-South,2026-08-25 11:33:39,2026-08-26 03:45:39,16.2,PB93CD4966,,933.3
TRP003333,MANDI-050,WH-North,01/07/2026 13:34,02/07/2026,20.4,HR96DF7126,DRV398,997.3
TRP005422,MANDI-012,WH-West,2026-02-16 01:43:07,16-Feb-2026 05:13:07,3.5,HR49BC7668,DRV782,175.399509781556
TRP006480,MANDI-013,WH-East,2026-05-17T10:08:12,17/05/2026 15:38,5.5,RJ38BC9260,DRV396,245.899312743926
TRP003281,MANDI-053,WH-North,03-09-2026 08:34 AM,09-Mar-2026 13:34:04,5.0,,DRV229,248.0
TRP006187,MANDI-028,WH-South,2026-07-04T01:55:48,,12.1,HR76AB9473,DRV159,573.1
TRP006872,MANDI-046,WH-South,06-16-2026 03:07 AM,17/06/2026 01:13,,DL55AB6788,DRV282,1076.9
TRP004440,MANDI-036,WH-South,03-14-2026 12:35 AM,14-Mar-2026 17:41:43,17.1,HR28AB7455,DRV735,893.0
TRP008996,MANDI-011,WH-West,17/04/2026 23:50,18/04/2026 20:20,20.5,HR87CD4690,DRV452,982.99725265262
TRP009827,MANDI-042,WH-East,23-Aug-2026 22:21:26,24/08/2026,18.2,DL20CD1212,DRV643,1060.8
TRP000479,MANDI-025,WH-North,2026-07-20 10:15:39,21/07/2026 09:57,23.7,HR10DF4933,DRV772,1342.7962470619918
TRP006215,MANDI-035,WH-West,10/01/2026 11:50,11-Jan-2026 03:50:04,16.0,RJ96BC6190,DRV430,907.9
TRP002648,MANDI-036,WH-North,2026-08-25 20:29:23,26/08/2026 16:35,20.1,HR82DF3035,,954.8
TRP005015,MANDI-021,WH-East,2026-02-02T05:28:05,2026-02-02 07:52:05,2.4,PB44AB2085,DRV499,141.6
TRP005602,MANDI-019,WH-South,2026-07-06 02:08:07,06/07/2026,6.9,PB63AB2962,DRV310,319.4
TRP001034,MANDI-023,WH-East,2026-08-28 17:10:50,29/08/2026,23.8,,DRV712,1226.2
TRP009668,MANDI-015,WH-South,21-Jan-2026 19:59:25,2026-01-22T08:53:25,12.9,RJ96AB4877,DRV512,682.9
TRP002599,MANDI-043,WH-East,2026-02-14T06:21:39,2026-02-14 08:27:39,2.1,,,99.7
TRP004514,MANDI-041,WH-Central,06/01/2026,2026-01-06 20:50:28,13.7,PB21BC1105,DRV143,676.8
TRP006960,MANDI-025,Export-Terminal,2026-02-21 20:22:30,,,HR45BC3539,DRV179,227.5
TRP004958,MANDI-003,WH-South,06-18-2026 07:24 AM,06-18-2026 04:12 PM,8.8,HR39DF6890,DRV875,453.1
TRP000345,MANDI-003,WH-West,2026-01-17 18:45:21,2026-01-18 07:33:21,12.8,UP92DF3065,DRV350,710.1
TRP004430,MANDI-013,WH-West,2026-04-22T21:54:32,2026-04-23T03:36:32,,,DRV624,281.49921324691
TRP001872,MANDI-050,WH-Central,23/06/2026,24/06/2026 07:48,,HR74CD8599,DRV245,1023.0
TRP009903,MANDI-016,WH-West,29/06/2026 02:53,29-Jun-2026 13:35:03,10.7,RJ18CD6016,DRV932,601.3
TRP008184,MANDI-053,WH-East,04/01/2026,2026-01-05T16:14:06,23.9,UP39AB5111,DRV128,1198.4
TRP003899,MANDI-049,Export-Terminal,06-Mar-2026 23:26:33,07-Mar-2026 06:02:33,6.6,DL64AB8006,DRV229,315.0
TRP002889,MANDI-019,WH-South,06/03/2026,2026-03-07 06:33:55,14.1,UP79DF9665,DRV747,677.4
TRP000221,MANDI-028,Export-Terminal,11/08/2026 12:02,11/08/2026 15:26,3.4,PB45CD6896,DRV801,182.0
TRP009558,MANDI-028,WH-South,09/01/2026,,14.5,RJ13CD5267,DRV496,751.0
TRP008666,MANDI-020,WH-East,09-02-2026 09:43 PM,,15.9,RJ43CD4857,DRV821,859.9
TRP004442,MANDI-012,WH-Central,24/03/2026,03-24-2026 09:40 PM,15.7,PB29DF8746,DRV306,858.3
TRP004017,MANDI-032,WH-East,2026-01-04T23:07:20,,12.4,PB14CD5487,DRV807,584.5
TRP004476,MANDI-024,WH-North,04-Jun-2026 23:10:24,,10.2,,DRV689,571.5
TRP004249,MANDI-036,WH-West,10-Apr-2026 05:34:39,2026-04-10 23:04:39,17.5,DL25DF5108,DRV505,859.4
TRP009521,MANDI-029,Export-Terminal,2026-08-30 21:41:37,08-31-2026 09:23 PM,23.7,PB86AB8139,DRV206,1147.0
TRP006497,MANDI-055,WH-South,16/06/2026 12:35,17/06/2026 05:41,17.1,PB81DF3162,DRV784,851.5
TRP009044,MANDI-001,WH-Central,28/02/2026 13:51,28-Feb-2026 21:03:23,7.2,RJ38AB7754,DRV243,
TRP004719,MANDI-053,WH-Central,04/06/2026 01:17,04/06/2026 14:17,13.0,,DRV734,663.2
TRP007037,MANDI-004,WH-West,04-Apr-2026 05:56:42,2026-04-04T11:44:42,5.8,PB26AB1171,DRV881,275.89922889812595
TRP004242,MANDI-018,WH-East,22/07/2026,23-Jul-2026 14:31:43,17.5,HR41AB3482,DRV189,1042.1970871969081
TRP004611,MANDI-020,WH-Central,2026-02-07T05:25:01,07/02/2026 21:25,16.0,RJ36AB2187,DRV626,660.9
TRP009459,MANDI-039,WH-East,2026-05-28T04:39:33,05-28-2026 10:15 PM,17.6,DL77DF3679,DRV198,798.9
TRP005339,MANDI-011,WH-North,2026-06-25T15:35:25,06-26-2026 10:59 AM,19.4,HR43DF9306,DRV523,867.7
TRP002882,MANDI-002,Export-Terminal,2026-01-11 02:57:02,2026-01-11T14:27:02,11.5,UP97BC8310,,
TRP001678,MANDI-037,Export-Terminal,13/06/2026 16:16,,12.3,DL32AB4574,DRV941,540.6
TRP004693,MANDI-027,WH-North,2026-04-03 06:32:24,04-Apr-2026 03:56:24,21.4,UP25BC4382,DRV400,986.097243988554
TRP000902,MANDI-049,Export-Terminal,30/03/2026,31-Mar-2026 20:11:30,22.8,PB76AB6807,DRV425,1025.5
TRP007761,MANDI-004,WH-North,03/06/2026 03:32,03/06/2026 22:32,19.0,HR49CD4321,DRV243,929.2
TRP002297,MANDI-042,WH-South,2026-08-25 23:55:25,,13.4,DL66DF7507,DRV691,629.6
TRP009892,MANDI-055,WH-West,2026-02-26T13:31:30,2026-02-27 05:43:30,16.2,PB91BC2082,DRV600,965.2
TRP004575,MANDI-024,WH-South,05-Apr-2026 17:37:23,05-Apr-2026 23:31:23,5.9,DL12BC2972,DRV869,268.2
TRP000297,MANDI-025,Export-Terminal,03-13-2026 07:15 AM,14/03/2026 04:45,21.5,DL28DF7960,DRV904,1186.6
TRP009132,MANDI-029,WH-South,08-Apr-2026 18:42:19,,23.4,PB37CD6127,,954.3
TRP004154,MANDI-016,WH-West,09-06-2026 04:57 PM,06/09/2026 19:03,2.1,DL93BC8791,DRV915,124.5
TRP006774,MANDI-051,WH-Central,01/01/2026 03:50,01-01-2026 09:50 AM,6.0,HR88CD1125,DRV937,308.7
TRP000028,MANDI-036,WH-South,08-13-2026 01:02 AM,,19.0,RJ25AB7225,DRV716,1049.9
TRP008952,MANDI-014,WH-West,06-Jul-2026 11:07:24,2026-07-06 15:01:24,3.9,UP78CD6313,DRV586,187.2
TRP007289,MANDI-013,Export-Terminal,2026-06-24 12:47:51,2026-06-25T11:35:51,22.8,,DRV784,1303.296357458962
TRP007247,MANDI-029,WH-West,2026-01-31T08:32:13,2026-01-31T19:14:13,10.7,RJ11AB8792,DRV820,
TRP009430,MANDI-017,WH-West,04/05/2026,04-May-2026 07:56:00,3.3,PB77DF5187,DRV738,190.2
TRP003249,MANDI-030,WH-East,28-Feb-2026 02:00:51,02-28-2026 07:00 AM,5.0,,,264.1
TRP008262,MANDI-004,WH-East,02-06-2026 01:50 AM,06/02/2026 14:20,12.5,,DRV998,587.9
TRP005650,MANDI-042,WH-South,27-Jul-2026 17:01:48,2026-07-27 20:13:48,3.2,PB52AB1316,DRV748,177.1
TRP002581,MANDI-001,WH-East,2026-02-06 14:57:45,2026-02-06 19:45:45,4.8,UP81CD2541,,234.399344884816
TRP004802,MANDI-029,WH-East,03/03/2026 02:32,03-03-2026 10:20 PM,19.8,,DRV265,919.2
TRP005982,MANDI-037,WH-West,27/06/2026 14:34,2026-06-27 16:58:40,2.4,PB38BC9028,DRV929,116.8
TRP001371,MANDI-013,WH-Central,2026-05-01 07:36:19,2026-05-02 04:30:19,20.9,PB40BC3093,DRV161,1189.8
TRP004823,MANDI-028,WH-South,07-20-2026 05:23 PM,2026-07-21T07:35:38,14.2,PB30BC7229,DRV388,742.4
TRP007614,MANDI-030,WH-West,15-May-2026 12:23:28,05-15-2026 11:29 PM,11.1,RJ96AB8066,DRV335,588.6
TRP005647,MANDI-056,WH-South,16-Feb-2026 06:28:40,02-16-2026 12:16 PM,5.8,UP91DF3089,DRV991,329.3
TRP005147,MANDI-004,WH-East,18-Jun-2026 05:53:05,2026-06-18T09:17:05,3.4,HR97BC3985,DRV242,202.1
TRP000682,MANDI-031,WH-Central,2026-01-24 00:53:41,01-24-2026 01:11 PM,12.3,PB77BC9289,DRV605,588.8
TRP003160,MANDI-011,WH-Central,09/09/2026 07:10,09/09/2026 21:52,14.7,RJ92AB3013,DRV169,634.5
TRP002988,MANDI-027,WH-South,2026-03-12 03:49:46,2026-03-12 06:07:46,2.3,HR22DF5450,DRV955,112.1
TRP001883,MANDI-018,WH-Central,13-May-2026 10:22:40,05-14-2026 08:46 AM,22.4,DL52DF6188,DRV844,939.697373670058
TRP006365,MANDI-043,WH-East,2026-01-16T20:05:55,17/01/2026 10:05,14.0,UP73BC2193,DRV653,761.3
TRP001941,MANDI-048,WH-North,2026-07-10T13:09:45,11-Jul-2026 11:15:45,22.1,UP70CD5208,DRV192,
TRP003297,MANDI-003,WH-Central,2026-08-14 05:25:32,14-Aug-2026 10:07:32,4.7,HR93DF7564,DRV264,277.3
TRP003535,MANDI-051,WH-East,28/07/2026 10:30,2026-07-28T17:00:09,6.5,,DRV795,352.39901509133597
TRP003730,MANDI-010,WH-Central,2026-01-14T22:49:31,2026-01-15 06:25:31,7.6,RJ55AB8431,DRV507,362.5
TRP009567,MANDI-041,WH-East,12/04/2026 19:39,2026-04-13T15:21:32,19.7,DL42BC5074,DRV147,
TRP001182,MANDI-040,WH-East,26/07/2026 18:09,2026-07-27T03:39:13,9.5,UP55CD8082,DRV512,432.3
TRP001376,MANDI-040,WH-North,2026-09-02 06:12:19,,19.5,RJ18DF9627,DRV264,1083.4
TRP005696,MANDI-001,WH-South,18-Mar-2026 12:11:25,2026-03-18T18:23:25,6.2,UP41AB1710,DRV822,321.4
TRP004970,MANDI-024,WH-West,18-Jan-2026 07:53:52,19/01/2026 04:05,20.2,PB32CD3857,DRV850,905.8
TRP000627,MANDI-029,WH-Central,2026-08-13 18:28:47,14/08/2026 13:40,19.2,PB31DF3997,DRV916,1125.9
TRP002113,MANDI-025,WH-East,01-20-2026 10:18 AM,21/01/2026 04:36,18.3,UP80CD9001,DRV355,796.1977747324681
TRP006548,MANDI-052,WH-North,2026-03-30 03:47:20,2026-03-31T02:35:20,22.8,UP48CD5462,DRV382,1347.0
TRP006170,MANDI-033,WH-South,2026-06-14 14:01:16,15-Jun-2026 10:13:16,20.2,RJ65AB9422,DRV218,966.6
TRP009713,MANDI-007,WH-North,2026-01-08 12:15:48,08/01/2026,2.5,HR44CD1573,DRV425,105.2
TRP006772,MANDI-014,Export-Terminal,03-31-2026 03:59 AM,,20.2,DL81DF3006,DRV595,1179.2
TRP004181,MANDI-014,WH-North,2026-07-08T13:11:22,2026-07-09T02:41:22,,UP51BC9766,DRV481,807.5
TRP007607,MANDI-031,WH-West,24/05/2026,05-24-2026 03:55 PM,8.1,DL50DF8326,DRV142,463.4
TRP004535,MANDI-055,WH-West,02-14-2026 05:04 PM,2026-02-15 12:58:44,19.9,,DRV515,1039.5
TRP001463,MANDI-019,WH-West,2026-05-18 05:13:42,18-May-2026 14:19:42,9.1,PB57BC9442,DRV129,387.2
TRP002888,MANDI-031,WH-Central,04/06/2026 00:17,04/06/2026 16:23,16.1,PB53AB6485,DRV593,934.6
TRP008654,MANDI-013,Export-Terminal,2026-06-13 01:14:41,13/06/2026 17:08,15.9,UP58BC1116,,812.5
TRP000685,MANDI-057,WH-South,18/01/2026 18:15,2026-01-18T21:39:23,3.4,PB60AB8079,DRV834,202.2
TRP007845,MANDI-040,WH-South,29-Jun-2026 04:23:59,2026-06-29T14:53:59,10.5,UP45BC7402,DRV236,595.1
TRP008205,MANDI-024,Export-Terminal,06/09/2026 11:55,2026-09-07 02:07:42,14.2,UP21AB8680,DRV498,727.7
TRP001367,MANDI-009,WH-South,2026-06-01T17:57:42,,9.1,PB36DF4741,DRV700,374.598953045444
TRP003917,MANDI-003,WH-West,08-Jun-2026 01:46:51,,,HR56CD7204,DRV795,
TRP001262,MANDI-038,WH-South,2026-08-11T02:56:32,2026-08-12T01:20:32,22.4,UP41BC3854,DRV884,909.8
TRP002640,MANDI-026,WH-South,26/03/2026 04:39,26-Mar-2026 22:21:12,17.7,RJ76BC1131,DRV216,
TRP009837,MANDI-025,WH-North,2026-03-25 19:54:30,2026-03-26T17:30:30,21.6,RJ89DF1441,DRV179,
TRP009401,MANDI-008,WH-East,01-04-2026 03:11 AM,,13.0,RJ26AB4496,,762.797868080792
TRP006349,MANDI-042,WH-North,2026-03-05 10:10:04,05/03/2026,3.3,,DRV165,162.2
TRP002301,MANDI-041,WH-Central,2026-02-12 17:53:54,2026-02-13T05:05:54,11.2,UP67DF9767,DRV230,493.0
TRP002939,MANDI-040,WH-East,2026-04-04 07:23:23,2026-04-04 15:59:23,8.6,RJ80BC1204,DRV594,351.099018724654
TRP006206,MANDI-031,WH-East,2026-02-21T14:27:08,2026-02-22T09:57:08,19.5,,DRV150,821.1
TRP009096,MANDI-037,WH-East,07-Aug-2026 08:55:46,08-Aug-2026 02:43:46,17.8,RJ85BC7348,,724.197975962388
TRP005482,MANDI-048,WH-Central,2026-04-18T18:11:36,04-19-2026 04:29 PM,22.3,UP23BC7286,DRV270,1102.296919225822
TRP001980,MANDI-020,WH-South,2026-07-25T02:18:47,07-25-2026 02:18 PM,12.0,RJ11CD3633,DRV688,594.9
TRP003804,MANDI-012,WH-West,08-30-2026 12:19 PM,,10.1,RJ21DF9884,DRV531,573.2
TRP005709,MANDI-002,WH-North,2026-05-14T02:16:28,2026-05-14 13:52:28,11.6,HR72BC9503,DRV212,587.0983591376939
TRP004723,MANDI-005,Export-Terminal,2026-09-07 23:09:43,2026-09-08 13:45:43,14.6,HR25CD9158,DRV600,816.2
TRP004983,MANDI-027,WH-East,2026-08-01T11:06:38,02-Aug-2026 08:36:38,21.5,PB85AB2700,DRV674,1282.8
TRP009856,MANDI-031,WH-East,24/02/2026 19:13,,,PB86DF3979,DRV422,652.3
TRP002281,MANDI-049,WH-East,02/01/2026 18:44,2026-01-03T11:02:44,16.3,RJ73DF7361,DRV573,801.0
TRP004837,MANDI-035,Export-Terminal,2026-07-20 12:55:05,21-Jul-2026 11:19:05,22.4,,DRV118,897.1
TRP006506,MANDI-010,WH-West,02-28-2026 01:33 PM,2026-03-01T07:45:09,18.2,HR17BC5634,DRV421,919.5
TRP007268,MANDI-006,WH-North,07/05/2026,08-May-2026 01:52:07,20.7,HR78BC3035,DRV956,1227.0
TRP004131,MANDI-018,WH-West,2026-03-24 20:52:41,,10.8,PB41CD6721,DRV951,628.1
TRP006606,MANDI-042,WH-West,2026-07-24 22:47:01,25/07/2026,6.7,UP34AB3334,DRV592,296.0
TRP005199,MANDI-025,WH-East,2026-02-19T23:06:03,20/02/2026 02:48,3.7,PB90DF5227,DRV190,165.599537171184
TRP001785,MANDI-056,WH-East,03-Aug-2026 12:51:08,2026-08-03T16:51:08,4.0,PB50BC3279,DRV102,196.6
TRP003183,MANDI-040,WH-South,25/08/2026 10:31,2026-08-26 05:25:20,18.9,UP35DF7786,,788.397796532376
TRP000495,MANDI-028,WH-South,2026-01-13T18:40:15,2026-01-14 13:04:15,18.4,HR85BC8075,,977.597267744864
TRP008009,MANDI-013,WH-South,2026-05-13 03:45:34,13-May-2026 12:57:34,,PB41AB4891,DRV652,434.6
TRP009211,MANDI-043,WH-West,2026-05-03 15:31:57,03/05/2026 23:19,7.8,UP71AB4305,DRV768,467.6
TRP002861,MANDI-049,WH-East,27/05/2026,2026-05-28T02:35:26,13.5,HR84CD4543,DRV171,575.6
TRP006581,MANDI-045,WH-North,2026-08-23 06:28:32,2026-08-23 23:22:32,16.9,,DRV139,781.1978166553681
TRP004042,MANDI-044,WH-East,01/07/2026,02/07/2026 06:05,16.0,DL88BC6434,DRV972,
TRP007813,MANDI-002,WH-Central,2026-06-28 16:46:43,06-29-2026 09:34 AM,,UP14AB9996,,914.1
TRP002898,MANDI-024,WH-North,03-Aug-2026 07:35:40,03-Aug-2026 12:29:40,4.9,UP97AB1960,DRV873,198.2
TRP000367,MANDI-014,WH-South,2026-02-01 03:36:59,01-Feb-2026 19:30:59,15.9,PB57BC4162,DRV693,928.1
TRP000850,MANDI-056,WH-Central,2026-02-25T19:47:17,25-Feb-2026 23:23:17,3.6,UP53CD6924,DRV657,181.6
TRP005668,MANDI-046,WH-South,05-19-2026 11:48 PM,05-20-2026 04:48 PM,17.0,DL20AB7132,DRV168,774.8
TRP004823,MANDI-028,WH-South,07-20-2026 05:23 PM,2026-07-21T07:35:38,14.2,PB30BC7229,DRV388,742.4
TRP008701,MANDI-052,WH-Central,09/09/2026,10/09/2026,15.8,PB61AB3709,DRV712,762.597868639764
TRP008053,MANDI-048,WH-West,2026-01-13T10:12:40,2026-01-13T18:42:40,,RJ77DF5206,DRV579,421.9
TRP002654,MANDI-002,WH-Central,19/08/2026 10:57,2026-08-20T01:09:54,14.2,UP44DF2742,,839.1
TRP003504,MANDI-018,WH-West,2026-01-03 17:19:02,2026-01-04T08:19:02,15.0,UP34DF8453,DRV411,684.9
TRP001542,MANDI-014,WH-East,2026-04-14T10:05:05,2026-04-14 14:59:05,4.9,UP53CD8548,DRV948,291.599185018824
TRP000795,MANDI-002,WH-South,2026-06-11T16:27:01,2026-06-12 03:57:01,11.5,DL96AB3085,DRV268,531.698513972938
TRP009224,MANDI-007,WH-East,08-29-2026 07:20 PM,08-30-2026 12:44 PM,17.4,UP99CD4566,DRV963,696.0
TRP000323,MANDI-038,WH-East,30/08/2026 19:45,2026-08-31T08:51:50,,DL88DF4940,DRV298,761.297872273082
TRP002032,MANDI-018,WH-West,04-May-2026 06:09:19,05-04-2026 09:51 AM,3.7,,DRV918,181.4
TRP000814,MANDI-041,WH-South,19/06/2026 04:19,2026-06-19T18:31:31,14.2,,DRV334,755.3
TRP002529,MANDI-019,WH-Central,04/01/2026 14:02,04-Jan-2026 17:50:37,3.8,,DRV668,
TRP009749,MANDI-047,WH-South,04-01-2026 07:41 PM,2026-04-01T23:35:55,3.9,RJ12BC5686,DRV683,171.0
TRP009565,MANDI-006,WH-South,11-Aug-2026 10:39:00,08-12-2026 03:57 AM,17.3,DL78BC2888,,930.1
TRP001080,MANDI-031,WH-Central,17-Apr-2026 06:41:44,2026-04-17 18:47:44,12.1,,DRV703,624.7
TRP002227,MANDI-043,WH-North,2026-05-20T05:55:56,2026-05-20 21:25:56,15.5,,,848.9
TRP009503,MANDI-004,WH-North,2026-05-27 14:29:17,2026-05-28T12:59:17,22.5,PB17CD3397,DRV921,
TRP006084,MANDI-032,WH-Central,2026-07-30 08:44:13,07-30-2026 10:02 PM,13.3,,DRV924,666.0
TRP002706,MANDI-045,WH-North,2026-05-02T02:29:02,,21.5,DL24BC4762,DRV368,1074.6
TRP007439,MANDI-037,WH-Central,04/04/2026 06:38,04/04/2026 08:44,2.1,,,120.0
TRP004636,MANDI-033,WH-East,03/07/2026,04/07/2026,17.1,DL15DF7035,DRV567,928.2974055314619
TRP001165,MANDI-037,WH-North,2026-06-22 13:29:42,23/06/2026 02:41,13.2,,DRV417,732.0
TRP003262,MANDI-049,WH-East,02/07/2026,2026-07-03 04:18:43,6.9,RJ13BC1361,,
TRP004573,MANDI-039,Export-Terminal,2026-06-02 05:39:29,2026-06-02 13:39:29,8.0,DL68CD3232,,343.7
TRP001451,MANDI-006,WH-North,31-Jul-2026 06:07:05,31-Jul-2026 18:37:05,12.5,UP99CD1651,,
TRP004230,MANDI-031,WH-West,2026-01-02T22:49:26,03/01/2026 09:01,10.2,UP21CD2855,DRV611,570.2
TRP003863,MANDI-032,WH-Central,08-Apr-2026 11:08:13,,7.4,UP81DF2500,DRV315,398.798885409832
TRP008401,MANDI-003,WH-North,04-05-2026 02:54 AM,2026-04-05T22:30:27,19.6,,DRV618,
TRP007500,MANDI-056,WH-North,16/07/2026 05:12,07-16-2026 11:06 AM,,DL15AB3871,DRV483,338.1
TRP007751,MANDI-040,WH-East,2026-08-24T17:52:31,2026-08-25T01:58:31,8.1,,,436.0
TRP005341,MANDI-008,WH-East,31-May-2026 06:47:45,05-31-2026 09:41 PM,14.9,DL84BC4886,,610.6
TRP008491,MANDI-024,WH-South,08-29-2026 06:01 PM,29-Aug-2026 20:43:24,2.7,,DRV244,130.2
TRP006779,MANDI-003,WH-East,07/03/2026,2026-03-08 04:19:40,,UP94AB4373,DRV642,433.0
TRP007214,MANDI-017,WH-East,12-May-2026 09:28:39,2026-05-12 20:22:39,10.9,PB30AB9985,DRV681,546.198473447468
TRP004900,MANDI-028,WH-South,01-Apr-2026 08:14:18,01/04/2026 22:44,14.5,UP15BC7922,,669.6
TRP004057,MANDI-001,WH-West,02/08/2026 11:33,03/08/2026 11:03,23.5,DL90CD2401,DRV128,1149.296787867402
TRP009890,MANDI-008,WH-East,15-Aug-2026 15:26:28,16/08/2026 06:44,15.3,DL25AB5920,DRV417,713.2
TRP003000,MANDI-057,Export-Terminal,2026-08-07T23:33:45,08-Aug-2026 14:45:45,15.2,RJ48AB7816,DRV642,847.1
TRP009388,MANDI-054,WH-West,04/04/2026 20:25,2026-04-05 13:13:55,16.8,HR98AB8268,,994.4
TRP001232,MANDI-055,WH-West,2026-07-24T23:30:35,25-Jul-2026 14:54:35,15.4,DL83DF4910,,766.1
TRP001515,MANDI-030,Export-Terminal,28/07/2026 06:32,28/07/2026,5.9,PB81BC6732,,342.0
TRP002314,MANDI-024,WH-West,22-Mar-2026 21:27:00,23-Mar-2026 09:03:00,11.6,RJ90DF6782,DRV494,569.0
TRP001452,MANDI-019,WH-Central,2026-03-22T04:18:17,22/03/2026,14.7,PB15DF6927,DRV948,630.698237281798
TRP004849,MANDI-029,WH-South,09/08/2026 05:19,2026-08-09 23:37:30,,UP42AB9042,DRV639,800.8
TRP005197,MANDI-034,WH-Central,02-Jun-2026 04:20:11,,,PB61DF2416,DRV178,792.6
TRP008872,MANDI-013,WH-South,2026-06-09T16:19:28,2026-06-10 06:49:28,14.5,,DRV668,697.6980500261781
TRP004322,MANDI-042,WH-East,2026-06-26 03:55:32,06-26-2026 03:55 PM,,UP88DF2430,DRV866,553.298453603962
TRP006101,MANDI-007,WH-South,2026-04-01 02:01:07,2026-04-01 13:19:07,11.3,DL14BC8757,,575.49839155807
TRP000839,MANDI-003,Export-Terminal,2026-04-25 05:02:54,26-Apr-2026 00:08:54,19.1,PB35DF2233,DRV441,817.197716040408
TRP009412,MANDI-057,WH-South,2026-02-18T07:35:36,2026-02-18 16:05:36,8.5,UP20BC5487,DRV981,444.098758802674
TRP005379,MANDI-050,WH-South,10/06/2026 21:43,11/06/2026 03:49,6.1,UP89BC6943,DRV839,337.99905533732
TRP006996,MANDI-004,WH-East,2026-01-20T16:03:46,21-Jan-2026 11:33:46,,RJ12DF4968,DRV309,791.9
TRP008842,MANDI-044,WH-North,07-Mar-2026 00:00:44,07/03/2026,6.5,UP38AB9971,DRV814,387.7
TRP003568,MANDI-004,WH-Central,29/01/2026 21:54,2026-01-30 02:48:58,,RJ94DF3538,DRV180,259.6
TRP009635,MANDI-057,WH-North,09-03-2026 09:59 AM,2026-09-03T16:47:19,,UP57CD6440,,274.2
TRP003088,MANDI-048,WH-Central,2026-01-16 17:12:03,16/01/2026 20:42,3.5,PB81AB8414,DRV446,193.3
TRP008991,MANDI-049,Export-Terminal,18/08/2026,19/08/2026,17.2,HR59BC2739,DRV535,933.3
TRP001715,MANDI-033,WH-West,21/06/2026 22:23,06-22-2026 02:05 PM,15.7,DL87CD6414,DRV314,916.49743851081
TRP004271,MANDI-014,WH-North,18-Jul-2026 01:53:19,2026-07-18 11:47:19,,PB70DF4454,DRV309,529.6
TRP000340,MANDI-042,Export-Terminal,08-18-2026 11:58 PM,2026-08-19T07:46:20,7.8,PB57CD9072,DRV506,376.1
TRP008354,MANDI-022,WH-East,07/01/2026 20:55,08/01/2026,3.2,HR62AB8562,DRV915,155.3
TRP008780,MANDI-006,WH-South,2026-04-25T03:59:07,2026-04-25 10:53:07,6.9,HR78CD4574,DRV829,296.5
TRP008651,MANDI-004,Export-Terminal,01-18-2026 01:39 AM,01-18-2026 08:39 PM,19.0,HR43AB2447,DRV857,827.9
TRP008953,MANDI-043,WH-South,08-29-2026 09:01 AM,2026-08-29 18:25:07,9.4,RJ11CD9899,DRV410,498.9
TRP005358,MANDI-057,WH-Central,13-Jun-2026 12:54:38,,15.2,PB99BC9588,,869.6975693102581
TRP000589,MANDI-005,WH-North,04-14-2026 04:53 AM,2026-04-14T19:17:20,14.4,HR14CD1570,DRV771,616.6
TRP003366,MANDI-048,WH-South,03/05/2026 07:32,2026-05-04T00:20:42,16.8,RJ86BC3785,DRV662,699.1
TRP002671,MANDI-028,WH-South,02-24-2026 10:43 PM,2026-02-25T19:01:18,20.3,HR51DF2865,,927.8974066494061
TRP003590,MANDI-052,WH-North,21/06/2026 16:10,22-Jun-2026 00:16:46,8.1,DL30CD1435,DRV510,
TRP000035,MANDI-032,Export-Terminal,06-18-2026 09:59 PM,2026-06-19T13:53:09,15.9,HR55AB6191,DRV324,849.6
TRP000029,MANDI-019,WH-Central,2026-07-18T06:37:32,07-19-2026 05:13 AM,22.6,HR88DF2151,DRV166,1315.1
TRP007625,MANDI-050,Export-Terminal,03-23-2026 02:17 PM,2026-03-24 12:53:35,22.6,PB27BC6494,DRV888,1014.3
TRP009289,MANDI-005,WH-East,27-Jan-2026 06:51:59,2026-01-28T00:39:59,17.8,,DRV143,723.3
TRP002171,MANDI-044,WH-South,09/01/2026 02:39,2026-01-09T19:27:23,16.8,,,981.3972571243959
TRP005617,MANDI-019,Export-Terminal,14/08/2026 02:54,14-Aug-2026 08:00:33,5.1,HR36DF4047,DRV934,266.1
TRP005093,MANDI-024,WH-West,13/01/2026 20:15,2026-01-14 14:15:19,18.0,UP53AB6118,DRV918,1061.797032417652
TRP000890,MANDI-037,WH-South,26-May-2026 07:34:53,05-26-2026 04:28 PM,,UP34DF4063,DRV871,442.5
TRP007083,MANDI-052,WH-North,2026-04-18 05:44:46,18-Apr-2026 20:20:46,14.6,HR15AB5028,DRV497,649.5
TRP003323,MANDI-014,WH-Central,02-14-2026 12:20 AM,14-Feb-2026 23:32:00,23.2,,DRV863,1174.8
TRP009770,MANDI-031,WH-South,2026-05-09T01:45:21,09-May-2026 20:15:21,18.5,,,918.4
TRP003515,MANDI-025,WH-West,2026-08-19 16:42:26,19/08/2026 19:00,2.3,UP91CD5643,DRV272,124.299652598902
TRP004820,MANDI-049,WH-West,11-Jul-2026 15:37:32,,18.2,RJ28BC8430,,929.2
TRP009104,MANDI-049,WH-West,05-12-2026 06:04 AM,2026-05-13 00:40:36,18.6,RJ42AB5452,DRV139,770.5
TRP005859,MANDI-018,WH-East,01-14-2026 12:15 AM,2026-01-14T16:15:16,16.0,,DRV957,795.8
TRP003734,MANDI-034,WH-North,24/04/2026,24/04/2026 14:54,4.5,RJ64BC7691,,228.9
TRP005134,MANDI-043,WH-West,30/07/2026,2026-07-31 06:57:24,14.8,PB52DF5094,DRV271,636.8
TRP009842,MANDI-003,WH-West,04-16-2026 01:08 PM,2026-04-17 05:20:57,16.2,RJ46AB9057,DRV282,859.6
TRP007708,MANDI-002,WH-South,13/04/2026,,10.8,HR47DF8831,DRV524,494.1
TRP004529,MANDI-023,WH-East,31/08/2026,2026-09-01 00:59:45,5.3,RJ26CD3982,DRV607,231.7
TRP001655,MANDI-024,WH-South,2026-05-13 13:02:42,2026-05-14 04:02:42,15.0,RJ59BC7370,DRV168,799.597765229944
TRP005633,MANDI-034,WH-East,25/05/2026,05-25-2026 12:34 PM,2.2,RJ71BC9714,DRV683,126.5
TRP006439,MANDI-030,WH-West,31/01/2026,2026-02-01T00:25:08,18.7,UP29AB2689,,
TRP000224,MANDI-018,WH-East,12-May-2026 11:58:53,2026-05-13T02:04:53,14.1,,,660.3
TRP008972,MANDI-034,WH-North,17-Feb-2026 17:10:25,02-18-2026 02:58 AM,,RJ57BC3557,DRV116,543.2
TRP009757,MANDI-054,WH-Central,2026-07-02T13:49:48,2026-07-03 09:37:48,19.8,HR90DF8575,DRV231,1172.4
TRP004240,MANDI-025,Export-Terminal,01-27-2026 05:08 PM,28/01/2026,7.0,,DRV312,377.6
TRP001591,MANDI-013,WH-North,07-10-2026 12:10 PM,10/07/2026 22:04,9.9,HR73BC6907,DRV765,
TRP007378,MANDI-016,WH-West,2026-07-01T14:18:02,07-02-2026 04:06 AM,13.8,DL21BC2969,DRV918,697.6
TRP003257,MANDI-007,WH-North,01/07/2026 08:20,2026-07-02T05:08:08,20.8,HR33DF6074,DRV388,929.5
TRP007881,MANDI-031,Export-Terminal,2026-02-06T16:19:14,,,UP94BC9344,DRV304,682.5
TRP008928,MANDI-007,WH-Central,2026-06-06 22:11:29,07/06/2026 10:59,12.8,RJ15CD6265,DRV289,537.4
TRP002182,MANDI-025,WH-South,2026-01-30 13:42:38,,16.9,,DRV996,782.8
TRP005468,MANDI-050,WH-East,03-09-2026 01:52 PM,03-10-2026 08:22 AM,18.5,HR20DF1070,,
TRP007418,MANDI-056,WH-North,2026-02-24 23:57:13,25/02/2026,4.3,,DRV916,208.2
TRP006690,MANDI-011,WH-East,20-Mar-2026 19:47:59,2026-03-21T00:41:59,4.9,RJ19BC3878,DRV764,237.7
TRP008540,MANDI-024,WH-North,05-Sep-2026 11:34:59,06/09/2026 02:16,14.7,,DRV481,683.7
TRP005229,MANDI-001,WH-West,09-04-2026 06:10 AM,2026-09-04 23:28:26,17.3,,,
TRP001210,MANDI-019,WH-Central,2026-06-01 09:13:28,01/06/2026 22:19,13.1,UP42AB5279,DRV983,625.2
TRP000422,MANDI-052,WH-West,19/08/2026 16:09,19/08/2026 21:09,5.0,RJ61CD6895,DRV557,265.1
TRP009091,MANDI-044,WH-West,03/07/2026 04:46,03/07/2026 08:10,3.4,RJ81CD5965,DRV484,203.8
TRP001707,MANDI-049,WH-Central,03/04/2026,2026-04-03T18:57:34,14.8,DL55CD8130,DRV815,792.0
TRP001159,MANDI-038,WH-West,2026-05-26T21:57:10,27/05/2026 06:57,9.0,RJ96BC7119,DRV662,435.8
TRP002307,MANDI-011,WH-East,03-May-2026 10:36:27,03/05/2026,9.2,HR95DF4449,DRV615,435.0
TRP000274,MANDI-025,WH-North,31-Aug-2026 10:38:19,08-31-2026 04:08 PM,5.5,UP60CD3960,,255.2
TRP000172,MANDI-042,WH-East,04-29-2026 08:07 PM,30-Apr-2026 13:07:04,17.0,PB63DF3707,DRV534,748.6
TRP003957,MANDI-017,WH-East,2026-08-28 17:23:27,,12.6,,DRV687,640.7
TRP005340,MANDI-041,WH-East,2026-02-05 02:28:34,2026-02-05 11:40:34,9.2,DL19BC2349,DRV243,534.4
TRP003189,MANDI-036,WH-North,2026-03-15 11:18:46,16/03/2026,20.1,PB11CD4399,DRV535,944.2
TRP001726,MANDI-052,Export-Terminal,16/07/2026 20:34,17/07/2026,,PB40BC3873,DRV221,917.0
TRP004686,MANDI-007,Export-Terminal,06-08-2026 05:13 PM,2026-06-08 23:07:41,5.9,DL86DF2818,DRV131,334.5
TRP006171,MANDI-036,WH-North,02/03/2026 11:56,,19.1,RJ40CD2709,DRV462,1104.796912238672
TRP001565,MANDI-025,WH-Central,2026-05-22 12:27:19,23/05/2026 11:15,22.8,UP31BC4973,,1093.5
TRP001783,MANDI-030,Export-Terminal,30/03/2026 21:28,31-Mar-2026 16:58:52,19.5,UP92AB5412,DRV235,867.5
TRP000844,MANDI-002,WH-East,05-12-2026 02:02 AM,12-May-2026 23:38:11,21.6,DL58DF8685,DRV819,1248.3965108967761
TRP009719,MANDI-041,Export-Terminal,20/02/2026 11:55,2026-02-21T06:07:13,,HR93CD8356,,1027.8
TRP005131,MANDI-056,WH-Central,11/08/2026,11/08/2026,2.4,RJ77DF9217,DRV689,143.8
TRP000905,MANDI-044,WH-West,09/06/2026,06-10-2026 04:53 AM,13.0,DL47CD8809,DRV825,
TRP006444,MANDI-039,WH-South,2026-06-24 07:53:53,24/06/2026 09:59,2.1,,DRV971,113.59968250390399
TRP002546,MANDI-024,WH-West,2026-08-12T13:06:55,,3.9,DL66DF8730,DRV922,
TRP007051,MANDI-018,WH-Central,2026-06-17 04:55:27,2026-06-18 03:07:27,22.2,PB33DF4274,DRV330,902.297478197822
TRP001548,MANDI-030,Export-Terminal,2026-01-25 13:59:59,,15.1,DL10CD5776,DRV891,851.4
TRP002081,MANDI-027,WH-South,2026-07-26 23:29:46,07-27-2026 05:05 PM,17.6,UP13DF4068,DRV338,
TRP006178,MANDI-008,Export-Terminal,02/07/2026 17:59,03/07/2026,21.2,PB97DF6814,DRV490,1237.3
TRP003986,MANDI-036,Export-Terminal,04/07/2026,04-Jul-2026 19:24:12,14.0,UP77CD1749,DRV679,833.4
TRP006970,MANDI-009,WH-Central,2026-01-01 18:34:14,2026-01-01 21:46:14,,,DRV301,175.0
TRP008754,MANDI-054,WH-South,08/01/2026 22:32,09/01/2026 13:38,15.1,HR50AB6056,DRV829,850.9
TRP006751,MANDI-020,WH-North,12-Apr-2026 09:03:56,2026-04-12 17:27:56,8.4,DL69DF4237,,418.0
TRP007163,MANDI-012,Export-Terminal,2026-05-24 08:10:33,2026-05-25T04:46:33,20.6,HR34AB3108,DRV111,1152.296779482822
TRP008539,MANDI-014,WH-South,22/01/2026 03:12,22-Jan-2026 19:00:25,,RJ66BC8891,DRV754,674.9
TRP003821,MANDI-005,WH-Central,2026-04-20 16:40:10,2026-04-21T09:04:10,16.4,DL31DF7007,DRV860,814.8
TRP002647,MANDI-033,WH-Central,2026-05-05 00:02:00,,20.2,UP75BC2534,DRV410,1133.1
TRP007301,MANDI-031,WH-North,08-27-2026 03:21 AM,2026-08-28 01:21:23,22.0,UP44DF1204,DRV321,1245.4
TRP007794,MANDI-004,WH-West,02/05/2026 16:32,03/05/2026 08:14,15.7,UP13AB6763,DRV527,709.098018164774
TRP008472,MANDI-057,WH-West,12-Jun-2026 19:40:06,2026-06-13 01:10:06,5.5,DL18CD7788,DRV282,
TRP007136,MANDI-057,WH-Central,2026-06-24T19:56:16,2026-06-25 00:02:16,4.1,DL23DF8126,DRV528,210.7
TRP007626,MANDI-036,WH-East,2026-01-08 00:44:20,2026-01-08T08:02:20,,UP59BC2698,DRV149,402.6
TRP004351,MANDI-034,WH-East,04-23-2026 03:50 AM,2026-04-23 07:44:11,3.9,UP88BC5546,DRV936,204.2
TRP006619,MANDI-009,WH-Central,2026-08-06T06:13:15,2026-08-06T14:43:15,8.5,UP75DF2943,,432.2
TRP002156,MANDI-034,WH-South,08-15-2026 10:06 PM,,,HR59AB4149,,961.6
TRP007318,MANDI-043,WH-South,21-Aug-2026 23:47:32,2026-08-22 07:41:32,7.9,HR49AB3651,DRV543,402.1
TRP003716,MANDI-017,WH-South,2026-04-10 21:56:23,2026-04-11 11:32:23,13.6,RJ95CD8388,DRV251,
TRP004058,MANDI-017,WH-West,03-26-2026 07:15 AM,2026-03-27 06:03:33,22.8,UP42CD3425,DRV823,1139.3
TRP008638,MANDI-033,WH-West,20-Mar-2026 22:06:40,,3.1,RJ67DF5857,DRV246,179.199499161088
TRP006488,MANDI-037,WH-South,14-Jun-2026 05:52:49,2026-06-14T09:10:49,3.3,,DRV770,
TRP004868,MANDI-016,WH-East,2026-05-28T04:38:07,29/05/2026,23.8,PB70CD2097,DRV918,1067.0
TRP003103,MANDI-017,WH-North,28/01/2026 13:54,2026-01-28 16:00:25,2.1,UP32AB1366,,88.8
TRP000559,MANDI-051,WH-East,2026-01-28 17:54:24,01-29-2026 02:42 AM,8.8,HR12BC1428,DRV637,441.9
TRP005035,MANDI-046,WH-Central,28/03/2026 19:21,2026-03-28 23:09:44,,UP85BC3724,,205.099426774214
TRP004772,MANDI-031,WH-South,2026-03-10T20:52:38,03-11-2026 10:22 AM,13.5,,DRV946,697.4
TRP001437,MANDI-018,WH-West,08-17-2026 03:34 PM,18/08/2026 08:46,17.2,PB34CD9416,,967.5
TRP000508,MANDI-008,WH-South,05-May-2026 05:35:21,05-05-2026 03:17 PM,9.7,RJ89BC4553,DRV765,506.4
TRP004473,MANDI-026,WH-East,2026-07-08T12:45:45,08-Jul-2026 18:27:45,5.7,UP80CD2610,DRV589,336.299060088582
TRP001870,MANDI-039,WH-South,2026-06-15 22:52:04,16/06/2026,19.9,UP54DF2700,DRV318,1034.0
TRP000756,MANDI-010,WH-Central,04/05/2026,2026-05-05 02:32:14,20.2,RJ60AB9116,DRV224,
TRP005919,MANDI-054,WH-West,2026-02-03 14:48:12,02-03-2026 10:24 PM,7.6,HR69AB8100,DRV758,351.899016488766
TRP004051,MANDI-043,WH-Central,20/08/2026 01:34,20/08/2026 22:40,21.1,PB62AB3487,DRV419,1155.2
TRP005742,MANDI-036,WH-East,01-Feb-2026 11:47:27,02/02/2026,16.1,RJ79CD9638,DRV291,
TRP003837,MANDI-028,WH-South,01-11-2026 08:58 PM,01-12-2026 12:40 PM,15.7,UP68DF2047,DRV494,941.3
TRP004387,MANDI-001,WH-South,24-Aug-2026 11:40:12,08-24-2026 04:40 PM,5.0,HR64DF2957,DRV164,261.4
TRP005717,MANDI-039,Export-Terminal,23-Apr-2026 02:45:59,2026-04-23 21:15:59,18.5,DL11BC5137,DRV915,1017.2
TRP002119,MANDI-034,WH-East,2026-06-21 15:10:07,22-Jun-2026 09:40:07,18.5,,,755.8
TRP006720,MANDI-022,WH-North,2026-04-20 21:16:30,20-Apr-2026 23:28:30,2.2,UP25CD7038,DRV635,127.3
TRP007600,MANDI-051,WH-Central,02-Jan-2026 10:35:47,2026-01-02 19:53:47,9.3,DL25BC9471,,409.9
TRP000502,MANDI-006,WH-West,13-Aug-2026 07:10:16,2026-08-14 04:16:16,21.1,,DRV293,861.2
TRP009780,MANDI-004,WH-South,17/08/2026,2026-08-17 17:49:03,4.2,,DRV137,237.89933510280602
TRP006831,MANDI-038,WH-East,05/04/2026,2026-04-05T16:38:30,8.9,UP29BC4520,DRV542,
TRP005970,MANDI-017,WH-South,2026-09-07T22:05:44,09-08-2026 01:53 AM,3.8,DL69DF6386,DRV270,
TRP001540,MANDI-011,WH-West,03-23-2026 04:36 AM,,8.0,DL90AB2331,DRV240,
TRP006691,MANDI-026,WH-West,04-19-2026 07:10 PM,2026-04-20 11:58:39,16.8,PB92CD8474,DRV616,947.6
TRP001212,MANDI-004,WH-Central,2026-08-05T22:03:04,06/08/2026 18:21,20.3,PB56CD5369,DRV430,1166.796738957352
TRP009488,MANDI-036,WH-South,2026-09-08 15:51:07,09/09/2026 12:45,20.9,DL93CD9793,DRV117,
TRP000673,MANDI-015,WH-Central,16/01/2026,2026-01-17 06:59:34,15.8,DL74CD1719,DRV699,875.6
TRP003378,MANDI-019,WH-West,2026-03-01T14:06:27,2026-03-01 21:30:27,7.4,DL19DF6787,DRV644,380.5
TRP004477,MANDI-048,WH-South,2026-01-17T15:47:53,18/01/2026 11:17,19.5,RJ86DF9771,,947.0
TRP009138,MANDI-033,WH-North,2026-03-05T13:16:08,2026-03-06T01:40:08,12.4,DL52BC4418,,605.9
TRP001465,MANDI-021,WH-Central,09-Aug-2026 09:16:17,08-09-2026 07:40 PM,10.4,RJ68DF3690,,560.3
TRP009285,MANDI-022,Export-Terminal,2026-04-09 00:50:36,09/04/2026 13:08,12.3,DL40AB4098,DRV459,572.4983999426499
TRP001193,MANDI-057,WH-North,03/04/2026 15:06,04-Apr-2026 04:36:09,13.5,PB49CD4403,DRV833,605.3
TRP008254,MANDI-003,WH-East,19/05/2026 18:15,2026-05-20 17:51:53,,DL34DF7293,DRV383,965.1
TRP001873,MANDI-011,WH-South,2026-03-21 09:56:12,21/03/2026,6.4,,DRV959,268.8
TRP003591,MANDI-006,Export-Terminal,01-16-2026 01:59 AM,16/01/2026 08:17,6.3,PB91DF5495,DRV753,372.398959194136
TRP007335,MANDI-016,Export-Terminal,2026-05-21T01:49:36,21/05/2026 13:55,12.1,DL31CD1711,DRV657,673.7
TRP008417,MANDI-032,WH-West,2026-08-27 19:33:01,08-28-2026 02:03 PM,18.5,DL27CD3342,DRV871,
TRP000506,MANDI-057,WH-South,07-May-2026 20:39:09,08-May-2026 11:57:09,,UP14BC1665,DRV973,907.8
TRP000244,MANDI-029,WH-East,2026-05-29 11:43:40,05-30-2026 10:37 AM,22.9,PB70DF3365,DRV456,937.8
TRP000507,MANDI-045,WH-South,2026-07-04T16:48:16,2026-07-05 13:36:16,20.8,DL82BC4290,DRV357,964.6973037985581
TRP008525,MANDI-048,WH-North,01-07-2026 05:42 AM,,3.3,HR98BC6927,DRV875,173.3
TRP007307,MANDI-030,Export-Terminal,05-18-2026 06:38 PM,2026-05-19 13:56:09,19.3,UP19AB6608,,946.3
TRP008438,MANDI-043,WH-West,01-04-2026 12:44 AM,01-04-2026 05:26 AM,4.7,DL95BC2360,DRV148,208.5
TRP005462,MANDI-039,Export-Terminal,05-11-2026 06:25 PM,2026-05-12T00:07:15,5.7,UP50CD3242,DRV381,289.1
TRP001774,MANDI-039,Export-Terminal,2026-04-05 02:06:11,2026-04-05 06:36:11,4.5,,DRV742,234.1
TRP006174,MANDI-020,WH-North,2026-01-31 05:25:11,2026-01-31 18:37:11,13.2,DL64AB8600,DRV875,630.1
TRP005360,MANDI-037,Export-Terminal,09-Aug-2026 23:53:06,10/08/2026 15:35,15.7,,DRV539,791.4
TRP008515,MANDI-040,WH-East,25-Jul-2026 00:26:41,2026-07-25T17:02:41,16.6,,DRV790,855.4
TRP000798,MANDI-044,WH-North,01-15-2026 12:09 PM,2026-01-16 06:57:45,,,,972.4
TRP007755,MANDI-005,WH-North,2026-07-03 05:32:54,2026-07-03T09:14:54,3.7,HR27AB8012,DRV215,163.2
TRP007697,MANDI-037,WH-Central,25-Apr-2026 13:42:38,,4.7,UP50CD8205,DRV184,201.799435997252
TRP002830,MANDI-040,WH-Central,02-Mar-2026 01:53:30,2026-03-02 14:47:30,12.9,HR46DF9278,DRV292,
TRP004576,MANDI-045,WH-North,09-May-2026 23:10:12,2026-05-10 02:34:12,3.4,UP74BC2029,DRV145,
TRP009944,MANDI-025,WH-South,2026-06-28T06:59:53,06-28-2026 09:11 AM,2.2,RJ18DF9180,DRV345,95.4
TRP004634,MANDI-011,WH-North,2026-06-15 18:10:48,06-16-2026 07:10 AM,13.0,UP97CD6405,,
TRP000313,MANDI-005,WH-West,24-Aug-2026 13:05:52,25-Aug-2026 11:59:52,22.9,UP33DF4719,DRV675,1307.0
TRP000747,MANDI-008,WH-Central,22/07/2026 02:46,2026-07-22T07:58:48,5.2,UP66BC9475,DRV852,222.9
TRP003570,MANDI-043,WH-South,2026-05-03 06:17:00,2026-05-03 10:59:00,4.7,RJ78CD4296,DRV781,193.8
TRP000791,MANDI-032,WH-Central,07/08/2026 19:26,2026-08-08 01:08:23,5.7,UP49AB7695,DRV309,233.0
TRP002477,MANDI-004,WH-South,2026-06-14T19:12:51,,7.1,PB51DF7135,DRV440,303.7
TRP009699,MANDI-013,WH-West,2026-08-05 07:15:46,2026-08-05 18:39:46,11.4,UP73AB1753,DRV808,681.0
TRP002571,MANDI-037,WH-Central,2026-03-23T11:37:33,2026-03-24T07:19:33,19.7,HR12DF6187,DRV929,1156.6
TRP007754,MANDI-020,WH-West,02-21-2026 07:43 AM,2026-02-21 19:43:41,12.0,UP54DF3863,DRV130,506.69858384443796
TRP006595,MANDI-029,WH-North,06-24-2026 12:09 AM,2026-06-24T06:45:29,6.6,,DRV687,372.0
TRP004356,MANDI-002,WH-South,06/05/2026,06-May-2026 13:16:34,5.6,HR86BC6542,,
TRP002164,MANDI-009,WH-South,2026-04-30T13:28:53,,20.1,UP66DF4755,DRV470,1129.2
TRP007173,MANDI-049,Export-Terminal,10/03/2026 01:43,10-Mar-2026 13:19:34,11.6,PB84BC1429,DRV411,613.1982861918482
TRP006912,MANDI-020,WH-West,05-17-2026 09:11 PM,,14.1,DL36CD1344,,640.9
TRP000381,MANDI-035,Export-Terminal,04-23-2026 02:32 PM,24/04/2026 03:38,13.1,DL56BC5238,DRV440,605.6
TRP006638,MANDI-006,WH-South,08/03/2026,2026-03-09 18:58:19,23.2,PB36BC7864,DRV538,1211.0
TRP001293,MANDI-027,WH-North,05-30-2026 07:05 PM,,17.5,RJ15CD1413,DRV628,
TRP001913,MANDI-008,Export-Terminal,28/08/2026 00:34,28/08/2026 21:46,21.2,PB18BC5513,DRV920,
TRP000600,MANDI-044,WH-South,07-25-2026 05:47 AM,25/07/2026 08:23,2.6,DL23CD5097,DRV402,110.5
TRP003893,MANDI-027,WH-West,22/04/2026 16:07,2026-04-23 10:55:22,18.8,,DRV624,949.9
TRP004142,MANDI-024,WH-West,03-Jun-2026 16:45:17,,18.6,,DRV526,873.49755868979
TRP001653,MANDI-003,WH-East,2026-03-03 04:20:30,04-Mar-2026 04:02:30,,DL73DF3459,DRV775,1135.7
TRP005712,MANDI-005,WH-North,05-16-2026 05:55 AM,16/05/2026 10:55,5.0,PB50CD7426,DRV517,290.6
TRP001894,MANDI-054,WH-Central,03-05-2026 07:15 AM,2026-03-05 10:45:50,3.5,RJ56AB1126,DRV209,180.8
TRP001945,MANDI-031,Export-Terminal,03-08-2026 01:11 PM,2026-03-09T11:11:20,22.0,RJ27CD8076,DRV250,1138.3
TRP003396,MANDI-022,WH-South,2026-02-06 09:15:08,07-Feb-2026 06:51:08,21.6,HR57CD4108,DRV892,1167.6
TRP005980,MANDI-057,WH-South,2026-08-05T02:01:57,05/08/2026,10.2,HR55BC6929,DRV831,537.3
TRP004363,MANDI-009,WH-South,27-Jun-2026 11:54:04,06-27-2026 06:06 PM,6.2,UP37AB1319,DRV875,284.3
TRP004387,MANDI-001,WH-South,24-Aug-2026 11:40:12,08-24-2026 04:40 PM,5.0,HR64DF2957,DRV164,261.4
TRP000376,MANDI-009,WH-South,2026-07-24 10:21:47,25/07/2026 00:27,14.1,RJ14CD9294,DRV532,686.0
TRP001967,MANDI-019,WH-South,22/02/2026 18:50,23-Feb-2026 16:32:56,,UP39AB5960,DRV308,1282.7
TRP003958,MANDI-043,WH-Central,2026-04-10T13:30:54,04-10-2026 05:54 PM,4.4,HR77CD3375,DRV871,194.399456679216
TRP007766,MANDI-055,WH-West,2026-01-21 11:36:30,21/01/2026,8.7,PB90AB4699,DRV647,509.5
TRP004424,MANDI-023,Export-Terminal,2026-04-27T22:02:19,2026-04-28 19:50:19,21.8,DL80AB8515,DRV942,958.3
TRP008135,MANDI-039,WH-South,2026-09-04T13:48:19,04/09/2026 19:54,6.1,,DRV441,354.2
TRP004915,MANDI-027,WH-West,09-Feb-2026 07:13:33,,15.1,UP62BC6713,DRV117,841.4
TRP007904,MANDI-001,Export-Terminal,13/06/2026,2026-06-13 12:02:41,,,,357.4
TRP005782,MANDI-028,WH-East,02/09/2026 10:23,2026-09-02T21:35:36,11.2,,DRV170,
TRP001472,MANDI-042,WH-Central,21/04/2026,,5.3,HR43BC1824,DRV844,243.0
TRP003347,MANDI-056,WH-East,2026-05-08 18:56:33,09/05/2026 09:50,14.9,DL85AB8835,DRV414,
TRP004523,MANDI-011,Export-Terminal,2026-06-25 13:06:23,26/06/2026 08:54,19.8,HR80AB3026,DRV679,1111.5
TRP006825,MANDI-008,WH-Central,2026-05-01 19:36:37,05-02-2026 05:42 PM,22.1,PB90AB9492,DRV816,917.0
TRP002854,MANDI-024,WH-North,30/05/2026 02:50,2026-05-30T16:02:02,13.2,UP59DF1476,DRV473,632.7
TRP004507,MANDI-001,WH-East,2026-07-04T20:21:14,2026-07-05 09:03:14,12.7,HR36AB7609,DRV268,555.2
TRP009351,MANDI-026,WH-North,2026-08-05 02:09:16,2026-08-05 04:09:16,2.0,,DRV759,111.9
TRP000107,MANDI-017,WH-East,2026-04-01 12:43:05,02-Apr-2026 10:25:05,21.7,HR59BC9268,DRV690,1162.5
TRP007045,MANDI-055,WH-West,2026-08-05 01:43:41,05/08/2026 21:49,20.1,PB54CD6193,DRV791,1189.796674675572
TRP004063,MANDI-035,Export-Terminal,01/09/2026 21:37,02-Sep-2026 10:19:02,12.7,UP18AB9126,DRV930,658.7
TRP005237,MANDI-023,WH-Central,2026-03-11T08:29:37,2026-03-11 19:53:37,11.4,,,514.1
TRP004307,MANDI-027,Export-Terminal,05-Mar-2026 17:09:30,06/03/2026 14:03,20.9,DL83CD4363,DRV573,1195.396659024356
TRP005326,MANDI-056,WH-South,22/07/2026 16:19,2026-07-22T23:01:35,6.7,RJ17BC1792,DRV117,282.6
TRP007889,MANDI-049,WH-South,01-Mar-2026 19:52:42,02/03/2026 18:40,22.8,DL95AB2416,DRV839,947.2
TRP005765,MANDI-033,WH-West,28-Apr-2026 07:31:39,2026-04-29 06:49:39,,RJ38AB8122,DRV314,1272.2
TRP003991,MANDI-048,WH-North,2026-06-29T16:41:46,2026-06-29 21:47:46,5.1,HR72CD1214,DRV249,293.199180547048
TRP001050,MANDI-040,Export-Terminal,2026-04-25T03:54:37,2026-04-25 19:06:37,15.2,RJ11AB6117,DRV109,678.3
TRP006734,MANDI-027,WH-North,2026-04-26 06:03:29,2026-04-27 00:45:29,18.7,RJ49CD3749,,962.8
TRP005826,MANDI-037,WH-East,03-27-2026 08:35 PM,,5.6,DL42AB1010,DRV264,322.0
TRP008350,MANDI-014,WH-North,17/01/2026 18:24,18/01/2026 00:54,6.5,RJ19AB8931,DRV533,326.79908663975203
TRP002036,MANDI-053,WH-South,17/08/2026 02:18,2026-08-17 06:00:12,3.7,UP17AB3935,DRV470,177.1
TRP004040,MANDI-027,WH-South,19/07/2026,07-19-2026 10:16 PM,12.7,HR45CD4684,,680.598097818284
TRP005720,MANDI-056,WH-East,05-29-2026 12:32 PM,2026-05-30 05:08:32,16.6,UP10CD3922,DRV164,810.3
TRP009728,MANDI-002,WH-West,2026-07-25T05:28:02,2026-07-25T19:40:02,14.2,UP94BC7303,DRV828,763.6
TRP001973,MANDI-033,WH-South,2026-08-27 07:12:08,08-28-2026 12:12 AM,17.0,HR10BC5930,DRV338,938.2
TRP008094,MANDI-014,WH-North,04-14-2026 10:24 AM,15-Apr-2026 06:12:55,19.8,RJ49AB8148,DRV746,936.5
TRP002100,MANDI-043,WH-Central,05-28-2026 09:14 PM,29-May-2026 07:50:04,10.6,PB15AB3746,DRV826,601.398319171196
TRP001500,MANDI-039,WH-North,2026-05-21T16:29:25,05-22-2026 06:17 AM,13.8,DL69AB2556,DRV757,744.7
TRP007582,MANDI-026,WH-West,19-Aug-2026 20:36:52,2026-08-20 04:48:52,8.2,HR83CD5464,DRV532,334.49906511933
TRP000653,MANDI-002,Export-Terminal,2026-06-05T03:30:59,2026-06-06 03:06:59,23.6,HR85AB8127,DRV295,1376.1
TRP000171,MANDI-039,WH-South,2026-05-02T13:12:12,02/05/2026 18:18,5.1,DL89CD4843,DRV239,260.3
TRP004086,MANDI-022,WH-North,03/05/2026 17:34,2026-05-04T16:40:13,23.1,,,1257.4
TRP000243,MANDI-002,Export-Terminal,2026-02-25 23:36:54,26/02/2026 17:24,17.8,UP57DF1601,DRV229,811.0
TRP006227,MANDI-026,WH-North,2026-02-17 19:26:15,2026-02-18 00:44:15,,RJ24DF7465,DRV836,
TRP004372,MANDI-028,WH-Central,2026-08-23T20:17:41,08-24-2026 11:17 AM,15.0,DL81DF6301,DRV988,761.7
TRP007593,MANDI-009,WH-East,31/03/2026 20:00,01/04/2026 02:48,6.8,RJ60AB3281,DRV807,
TRP002757,MANDI-050,WH-East,07-29-2026 12:48 PM,2026-07-30 01:00:02,12.2,,DRV974,719.7
TRP007502,MANDI-046,WH-South,21/08/2026 14:34,2026-08-22 06:52:43,16.3,RJ77CD6731,DRV650,929.8974010596859
TRP005946,MANDI-045,WH-North,2026-07-06T11:22:26,2026-07-06 17:28:26,6.1,HR28AB8321,DRV600,306.9
TRP002077,MANDI-042,WH-South,2026-06-09 14:59:03,2026-06-09T19:35:03,4.6,DL66DF5199,DRV851,268.7
TRP004104,MANDI-032,WH-North,27/07/2026 13:44,28/07/2026 04:38,14.9,DL70DF2263,,694.2
TRP009942,MANDI-048,WH-Central,15-Jun-2026 15:37:44,15/06/2026 20:31,4.9,RJ57DF5157,DRV107,207.99941866912002
TRP006828,MANDI-041,WH-South,29/06/2026 01:04,29/06/2026,4.9,UP72CD2348,DRV743,234.2
TRP005295,MANDI-030,Export-Terminal,2026-04-20T11:32:06,21/04/2026 10:08,22.6,DL54DF2084,,1066.797018443352
TRP007226,MANDI-009,WH-North,2026-07-18 08:42:15,19/07/2026 02:54,,,DRV213,773.7
TRP005574,MANDI-037,WH-Central,17/03/2026 14:05,17/03/2026,6.8,RJ44AB9127,DRV796,375.59895025058404
TRP006385,MANDI-006,WH-South,29/05/2026,30-May-2026 08:09:18,19.3,RJ81BC3389,DRV144,1074.3
TRP007795,MANDI-042,Export-Terminal,01-19-2026 09:57 AM,01-19-2026 04:45 PM,6.8,,DRV879,288.3
TRP009747,MANDI-052,Export-Terminal,06-15-2026 05:33 AM,2026-06-16 03:39:07,22.1,RJ77AB7079,DRV856,1137.9
TRP005172,MANDI-042,WH-Central,2026-01-30T06:11:19,2026-01-30 15:11:19,9.0,,DRV385,506.3
TRP005844,MANDI-031,Export-Terminal,05/08/2026 00:41,08-06-2026 12:05 AM,23.4,,,1184.2
TRP006979,MANDI-001,WH-North,2026-05-07T20:16:41,2026-05-08 04:46:41,8.5,UP19BC1626,DRV229,354.6
TRP009537,MANDI-009,WH-West,08-19-2026 03:34 PM,20/08/2026 04:52,13.3,PB25BC6433,,704.3
TRP004662,MANDI-017,Export-Terminal,11-Jun-2026 20:25:23,12/06/2026 09:49,13.4,DL79DF9718,DRV779,772.0
TRP004079,MANDI-046,WH-South,08-18-2026 01:01 AM,2026-08-18T13:37:56,12.6,DL57DF2933,DRV935,642.3
TRP008792,MANDI-024,WH-North,05-Apr-2026 16:09:27,2026-04-06 01:09:27,9.0,,DRV508,405.99886528684
TRP000641,MANDI-023,WH-Central,16/06/2026 15:31,17-Jun-2026 00:49:21,9.3,PB39BC5257,DRV835,381.8
TRP001271,MANDI-032,WH-South,20-Mar-2026 20:51:56,,8.2,DL57AB3699,DRV110,389.99891000459996
TRP002779,MANDI-019,WH-Central,08/04/2026,08/04/2026 22:48,2.2,,DRV958,129.2
TRP005748,MANDI-056,WH-East,08/06/2026 06:32,09/06/2026 03:56,21.4,RJ60CD1887,DRV822,1060.8970349330261
TRP001986,MANDI-053,WH-South,07-15-2026 03:19 AM,16/07/2026 01:31,22.2,UP67DF7572,DRV460,904.0
TRP003862,MANDI-018,WH-South,2026-01-03T01:19:26,03/01/2026 04:37,3.3,DL61CD1383,,155.2
TRP003481,MANDI-036,Export-Terminal,2026-02-18 02:58:02,,14.4,HR67AB9881,,
TRP001535,MANDI-039,Export-Terminal,05-14-2026 05:17 PM,2026-05-15 02:47:46,9.5,,DRV713,518.298551424062
TRP000326,MANDI-046,WH-South,2026-08-20 00:48:01,08-20-2026 09:54 AM,9.1,DL76AB5379,,494.8
TRP002339,MANDI-019,WH-East,2026-07-18T00:48:51,,3.0,RJ28AB5167,DRV832,149.9
TRP003981,MANDI-046,WH-West,13/02/2026 04:04,2026-02-14 02:46:32,22.7,RJ75BC6082,DRV819,1214.6
TRP007729,MANDI-040,WH-Central,14/01/2026,15/01/2026 12:21,20.3,PB53AB4650,DRV815,942.9
TRP004055,MANDI-013,WH-West,2026-01-09 15:54:17,10/01/2026,,HR40DF2597,DRV620,843.3
TRP002238,MANDI-020,Export-Terminal,2026-02-11 07:37:46,2026-02-12 02:55:46,19.3,DL67AB6146,DRV783,
TRP008148,MANDI-049,WH-North,07/02/2026 00:04,2026-02-07T04:58:22,4.9,,DRV156,199.4
TRP007848,MANDI-032,WH-South,2026-09-09 21:27:47,09-10-2026 05:51 AM,8.4,UP71DF8761,DRV915,503.7
TRP003040,MANDI-035,WH-North,10-Jan-2026 14:37:11,2026-01-11T00:01:11,9.4,PB76BC4923,DRV980,403.4
TRP005181,MANDI-044,WH-West,07-20-2026 01:44 PM,07-20-2026 08:38 PM,6.9,,,321.6
TRP000865,MANDI-007,Export-Terminal,17/01/2026 11:30,17/01/2026 23:42,12.2,PB41BC6771,DRV830,563.3
TRP006202,MANDI-040,WH-West,2026-01-17 19:46:32,2026-01-18T12:04:32,16.3,UP74CD7170,DRV287,943.8
TRP008625,MANDI-046,WH-Central,2026-05-14 03:44:28,2026-05-14T08:02:28,4.3,RJ23AB9894,DRV416,247.1
TRP005685,MANDI-027,Export-Terminal,2026-03-13T05:42:52,13/03/2026 18:36,,PB73BC1820,DRV885,518.6
TRP000372,MANDI-005,WH-East,2026-04-11 06:59:37,11/04/2026 09:35,2.6,PB51CD3166,DRV158,147.8
TRP006871,MANDI-051,WH-South,2026-07-08 03:27:56,07-08-2026 10:21 AM,6.9,DL71BC3009,,375.9
TRP006058,MANDI-025,WH-South,17/01/2026 03:44,01-17-2026 10:50 PM,19.1,DL99BC8914,DRV440,1102.3
TRP006241,MANDI-024,WH-Central,19-Jul-2026 03:33:15,19-Jul-2026 20:15:15,16.7,DL93CD3652,,749.3
TRP008423,MANDI-056,Export-Terminal,2026-04-02T14:16:16,02-Apr-2026 17:40:16,3.4,RJ87CD4151,DRV632,184.5
TRP006432,MANDI-056,WH-West,11/06/2026 21:57,06-12-2026 05:57 AM,8.0,HR82DF1737,,
TRP009658,MANDI-049,WH-South,2026-08-28 21:54:25,29/08/2026,3.3,DL49DF3405,DRV957,157.1
TRP006042,MANDI-022,WH-Central,2026-07-21 19:44:13,,18.6,PB16CD1519,DRV576,909.9
TRP002365,MANDI-040,WH-Central,2026-05-28 14:54:42,29/05/2026 05:42,14.8,,DRV159,812.4
TRP003214,MANDI-035,WH-North,2026-04-28 03:52:19,29/04/2026,20.2,RJ39BC6732,DRV488,871.5
TRP000912,MANDI-056,WH-South,12-Jul-2026 08:18:42,12/07/2026 16:00,7.7,PB96BC8244,DRV390,384.49892537632996
TRP009411,MANDI-037,WH-East,2026-07-03 16:58:23,04-Jul-2026 09:34:23,16.6,PB37AB1268,,907.297464223522
TRP009067,MANDI-011,Export-Terminal,2026-01-23 16:04:34,01-24-2026 04:04 AM,12.0,HR24DF2999,,566.6
TRP007728,MANDI-017,WH-Central,2026-09-06 12:39:14,2026-09-07 06:39:14,18.0,PB55BC8928,DRV377,874.597555615444
TRP009140,MANDI-056,Export-Terminal,26/07/2026 23:59,27-Jul-2026 15:53:05,15.9,UP42CD6436,DRV571,700.9
TRP008768,MANDI-020,WH-East,05/05/2026 12:46,05-May-2026 23:40:05,10.9,DL59AB2257,DRV417,647.0
TRP007131,MANDI-030,WH-North,2026-04-15 05:04:56,2026-04-15 19:34:56,14.5,DL82AB5978,DRV200,744.2
TRP006482,MANDI-021,WH-North,2026-02-06T17:07:49,02-07-2026 12:37 PM,,UP21AB2956,DRV837,889.4
TRP001424,MANDI-038,Export-Terminal,09/06/2026,2026-06-09T20:55:05,6.3,DL75CD8008,DRV731,305.8
TRP000971,MANDI-020,WH-East,03-05-2026 10:46 PM,06/03/2026 17:46,19.0,,DRV864,1067.0970176048938
TRP000480,MANDI-055,WH-Central,02/03/2026 13:54,,7.3,UP17BC1081,DRV727,301.0
TRP000663,MANDI-026,Export-Terminal,30/01/2026 07:48,2026-01-31T01:48:27,18.0,PB28AB1349,DRV507,815.1
TRP004885,MANDI-005,WH-South,06/04/2026,07-Apr-2026 09:27:02,,HR61BC9972,DRV373,857.8
TRP009345,MANDI-013,WH-East,01-Jan-2026 22:41:03,02/01/2026 08:47,10.1,PB76DF3250,DRV494,410.5
TRP008465,MANDI-032,Export-Terminal,22-Mar-2026 07:09:42,2026-03-23 01:15:42,18.1,PB28DF5754,DRV866,901.0
TRP002989,MANDI-047,WH-West,2026-03-01T20:05:21,2026-03-02 12:17:21,16.2,RJ75BC1526,DRV195,683.0
TRP001120,MANDI-053,Export-Terminal,15/06/2026 13:37,15/06/2026,,,DRV337,173.39951537127598
TRP002777,MANDI-009,WH-South,2026-08-28T16:33:33,,15.6,,,712.2
TRP004536,MANDI-036,WH-North,2026-01-21 17:04:20,22/01/2026 08:40,15.6,DL52CD9129,DRV622,711.2
TRP006062,MANDI-016,WH-South,04/01/2026 04:15,04-Jan-2026 16:33:44,12.3,UP53AB2181,DRV169,
TRP005465,MANDI-047,Export-Terminal,22/01/2026 12:41,23/01/2026 02:29,13.8,HR61BC4562,DRV405,
TRP007252,MANDI-038,WH-West,12-Jul-2026 18:34:11,13/07/2026 14:22,19.8,PB37DF6980,DRV667,1075.3
TRP005584,MANDI-017,WH-Central,2026-04-02 08:48:23,2026-04-02 18:12:23,,PB57DF5703,,558.7
TRP004428,MANDI-044,WH-West,27/06/2026 15:20,06-28-2026 12:08 PM,20.8,PB44BC1781,DRV140,1060.2
TRP009291,MANDI-017,WH-West,2026-04-07 20:36:47,08/04/2026 16:18,19.7,RJ20BC7149,DRV390,815.9
TRP006949,MANDI-031,WH-East,2026-04-21 22:36:36,,2.1,HR19BC2096,DRV129,90.2
TRP003982,MANDI-020,WH-South,06-22-2026 05:56 AM,22/06/2026 23:26,17.5,,,823.3
TRP006932,MANDI-040,WH-South,2026-01-24T20:39:38,25/01/2026 10:21,,,DRV748,709.3
TRP002894,MANDI-006,Export-Terminal,2026-04-19T00:34:38,19/04/2026 03:10,2.6,PB23CD1260,DRV344,110.5
TRP002670,MANDI-011,WH-East,2026-09-05 17:41:18,2026-09-06 01:17:18,7.6,UP87AB7677,DRV836,327.3
TRP003978,MANDI-008,Export-Terminal,17-Aug-2026 22:19:25,2026-08-18 11:49:25,,DL19BC9141,DRV652,715.2
TRP009582,MANDI-017,WH-South,2026-06-03 15:26:10,04-Jun-2026 01:32:10,,UP45DF3860,,524.8
TRP000280,MANDI-004,WH-Central,2026-08-22T13:40:04,2026-08-23T09:40:04,20.0,UP11BC3243,DRV967,893.3
TRP001057,MANDI-043,WH-North,2026-07-25 05:01:53,26/07/2026,20.9,RJ99AB1741,DRV234,943.2
TRP006652,MANDI-053,WH-South,2026-06-25 07:44:43,2026-06-25 10:14:43,2.5,,DRV501,116.8
TRP009576,MANDI-004,WH-South,10/02/2026 13:46,11/02/2026 05:58,16.2,DL39CD5665,DRV976,833.3
TRP006313,MANDI-029,WH-East,2026-04-13T09:27:59,14/04/2026 00:09,14.7,HR34AB7732,DRV961,682.6
TRP001695,MANDI-052,WH-South,2026-05-18 08:15:03,18/05/2026 11:45,3.5,,,181.299493291882
TRP009271,MANDI-056,WH-North,05-11-2026 04:54 AM,05-11-2026 11:48 PM,18.9,,DRV282,945.0
TRP003480,MANDI-017,WH-South,2026-03-05 21:20:54,,,DL41CD3783,,334.8
TRP004417,MANDI-029,WH-South,29/01/2026 22:16,30-Jan-2026 21:58:43,23.7,PB44BC5830,DRV121,1060.0
TRP009682,MANDI-014,WH-East,2026-05-31 12:22:25,01/06/2026,19.5,,DRV339,895.3974974823559
TRP004156,MANDI-042,WH-East,06/01/2026 19:32,2026-01-07T03:56:00,8.4,PB39DF4321,DRV845,
TRP006760,MANDI-055,WH-South,02-Jul-2026 18:00:22,02/07/2026 21:00,3.0,DL20DF3840,DRV473,170.1
TRP005820,MANDI-033,WH-East,01/06/2026 20:18,2026-06-02 17:18:36,21.0,PB16BC7578,DRV431,1101.6
TRP008966,MANDI-045,WH-South,2026-05-23 07:35:45,,,UP92CD5784,DRV986,1109.2
TRP008318,MANDI-044,WH-North,23-Jun-2026 17:09:32,2026-06-24 16:51:32,23.7,UP97CD3545,DRV544,
TRP004297,MANDI-047,WH-East,03-May-2026 16:08:59,2026-05-03 21:38:59,5.5,HR64CD4356,,312.9
TRP005016,MANDI-048,WH-East,2026-04-22 12:28:39,22-Apr-2026 18:52:39,6.4,UP75CD7712,DRV699,280.5
TRP008112,MANDI-049,Export-Terminal,22/01/2026 23:12,23/01/2026 14:00,14.8,UP68DF4925,DRV154,
TRP005293,MANDI-027,WH-South,2026-03-11T03:46:40,,20.6,RJ55AB1872,DRV535,1068.9
TRP002210,MANDI-047,Export-Terminal,2026-09-07T16:41:59,08-Sep-2026 14:47:59,,,DRV329,1141.8
TRP008226,MANDI-002,WH-South,2026-03-17 04:16:18,03-17-2026 10:22 PM,,UP63DF4511,DRV621,880.7
TRP006005,MANDI-036,WH-Central,2026-06-22 09:00:24,06-22-2026 06:36 PM,,UP99BC5132,DRV873,417.098834263894
TRP007938,MANDI-031,WH-South,2026-05-27T02:41:43,2026-05-27T06:11:43,3.5,HR62BC4207,,208.6
TRP000185,MANDI-011,WH-North,08-Jan-2026 09:20:45,09/01/2026 06:32,21.2,PB14BC8291,,1185.5
TRP009804,MANDI-018,WH-South,10/02/2026,02-10-2026 09:07 AM,6.4,PB56BC1570,DRV394,381.0
TRP009838,MANDI-052,WH-Central,05-Feb-2026 18:09:42,,19.6,DL54BC7241,DRV556,955.1973303497281
TRP004517,MANDI-022,WH-South,2026-01-13 21:47:13,14-Jan-2026 01:41:13,3.9,DL98DF6643,,
TRP002351,MANDI-031,Export-Terminal,08-26-2026 02:04 AM,2026-08-26T20:10:34,18.1,UP23CD3997,DRV246,879.5
TRP000554,MANDI-054,WH-East,03/05/2026 15:18,2026-05-03 18:00:45,,UP15AB6334,DRV943,152.5
TRP001398,MANDI-038,WH-East,17/06/2026 19:28,18/06/2026 06:22,10.9,UP99DF3515,DRV284,619.1
TRP001385,MANDI-045,WH-South,2026-08-28T13:37:00,08-29-2026 06:25 AM,16.8,UP47CD4224,DRV597,755.2
TRP008439,MANDI-028,Export-Terminal,24/06/2026 12:52,2026-06-25 02:22:22,13.5,UP72AB3124,DRV587,552.5
TRP003571,MANDI-032,WH-North,01-Sep-2026 13:37:17,01-Sep-2026 23:25:17,9.8,UP63BC7443,DRV609,470.0
TRP000298,MANDI-048,Export-Terminal,07-19-2026 12:05 AM,2026-07-19T08:23:51,8.3,UP54AB8201,DRV876,402.99887367142
TRP000444,MANDI-056,Export-Terminal,03/05/2026,05-04-2026 04:09 AM,5.5,DL53AB2661,,324.0
TRP007189,MANDI-015,WH-South,2026-03-11 18:48:59,2026-03-12 07:48:59,13.0,HR92AB5858,DRV649,600.6
TRP009163,MANDI-048,WH-West,07-23-2026 07:14 PM,2026-07-24T14:26:05,19.2,RJ92CD1664,DRV929,912.8
TRP002078,MANDI-001,Export-Terminal,2026-06-07 20:47:04,2026-06-08 19:17:04,22.5,PB18BC5762,DRV838,1311.9
TRP004752,MANDI-003,WH-West,28-May-2026 16:38:19,2026-05-29 04:26:19,11.8,RJ65DF4878,DRV949,616.6
TRP008331,MANDI-035,WH-North,2026-01-24T20:13:08,2026-01-25 03:19:08,7.1,PB42AB9948,DRV474,338.199054778348
TRP002230,MANDI-026,WH-South,28/02/2026 18:26,2026-03-01 07:56:27,13.5,PB71BC9676,DRV629,679.398101172116
TRP002843,MANDI-015,Export-Terminal,2026-08-25 03:27:40,26/08/2026,20.9,DL54BC4380,DRV895,1007.2
TRP002538,MANDI-056,WH-West,2026-07-18 01:18:43,07-19-2026 01:00 AM,,RJ99CD7602,DRV500,966.1
TRP006829,MANDI-028,WH-Central,2026-03-15T04:58:39,03-15-2026 09:46 AM,4.8,HR80DF2408,DRV424,254.1
TRP008640,MANDI-036,Export-Terminal,05/04/2026 10:21,06/04/2026,,HR84DF9567,DRV261,894.5974997182441
TRP008937,MANDI-033,WH-South,03/03/2026 11:05,2026-03-04T04:29:09,17.4,,DRV681,715.7
TRP003368,MANDI-001,WH-East,04-02-2026 07:20 AM,03/04/2026 02:50,19.5,HR92DF9017,DRV574,1143.4
TRP005145,MANDI-044,WH-Central,16/03/2026 14:00,17-Mar-2026 00:30:26,10.5,UP10BC1693,DRV658,581.5
TRP002579,MANDI-039,WH-North,09/01/2026,10-Jan-2026 05:34:05,6.4,DL12DF1794,DRV904,259.4
TRP001132,MANDI-007,WH-East,08-30-2026 11:10 AM,2026-08-31 03:34:35,16.4,UP89CD5974,DRV759,840.5
TRP005262,MANDI-051,WH-West,2026-03-31 18:54:28,01/04/2026 14:18,,RJ61BC6698,DRV940,792.6
TRP007945,MANDI-009,WH-Central,03-20-2026 04:01 PM,21-Mar-2026 01:43:26,9.7,DL22AB4410,DRV921,411.7
TRP000321,MANDI-055,WH-Central,2026-01-28T21:40:05,29-Jan-2026 02:58:05,5.3,,DRV469,
TRP001372,MANDI-033,WH-Central,05-Aug-2026 19:04:07,2026-08-06 15:22:07,,,DRV448,1032.6
TRP004043,MANDI-041,WH-Central,2026-08-12 07:14:54,12/08/2026,9.0,HR36BC8974,DRV704,505.198588036728
TRP005027,MANDI-017,WH-North,2026-02-24 22:23:32,25-Feb-2026 12:17:32,,UP80AB9385,DRV226,774.7
TRP005624,MANDI-028,WH-North,24/03/2026 01:26,,18.5,PB81DF7335,DRV835,1089.6
TRP000908,MANDI-015,WH-South,08/08/2026 15:19,2026-08-09T09:55:00,18.6,HR64CD4156,DRV396,1077.7
TRP006499,MANDI-048,WH-West,2026-06-25 05:41:20,06-25-2026 07:41 AM,2.0,RJ41BC6906,DRV279,85.9
TRP003951,MANDI-011,WH-West,2026-08-20 13:34:40,21-Aug-2026 06:40:40,17.1,DL25CD3399,DRV466,744.3
TRP006928,MANDI-034,WH-East,2026-05-18T02:11:53,,11.3,HR10DF6017,DRV450,521.0
TRP009245,MANDI-031,WH-North,22-Jul-2026 01:09:58,2026-07-22T10:51:58,9.7,DL45CD7763,DRV622,561.2
TRP007300,MANDI-052,Export-Terminal,2026-08-20T15:09:49,21/08/2026 05:39,14.5,PB30CD9547,DRV167,660.9
TRP006336,MANDI-029,WH-West,29-Mar-2026 10:55:22,03-30-2026 09:19 AM,22.4,RJ50BC4849,DRV168,1313.1
TRP006640,MANDI-024,WH-West,2026-05-05 03:01:28,05/05/2026,19.0,UP21BC4572,DRV275,1084.896967856386
TRP008743,MANDI-047,WH-Central,2026-02-02 19:34:05,02-03-2026 09:16 AM,13.7,PB63DF8699,DRV388,660.4
TRP000927,MANDI-025,WH-Central,25-Jun-2026 12:54:26,26-Jun-2026 11:18:26,22.4,HR97CD1458,DRV129,1307.0
TRP006694,MANDI-016,Export-Terminal,01/04/2026 21:14,02-Apr-2026 10:38:38,13.4,DL53AB2201,DRV979,582.6
TRP000016,MANDI-055,WH-Central,01/07/2026 02:13,2026-07-01 18:25:44,16.2,,DRV935,718.9
TRP000144,MANDI-014,WH-East,30/01/2026 22:13,2026-01-31 13:43:32,15.5,DL73CD3550,DRV919,
TRP002364,MANDI-036,WH-Central,2026-05-03 01:53:16,03-May-2026 07:59:16,6.1,PB23DF7980,DRV849,277.2
TRP000130,MANDI-010,Export-Terminal,2026-04-29T06:13:35,2026-04-30 05:25:35,23.2,RJ75BC1652,,1134.1
TRP001162,MANDI-027,WH-West,10/02/2026,2026-02-11T09:49:29,10.4,,DRV157,
TRP009052,MANDI-002,Export-Terminal,19/01/2026,01-19-2026 11:47 AM,2.2,UP65CD2173,DRV444,131.7
TRP006679,MANDI-048,WH-West,04-08-2026 12:01 AM,2026-04-08 17:31:19,17.5,HR43AB7666,DRV810,835.0
TRP005095,MANDI-052,Export-Terminal,2026-04-18 10:44:25,18/04/2026 21:50,11.1,HR31CD7961,DRV112,562.6
TRP005508,MANDI-037,WH-South,2026-06-16 12:26:51,2026-06-16 23:56:51,11.5,HR86BC5059,,469.0
TRP005182,MANDI-034,WH-East,03-05-2026 02:32 PM,05/03/2026 17:32,3.0,DL97CD4354,DRV584,153.899569871046
TRP001877,MANDI-049,WH-West,12/08/2026,13-Aug-2026 11:42:35,,,DRV793,796.8
TRP002489,MANDI-038,WH-North,21/08/2026 23:04,2026-08-22T22:04:54,23.0,,DRV740,1300.0
TRP008247,MANDI-037,WH-South,2026-09-03T15:47:36,04/09/2026,20.5,DL31CD4290,DRV471,1054.7
TRP008068,MANDI-004,WH-North,15/05/2026,2026-05-15T10:58:23,10.4,HR46BC7402,,483.2
TRP001183,MANDI-006,WH-West,18/01/2026 02:32,2026-01-18 07:50:00,5.3,DL58BC6890,DRV626,303.9
TRP006685,MANDI-002,Export-Terminal,2026-08-08 02:34:29,08/08/2026 07:04,4.5,PB61BC2239,DRV617,228.2
TRP005853,MANDI-007,WH-East,2026-07-25T05:23:21,07-25-2026 09:23 PM,16.0,,DRV271,658.7
TRP001171,MANDI-038,WH-North,2026-08-25 20:02:33,26/08/2026,4.1,RJ93BC4910,DRV695,210.599411402484
TRP009302,MANDI-057,WH-North,2026-08-07 05:43:38,2026-08-07T16:01:38,10.3,UP35DF4564,DRV335,464.698701228558
TRP002183,MANDI-006,WH-West,08/04/2026 02:37,08/04/2026 12:55,10.3,UP72AB9470,,484.7
TRP009360,MANDI-009,WH-West,2026-07-10T02:00:10,10-Jul-2026 10:42:10,8.7,HR86AB3035,DRV794,458.6
TRP003372,MANDI-008,WH-North,2026-03-01 10:02:14,01-Mar-2026 12:08:14,,RJ23AB2214,DRV887,120.89966210142602
TRP008445,MANDI-011,WH-West,05-10-2026 01:06 PM,,9.3,HR76BC9064,DRV673,404.2
TRP001860,MANDI-006,Export-Terminal,02-01-2026 06:19 AM,01/02/2026 11:37,5.3,UP17BC1957,DRV532,
TRP005309,MANDI-016,WH-Central,2026-06-01T11:41:35,02-Jun-2026 09:59:35,22.3,UP20BC5416,DRV445,952.1
TRP005216,MANDI-048,WH-North,2026-02-27 19:37:16,2026-02-28 07:13:16,11.6,DL77CD5129,DRV657,496.5
TRP007014,MANDI-052,WH-Central,29/07/2026,2026-07-29 19:43:21,19.2,UP16BC2550,DRV328,1116.3
TRP008629,MANDI-021,WH-North,04-21-2026 02:29 PM,04-22-2026 02:23 AM,11.9,UP49CD3145,DRV555,510.19857406242795
TRP005313,MANDI-011,WH-West,2026-07-26 03:11:37,26/07/2026,13.2,PB48DF1889,DRV104,773.4
TRP008032,MANDI-024,WH-North,14/08/2026,,,UP49CD6006,DRV205,1088.0
TRP006135,MANDI-044,WH-Central,21-Mar-2026 13:11:42,22/03/2026,14.0,,DRV359,811.5
TRP003122,MANDI-018,WH-West,2026-08-12 01:22:52,08-12-2026 08:28 AM,,,DRV715,339.0
TRP000388,MANDI-026,WH-South,19/05/2026 19:10,2026-05-20 10:04:35,14.9,,DRV734,702.7
TRP001312,MANDI-044,WH-West,2026-03-05T00:27:05,2026-03-05T15:33:05,15.1,UP43CD1056,DRV167,783.2
TRP001033,MANDI-023,Export-Terminal,07-Jun-2026 21:26:20,,5.2,HR41DF2000,,238.7
TRP008344,MANDI-032,WH-West,30-Aug-2026 04:59:25,2026-08-30 14:53:25,9.9,HR72DF5466,DRV318,505.698586639298
TRP009885,MANDI-044,WH-West,2026-05-15 04:36:43,2026-05-15T16:12:43,,,DRV493,588.7
TRP004937,MANDI-057,WH-South,04/05/2026,04/05/2026,5.0,DL43DF8032,DRV200,292.1
TRP000932,MANDI-030,WH-South,2026-06-30 16:57:49,2026-07-01 00:33:49,7.6,PB48AB5091,DRV765,412.8
TRP004020,MANDI-011,WH-Central,2026-01-23 14:23:49,24-Jan-2026 01:17:49,10.9,DL60DF5550,DRV634,613.6
TRP000692,MANDI-030,WH-Central,05-03-2026 11:13 AM,03-May-2026 15:07:09,3.9,UP48BC4791,DRV820,184.099485466274
TRP005793,MANDI-021,WH-West,2026-02-16T22:12:46,,6.2,DL68AB7868,DRV932,365.8
TRP007261,MANDI-011,WH-East,03-03-2026 01:00 AM,03-Mar-2026 07:48:20,6.8,PB19CD8996,DRV820,334.3
TRP000830,MANDI-039,WH-Central,26/02/2026 01:18,26/02/2026 15:18,14.0,PB90BC8895,DRV596,562.6
TRP003499,MANDI-034,WH-West,2026-06-17 03:17:56,2026-06-17 22:35:56,19.3,HR52BC4607,DRV683,
TRP002082,MANDI-049,WH-Central,17-Mar-2026 05:36:48,03-17-2026 06:18 PM,12.7,UP34AB3872,DRV358,557.4
TRP009270,MANDI-032,WH-Central,08-12-2026 10:41 PM,2026-08-13T03:17:47,,UP99CD2998,DRV212,187.4
TRP009919,MANDI-054,WH-East,21/01/2026,2026-01-22 03:42:18,11.2,,DRV580,611.99828954568
TRP000045,MANDI-041,WH-Central,14/07/2026 16:25,07-14-2026 06:37 PM,2.2,,DRV687,112.49968557825001
TRP003940,MANDI-010,WH-South,29/03/2026 04:18,29/03/2026 22:30,18.2,PB69BC7627,DRV603,956.6
TRP005749,MANDI-050,Export-Terminal,2026-01-19 23:38:08,2026-01-20 02:50:08,3.2,UP14AB9199,DRV204,187.0
TRP005649,MANDI-040,WH-West,05-31-2026 03:00 AM,2026-05-31 12:42:27,9.7,HR98BC9613,DRV530,389.6
TRP004320,MANDI-012,WH-East,2026-06-06 07:21:17,2026-06-06 14:57:17,7.6,UP91BC1591,DRV987,353.1
TRP002966,MANDI-056,WH-North,12/07/2026 04:10,12-Jul-2026 11:04:30,6.9,,DRV748,412.4
TRP003970,MANDI-024,WH-Central,06/06/2026 18:50,2026-06-07 00:20:13,5.5,PB61DF4165,,325.6
TRP001188,MANDI-041,WH-Central,2026-07-17T04:57:01,17-Jul-2026 13:27:01,8.5,UP51DF4471,DRV215,388.5
TRP009319,MANDI-011,WH-West,03-20-2026 11:23 PM,2026-03-21 16:47:42,17.4,DL50CD4000,DRV993,917.6
TRP009146,MANDI-057,WH-Central,06-25-2026 06:07 AM,2026-06-25 13:37:26,7.5,,DRV117,303.2
TRP000285,MANDI-048,WH-North,24/04/2026,25/04/2026 08:35,19.9,,DRV686,905.5
TRP009231,MANDI-036,WH-North,12/01/2026 08:13,13/01/2026 05:37,21.4,UP38DF3034,DRV217,
TRP004160,MANDI-013,WH-North,09-06-2026 07:23 AM,07/09/2026 00:23,17.0,RJ24BC3966,DRV580,
TRP003093,MANDI-044,WH-South,25/02/2026 05:59,2026-02-25T14:17:52,8.3,,,
TRP006225,MANDI-026,WH-South,2026-03-25 05:32:44,03-25-2026 06:44 PM,13.2,PB73DF5036,DRV863,560.7
TRP004557,MANDI-048,WH-West,28/03/2026,29/03/2026 08:22,9.2,HR54BC2198,DRV618,443.7
TRP007285,MANDI-050,WH-North,2026-05-02 20:35:03,2026-05-03 08:59:03,12.4,PB23BC4526,,733.8
TRP004324,MANDI-014,WH-South,18/08/2026 02:57,18-Aug-2026 16:51:00,13.9,UP20AB8679,DRV842,759.5
TRP006009,MANDI-033,Export-Terminal,07-20-2026 01:36 PM,21/07/2026 10:12,20.6,,DRV687,1034.9
TRP005818,MANDI-011,Export-Terminal,15-May-2026 17:31:43,05-16-2026 10:19 AM,16.8,DL90AB5097,DRV166,800.297763273542
TRP003365,MANDI-009,WH-Central,02/01/2026 12:02,03-Jan-2026 02:56:55,14.9,UP33AB5085,DRV218,889.5
TRP001405,MANDI-055,WH-South,16-Mar-2026 16:32:04,17/03/2026 09:56,17.4,RJ92BC1670,DRV744,901.3
TRP003196,MANDI-001,WH-Central,05/04/2026 07:20,2026-04-05 14:50:43,7.5,HR70AB3253,DRV496,420.9
TRP005614,MANDI-010,WH-South,04-20-2026 12:05 AM,20/04/2026 20:23,20.3,HR95AB9160,,997.6
TRP000970,MANDI-014,Export-Terminal,2026-04-05 04:37:57,04-05-2026 12:01 PM,7.4,,DRV386,351.1
TRP003735,MANDI-022,WH-East,2026-06-06 20:09:15,06-06-2026 10:33 PM,2.4,PB76DF4162,DRV641,113.8
TRP000926,MANDI-057,Export-Terminal,29/07/2026,30-Jul-2026 01:09:49,20.9,HR31DF7447,,889.4
TRP006253,MANDI-034,WH-East,30/01/2026 06:40,30/01/2026 17:04,10.4,DL25BC8180,,520.8
TRP009050,MANDI-030,WH-East,25/04/2026 15:35,26-Apr-2026 13:05:42,21.5,PB36CD4636,DRV163,1209.2
TRP004726,MANDI-010,WH-South,15/07/2026 17:54,2026-07-15 22:36:16,4.7,,,225.9
TRP009851,MANDI-055,Export-Terminal,27/07/2026 21:39,2026-07-28 02:09:46,4.5,UP57CD9457,DRV263,188.799472330432
TRP002852,MANDI-057,WH-Central,24/03/2026 12:04,2026-03-25T11:16:12,23.2,PB99CD5093,DRV695,1288.9
TRP008590,MANDI-001,WH-Central,05/01/2026,05/01/2026,2.1,UP75CD6739,DRV596,89.8
TRP005664,MANDI-048,WH-West,2026-05-30 03:58:56,,5.4,UP27CD4498,DRV598,305.4
TRP006689,MANDI-006,WH-Central,2026-05-26T04:14:21,27-May-2026 02:14:21,22.0,PB10DF3410,DRV785,1007.0
TRP009223,MANDI-045,WH-North,07-03-2026 12:09 PM,,10.7,DL74BC5239,DRV786,473.8
TRP008330,MANDI-014,WH-North,11/02/2026 06:23,11/02/2026,10.9,UP88DF1057,DRV806,448.3
TRP004472,MANDI-056,WH-Central,22/04/2026,23/04/2026 14:18,16.2,PB35CD7025,DRV444,728.9
TRP008753,MANDI-038,WH-North,2026-04-16T18:01:43,17/04/2026,15.8,DL95DF5023,DRV732,925.6
TRP004349,MANDI-005,WH-North,2026-07-01 16:31:52,2026-07-02T11:01:52,18.5,PB35BC4788,DRV147,1066.3
TRP008374,MANDI-024,WH-Central,27-Apr-2026 19:25:16,2026-04-27 22:49:16,3.4,PB64DF4835,DRV831,183.4
TRP003627,MANDI-044,WH-South,2026-04-17T07:23:36,04-17-2026 11:59 AM,4.6,PB99AB3568,DRV346,208.3
TRP001790,MANDI-050,WH-South,01-24-2026 02:57 PM,25/01/2026,20.1,HR89CD9328,DRV692,1193.5
TRP008627,MANDI-052,WH-West,2026-09-01 08:53:51,02-Sep-2026 08:11:51,23.3,DL50BC7062,DRV795,1233.4
TRP002060,MANDI-047,WH-West,2026-03-09 11:41:12,10/03/2026,17.7,HR53CD9820,DRV282,774.7
TRP007572,MANDI-020,WH-South,13-Mar-2026 05:36:19,13-Mar-2026 15:18:19,9.7,HR18AB4854,DRV402,
TRP005160,MANDI-047,WH-Central,23/01/2026,2026-01-23 15:26:23,8.4,RJ76AB1106,,397.4
TRP004014,MANDI-022,WH-East,20-Jul-2026 23:16:56,2026-07-21 07:10:56,7.9,UP13DF9037,DRV710,
TRP001903,MANDI-049,WH-East,2026-08-28 01:48:29,2026-08-28T07:54:29,6.1,UP46DF3514,,315.0
TRP004687,MANDI-006,WH-South,07-03-2026 12:36 AM,03/07/2026 03:12,2.6,,DRV829,111.7
TRP008845,MANDI-052,Export-Terminal,02-Mar-2026 08:50:53,02/03/2026 23:56,15.1,PB75DF4517,DRV394,
TRP004923,MANDI-017,WH-East,2026-07-15T09:00:49,2026-07-16T08:30:49,23.5,UP21DF1590,DRV608,983.3
TRP007542,MANDI-007,WH-North,02/05/2026,02/05/2026 21:01,,PB84DF4495,DRV335,314.6
TRP000076,MANDI-056,WH-West,2026-01-30 06:46:45,2026-01-31T03:34:45,20.8,,DRV823,
TRP002346,MANDI-054,WH-West,2026-07-16 03:27:22,2026-07-16T10:51:22,7.4,HR74DF6204,DRV426,354.7
TRP007255,MANDI-039,Export-Terminal,23-Apr-2026 20:25:37,2026-04-24 20:01:37,23.6,UP43BC7122,DRV574,1278.5
TRP000431,MANDI-033,WH-Central,2026-06-22T14:30:06,,6.3,UP57BC8744,DRV275,298.5
TRP004587,MANDI-030,WH-North,28/08/2026 04:05,2026-08-28T14:59:15,10.9,PB75DF2357,DRV178,621.2
TRP005513,MANDI-057,WH-West,2026-07-31T14:30:46,2026-07-31 20:24:46,5.9,UP91DF2486,DRV298,241.3
TRP005136,MANDI-032,WH-Central,13-Jul-2026 07:29:42,13-Jul-2026 10:59:42,,DL80DF6482,DRV307,186.3
TRP008807,MANDI-024,WH-West,2026-07-27 06:53:01,07-27-2026 09:29 PM,14.6,RJ17DF6928,DRV111,624.5
TRP007812,MANDI-005,WH-East,27/03/2026,03-28-2026 12:11 AM,11.8,RJ42DF1234,DRV474,551.8
TRP001554,MANDI-008,WH-South,24-Feb-2026 23:41:38,25/02/2026,13.0,DL75AB6422,DRV515,702.0
TRP000241,MANDI-018,WH-North,2026-06-25T03:36:06,2026-06-25T09:36:06,,RJ38DF1166,DRV429,282.6
TRP000784,MANDI-048,WH-Central,25/07/2026 16:50,2026-07-25 22:14:29,,DL72CD8753,DRV179,287.6
TRP003067,MANDI-029,WH-North,16/06/2026,17/06/2026 08:25,20.3,HR37CD8409,,1171.49672582151
TRP000978,MANDI-032,WH-West,26/06/2026 02:10,26/06/2026,19.0,,DRV471,892.1
TRP004906,MANDI-017,WH-South,2026-02-11 06:14:35,11-Feb-2026 18:14:35,12.0,,DRV235,493.2
TRP002942,MANDI-057,WH-North,20/08/2026,2026-08-20 20:11:28,4.4,HR59BC5859,DRV905,244.0
TRP005875,MANDI-049,WH-West,05-10-2026 08:51 PM,05-11-2026 12:57 PM,16.1,PB13AB5002,DRV865,802.2
TRP008425,MANDI-027,WH-West,04-25-2026 03:08 AM,2026-04-25 14:20:45,11.2,HR67AB6866,DRV270,494.2
TRP009141,MANDI-050,Export-Terminal,2026-01-18T19:03:36,2026-01-19 07:33:36,12.5,PB53BC9097,DRV902,565.1
TRP001621,MANDI-018,WH-Central,02/04/2026 03:20,02-Apr-2026 11:26:31,8.1,UP64BC6207,DRV645,441.09876718725405
TRP002147,MANDI-052,WH-Central,24/03/2026 11:01,25-Mar-2026 04:07:00,17.1,DL51BC5056,DRV466,1005.9
TRP001802,MANDI-057,WH-North,10/03/2026,2026-03-11T19:09:34,22.5,HR12CD2201,DRV228,922.297422300622
TRP002096,MANDI-057,WH-West,08-11-2026 03:23 PM,2026-08-11 17:59:52,2.6,RJ95BC1581,DRV343,127.2
TRP006622,MANDI-037,Export-Terminal,01-24-2026 02:17 AM,2026-01-25 00:29:01,22.2,UP34BC7374,DRV865,961.2
TRP005736,MANDI-047,WH-South,2026-02-19T10:47:08,2026-02-20 06:41:08,19.9,DL18CD3345,DRV883,1027.0
TRP001358,MANDI-049,Export-Terminal,2026-06-19 15:05:16,2026-06-20 09:53:16,18.8,HR12BC1463,DRV418,861.097593346054
TRP008457,MANDI-026,WH-West,14-Feb-2026 20:35:07,02-15-2026 06:35 AM,10.0,,DRV586,582.6
TRP006597,MANDI-004,WH-West,05-17-2026 06:48 PM,2026-05-18 07:48:27,13.0,,DRV581,611.9
TRP008702,MANDI-014,Export-Terminal,2026-05-02T01:33:25,,22.7,RJ58CD4636,DRV958,936.9
TRP005225,MANDI-038,WH-Central,02-17-2026 04:30 AM,18-Feb-2026 01:06:52,20.6,,DRV785,863.0
TRP006560,MANDI-038,WH-East,2026-09-06T13:32:01,07/09/2026,21.5,,DRV993,1048.3
TRP004131,MANDI-018,WH-West,2026-03-24 20:52:41,,10.8,PB41CD6721,DRV951,628.1
TRP009122,MANDI-006,WH-Central,16/01/2026 09:56,01-17-2026 09:20 AM,23.4,PB91DF4084,DRV304,952.2
TRP005943,MANDI-050,WH-North,2026-02-08 14:24:46,02-08-2026 11:18 PM,8.9,DL19AB9987,DRV822,377.0
TRP001610,MANDI-056,WH-North,2026-04-23T13:58:02,,22.2,RJ20DF9208,DRV101,927.4
TRP003097,MANDI-033,WH-South,2026-03-18T10:56:19,19-Mar-2026 10:50:19,,RJ63CD6851,,1271.1
TRP007793,MANDI-037,WH-North,12-Jul-2026 22:30:55,,,UP66BC7855,,1327.9
TRP002416,MANDI-002,WH-North,04-21-2026 07:41 AM,2026-04-22T04:29:22,20.8,UP60DF3494,DRV151,1008.5
TRP002018,MANDI-020,WH-North,2026-05-13T13:50:42,14-May-2026 10:20:42,20.5,UP11AB7790,,1130.7
TRP006561,MANDI-002,WH-West,2026-07-31 04:17:30,31-Jul-2026 17:53:30,13.6,PB58AB4791,DRV411,624.5
TRP004126,MANDI-049,WH-East,21/07/2026 08:00,,4.6,RJ32BC7536,DRV597,252.7
TRP002909,MANDI-048,Export-Terminal,2026-06-08T01:12:49,06-08-2026 09:54 AM,,DL11DF2251,DRV360,
TRP003247,MANDI-034,WH-East,2026-02-10 23:50:53,11-Feb-2026 14:32:53,14.7,PB52BC3731,DRV601,784.797806593872
TRP000125,MANDI-033,WH-East,02-20-2026 06:11 PM,21/02/2026,16.4,RJ10AB7307,DRV922,758.4
TRP007008,MANDI-006,WH-East,05/05/2026 22:05,2026-05-06 16:29:25,18.4,UP32AB9770,DRV274,936.6973820546381
TRP009711,MANDI-001,WH-Central,12/03/2026,13-Mar-2026 01:59:45,10.2,RJ34CD3603,DRV220,467.7
TRP005803,MANDI-045,WH-Central,2026-09-04 16:03:37,05-Sep-2026 09:21:37,17.3,,,860.4975950229699
TRP008118,MANDI-011,WH-North,09-Jul-2026 22:27:42,2026-07-10 06:57:42,,PB60DF2214,DRV838,480.4
TRP009524,MANDI-037,WH-South,28/01/2026 04:41,01-29-2026 04:05 AM,23.4,RJ33CD9848,DRV883,1044.5
TRP003342,MANDI-046,WH-East,12/01/2026 12:19,2026-01-13 07:37:57,19.3,PB20AB8097,DRV487,1043.0
TRP000599,MANDI-038,WH-East,01/05/2026 12:21,05-01-2026 09:03 PM,8.7,HR73DF5935,DRV566,
TRP002124,MANDI-037,WH-East,05/03/2026 13:44,06/03/2026,11.1,PB27AB3421,DRV480,494.2
TRP007725,MANDI-055,WH-West,2026-06-07T02:19:26,08-Jun-2026 00:49:26,22.5,PB29DF3527,DRV403,
TRP006827,MANDI-045,WH-West,29/05/2026 10:55,2026-05-29 22:49:21,11.9,UP17DF7788,DRV768,
TRP009193,MANDI-014,WH-North,2026-03-15 13:42:57,2026-03-16T02:48:57,13.1,PB37AB2463,,730.6
TRP002305,MANDI-047,WH-South,2026-01-29 09:46:07,2026-01-30 08:46:07,23.0,,DRV631,1087.8
TRP002198,MANDI-015,WH-North,22-Jan-2026 14:13:19,01-23-2026 07:43 AM,17.5,DL63CD4262,DRV289,870.8
TRP004052,MANDI-018,WH-West,13/07/2026 11:45,07-13-2026 02:45 PM,3.0,RJ78DF7391,DRV658,167.9
TRP009708,MANDI-013,WH-East,11/01/2026 01:28,11-Jan-2026 13:34:49,12.1,PB35BC7136,DRV651,683.5
TRP003363,MANDI-022,WH-East,07-25-2026 08:50 PM,07-26-2026 07:20 PM,22.5,RJ15CD6880,,1348.8
TRP007468,MANDI-043,Export-Terminal,2026-03-19 08:24:04,19-Mar-2026 14:24:04,6.0,UP46DF1166,DRV983,297.0
TRP000726,MANDI-007,WH-Central,02-22-2026 04:15 AM,2026-02-23 00:51:23,20.6,PB58CD4648,DRV451,1225.6
TRP008584,MANDI-005,WH-West,17-Mar-2026 06:04:07,17/03/2026 09:22,3.3,DL85AB5556,,195.3
TRP000979,MANDI-014,WH-North,22/08/2026 09:20,2026-08-22T11:56:10,2.6,RJ55BC2255,DRV645,141.4
TRP000809,MANDI-026,WH-East,02-25-2026 12:59 PM,02-25-2026 09:29 PM,8.5,PB62BC1661,DRV505,448.8
TRP005538,MANDI-031,WH-West,2026-07-19 03:17:12,2026-07-19T06:47:12,,RJ41BC5641,DRV683,144.6
TRP001476,MANDI-036,WH-South,03/04/2026,04-03-2026 11:49 PM,21.4,DL20BC1702,DRV709,930.0
TRP007485,MANDI-014,WH-East,03-Mar-2026 08:21:54,03/03/2026 12:33,4.2,PB65CD5939,DRV128,170.1
TRP004907,MANDI-042,WH-North,2026-02-03T22:48:10,,6.2,DL74CD1573,DRV918,302.0
TRP007024,MANDI-045,WH-West,07-18-2026 12:15 AM,2026-07-18 20:27:25,20.2,RJ83BC6731,DRV534,
TRP009400,MANDI-011,WH-East,2026-02-01 22:52:35,02-Feb-2026 06:46:35,,UP76DF7143,,401.8
TRP004931,MANDI-057,WH-North,2026-01-23T06:02:56,2026-01-23 10:44:56,4.7,RJ11BC1082,DRV977,266.8
TRP008537,MANDI-027,WH-North,2026-04-05 15:47:14,2026-04-06T13:53:14,22.1,UP36CD3555,DRV682,
TRP003963,MANDI-035,Export-Terminal,27/07/2026 15:09,2026-07-28T13:27:18,22.3,RJ68CD9201,DRV262,1309.2
TRP009975,MANDI-014,WH-North,29/07/2026 16:14,2026-07-29T23:32:09,7.3,,DRV134,364.8
TRP005359,MANDI-022,WH-North,17-May-2026 05:31:31,18/05/2026 04:37,,RJ10AB1922,DRV249,927.3
TRP001236,MANDI-009,WH-Central,02-22-2026 07:04 PM,2026-02-22T22:40:21,,UP18AB2612,DRV274,213.4
TRP001226,MANDI-026,WH-South,01-05-2026 09:45 AM,2026-01-05 14:09:41,4.4,RJ99DF4785,DRV375,188.2
TRP001765,MANDI-006,WH-North,05/01/2026 10:51,,8.7,RJ90AB8219,,470.1
TRP006841,MANDI-037,WH-Central,31/08/2026 13:02,2026-08-31 15:08:40,2.1,UP30AB8209,DRV318,116.3
TRP007107,MANDI-046,WH-Central,2026-02-25T05:20:04,25/02/2026 18:56,13.6,RJ72CD1797,DRV496,550.898460311626
TRP005564,MANDI-030,WH-South,27/03/2026 09:25,28/03/2026 01:31,16.1,RJ51AB2980,,836.2
TRP005971,MANDI-027,WH-West,2026-02-01T16:32:30,02/02/2026 08:14,15.7,RJ23CD8545,DRV751,768.2
TRP003218,MANDI-039,WH-North,13/02/2026 15:01,02-14-2026 03:25 AM,,HR72DF7739,DRV301,595.4
TRP000288,MANDI-009,Export-Terminal,05-Apr-2026 14:23:27,2026-04-06T02:53:27,12.5,RJ18CD8523,DRV540,718.8
TRP005488,MANDI-032,Export-Terminal,13-Feb-2026 19:47:31,14-Feb-2026 16:53:31,21.1,RJ49DF8835,DRV836,1162.6
TRP002967,MANDI-002,WH-East,2026-07-22 07:07:00,07-23-2026 01:31 AM,18.4,DL90BC1002,DRV742,1023.4971394607901
TRP003165,MANDI-027,WH-Central,2026-03-23T20:06:02,2026-03-24T02:54:02,6.8,HR86DF6075,DRV244,398.8
TRP009854,MANDI-053,WH-Central,10/01/2026 11:28,2026-01-10 15:28:12,4.0,DL25AB5909,DRV282,
TRP009246,MANDI-025,Export-Terminal,2026-03-12T22:41:54,13/03/2026,,UP47DF9800,DRV375,523.598536611304
TRP001658,MANDI-007,Export-Terminal,2026-06-05T11:05:05,06-Jun-2026 10:41:05,23.6,UP29CD9633,,
TRP001976,MANDI-018,Export-Terminal,2026-04-29T19:22:16,30/04/2026,16.1,PB80BC7624,DRV230,879.2
TRP002398,MANDI-005,Export-Terminal,08/07/2026 03:24,08/07/2026 15:48,12.4,DL31AB7856,DRV672,690.3
TRP000453,MANDI-016,WH-East,02-19-2026 03:43 AM,19/02/2026 17:31,13.8,UP99AB6246,DRV345,727.9
TRP002711,MANDI-027,WH-Central,15/08/2026 15:20,2026-08-16 10:56:25,19.6,PB99AB6910,DRV418,
TRP005126,MANDI-020,WH-Central,12-Mar-2026 08:58:33,13/03/2026,20.8,,DRV951,1237.7
TRP003682,MANDI-027,WH-West,2026-04-25 14:24:43,2026-04-26 08:54:43,,RJ29DF5795,DRV629,841.1
TRP000423,MANDI-017,WH-West,2026-05-09 09:21:00,2026-05-09T11:45:00,2.4,HR49DF2168,DRV568,112.699685019278
TRP006596,MANDI-043,Export-Terminal,31/03/2026 00:28,31/03/2026 12:16,11.8,,,637.4
TRP000658,MANDI-006,Export-Terminal,2026-02-05 00:11:22,05-Feb-2026 20:35:22,,PB71DF1133,DRV629,1045.6
TRP003302,MANDI-042,WH-East,2026-07-27 10:30:33,27/07/2026 16:54,6.4,,DRV357,298.19916657274797
TRP006373,MANDI-003,WH-North,25-Mar-2026 12:49:16,26-Mar-2026 07:07:16,18.3,UP84AB9428,DRV570,974.2
TRP002846,MANDI-035,WH-West,2026-04-01T23:35:20,02/04/2026 13:11,13.6,PB73AB5152,,720.6
TRP006555,MANDI-053,WH-East,2026-07-07 08:14:40,08-Jul-2026 05:56:40,21.7,PB88AB7945,,1174.8
TRP008157,MANDI-029,WH-North,2026-01-17T20:07:34,2026-01-18 14:49:34,18.7,,DRV322,845.0
TRP001002,MANDI-035,WH-West,11/07/2026,,9.7,RJ51DF3635,DRV140,468.7
TRP004199,MANDI-033,WH-South,2026-06-28 14:15:50,06-29-2026 01:33 AM,,HR20BC2028,DRV222,652.3
TRP002419,MANDI-051,Export-Terminal,05/09/2026 19:10,06/09/2026 13:28,18.3,DL72DF6720,DRV362,1023.0
TRP008139,MANDI-039,Export-Terminal,2026-03-22 17:40:27,22-Mar-2026 22:04:27,4.4,HR48DF1798,DRV751,225.0
TRP002927,MANDI-011,WH-South,2026-05-21T21:29:47,,22.8,PB40DF8756,DRV520,1090.9
TRP003848,MANDI-049,WH-North,2026-08-04 23:42:17,05-Aug-2026 15:42:17,16.0,HR93CD8836,,770.99784516294
TRP000962,MANDI-034,Export-Terminal,2026-08-12T05:13:24,12-Aug-2026 10:55:24,5.7,DL28DF3329,,280.7
TRP001581,MANDI-054,WH-West,2026-09-07T04:03:47,07-Sep-2026 14:57:47,10.9,UP28CD4766,DRV489,556.0984457783541
TRP008177,MANDI-021,Export-Terminal,2026-05-26 20:18:15,2026-05-27 07:24:15,,DL65CD3033,DRV351,
TRP002207,MANDI-025,WH-Central,06-Mar-2026 21:33:27,2026-03-07T16:03:27,18.5,HR52DF4862,,1087.596960310264
TRP006888,MANDI-011,WH-North,29/08/2026 15:06,08-30-2026 02:12 PM,,PB77CD4828,,1133.7
TRP006793,MANDI-013,WH-West,2026-07-05 06:58:36,05/07/2026 12:28,5.5,,DRV243,326.0
TRP006553,MANDI-013,WH-West,07-Jan-2026 21:31:29,,3.2,PB57AB5087,DRV384,141.0
TRP004232,MANDI-024,WH-North,13/05/2026,14/05/2026,,,DRV448,692.598064279964
TRP000758,MANDI-015,WH-South,23/02/2026 04:26,23/02/2026 22:56,18.5,,DRV102,973.197280042248
TRP004867,MANDI-023,WH-South,17/01/2026 20:18,18/01/2026 04:54,8.6,PB69BC8971,DRV302,413.2
TRP002285,MANDI-044,WH-East,06-26-2026 02:10 PM,06-26-2026 04:10 PM,,PB69DF9512,,106.299702906382
TRP007266,MANDI-030,WH-South,2026-01-25 03:00:30,2026-01-25T17:12:30,14.2,UP57CD4520,DRV823,666.7
TRP005504,MANDI-027,Export-Terminal,05-22-2026 04:35 AM,05-22-2026 07:47 AM,3.2,,DRV101,171.1
TRP004828,MANDI-015,WH-North,28/05/2026 02:55,28-May-2026 21:43:53,18.8,DL28DF2839,DRV710,1116.796878700352
TRP008387,MANDI-005,WH-East,2026-02-08 03:39:13,02-08-2026 07:15 PM,15.6,HR37DF1674,DRV195,925.0
TRP000808,MANDI-047,WH-West,2026-08-03 21:12:02,04/08/2026 05:30,8.3,RJ95DF9100,DRV987,410.59885243048404
TRP006463,MANDI-007,WH-North,28/05/2026 07:15,28/05/2026 23:27,16.2,,DRV788,900.4
TRP008292,MANDI-050,WH-North,2026-04-27T07:57:15,04-28-2026 04:39 AM,20.7,RJ88BC9250,,948.0
TRP001957,MANDI-007,WH-East,16/04/2026 14:35,17/04/2026,21.4,UP16BC5953,DRV326,1258.8
TRP002446,MANDI-008,Export-Terminal,18/05/2026 11:33,2026-05-19T06:09:33,18.6,UP52CD1154,DRV753,
TRP006408,MANDI-004,WH-Central,07-13-2026 11:56 AM,13-Jul-2026 15:20:54,3.4,,DRV282,
TRP008846,MANDI-024,WH-West,08-10-2026 04:51 AM,10/08/2026 09:39,4.8,PB56CD8924,DRV733,209.4
TRP007069,MANDI-041,WH-Central,12/03/2026 07:28,2026-03-12T10:46:51,3.3,UP97DF1417,DRV388,163.1
TRP008506,MANDI-050,WH-East,2026-07-25T10:13:31,26-Jul-2026 04:13:31,18.0,RJ65BC1467,,993.2
TRP002403,MANDI-005,WH-East,2026-04-28 12:46:29,28/04/2026 18:34,5.8,RJ85DF7357,DRV707,251.8
TRP001074,MANDI-009,WH-West,02-Jan-2026 19:44:19,2026-01-03 00:02:19,,DL25AB3202,,249.9
TRP007153,MANDI-001,WH-South,2026-05-01T12:41:59,,10.8,UP47CD3202,,625.9
TRP004241,MANDI-047,Export-Terminal,2026-01-16 03:10:15,16-Jan-2026 18:22:15,15.2,DL57AB3216,,800.3
TRP008848,MANDI-010,Export-Terminal,04-28-2026 04:55 PM,2026-04-29 07:13:15,14.3,,DRV266,755.6
TRP002092,MANDI-047,Export-Terminal,06-23-2026 08:31 AM,06-24-2026 07:37 AM,23.1,RJ46CD6263,DRV247,1270.5
TRP004528,MANDI-056,WH-South,24-Apr-2026 14:27:29,,7.0,HR64BC5920,DRV382,
TRP007837,MANDI-036,WH-Central,2026-08-22 17:47:34,08-23-2026 05:47 AM,12.0,UP42DF6685,DRV403,664.2
TRP007407,MANDI-004,WH-North,17/04/2026 16:19,18/04/2026,11.7,DL40BC9771,DRV250,599.3
TRP007877,MANDI-034,WH-East,2026-06-27 15:57:15,06-27-2026 08:45 PM,4.8,,DRV774,204.0
TRP008072,MANDI-011,WH-South,18/08/2026 00:41,2026-08-18 09:35:43,8.9,PB23AB7059,,490.6
TRP005158,MANDI-001,Export-Terminal,27/08/2026,,14.5,,DRV683,739.5
TRP007453,MANDI-012,WH-South,05-22-2026 09:04 PM,23/05/2026 05:04,,RJ18AB7550,DRV765,392.0
TRP001004,MANDI-003,WH-East,14/01/2026 16:00,2026-01-15 12:36:28,20.6,DL78AB4882,DRV299,
TRP009464,MANDI-026,WH-North,2026-08-29 14:37:43,30/08/2026 03:19,12.7,HR38BC3168,DRV173,563.3
TRP007158,MANDI-010,Export-Terminal,28/01/2026,28-Jan-2026 09:36:04,3.4,PB92BC6217,DRV310,155.9
TRP008142,MANDI-044,Export-Terminal,15-May-2026 19:41:47,16/05/2026 18:05,22.4,PB68DF4183,DRV513,1225.4
TRP004652,MANDI-004,WH-Central,2026-01-07 01:08:10,01-07-2026 09:20 AM,8.2,DL77CD9358,DRV141,488.6
TRP008707,MANDI-031,WH-West,06-27-2026 08:21 PM,28/06/2026,15.5,PB77CD1714,DRV976,923.7
TRP001486,MANDI-004,WH-East,25/04/2026,25-Apr-2026 11:05:43,2.0,HR25CD7208,DRV330,100.2
TRP009599,MANDI-037,Export-Terminal,06-02-2026 11:33 AM,06-03-2026 03:57 AM,16.4,DL27CD8938,DRV351,960.1
TRP001412,MANDI-034,WH-East,2026-06-30T06:41:17,2026-06-30 16:05:17,9.4,RJ23DF6041,DRV766,395.0
TRP009809,MANDI-016,WH-North,2026-07-15 05:09:31,15/07/2026,3.6,UP52CD4325,DRV522,177.3
TRP005870,MANDI-024,WH-South,03-19-2026 10:22 PM,2026-03-20T19:04:20,,RJ83CD2713,DRV831,1232.7
TRP000710,MANDI-050,WH-North,12-Aug-2026 21:42:36,2026-08-13T12:48:36,15.1,DL80AB9705,DRV235,
TRP005381,MANDI-002,WH-West,2026-06-11T16:52:27,2026-06-11 20:04:27,3.2,DL84DF1907,DRV996,186.1
TRP003604,MANDI-038,WH-West,09/03/2026,09/03/2026 17:13,7.0,,DRV671,408.5
TRP007846,MANDI-017,WH-West,03-10-2026 01:18 AM,2026-03-10 12:12:18,10.9,RJ28BC7798,DRV944,495.898614028926
TRP003077,MANDI-013,WH-South,18/01/2026,2026-01-19T08:33:30,23.8,DL34DF1471,DRV174,1335.7
TRP007459,MANDI-016,WH-North,2026-06-27T09:10:54,2026-06-27 19:16:54,10.1,DL59AB6182,DRV410,556.2
TRP007851,MANDI-029,WH-West,15/07/2026 15:36,16/07/2026,11.6,UP81CD6391,DRV174,584.0
TRP004102,MANDI-017,WH-North,05-20-2026 11:27 AM,20-May-2026 19:21:37,7.9,RJ46AB5602,DRV852,401.49887786371
TRP005590,MANDI-037,WH-West,12/02/2026 06:11,2026-02-12 11:11:31,5.0,PB23AB1483,DRV127,259.0
TRP002723,MANDI-030,WH-South,22-Aug-2026 04:35:30,2026-08-22T14:53:30,,,DRV817,466.2
TRP009733,MANDI-005,WH-Central,11-May-2026 04:13:36,,21.7,PB20AB6714,DRV772,1081.1
TRP001269,MANDI-025,WH-South,2026-05-01T12:03:12,2026-05-02T10:09:12,22.1,RJ62BC3094,,1017.2
TRP002463,MANDI-054,WH-West,03/09/2026 17:24,2026-09-04 06:42:31,13.3,RJ79DF9204,DRV857,690.0
TRP005965,MANDI-051,WH-West,2026-03-01 19:04:25,2026-03-02 09:52:25,14.8,HR98AB3752,DRV835,700.5
TRP000269,MANDI-026,WH-South,18/07/2026 08:39,2026-07-18T18:15:27,,PB96BC2210,DRV274,461.79870933365197
TRP003581,MANDI-044,WH-West,12-May-2026 17:28:24,13-May-2026 04:10:24,10.7,UP31CD3426,,620.9
TRP004751,MANDI-016,WH-East,2026-02-12 11:07:00,12/02/2026 20:19,9.2,PB12BC8767,DRV384,478.6
TRP005847,MANDI-001,WH-South,2026-06-17T16:01:28,18/06/2026 10:49,,RJ18CD3737,,804.5
TRP005399,MANDI-056,WH-South,01-07-2026 03:37 AM,2026-01-07 12:31:26,8.9,UP11CD3760,,454.6
TRP005639,MANDI-053,WH-Central,04-Aug-2026 19:17:45,05/08/2026,14.3,PB12AB2913,DRV952,
TRP007200,MANDI-023,WH-East,03-24-2026 12:51 PM,2026-03-25 11:09:42,22.3,UP17BC3441,DRV488,1296.0
TRP002822,MANDI-029,WH-East,07-29-2026 09:52 PM,30/07/2026 13:22,15.5,DL47BC7940,DRV447,644.8
TRP005937,MANDI-047,WH-East,30/04/2026,30-Apr-2026 10:19:50,5.7,DL31AB9685,DRV665,260.9
TRP000590,MANDI-013,WH-East,2026-01-21T20:28:24,2026-01-22 11:22:24,14.9,RJ29DF7184,DRV501,
TRP006492,MANDI-034,WH-East,26/03/2026 16:05,2026-03-26T20:53:58,4.8,,DRV477,192.8
TRP009822,MANDI-041,WH-East,06-06-2026 01:41 AM,2026-06-06T18:29:18,16.8,,DRV677,787.7
TRP007367,MANDI-055,WH-West,2026-01-14T20:19:27,,10.4,DL96CD9573,DRV961,490.5
TRP007264,MANDI-046,Export-Terminal,22/04/2026,23-Apr-2026 03:37:24,18.5,,DRV375,742.2
TRP008258,MANDI-057,WH-East,2026-03-24 14:34:00,,19.1,PB54CD3682,DRV604,945.1
TRP002038,MANDI-008,WH-East,20/02/2026 01:26,02-20-2026 08:50 AM,7.4,PB45DF6873,DRV501,
TRP008494,MANDI-011,WH-North,04/05/2026 19:11,,21.8,PB10DF2651,DRV392,1106.5
TRP006877,MANDI-014,WH-East,10/01/2026 19:56,,14.9,,DRV878,706.8
TRP002029,MANDI-053,WH-West,13/03/2026,13/03/2026 21:22,13.9,,DRV261,653.1
TRP007433,MANDI-041,WH-East,09-May-2026 18:25:15,2026-05-10T10:55:15,16.5,HR94BC8507,DRV926,685.1
TRP000678,MANDI-004,WH-South,2026-05-28 17:05:56,29-May-2026 05:53:56,,RJ57BC1866,DRV947,582.7
TRP009678,MANDI-011,WH-North,25-Feb-2026 13:51:19,2026-02-26 03:39:19,13.8,PB65AB7933,DRV822,
TRP001233,MANDI-038,WH-East,14-Apr-2026 19:49:31,,6.2,RJ87AB9391,,349.3
TRP005791,MANDI-053,WH-Central,22/08/2026,08-22-2026 09:41 PM,9.7,,DRV362,394.6
TRP007734,MANDI-011,WH-East,2026-04-01 11:39:02,2026-04-01 21:21:02,9.7,RJ13BC9124,DRV379,510.7
TRP005958,MANDI-011,WH-South,01/03/2026,01/03/2026 15:31,12.0,HR58BC5693,DRV468,609.6
TRP004857,MANDI-026,WH-Central,24/05/2026 06:40,05-24-2026 04:10 PM,9.5,,DRV714,426.1
TRP006718,MANDI-052,WH-West,23-Jan-2026 22:23:21,,13.7,UP72DF2334,DRV998,693.8
TRP002433,MANDI-056,WH-West,10/01/2026,01-11-2026 09:53 AM,16.8,RJ20AB7691,DRV952,744.397919506216
TRP008849,MANDI-037,WH-North,21/04/2026 02:00,21/04/2026 06:30,4.5,RJ21CD6111,DRV693,
TRP006667,MANDI-037,Export-Terminal,07-Aug-2026 11:19:10,08/08/2026 09:31,22.2,UP76DF5970,DRV384,
TRP006578,MANDI-032,Export-Terminal,2026-06-27 18:32:34,2026-06-28 16:44:34,22.2,HR15DF9046,DRV738,1182.4
TRP006804,MANDI-005,WH-East,06-25-2026 11:55 PM,26-Jun-2026 05:13:33,5.3,HR71BC3783,DRV279,265.9
TRP000897,MANDI-005,WH-Central,2026-04-14 09:09:20,2026-04-15 07:39:20,22.5,DL89AB9949,,943.4
TRP001612,MANDI-047,WH-Central,2026-07-19 09:54:00,07-20-2026 04:54 AM,19.0,RJ19CD8815,,1117.596876464464
TRP007442,MANDI-055,WH-South,06/01/2026,07-Jan-2026 07:22:30,12.7,PB86AB6254,DRV542,699.0
TRP009489,MANDI-056,WH-Central,2026-06-07 21:46:12,08/06/2026,10.8,HR96CD5763,DRV968,567.2
TRP008115,MANDI-039,WH-East,08-10-2026 01:31 AM,2026-08-10 16:49:04,15.3,HR26BC5735,DRV864,
TRP003807,MANDI-003,Export-Terminal,23-May-2026 20:44:56,24/05/2026 02:38,5.9,RJ53AB4272,DRV164,299.3
TRP006563,MANDI-001,WH-North,07-Feb-2026 12:18:57,2026-02-08 07:42:57,19.4,,,962.99730854982
TRP008863,MANDI-001,WH-South,05-24-2026 11:48 AM,2026-05-25T05:18:34,,,DRV431,840.8
TRP004702,MANDI-050,WH-East,27/01/2026 18:18,27/01/2026,2.1,UP20DF8954,DRV484,98.8
TRP003962,MANDI-056,WH-West,02/02/2026 20:26,,5.8,RJ41BC8296,DRV278,256.8
TRP005917,MANDI-043,WH-West,06-03-2026 06:22 PM,2026-06-03 23:52:29,5.5,,DRV337,257.7
TRP001091,MANDI-034,WH-North,2026-03-05T21:29:02,2026-03-06T20:29:02,23.0,DL46AB8932,DRV184,1243.8
TRP000891,MANDI-021,WH-North,2026-07-29 02:59:43,29/07/2026 14:17,11.3,PB46DF9021,DRV410,483.4
TRP009504,MANDI-035,WH-North,24/04/2026 06:15,2026-04-25 00:03:03,17.8,RJ65BC8613,DRV833,1067.7
TRP008166,MANDI-033,WH-East,07-12-2026 01:54 PM,2026-07-13 06:54:11,,DL41BC3030,DRV120,915.2
TRP009482,MANDI-029,Export-Terminal,2026-08-12 03:27:50,12/08/2026 21:15,17.8,DL96AB4733,DRV825,825.3
TRP007909,MANDI-049,WH-North,08-Jul-2026 07:33:48,07-08-2026 11:39 PM,16.1,DL35BC7281,DRV347,815.0
TRP008415,MANDI-051,WH-East,06-26-2026 01:15 PM,2026-06-27 02:45:46,13.5,DL17BC3441,DRV268,737.4
TRP007552,MANDI-013,WH-South,08/06/2026,06-08-2026 02:21 PM,4.8,,DRV388,246.6
TRP007413,MANDI-007,WH-South,2026-06-10 18:02:18,2026-06-10 23:38:18,,,DRV105,244.5
TRP002800,MANDI-030,WH-North,28-Jun-2026 16:53:14,,13.3,RJ60AB7496,DRV563,534.2
TRP000585,MANDI-039,WH-West,23/08/2026,2026-08-23T21:02:59,19.2,PB30BC9102,DRV917,839.4976537150301
TRP003269,MANDI-047,WH-East,2026-08-12T05:58:02,2026-08-12T17:52:02,11.9,,DRV592,669.5
TRP003933,MANDI-017,WH-East,14-May-2026 06:59:40,15-May-2026 04:59:40,22.0,PB85BC3585,DRV993,902.5
TRP004966,MANDI-040,WH-East,03/04/2026 02:34,04-03-2026 09:10 AM,6.6,HR48DF6719,DRV443,327.3
TRP001261,MANDI-028,WH-South,2026-04-27 16:15:46,28/04/2026 06:27,14.2,PB54CD9600,DRV342,596.4
TRP006474,MANDI-012,WH-East,2026-08-28 18:39:31,29/08/2026 00:09,5.5,RJ49CD3167,DRV870,290.6
TRP000311,MANDI-044,WH-South,2026-07-11 19:19:49,07-11-2026 11:19 PM,4.0,PB26CD1666,DRV456,202.0
TRP001717,MANDI-027,WH-North,11/05/2026 13:44,12/05/2026 02:44,13.0,UP70AB4618,DRV476,744.1
TRP005403,MANDI-004,WH-West,15/05/2026,16-May-2026 14:13:26,,PB64DF4934,DRV837,1194.0
TRP006770,MANDI-005,WH-Central,11/06/2026 10:42,2026-06-12 00:00:01,13.3,PB31AB9056,DRV430,645.1
TRP006415,MANDI-014,WH-North,03-03-2026 07:53 PM,2026-03-04 11:59:48,16.1,UP84AB2330,DRV634,944.3
TRP004669,MANDI-019,WH-South,2026-07-16 03:41:26,16/07/2026 17:17,,RJ25AB4624,DRV543,601.5
TRP004299,MANDI-029,WH-West,28-May-2026 14:07:20,,2.4,DL69BC4530,DRV918,123.1
TRP003784,MANDI-012,Export-Terminal,09-Jul-2026 20:52:41,10/07/2026 02:34,,PB23AB4145,DRV501,280.3
TRP001009,MANDI-010,WH-West,08-19-2026 08:21 AM,19-Aug-2026 12:39:50,4.3,,DRV719,244.6
TRP008688,MANDI-057,WH-East,07-17-2026 07:21 PM,18/07/2026,,PB97AB3724,DRV949,471.3
TRP002186,MANDI-053,WH-South,09-Feb-2026 10:14:52,02-10-2026 05:56 AM,19.7,HR29AB2388,DRV428,1069.7
TRP003624,MANDI-018,WH-West,2026-02-08 11:57:08,2026-02-08 16:09:08,4.2,HR55DF5441,DRV342,
TRP007665,MANDI-017,WH-Central,2026-02-20 04:59:49,2026-02-21 03:35:49,22.6,HR42DF3341,DRV210,1192.9
TRP005376,MANDI-013,WH-East,07/03/2026 23:47,2026-03-08 15:53:28,,DL78CD4088,DRV469,832.3
TRP007967,MANDI-045,WH-South,2026-07-18 23:50:56,2026-07-19 06:14:56,6.4,HR39DF7215,DRV901,349.9
TRP006659,MANDI-022,WH-Central,2026-06-06T03:10:31,06/06/2026 20:28,17.3,UP54CD5586,DRV392,951.5
TRP007525,MANDI-008,WH-North,2026-08-03T09:14:09,,16.1,RJ64BC9751,,846.7
TRP004835,MANDI-019,WH-South,2026-01-10T23:07:37,2026-01-11 16:49:37,17.7,UP81DF5901,DRV254,720.5
TRP006511,MANDI-048,WH-West,04-10-2026 12:31 AM,10/04/2026,8.0,DL22CD1598,DRV558,390.2
TRP004757,MANDI-057,WH-North,2026-02-10 10:56:12,2026-02-10 22:32:12,11.6,UP53AB7762,,651.3
TRP000089,MANDI-020,WH-South,12/08/2026 22:08,,,RJ47CD9999,DRV122,1145.1
TRP000091,MANDI-020,WH-South,2026-08-28T23:37:03,29-Aug-2026 15:25:03,15.8,PB56DF2034,DRV647,880.4
TRP009868,MANDI-013,WH-North,01/01/2026,2026-01-02 15:09:08,19.4,,DRV578,924.3
TRP007745,MANDI-030,Export-Terminal,23-Jul-2026 23:53:54,24/07/2026,11.2,HR36CD3890,DRV151,667.7
TRP001327,MANDI-031,WH-North,28-Jul-2026 10:40:32,,16.0,PB39AB7724,DRV775,
TRP006111,MANDI-042,WH-North,21/03/2026 13:29,21-Mar-2026 16:35:03,3.1,,DRV294,169.2
TRP008376,MANDI-048,WH-East,05-08-2026 03:00 PM,05-09-2026 08:18 AM,,UP12BC7625,DRV522,777.4
TRP002118,MANDI-027,Export-Terminal,2026-02-14T09:41:14,2026-02-15T03:41:14,18.0,,DRV925,
TRP002938,MANDI-036,Export-Terminal,2026-08-18 01:54:34,08-19-2026 01:24 AM,23.5,UP60AB9175,DRV493,1185.2966872524419
TRP004904,MANDI-045,WH-North,2026-02-19 09:55:52,2026-02-19 17:43:52,7.8,HR44CD4654,,325.6
TRP000984,MANDI-006,WH-Central,26/06/2026 08:38,2026-06-26T20:02:41,11.4,RJ82CD4350,DRV646,655.9
TRP009474,MANDI-040,WH-North,19/06/2026 00:55,19/06/2026 10:43,9.8,PB82DF4290,DRV415,508.9
TRP005806,MANDI-040,WH-Central,20/05/2026 07:56,20/05/2026 15:50,7.9,PB92CD5250,DRV128,428.8
TRP008950,MANDI-020,WH-East,04-06-2026 12:58 PM,04-06-2026 03:22 PM,2.4,,DRV409,128.299641419462
TRP002926,MANDI-033,WH-North,06-05-2026 03:42 PM,2026-06-06T06:30:36,14.8,RJ43DF4984,DRV906,645.4
TRP005883,MANDI-041,WH-East,21/05/2026,22/05/2026 11:49,12.9,DL70DF6308,DRV605,635.2
TRP003215,MANDI-011,WH-North,2026-08-16T10:00:05,17-Aug-2026 07:54:05,21.9,UP75BC1001,DRV703,
TRP007763,MANDI-045,WH-South,2026-06-23T22:52:09,24/06/2026 05:22,6.5,,DRV871,368.1
TRP006890,MANDI-038,WH-Central,16/05/2026,17/05/2026 07:56,23.2,PB59BC2441,DRV452,1225.8
TRP008023,MANDI-039,WH-North,2026-08-31 05:45:48,2026-09-01 04:15:48,22.5,UP32CD4106,DRV117,
TRP007663,MANDI-006,WH-West,2026-04-26T09:16:58,2026-04-27 06:28:58,21.2,UP55AB1319,,1208.1
TRP005351,MANDI-036,Export-Terminal,2026-04-04 14:43:41,04-Apr-2026 22:37:41,7.9,DL65BC2090,DRV622,417.598832866464
TRP000628,MANDI-023,Export-Terminal,20/08/2026,21/08/2026 08:46,11.3,RJ70AB4076,DRV908,632.8
TRP004948,MANDI-007,Export-Terminal,2026-02-27 22:29:58,28/02/2026 19:59,21.5,UP28CD5855,DRV169,988.5
TRP008144,MANDI-003,WH-Central,01-Mar-2026 14:53:46,01/03/2026,2.5,PB54BC2927,DRV447,124.299652598902
TRP004245,MANDI-003,WH-Central,23-May-2026 12:59:14,05-23-2026 08:47 PM,7.8,DL75AB5882,DRV733,413.1
TRP006378,MANDI-057,WH-North,2026-09-01 11:48:42,02-Sep-2026 02:48:42,,,,631.6
TRP004766,MANDI-003,Export-Terminal,2026-02-18 23:15:46,02-19-2026 07:03 PM,19.8,,DRV898,1055.7970491868118
TRP001602,MANDI-034,Export-Terminal,20-Jan-2026 23:21:44,01-21-2026 08:03 PM,20.7,PB45DF1978,DRV509,1210.396617101456
TRP009981,MANDI-007,Export-Terminal,14/07/2026,2026-07-15T06:08:34,8.3,DL76BC3692,DRV285,459.1
TRP001270,MANDI-040,WH-Central,20/07/2026 15:13,2026-07-21 11:19:34,,,DRV124,1054.8970517021862
TRP000129,MANDI-025,WH-North,2026-06-30 18:53:28,2026-07-01 09:53:28,15.0,UP10AB3391,,
TRP006724,MANDI-016,WH-East,22-Jun-2026 14:48:26,06-23-2026 03:36 AM,12.8,PB87CD2244,DRV100,578.4
TRP001712,MANDI-013,WH-North,05-25-2026 06:00 AM,05-25-2026 05:36 PM,11.6,HR48AB1982,DRV292,689.9
TRP004183,MANDI-036,WH-North,22-Jan-2026 20:38:55,2026-01-23T10:50:55,14.2,,DRV114,756.6
TRP004236,MANDI-003,WH-South,2026-03-09T07:03:26,10/03/2026,20.0,UP58BC1768,DRV922,1177.3
TRP008119,MANDI-034,WH-North,2026-07-09 23:53:43,10/07/2026 04:59,5.1,HR70CD6539,DRV226,
TRP002399,MANDI-005,WH-West,17/06/2026,17/06/2026 09:39,7.7,,,321.29910201148203
TRP006071,MANDI-057,WH-North,07/02/2026 18:28,2026-02-07T23:34:01,5.1,RJ66DF2892,DRV163,227.1
TRP006604,MANDI-003,WH-East,2026-03-16 05:36:47,17-Mar-2026 03:18:47,21.7,HR35CD8179,DRV823,1030.7
TRP008762,MANDI-050,WH-South,2026-04-07 20:20:31,2026-04-08 18:14:31,21.9,HR38DF3917,DRV495,1113.2
TRP001187,MANDI-001,WH-North,2026-04-21 22:32:06,22/04/2026 09:56,,RJ37BC5041,DRV672,527.2
TRP008448,MANDI-029,WH-West,09/01/2026 01:20,09-Jan-2026 23:50:04,22.5,RJ92BC5877,DRV720,925.5
TRP005441,MANDI-018,WH-East,2026-07-05T01:44:39,2026-07-05 03:50:39,,UP21DF7459,DRV536,107.6
TRP006551,MANDI-042,WH-Central,06-01-2026 08:03 AM,06-01-2026 11:45 AM,3.7,PB47CD6196,DRV596,204.2
TRP001978,MANDI-056,WH-West,2026-03-04T00:10:52,2026-03-04T05:16:52,5.1,,,242.49932224645
TRP008695,MANDI-029,WH-North,07/01/2026 07:20,2026-01-07 17:26:45,10.1,DL44AB2270,DRV522,438.098775571834
TRP004248,MANDI-042,WH-West,08-06-2026 07:40 AM,2026-08-07T03:16:05,19.6,DL27CD2728,DRV766,1155.99676914184
TRP008266,MANDI-044,WH-North,2026-04-29T12:08:01,29/04/2026 14:14,2.1,RJ60DF1118,DRV953,117.6
TRP000916,MANDI-047,WH-Central,2026-08-26 21:22:12,27/08/2026,10.8,HR60DF2403,DRV147,449.59874343094407
TRP001306,MANDI-052,WH-East,28/07/2026,2026-07-29 11:59:14,16.3,HR67AB9082,DRV990,974.9
TRP009307,MANDI-037,WH-North,04-22-2026 03:58 PM,2026-04-23T10:22:23,18.4,DL74CD2850,DRV182,877.3
TRP003050,MANDI-005,WH-South,12-Mar-2026 19:58:56,03-13-2026 03:22 AM,7.4,DL53DF3618,DRV993,366.9
TRP009901,MANDI-003,WH-South,01/04/2026,01-Apr-2026 18:29:04,7.3,,DRV492,
TRP001274,MANDI-031,WH-East,19/06/2026 14:57,06-20-2026 10:21 AM,19.4,PB36BC2184,DRV241,823.2
TRP008451,MANDI-018,WH-South,2026-05-03 15:23:05,04/05/2026 10:41,19.3,HR10BC2917,DRV946,940.2
TRP002797,MANDI-003,Export-Terminal,2026-06-08T19:06:43,09/06/2026,12.0,HR21BC8683,DRV774,642.6
TRP001399,MANDI-039,WH-Central,17-Aug-2026 11:25:49,17/08/2026 22:13,10.8,UP55BC3664,DRV533,570.9
TRP003359,MANDI-007,WH-North,29-Jul-2026 05:28:07,29-Jul-2026 18:22:07,12.9,PB15AB5210,DRV524,581.6
TRP000184,MANDI-001,WH-Central,2026-02-26 20:37:53,2026-02-27T07:43:53,11.1,,DRV747,592.3
TRP009150,MANDI-017,WH-East,2026-03-22 22:38:37,2026-03-23T03:44:37,5.1,RJ86DF7847,DRV573,
TRP006212,MANDI-004,WH-South,14/03/2026,14/03/2026 07:03,4.7,PB86AB3239,DRV902,267.6
TRP006671,MANDI-053,WH-Central,2026-06-17 12:46:50,2026-06-18 10:52:50,22.1,HR33CD1824,DRV274,
TRP009381,MANDI-037,WH-East,22/07/2026 13:55,22/07/2026 19:31,5.6,,DRV278,332.3
TRP006727,MANDI-055,WH-West,2026-03-25T20:06:45,26/03/2026,9.6,RJ99CD9925,DRV916,406.6
TRP007609,MANDI-003,WH-Central,04-30-2026 04:52 AM,2026-04-30 22:58:05,18.1,UP77AB9310,,1000.2
TRP004568,MANDI-022,WH-West,22/08/2026 18:15,,2.1,PB22DF6611,,99.2
TRP007801,MANDI-011,WH-North,2026-09-05T12:43:35,06/09/2026 03:13,14.5,DL76BC5873,,630.1982386792281
TRP008835,MANDI-041,WH-North,09-01-2026 08:12 PM,02/09/2026 01:00,4.8,PB82DF4053,DRV752,287.4
TRP002657,MANDI-008,Export-Terminal,2026-07-07 05:21:20,08/07/2026 01:15,19.9,UP50BC3214,DRV167,1168.3
TRP008643,MANDI-023,WH-Central,06/01/2026 16:02,06/01/2026,6.2,HR53AB2563,,359.8
TRP007475,MANDI-009,WH-South,19-Jan-2026 09:26:22,2026-01-19 16:08:22,6.7,UP91CD1210,DRV603,366.7
TRP001962,MANDI-013,Export-Terminal,04-Jan-2026 23:15:31,01-05-2026 01:33 AM,2.3,,,118.8
TRP004993,MANDI-012,Export-Terminal,08/05/2026 02:54,,9.5,HR76DF1706,DRV330,405.2
TRP004892,MANDI-003,WH-South,09-Jun-2026 15:07:14,2026-06-09T21:25:14,6.3,,DRV916,331.6
TRP007727,MANDI-021,WH-East,2026-07-17 07:58:47,18/07/2026 00:28,16.5,UP50CD8524,DRV614,690.1
TRP009855,MANDI-047,WH-North,02-15-2026 02:04 PM,02-16-2026 10:58 AM,20.9,DL40DF2603,DRV487,930.7
TRP004641,MANDI-026,Export-Terminal,2026-04-22T23:37:38,04-23-2026 03:07 PM,15.5,UP62DF8517,DRV564,793.3
TRP001122,MANDI-011,WH-South,05-01-2026 10:46 PM,,16.9,RJ78BC1965,DRV222,819.7
TRP001252,MANDI-011,WH-West,26-Feb-2026 13:43:06,,16.7,DL86AB1869,DRV246,781.8978146989659
TRP003177,MANDI-003,WH-East,2026-03-12 16:40:00,03-13-2026 02:46 PM,22.1,,DRV859,1282.2
TRP005073,MANDI-015,WH-North,27/05/2026,2026-05-28T01:14:47,6.0,RJ28AB9752,,281.4
TRP003360,MANDI-002,WH-West,31/07/2026 19:04,,,UP51DF6980,DRV816,338.6
TRP009239,MANDI-029,WH-Central,29/07/2026 20:29,2026-07-30 13:47:41,,HR71DF5244,DRV762,1019.6
TRP007984,MANDI-055,WH-West,2026-02-13 14:11:31,14/02/2026,10.8,HR19CD2552,,557.8984407476061
TRP007135,MANDI-041,WH-West,02-14-2026 10:10 AM,02-15-2026 05:16 AM,19.1,UP99BC8109,,920.7
TRP003290,MANDI-031,WH-Central,19/06/2026 01:26,2026-06-19 08:44:55,7.3,UP98BC5491,DRV230,435.2
TRP007033,MANDI-011,WH-North,24-Mar-2026 14:06:51,03-25-2026 01:36 PM,23.5,,DRV515,1340.9
TRP009077,MANDI-009,WH-East,10-Jul-2026 16:59:38,11/07/2026,15.7,RJ66CD8340,DRV480,809.5
TRP003191,MANDI-007,WH-Central,15/06/2026 20:28,15/06/2026 22:52,2.4,HR57AB2894,DRV851,132.7
TRP006162,MANDI-041,WH-West,21/04/2026 11:30,04-21-2026 02:48 PM,,RJ14AB3240,DRV493,135.5
TRP008335,MANDI-019,WH-Central,09-01-2026 12:14 PM,01/09/2026 15:38,,,DRV625,149.0
TRP001052,MANDI-048,WH-Central,05-05-2026 03:01 PM,,15.1,PB70BC6056,DRV941,
TRP004070,MANDI-023,Export-Terminal,06-05-2026 02:33 AM,2026-06-05T21:21:37,18.8,DL23DF8900,DRV939,974.2
TRP007397,MANDI-019,Export-Terminal,2026-01-30T16:30:27,31-Jan-2026 08:42:27,,PB60AB7599,DRV808,956.7
TRP006282,MANDI-028,WH-North,03/05/2026,2026-05-03 21:22:48,9.3,PB47BC2402,DRV721,412.6
TRP000273,MANDI-007,WH-South,15/05/2026 01:06,2026-05-15T14:48:44,13.7,RJ56AB2555,DRV100,818.297712966062
TRP002043,MANDI-011,WH-North,06/01/2026,2026-01-06 16:19:42,7.4,,DRV180,
TRP004764,MANDI-048,WH-North,2026-04-03T05:52:22,2026-04-03 19:10:22,13.3,DL95AB5959,DRV104,744.597918947244
TRP005432,MANDI-005,WH-West,02/02/2026 02:00,2026-02-02 11:12:58,9.2,DL18BC1851,DRV610,469.3
TRP005688,MANDI-029,WH-East,31/07/2026 03:04,2026-08-01T01:52:25,22.8,HR43DF8879,DRV790,1020.9
TRP005776,MANDI-010,WH-Central,2026-06-05T02:05:53,2026-06-06 00:35:53,,,DRV932,
TRP001087,MANDI-056,WH-North,2026-01-15T11:20:16,2026-01-16T03:38:16,16.3,DL91CD8204,DRV501,674.0
TRP006330,MANDI-036,WH-North,06/07/2026 14:54,06-Jul-2026 19:12:48,4.3,PB10BC1258,DRV783,213.2
TRP008674,MANDI-054,Export-Terminal,2026-04-12T23:11:53,2026-04-13T10:11:53,11.0,PB65BC6928,DRV279,617.49827417395
TRP005969,MANDI-051,WH-Central,2026-06-04 17:33:08,06-05-2026 05:51 AM,12.3,,DRV771,
TRP007282,MANDI-016,WH-East,2026-01-09T10:34:06,10/01/2026,14.0,DL97DF1173,DRV480,701.0
TRP004323,MANDI-006,WH-North,02-24-2026 12:12 PM,02-24-2026 11:36 PM,,HR44CD1392,DRV764,682.6
TRP007566,MANDI-002,WH-South,01-24-2026 04:25 PM,2026-01-25 10:31:34,18.1,UP95AB6589,DRV182,820.2
TRP008303,MANDI-038,WH-East,06/02/2026,06-Feb-2026 15:55:12,4.3,RJ80BC4536,DRV664,
TRP006110,MANDI-006,WH-South,09/02/2026 08:43,02-09-2026 07:19 PM,10.6,PB66CD7096,DRV762,532.2
TRP006023,MANDI-016,WH-South,2026-03-30 08:18:14,03-30-2026 12:00 PM,3.7,,,
TRP005594,MANDI-043,Export-Terminal,24/07/2026 04:29,25/07/2026 00:59,20.5,UP16BC8603,DRV674,896.49749440801
TRP009129,MANDI-017,WH-South,01-04-2026 04:28 AM,2026-01-04 13:28:26,9.0,HR25AB4640,DRV707,
TRP004710,MANDI-007,WH-North,2026-04-23 00:12:59,23-Apr-2026 09:00:59,8.8,,DRV325,514.2
TRP004218,MANDI-006,WH-West,05/07/2026 16:03,07-06-2026 04:51 AM,12.8,HR75BC4910,DRV463,712.6
TRP008486,MANDI-030,WH-North,2026-05-15 06:07:12,15-May-2026 10:19:12,4.2,,,225.8
TRP006144,MANDI-001,WH-South,2026-03-18T08:33:16,,13.0,DL47CD5527,DRV122,759.3
TRP007396,MANDI-020,WH-Central,2026-09-09 13:01:49,09/09/2026,9.7,HR49CD6903,DRV471,570.198406370828
TRP003479,MANDI-050,WH-Central,28/04/2026 18:16,2026-04-29 13:16:43,19.0,RJ40CD9062,DRV379,916.0
TRP007746,MANDI-049,WH-East,2026-04-16T18:56:07,2026-04-17 16:26:07,,PB70BC4945,DRV437,1092.3
TRP003925,MANDI-012,Export-Terminal,2026-05-31 11:03:55,31-May-2026 17:09:55,6.1,RJ83CD7923,DRV732,254.69928814915798
TRP001749,MANDI-002,WH-East,14/06/2026 21:28,2026-06-15T00:58:32,3.5,DL41AB5135,,
TRP000733,MANDI-043,WH-West,02-Jun-2026 19:56:45,03/06/2026,6.8,PB83BC2637,,328.4
TRP002554,MANDI-047,WH-Central,07/01/2026,2026-01-08 03:48:42,21.0,UP25DF3660,DRV392,1031.6
TRP005959,MANDI-025,WH-East,11/04/2026 22:08,2026-04-12 16:14:23,18.1,,DRV770,
TRP005404,MANDI-011,WH-West,2026-07-08 07:54:24,2026-07-09T03:42:24,19.8,,DRV487,997.7
TRP002663,MANDI-039,WH-West,2026-05-10T16:55:13,,7.6,DL57CD7018,DRV581,311.3
TRP006513,MANDI-014,WH-South,2026-04-25 05:25:59,26/04/2026 02:01,20.6,DL63DF8647,DRV128,964.9
TRP006366,MANDI-049,WH-South,2026-04-19 18:15:58,2026-04-20 16:51:58,22.6,RJ48BC2413,DRV299,928.2
TRP003114,MANDI-014,WH-East,03-25-2026 12:41 AM,2026-03-25 19:35:38,18.9,UP60BC9895,DRV224,830.3
TRP003304,MANDI-043,WH-West,2026-04-07 02:28:23,07-Apr-2026 11:40:23,9.2,DL50BC6047,DRV333,461.0
TRP001345,MANDI-001,WH-South,08/07/2026,2026-07-09 04:48:59,13.9,UP33DF6893,,693.6
TRP009149,MANDI-021,WH-Central,2026-05-01 14:30:04,2026-05-02T01:18:04,10.8,PB49AB9062,DRV840,626.9
TRP001691,MANDI-005,Export-Terminal,02-Jul-2026 01:02:58,2026-07-02 06:26:58,5.4,HR92CD3463,DRV966,239.3
TRP005823,MANDI-033,WH-North,01-30-2026 02:15 PM,2026-01-31T12:57:12,22.7,RJ59BC4991,DRV709,908.9
TRP007093,MANDI-049,WH-North,2026-07-28 12:38:01,29-Jul-2026 03:38:01,15.0,UP94CD3200,,758.0
TRP005049,MANDI-021,WH-East,31-Mar-2026 13:45:30,2026-03-31 23:51:30,10.1,PB55BC5687,DRV334,567.6
TRP002628,MANDI-046,WH-North,13/03/2026,2026-03-14 03:44:38,19.5,UP30BC7542,DRV739,838.8
TRP003309,MANDI-022,WH-South,24/04/2026,24-Apr-2026 16:06:51,15.4,,DRV962,654.3
TRP001505,MANDI-020,WH-North,07/09/2026,2026-09-08 01:04:21,8.3,DL55AB3305,DRV701,447.49874930014994
TRP001807,MANDI-035,Export-Terminal,02-28-2026 07:57 PM,01/03/2026 05:03,9.1,,DRV242,
TRP006806,MANDI-018,WH-South,24/04/2026 19:46,25/04/2026,13.2,PB95AB4272,DRV644,727.2
TRP005867,MANDI-015,WH-Central,30/06/2026 01:43,2026-06-30 05:55:05,4.2,HR22CD3181,DRV741,
TRP003792,MANDI-016,WH-East,02-04-2026 06:34 AM,05-Feb-2026 01:22:49,18.8,PB62BC2803,DRV419,1106.9
TRP005218,MANDI-039,WH-West,2026-08-13 07:10:22,2026-08-13 18:04:22,,PB12BC8142,,444.4
TRP009900,MANDI-001,WH-Central,03-17-2026 12:33 PM,18/03/2026,18.0,,DRV493,1015.3
TRP009369,MANDI-003,WH-West,24/01/2026 13:55,25-Jan-2026 00:49:34,10.9,HR92DF1298,,459.0
TRP008606,MANDI-022,Export-Terminal,2026-08-06T00:11:15,,4.3,UP47AB7202,,
TRP006138,MANDI-019,WH-Central,08-09-2026 03:50 PM,,9.5,PB85BC7371,DRV452,477.8
TRP008865,MANDI-024,Export-Terminal,05/07/2026 18:41,05/07/2026,5.0,RJ99AB7378,DRV347,291.3
TRP001849,MANDI-051,WH-West,2026-04-01 07:48:26,2026-04-01T14:12:26,6.4,PB13AB5986,DRV672,343.8
TRP004513,MANDI-011,WH-West,2026-08-09 01:08:58,2026-08-09T10:38:58,9.5,DL47BC6782,,
TRP002432,MANDI-046,Export-Terminal,20/01/2026 12:59,2026-01-20T15:17:15,,,DRV919,130.3
TRP004661,MANDI-020,WH-East,2026-07-15T08:21:22,15/07/2026 23:09,14.8,RJ30DF9194,DRV788,843.0
TRP007424,MANDI-033,Export-Terminal,15/01/2026 17:38,01-16-2026 04:02 PM,22.4,,,1294.1
TRP006095,MANDI-025,WH-East,2026-06-28 00:14:37,2026-06-28 08:50:37,8.6,,DRV167,417.098834263894
TRP009752,MANDI-015,WH-Central,2026-02-02 23:16:12,03/02/2026 06:46,,UP35BC8151,DRV424,425.7
TRP000143,MANDI-023,Export-Terminal,02-07-2026 07:45 AM,02-08-2026 04:39 AM,20.9,DL17BC6650,,1094.4
TRP009113,MANDI-037,Export-Terminal,2026-02-15T00:25:05,,17.1,HR21BC1115,DRV964,817.9
TRP006040,MANDI-001,WH-West,03-07-2026 02:12 PM,2026-03-07T17:00:49,2.8,DL38CD7324,DRV921,139.6
TRP005291,MANDI-020,WH-East,2026-05-31 01:36:16,31/05/2026,8.1,DL80DF2490,DRV810,467.9
TRP008084,MANDI-002,Export-Terminal,29-Jun-2026 13:27:49,30/06/2026 12:39,23.2,DL39DF1554,DRV569,1143.6
TRP003410,MANDI-020,WH-Central,06-01-2026 02:08 PM,02-Jun-2026 02:32:30,12.4,RJ47BC6815,DRV874,560.0984345989141
TRP001118,MANDI-008,WH-North,2026-08-20T04:34:03,,24.0,PB65AB8780,DRV910,1249.2
TRP001757,MANDI-023,Export-Terminal,15/03/2026,16-Mar-2026 07:19:25,18.5,RJ94DF1790,DRV204,847.4
TRP000498,MANDI-041,WH-Central,25/08/2026 18:33,2026-08-26T07:45:40,13.2,DL67CD7601,DRV149,652.098177471794
TRP007753,MANDI-053,WH-Central,01-Jul-2026 00:50:28,,10.4,DL60CD2417,DRV297,576.2
TRP000871,MANDI-046,Export-Terminal,09-05-2026 02:07 AM,05/09/2026 19:01,16.9,RJ33AB1830,DRV589,997.3
TRP003358,MANDI-031,WH-West,05-Aug-2026 18:39:44,06-Aug-2026 03:39:44,9.0,PB26CD6852,DRV906,493.0
TRP000913,MANDI-037,WH-Central,2026-01-29 12:51:17,30/01/2026 04:45,15.9,,DRV722,857.99760201012
TRP000722,MANDI-013,WH-West,17/05/2026 07:01,2026-05-17T23:37:00,16.6,HR29AB3943,,721.597983229024
TRP002806,MANDI-056,WH-North,03-24-2026 06:30 AM,24-Mar-2026 14:12:23,7.7,RJ18BC7614,DRV247,386.7
TRP004909,MANDI-006,WH-West,2026-07-27T11:17:57,27/07/2026,12.3,DL29CD8728,DRV527,662.2
TRP000887,MANDI-049,WH-East,2026-03-09 18:24:32,10/03/2026 14:30,20.1,RJ76AB2630,DRV512,1201.1
TRP009979,MANDI-011,Export-Terminal,12/04/2026 12:32,12/04/2026,5.0,UP90AB3455,DRV738,249.8
TRP007183,MANDI-036,Export-Terminal,16/02/2026 20:19,2026-02-17 14:43:26,18.4,PB23AB6087,DRV514,881.5
TRP007809,MANDI-048,WH-Central,09-07-2026 08:54 AM,09-07-2026 11:48 AM,2.9,PB89CD4420,,123.9
TRP001521,MANDI-006,WH-West,2026-01-18 12:59:44,,18.7,UP45CD7816,DRV967,1059.5
TRP009038,MANDI-025,WH-East,2026-01-23 07:00:35,2026-01-23T15:12:35,8.2,,DRV377,
TRP002747,MANDI-015,WH-West,02/02/2026 20:03,03/02/2026,7.8,RJ10DF5641,DRV312,450.5
TRP006190,MANDI-018,WH-East,24/07/2026 09:59,2026-07-24 15:11:42,5.2,PB44DF9123,DRV843,244.2
TRP008474,MANDI-055,WH-North,07/04/2026 12:17,2026-04-07 14:47:49,2.5,DL49CD5156,DRV520,135.0
TRP000315,MANDI-034,WH-West,2026-02-01T13:56:20,2026-02-02T13:20:20,23.4,PB40BC2201,DRV858,1134.596828951844
TRP001800,MANDI-003,WH-North,27/03/2026 23:04,2026-03-28T09:34:05,10.5,PB81BC5600,DRV288,
TRP000328,MANDI-028,WH-Central,2026-02-02 23:24:04,03/02/2026,15.3,HR99AB1018,DRV383,831.6
TRP006157,MANDI-027,WH-West,2026-08-20T02:02:17,08-20-2026 09:56 AM,7.9,,DRV478,349.7
TRP004205,MANDI-025,WH-East,2026-09-01T15:44:20,,15.4,UP17AB7543,DRV904,877.0
TRP005448,MANDI-023,WH-West,2026-05-14T18:12:26,05-15-2026 12:24 PM,18.2,RJ14BC9105,DRV697,821.5
TRP003130,MANDI-021,WH-East,07-29-2026 05:51 PM,30-Jul-2026 00:15:57,6.4,,DRV271,298.3
TRP007478,MANDI-049,WH-Central,2026-04-14 13:28:53,04-15-2026 04:52 AM,15.4,DL72BC3046,DRV545,800.8
TRP008063,MANDI-006,WH-West,2026-03-24 15:26:09,24/03/2026 17:32,2.1,RJ94AB7543,DRV840,
TRP003969,MANDI-010,WH-West,01-Feb-2026 12:57:47,02-Feb-2026 07:51:47,18.9,HR45BC3450,DRV652,1089.0
TRP006339,MANDI-015,Export-Terminal,04-Sep-2026 11:04:16,2026-09-05 08:58:16,21.9,UP50AB2568,DRV494,888.8
TRP006018,MANDI-046,WH-Central,02-20-2026 12:35 PM,2026-02-21T01:59:05,13.4,UP76DF7138,,792.0
TRP001974,MANDI-050,WH-North,2026-05-23 15:25:27,2026-05-24T07:01:27,15.6,,DRV836,850.7
TRP000337,MANDI-005,Export-Terminal,11-Apr-2026 04:10:21,2026-04-11 07:16:21,,HR96DF9304,DRV413,148.9
TRP002765,MANDI-057,WH-North,17-Apr-2026 17:18:42,04-17-2026 11:24 PM,6.1,HR13CD6595,DRV996,300.0
TRP008260,MANDI-023,WH-North,08-Feb-2026 04:36:20,02-08-2026 08:36 PM,16.0,DL46DF5337,DRV272,909.2
TRP000276,MANDI-047,WH-Central,13/05/2026,2026-05-13T11:13:46,2.1,HR90AB8575,DRV119,95.899731972926
TRP002986,MANDI-053,WH-Central,22/01/2026,01-23-2026 10:02 AM,12.0,UP61BC2982,DRV789,665.3
TRP006308,MANDI-007,WH-South,19/04/2026 02:44,2026-04-20T01:38:22,22.9,PB15BC4099,DRV717,1290.9
TRP006380,MANDI-004,WH-Central,27/02/2026,02-28-2026 05:08 AM,11.7,PB32BC9441,DRV999,604.7
TRP003478,MANDI-054,WH-East,2026-05-06T18:18:44,07/05/2026,6.5,HR77BC4602,DRV668,287.8
TRP006502,MANDI-051,WH-East,02-09-2026 12:21 PM,10/02/2026 06:39,18.3,,DRV610,1042.6
TRP003559,MANDI-035,WH-South,2026-06-18T04:55:18,18-Jun-2026 21:19:18,16.4,RJ63DF6404,,962.8
TRP002810,MANDI-036,WH-West,2026-02-27 17:30:54,2026-02-28 11:18:54,17.8,DL14BC3961,DRV238,749.4
TRP009478,MANDI-045,Export-Terminal,02-11-2026 12:04 AM,2026-02-11T12:58:44,12.9,DL25CD9590,DRV684,
TRP004862,MANDI-035,Export-Terminal,2026-02-21 00:13:59,21/02/2026 13:55,,PB53CD8595,DRV246,757.3
TRP007182,MANDI-030,WH-Central,04-04-2026 10:02 PM,2026-04-05T08:32:05,10.5,PB91AB1116,DRV658,533.9985075447601
TRP005247,MANDI-052,WH-East,2026-07-27 06:54:26,,15.4,PB54BC9646,,792.0
TRP003417,MANDI-034,WH-West,2026-05-21 15:04:53,,18.7,UP23AB4973,DRV100,1001.1
TRP000308,MANDI-054,Export-Terminal,27/02/2026 11:37,28-Feb-2026 10:31:39,22.9,RJ16AB6051,DRV800,989.1
TRP003909,MANDI-003,WH-East,2026-05-14 04:54:00,14/05/2026 09:54,5.0,,,239.7
TRP007685,MANDI-043,WH-West,2026-03-31 11:31:25,2026-04-01T05:07:25,17.6,UP49CD6774,DRV248,876.7
TRP000349,MANDI-018,Export-Terminal,2026-08-18 03:02:40,2026-08-18T07:56:40,4.9,DL22AB2762,DRV317,233.0
TRP000827,MANDI-050,WH-Central,2026-05-14 16:49:26,2026-05-15 03:25:26,10.6,PB68DF7067,DRV862,569.4
TRP005297,MANDI-045,WH-Central,2026-03-17 03:15:49,03-17-2026 11:21 AM,8.1,HR12BC4059,DRV805,329.2
TRP009893,MANDI-019,Export-Terminal,08-19-2026 09:48 AM,19-Aug-2026 23:18:53,13.5,HR42BC8002,DRV178,727.4
TRP004483,MANDI-009,WH-North,2026-07-01 04:14:49,2026-07-01T20:50:49,16.6,DL90CD9639,DRV290,853.4
TRP007172,MANDI-013,WH-East,2026-04-02T01:35:35,02/04/2026,14.1,HR29CD8215,DRV440,767.6
TRP003683,MANDI-010,WH-East,30-Mar-2026 15:43:59,30/03/2026 23:49,,PB95DF8443,DRV359,421.8
TRP006409,MANDI-050,WH-South,04-29-2026 07:16 AM,04-29-2026 03:10 PM,7.9,HR62DF9810,DRV114,394.7
TRP008722,MANDI-012,WH-North,2026-07-31 19:31:10,08-01-2026 06:55 PM,23.4,RJ76DF8391,DRV659,1313.4
TRP002054,MANDI-035,WH-East,2026-06-04 03:05:07,06-04-2026 12:05 PM,9.0,,,524.5
TRP000072,MANDI-029,WH-South,2026-07-22T00:20:05,2026-07-22 17:02:05,,DL85DF4744,DRV122,857.2
TRP007916,MANDI-005,WH-South,17/06/2026,2026-06-17T23:51:59,15.0,DL75AB4908,DRV742,754.1
TRP007636,MANDI-042,WH-South,2026-03-02 16:32:22,,7.5,PB37AB6161,,390.4
TRP006849,MANDI-024,Export-Terminal,03/03/2026,03-04-2026 08:15 AM,10.0,PB37AB1258,,517.9
TRP009103,MANDI-038,WH-North,08-30-2026 12:50 AM,30/08/2026,,UP43CD4024,DRV238,
TRP005357,MANDI-055,WH-North,12/06/2026 05:13,13/06/2026 04:37,23.4,DL56CD6158,DRV262,1403.6
TRP001667,MANDI-046,Export-Terminal,04-02-2026 10:29 AM,03/04/2026 09:59,23.5,RJ40DF4317,DRV523,1326.7
TRP007965,MANDI-041,WH-West,2026-08-23 13:11:51,08-24-2026 09:59 AM,20.8,DL37DF3574,DRV704,1019.8
TRP007059,MANDI-038,WH-East,2026-02-05T18:44:55,,11.5,,DRV564,498.5
TRP002689,MANDI-022,WH-North,14/03/2026,2026-03-15T00:02:25,10.8,HR56DF4819,DRV208,440.1
TRP001446,MANDI-004,WH-Central,04-08-2026 10:05 PM,2026-04-09 16:17:03,18.2,,DRV934,728.9
TRP005715,MANDI-052,WH-Central,14/01/2026,2026-01-15T06:51:19,10.7,RJ73DF7323,DRV227,435.1
TRP007530,MANDI-025,WH-North,04-May-2026 18:24:33,04/05/2026,3.8,RJ60DF2731,DRV593,181.8
TRP001696,MANDI-046,WH-North,13/08/2026 04:30,08-14-2026 04:06 AM,23.6,,DRV209,1026.3
TRP002893,MANDI-023,WH-West,15/03/2026 21:47,16/03/2026 19:53,22.1,HR31BC2324,DRV483,961.3
TRP005939,MANDI-011,WH-West,2026-08-16T19:46:49,17/08/2026,19.4,,DRV371,803.2
TRP001575,MANDI-005,WH-West,04/04/2026 05:53,04/04/2026 10:29,,RJ62BC6689,DRV833,230.5
TRP003204,MANDI-039,WH-North,2026-07-04T19:34:38,2026-07-05 15:28:38,19.9,RJ61DF6324,DRV899,1053.9
TRP004406,MANDI-032,WH-West,07/02/2026 17:26,02-07-2026 09:08 PM,3.7,PB72CD6701,DRV163,221.2
TRP001631,MANDI-007,WH-North,01-12-2026 09:08 PM,2026-01-13 14:32:01,17.4,PB47DF9362,,929.297402736602
TRP008130,MANDI-017,WH-East,13/02/2026,,4.2,UP98CD2388,DRV387,207.599419787064
TRP001882,MANDI-021,WH-West,2026-01-29 22:34:39,01-30-2026 06:16 AM,7.7,PB16BC8369,DRV546,311.5
TRP005113,MANDI-049,WH-South,09/02/2026,2026-02-10 11:18:10,20.4,PB90CD5975,DRV186,911.9
TRP005075,MANDI-015,WH-North,06/05/2026 07:39,06/05/2026,13.7,UP99DF3325,DRV404,699.0
TRP008546,MANDI-011,WH-East,02-12-2026 04:27 PM,13-Feb-2026 09:33:57,17.1,HR29AB5473,DRV893,
TRP009177,MANDI-019,WH-Central,16/06/2026 23:59,17/06/2026,6.6,UP51DF1559,DRV998,
TRP006096,MANDI-053,WH-East,2026-03-01 15:02:52,03-02-2026 09:56 AM,18.9,RJ15DF9911,DRV222,771.1
TRP000849,MANDI-042,WH-North,30/08/2026 14:53,31/08/2026,17.9,PB63BC1395,DRV733,1051.4
TRP006536,MANDI-043,WH-East,07-27-2026 01:58 AM,2026-07-27 19:40:11,,PB46DF7878,,853.0
TRP006747,MANDI-038,WH-East,2026-05-18T02:44:06,,18.6,RJ30DF7035,DRV921,948.9
TRP006401,MANDI-041,WH-Central,2026-02-26 02:02:27,2026-02-26 23:50:27,21.8,PB84BC3257,DRV322,1302.2
TRP002878,MANDI-002,WH-Central,2026-08-29T16:25:48,29/08/2026 23:31,7.1,RJ60DF9645,DRV854,419.9988261588
TRP000187,MANDI-021,WH-East,02-26-2026 09:40 AM,26-Feb-2026 14:28:51,4.8,UP21DF8785,DRV616,282.9
TRP003780,MANDI-031,WH-North,2026-08-09 22:38:28,2026-08-10T03:14:28,4.6,RJ93DF5788,,223.0
TRP001831,MANDI-051,WH-Central,04-03-2026 09:38 AM,04-04-2026 04:44 AM,19.1,,DRV525,769.6
TRP002960,MANDI-024,Export-Terminal,2026-05-14 05:01:12,2026-05-15 04:19:12,23.3,,DRV755,1286.7
TRP009612,MANDI-002,WH-West,04-27-2026 07:36 AM,,18.0,UP73DF3393,DRV428,783.6
TRP006959,MANDI-018,WH-West,2026-04-13 16:38:47,14-Apr-2026 11:14:47,18.6,HR64CD7253,DRV830,757.4
TRP005447,MANDI-053,Export-Terminal,2026-01-16 22:51:01,17/01/2026,11.3,DL86AB9610,DRV957,580.5
TRP001235,MANDI-016,WH-North,2026-07-14 00:03:23,2026-07-14 22:51:23,22.8,RJ77CD2108,DRV964,1252.5
TRP006509,MANDI-052,Export-Terminal,2026-06-23 20:14:50,2026-06-24 06:50:50,10.6,PB49BC3293,DRV548,604.6
TRP003916,MANDI-003,WH-West,23-Apr-2026 13:32:02,23/04/2026 23:50,10.3,DL34CD3322,DRV717,595.9
TRP000447,MANDI-039,WH-West,03/01/2026 01:58,01-03-2026 05:58 PM,16.0,UP81CD5324,DRV756,676.8
TRP000845,MANDI-036,Export-Terminal,2026-02-08 21:32:14,09-Feb-2026 15:26:14,17.9,HR36CD3009,DRV964,952.6
TRP008079,MANDI-007,WH-East,08-Mar-2026 15:03:26,2026-03-09T05:03:26,14.0,UP22AB1883,DRV630,785.0
TRP008591,MANDI-055,WH-Central,02-06-2026 06:37 PM,07/02/2026 09:19,14.7,,DRV361,738.097937113834
TRP005901,MANDI-038,WH-West,12/03/2026 16:06,2026-03-12T22:36:40,6.5,HR52AB5839,DRV610,335.3
TRP002441,MANDI-005,WH-Central,2026-03-21 12:18:57,,2.9,HR77CD1184,DRV596,165.3
TRP003104,MANDI-007,WH-Central,2026-04-02T08:11:07,02/04/2026,13.3,RJ69BC9193,DRV432,749.8
TRP009102,MANDI-025,WH-South,2026-01-14 17:50:58,2026-01-15 09:02:58,15.2,UP84CD8238,DRV660,757.2
TRP007403,MANDI-017,WH-West,2026-05-20 02:19:30,20/05/2026 17:25,15.1,HR51DF3012,DRV864,867.5
TRP008080,MANDI-056,WH-Central,08-05-2026 07:55 PM,,15.4,,DRV795,913.3
TRP001295,MANDI-054,WH-West,08-May-2026 14:22:48,,,DL75BC6472,DRV378,825.0
TRP005983,MANDI-036,WH-North,2026-02-26 09:40:28,27/02/2026,18.2,DL71AB3028,DRV821,883.6975301822181
TRP005519,MANDI-030,WH-North,2026-05-16 21:40:13,2026-05-17 17:16:13,19.6,UP31BC7674,DRV308,
TRP009380,MANDI-020,WH-North,2026-09-09 03:59:11,09-09-2026 08:47 PM,16.8,UP95CD4864,DRV191,831.6
TRP005068,MANDI-032,WH-West,2026-07-29 18:29:16,07-30-2026 12:11 PM,17.7,PB85DF6542,DRV136,998.0
TRP003443,MANDI-022,WH-South,08-25-2026 05:07 PM,25/08/2026,2.8,,DRV772,138.599612632404
TRP008786,MANDI-028,WH-South,09/02/2026 03:48,02-09-2026 07:42 AM,3.9,UP11DF9076,DRV743,186.799477920152
TRP007915,MANDI-040,WH-East,03-15-2026 10:13 AM,,7.5,,DRV616,431.1
TRP008675,MANDI-015,WH-East,2026-08-19 01:00:40,2026-08-19T06:54:40,5.9,HR72DF8894,DRV289,262.2
TRP007279,MANDI-025,WH-North,2026-09-07 07:29:12,2026-09-08 07:17:12,23.8,UP19DF5533,,1367.8
TRP000777,MANDI-014,WH-South,21/04/2026 11:22,,15.2,RJ14AB4725,DRV577,654.2
TRP006844,MANDI-015,Export-Terminal,20/08/2026,08-20-2026 11:59 PM,14.1,DL96AB4280,DRV619,610.298294296942
TRP002154,MANDI-016,WH-North,31-Jul-2026 08:47:52,01/08/2026 04:59,20.2,UP64DF3273,,835.6
TRP004921,MANDI-009,WH-Central,17/03/2026,18-Mar-2026 02:03:27,11.0,DL69BC3501,DRV846,
TRP005858,MANDI-039,WH-North,14-May-2026 03:39:52,14/05/2026 22:21,,UP36AB1455,DRV687,968.0
TRP009871,MANDI-027,Export-Terminal,2026-07-02 04:28:41,2026-07-02 08:46:41,4.3,UP58AB1162,DRV637,242.1
TRP009806,MANDI-046,Export-Terminal,28-Feb-2026 21:29:38,2026-03-01 12:47:38,15.3,HR14BC8849,DRV400,775.597832306584
TRP007653,MANDI-041,WH-West,13/04/2026 23:24,2026-04-14 21:12:57,21.8,,DRV649,1187.7
TRP009372,MANDI-016,WH-Central,2026-07-17T19:25:33,,20.5,UP51BC1972,DRV180,1211.7
TRP007515,MANDI-005,WH-West,01-01-2026 09:04 PM,2026-01-02 18:04:22,,,DRV460,1099.2
TRP003184,MANDI-028,Export-Terminal,01/03/2026 21:31,2026-03-02 00:43:21,3.2,PB85AB3392,DRV812,148.2
TRP007404,MANDI-002,WH-West,04/01/2026,05-Jan-2026 12:06:10,13.7,DL42BC6075,DRV211,752.1
TRP003200,MANDI-031,WH-North,2026-05-04T15:09:56,2026-05-05 14:45:56,23.6,DL85AB1447,,
TRP007648,MANDI-017,Export-Terminal,2026-07-28 02:41:41,28/07/2026 12:29,9.8,,DRV784,394.3
TRP001290,MANDI-050,WH-South,2026-05-21T03:42:16,,6.0,DL36DF6538,DRV918,320.5
TRP004582,MANDI-025,WH-North,12/07/2026,13/07/2026 08:30,13.2,PB96DF7672,DRV357,702.3
TRP006753,MANDI-028,WH-West,29-Jul-2026 09:09:47,29-Jul-2026 22:09:47,13.0,DL47AB8783,DRV147,628.6
TRP009296,MANDI-016,WH-North,2026-01-30 20:34:38,2026-01-31T04:22:38,7.8,PB85BC8139,,432.9
TRP007783,MANDI-008,WH-South,2026-07-28 03:23:54,28/07/2026,10.6,UP27BC2169,,591.598346560824
TRP007388,MANDI-031,WH-South,2026-05-06 14:05:40,2026-05-07 07:23:40,17.3,DL37AB5123,DRV708,759.1
TRP004107,MANDI-015,WH-North,2026-07-24T07:39:39,2026-07-25 02:15:39,18.6,PB54BC9504,DRV543,1010.2
TRP004127,MANDI-025,Export-Terminal,2026-02-14T02:45:05,14/02/2026,4.2,PB67DF8293,DRV948,187.6
TRP008545,MANDI-023,Export-Terminal,2026-02-15 17:35:41,15/02/2026 19:53,,DL65CD2383,DRV245,120.1
TRP003967,MANDI-009,WH-Central,13/08/2026 05:32,2026-08-13 19:26:50,13.9,HR53AB7413,DRV972,828.9
TRP001880,MANDI-053,WH-North,26/04/2026 11:23,2026-04-26 16:05:54,4.7,PB42AB1316,DRV257,201.5
TRP008834,MANDI-023,WH-West,09/04/2026,2026-04-10 10:43:48,23.0,DL83BC8607,DRV973,930.6
TRP008110,MANDI-055,Export-Terminal,26/03/2026 00:23,26/03/2026 18:11,17.8,PB11AB2036,DRV481,1018.197154273548
TRP005458,MANDI-044,WH-South,26-Jul-2026 15:40:02,26-Jul-2026 18:40:02,3.0,,DRV539,130.3
TRP001514,MANDI-043,WH-South,08-30-2026 05:12 AM,30/08/2026 14:06,8.9,PB18BC5124,DRV423,392.598902737964
TRP003588,MANDI-057,WH-Central,02/08/2026 20:27,03-Aug-2026 19:33:19,,RJ66AB4471,DRV741,1076.296991892182
TRP008019,MANDI-014,WH-East,05-17-2026 02:40 PM,,16.1,DL43CD1584,DRV226,680.3
TRP003866,MANDI-023,Export-Terminal,14/06/2026 03:40,2026-06-14 20:52:37,,HR25DF5243,DRV292,949.397346559916
TRP002149,MANDI-047,Export-Terminal,08-Aug-2026 18:22:21,2026-08-08T22:04:21,3.7,,,199.5
TRP004132,MANDI-031,WH-West,25-Apr-2026 13:52:17,26/04/2026 10:04,,UP26CD1775,DRV170,
TRP001037,MANDI-007,WH-Central,2026-04-04 05:50:11,2026-04-04 20:32:11,14.7,RJ91BC9727,,731.99795416248
TRP000637,MANDI-050,WH-West,02/04/2026,2026-04-02 18:47:36,9.1,UP97AB4040,DRV585,483.298649244162
TRP006014,MANDI-003,WH-North,18/01/2026 21:19,2026-01-19T03:25:43,,DL15CD2085,DRV998,359.8
TRP004135,MANDI-011,WH-Central,17-Feb-2026 18:38:47,,10.4,HR10CD4940,DRV162,485.3
TRP007040,MANDI-006,WH-East,2026-03-16 18:11:45,2026-03-17 10:47:45,16.6,,DRV346,806.0
TRP001084,MANDI-015,WH-South,03/09/2026,2026-09-03 18:17:49,7.3,,DRV538,311.0
TRP000862,MANDI-013,WH-West,08/03/2026,2026-03-09 02:03:37,22.2,DL74DF6524,,1177.7
TRP005213,MANDI-034,WH-South,20/08/2026 08:44,21/08/2026 05:38,20.9,RJ33CD5531,DRV944,
TRP000904,MANDI-032,Export-Terminal,2026-06-10 01:26:21,10/06/2026 19:50,18.4,UP94CD8118,,928.8
TRP000192,MANDI-056,WH-West,05-05-2026 08:54 PM,06/05/2026,20.4,,DRV730,918.5
TRP000110,MANDI-024,WH-North,07-03-2026 05:32 AM,03-Jul-2026 16:02:00,10.5,DL99CD5879,DRV855,568.198411960548
TRP004456,MANDI-028,WH-South,2026-02-05 21:49:29,2026-02-06 03:55:29,6.1,UP24BC5177,DRV119,360.3
TRP001943,MANDI-045,Export-Terminal,08-Jan-2026 00:30:53,2026-01-08 19:12:53,18.7,RJ60AB2338,,763.9
TRP007804,MANDI-027,WH-West,19/07/2026 16:30,19-Jul-2026 20:18:09,3.8,HR53DF4289,DRV813,226.2
TRP004332,MANDI-020,WH-West,11-Mar-2026 01:31:45,11-Mar-2026 07:37:45,,DL80DF9559,DRV490,273.8
TRP005310,MANDI-007,WH-South,2026-08-14T20:33:02,,18.9,HR13AB8691,DRV931,1004.6
TRP008883,MANDI-030,WH-North,04-20-2026 06:15 PM,21/04/2026,17.6,RJ22CD3389,DRV470,997.7
TRP002041,MANDI-049,WH-South,06/01/2026 17:22,2026-01-07T11:34:32,,PB32DF8785,,
TRP007976,MANDI-020,WH-North,01-Jun-2026 21:30:51,2026-06-02T16:36:51,19.1,PB94AB6198,DRV649,833.297671043162
TRP008347,MANDI-015,WH-East,24/07/2026,25-Jul-2026 16:26:11,20.7,UP46BC1408,DRV676,1096.7969345975519
TRP004879,MANDI-056,WH-South,05/08/2026 02:32,05/08/2026 16:02,13.5,HR52CD4190,DRV324,665.9
TRP004660,MANDI-019,Export-Terminal,2026-03-01 02:01:42,01-Mar-2026 04:43:42,2.7,PB91CD1000,DRV596,131.09963359385398
TRP006992,MANDI-047,WH-West,2026-02-20T08:13:48,20/02/2026 13:31,5.3,DL42AB1232,DRV544,301.9
TRP002776,MANDI-004,WH-North,01-Aug-2026 00:34:18,2026-08-01 21:04:18,20.5,,DRV933,1125.9
TRP004146,MANDI-022,Export-Terminal,06-04-2026 04:00 AM,06-04-2026 09:18 PM,17.3,RJ14AB2335,DRV259,761.1
TRP002324,MANDI-020,WH-Central,08-11-2026 04:53 AM,08-11-2026 03:23 PM,10.5,DL34CD8633,,485.4
TRP000763,MANDI-030,Export-Terminal,16/01/2026 01:19,,21.0,PB48AB3941,DRV778,
TRP002618,MANDI-040,WH-East,06-02-2026 05:00 AM,02/06/2026 07:30,2.5,RJ81BC3956,DRV221,
TRP002412,MANDI-049,WH-Central,07-Aug-2026 07:00:02,2026-08-07 09:30:02,2.5,,DRV713,115.3
TRP001095,MANDI-023,WH-West,09-05-2026 12:44 AM,09-05-2026 11:50 PM,23.1,PB79CD9990,DRV404,1008.0
TRP006730,MANDI-003,WH-North,03-30-2026 04:19 PM,2026-03-30 21:01:46,,PB79CD6465,DRV217,236.599338736124
TRP009588,MANDI-049,Export-Terminal,2026-01-25 04:36:41,25/01/2026 20:42,16.1,UP21CD1976,DRV391,648.1
TRP008099,MANDI-020,WH-East,07/03/2026,2026-03-08 11:02:42,17.4,,DRV297,866.5
TRP003136,MANDI-026,WH-Central,2026-01-13T13:59:09,01-13-2026 07:11 PM,5.2,PB67CD7462,DRV771,
TRP006203,MANDI-021,WH-North,27/04/2026 07:48,28/04/2026 04:30,,DL60AB9900,,897.3
TRP005041,MANDI-012,WH-Central,23-Jan-2026 14:19:19,2026-01-24T00:31:19,10.2,HR44DF2050,DRV514,604.6
TRP005429,MANDI-052,Export-Terminal,22-Mar-2026 10:34:44,2026-03-22 21:34:44,11.0,PB24DF3509,DRV723,620.99826439194
TRP003806,MANDI-056,WH-East,2026-06-21 18:38:47,2026-06-22T03:50:47,9.2,DL58CD5365,DRV510,548.0
TRP000885,MANDI-025,WH-West,2026-01-24 00:43:26,,16.8,UP68BC5391,DRV887,879.7
TRP002655,MANDI-046,WH-North,27/02/2026 18:18,,20.9,UP68AB4454,DRV589,1063.9
TRP005805,MANDI-007,WH-West,31/05/2026 08:14,2026-05-31 12:02:43,3.8,,DRV678,225.9
TRP007523,MANDI-011,WH-Central,2026-04-21 11:58:35,2026-04-21 18:40:35,6.7,DL38CD5618,DRV141,349.5
TRP000465,MANDI-007,WH-West,04/08/2026 08:47,05-Aug-2026 01:29:01,16.7,RJ78BC9422,DRV953,873.5
TRP008907,MANDI-023,WH-West,08-12-2026 11:55 AM,13/08/2026,23.7,PB63CD5850,DRV639,954.197333144588
TRP008237,MANDI-030,WH-Central,2026-08-11 18:14:38,2026-08-11T21:44:38,3.5,,DRV991,
TRP006197,MANDI-038,WH-South,2026-08-30 11:42:48,2026-08-30 17:06:48,5.4,RJ32CD7791,DRV705,268.49924958009
TRP007629,MANDI-051,WH-West,29-Aug-2026 03:28:43,29-Aug-2026 21:46:43,18.3,PB68DF1222,DRV929,1037.5
TRP005193,MANDI-019,WH-Central,06-29-2026 10:26 PM,06-30-2026 12:44 AM,2.3,UP29BC7227,DRV546,95.1
TRP008986,MANDI-053,WH-Central,25/02/2026 17:22,02-26-2026 10:40 AM,17.3,HR44AB8489,DRV596,794.197780322188
TRP002928,MANDI-018,WH-South,2026-04-06T14:02:35,04-06-2026 09:14 PM,7.2,RJ73AB7277,,
TRP005301,MANDI-006,WH-South,01-19-2026 07:46 AM,,17.6,UP68CD7959,DRV286,905.0
TRP002203,MANDI-037,WH-North,04-08-2026 06:11 AM,2026-04-08 14:17:31,8.1,DL47CD2395,DRV610,479.9
TRP006655,MANDI-010,WH-North,26/04/2026,27-Apr-2026 15:49:02,,RJ88BC4756,DRV164,1020.697147286398
TRP009479,MANDI-042,WH-East,09-03-2026 07:57 AM,2026-09-04 06:51:11,22.9,RJ38DF6092,DRV809,1142.8
TRP001263,MANDI-008,WH-North,24-Jan-2026 18:16:42,25-Jan-2026 16:16:42,22.0,UP61DF9293,DRV456,1255.0
TRP005840,MANDI-031,WH-East,20/03/2026 20:14,21/03/2026 09:44,13.5,PB28DF9215,DRV320,719.297989657202
TRP000976,MANDI-001,WH-West,03-18-2026 06:51 PM,19-Mar-2026 01:09:51,6.3,PB92AB6002,DRV962,340.2
TRP006999,MANDI-020,WH-West,03-20-2026 09:20 PM,21/03/2026 16:26,,RJ89BC7159,DRV102,943.2
TRP004926,MANDI-003,WH-Central,04-15-2026 10:56 PM,04-16-2026 02:56 AM,,HR11BC7764,DRV482,175.2
TRP000942,MANDI-009,WH-West,05-27-2026 01:54 AM,2026-05-27T22:18:03,20.4,RJ41CD7239,DRV307,1058.6
TRP005264,MANDI-015,WH-North,06-09-2026 07:13 PM,10/06/2026,20.0,,,1098.696929287318
TRP004724,MANDI-050,WH-West,2026-04-04T05:27:09,05/04/2026,,HR40AB8819,DRV351,878.99754331806
TRP002388,MANDI-045,WH-East,2026-01-31 18:13:16,01/02/2026 04:49,10.6,,DRV400,567.0
TRP007641,MANDI-048,Export-Terminal,03/04/2026 18:40,,2.5,PB54BC5014,DRV133,138.5
TRP005022,MANDI-044,WH-North,09/01/2026 18:18,2026-01-10T00:30:35,6.2,DL70DF8337,DRV951,
TRP004392,MANDI-017,WH-West,06-04-2026 01:37 PM,2026-06-04 22:31:18,8.9,HR30CD6697,DRV439,438.4
TRP005149,MANDI-050,Export-Terminal,24/08/2026,25-Aug-2026 12:39:32,21.8,RJ91DF6739,DRV700,964.4
TRP003222,MANDI-020,WH-North,08-22-2026 11:53 AM,08-23-2026 10:29 AM,22.6,HR21CD6318,DRV680,995.7
TRP003883,MANDI-004,WH-Central,2026-03-29T11:47:54,30-Mar-2026 02:47:54,,HR62DF5926,DRV485,752.4
TRP009816,MANDI-047,WH-East,2026-08-29 21:56:48,2026-08-30 17:08:48,19.2,PB10BC9592,DRV413,1095.3
TRP007225,MANDI-008,WH-West,07/07/2026 17:07,07-Jul-2026 21:25:28,4.3,HR26DF9974,DRV443,179.6
TRP009076,MANDI-040,WH-North,2026-04-24 14:33:32,25-Apr-2026 00:21:32,9.8,DL54AB2726,,548.0
TRP002790,MANDI-002,WH-North,2026-01-30 08:20:32,2026-01-31T02:56:32,18.6,,DRV498,1110.7
TRP000945,MANDI-031,WH-East,03-15-2026 04:10 PM,,5.8,,DRV572,234.4
TRP009267,MANDI-023,Export-Terminal,06-Feb-2026 22:15:59,07-Feb-2026 02:33:59,4.3,HR80DF8869,DRV208,253.099292620934
TRP001858,MANDI-022,WH-East,04-06-2026 09:51 AM,06/04/2026,2.1,UP38BC6177,DRV392,94.1
TRP009018,MANDI-050,WH-North,05-Apr-2026 14:35:21,04-06-2026 09:41 AM,19.1,PB22DF9031,,986.297243429582
TRP004109,MANDI-015,Export-Terminal,03-03-2026 03:07 PM,2026-03-04 14:31:08,23.4,HR61CD3933,DRV756,1015.5
TRP005214,MANDI-030,WH-West,17/06/2026,2026-06-17 23:49:04,17.4,DL26BC2887,DRV482,991.6
TRP008853,MANDI-027,WH-East,20-Jun-2026 19:53:07,21/06/2026,5.8,RJ58DF6451,DRV216,243.5
TRP003256,MANDI-013,WH-Central,2026-08-25T11:46:16,08-26-2026 01:46 AM,14.0,UP26DF5617,,613.2
TRP002691,MANDI-051,WH-West,2026-05-10T07:07:29,2026-05-10 09:07:29,2.0,HR74DF3505,DRV642,88.0
TRP009932,MANDI-016,WH-South,02-13-2026 02:21 PM,13-Feb-2026 23:33:36,9.2,,DRV287,394.7
TRP007408,MANDI-027,WH-Central,09/04/2026 07:03,2026-04-10T04:45:50,21.7,RJ75AB4133,DRV632,1095.1
TRP001320,MANDI-003,WH-West,18-Aug-2026 06:30:47,2026-08-18 14:24:47,7.9,PB97AB5057,DRV467,403.5
TRP007602,MANDI-036,Export-Terminal,2026-01-31 15:35:49,01-31-2026 05:47 PM,2.2,UP32AB3318,DRV915,105.2
TRP005854,MANDI-051,WH-North,02-15-2026 11:30 PM,16/02/2026 20:12,20.7,UP38CD5638,DRV530,1126.9
TRP005163,MANDI-037,WH-East,2026-08-25 18:10:57,2026-08-26 03:28:57,9.3,RJ18DF5586,DRV475,496.1
TRP009429,MANDI-028,Export-Terminal,2026-08-26 23:23:46,2026-08-27 02:11:46,2.8,PB91AB2951,DRV734,117.49967160395
TRP009980,MANDI-024,WH-East,05-Sep-2026 11:42:25,,20.0,,DRV891,1149.2
TRP006495,MANDI-038,WH-West,2026-05-03 21:06:00,,4.1,HR79DF4377,DRV510,219.89938541028602
TRP008585,MANDI-004,WH-South,2026-04-15 03:51:48,,,UP63BC7668,DRV343,300.9
TRP003476,MANDI-009,WH-West,2026-02-11T17:09:14,2026-02-12 02:33:14,9.4,RJ39DF9603,DRV414,
TRP003506,MANDI-053,WH-North,04/04/2026,2026-04-05 09:23:21,10.6,PB19CD8742,DRV982,471.19868306196804
TRP004750,MANDI-019,WH-West,25/01/2026 22:41,2026-01-26 07:17:19,8.6,RJ77DF4843,DRV421,504.6
TRP002478,MANDI-021,WH-North,29-Apr-2026 16:32:10,2026-04-29 20:02:10,3.5,RJ10DF5040,DRV588,168.6
TRP005988,MANDI-028,WH-South,15/07/2026 15:34,16-Jul-2026 05:34:42,14.0,RJ78BC8509,,771.5
TRP009048,MANDI-034,WH-West,04-03-2026 09:27 PM,04/04/2026 06:09,8.7,,DRV306,474.6
TRP007991,MANDI-044,WH-Central,06-30-2026 09:11 AM,30/06/2026 12:53,3.7,DL42DF9596,DRV841,179.2
TRP004502,MANDI-026,WH-North,05-22-2026 06:19 PM,23-May-2026 16:55:02,,UP35DF7865,DRV404,1332.2
TRP005842,MANDI-043,WH-South,2026-08-16 05:47:16,08-17-2026 12:17 AM,18.5,,,981.9
TRP004322,MANDI-042,WH-East,2026-06-26 03:55:32,06-26-2026 03:55 PM,,UP88DF2430,DRV866,553.298453603962
TRP007662,MANDI-055,WH-North,29-Jun-2026 21:14:41,2026-06-30 20:50:41,23.6,UP69CD9676,,983.4
TRP001875,MANDI-020,WH-East,2026-01-03T13:38:15,2026-01-04T04:38:15,15.0,RJ21BC1147,DRV628,789.4
TRP008856,MANDI-006,WH-Central,02-15-2026 02:46 AM,16-Feb-2026 02:04:03,23.3,UP53AB1609,DRV236,1272.5
TRP005762,MANDI-033,WH-South,29/08/2026 03:01,08-29-2026 01:37 PM,10.6,DL20CD7848,DRV145,471.1
TRP009583,MANDI-010,WH-East,22/03/2026 00:35,03-22-2026 09:29 AM,8.9,RJ38CD9199,DRV707,436.598779764124
TRP005097,MANDI-006,WH-Central,11/01/2026,12/01/2026 05:28,8.2,,DRV114,411.0
TRP002905,MANDI-020,Export-Terminal,05-Feb-2026 11:01:21,06/02/2026,16.6,HR90BC7320,DRV262,799.7
TRP000571,MANDI-019,Export-Terminal,2026-02-12 06:31:39,12/02/2026,15.9,PB48AB3640,DRV974,825.7
TRP001449,MANDI-048,WH-South,2026-05-17 01:55:13,17/05/2026,9.2,PB42AB9123,DRV721,
TRP006501,MANDI-014,WH-West,12/06/2026,,10.6,,DRV449,495.6
TRP006812,MANDI-016,WH-West,2026-07-15 15:30:54,2026-07-16 09:42:54,18.2,,DRV759,1038.4
TRP006926,MANDI-030,WH-North,09-Apr-2026 19:06:03,10/04/2026 15:42,20.6,DL45DF9043,,1046.0
TRP008956,MANDI-006,WH-North,08-30-2026 12:28 PM,2026-08-31 12:28:41,24.0,PB96AB8319,DRV146,
TRP007123,MANDI-048,WH-South,01-28-2026 09:58 PM,01-29-2026 07:10 PM,21.2,PB25BC1407,DRV866,
TRP007088,MANDI-046,WH-North,15/03/2026 10:39,2026-03-16T09:39:05,23.0,PB60CD4022,DRV993,1289.8
TRP003227,MANDI-044,WH-North,30/01/2026 17:44,31-Jan-2026 06:14:28,,DL22CD5001,DRV713,557.4
TRP000511,MANDI-032,WH-East,08-Apr-2026 23:44:30,09-Apr-2026 09:02:30,9.3,,DRV816,
TRP003979,MANDI-046,WH-North,2026-02-03T03:00:18,03/02/2026,11.9,RJ21BC9420,DRV989,607.5
TRP004384,MANDI-003,WH-North,2026-01-29 02:42:11,2026-01-29 17:42:11,15.0,RJ13BC4538,DRV347,643.5
TRP008256,MANDI-019,WH-South,2026-05-13 17:45:37,2026-05-14 04:57:37,11.2,PB27DF8584,DRV805,581.1
TRP003540,MANDI-052,WH-South,05-26-2026 03:58 PM,05-27-2026 03:46 AM,11.8,DL72BC5113,DRV822,524.6
TRP007472,MANDI-043,Export-Terminal,02-07-2026 08:41 AM,2026-02-07T23:05:15,14.4,UP56CD8299,DRV539,636.2
TRP007493,MANDI-037,WH-South,2026-01-30 00:07:40,2026-01-30 19:19:40,19.2,RJ25AB7917,DRV938,912.4
TRP005682,MANDI-012,WH-Central,2026-09-07T19:44:46,,20.8,UP24DF6403,DRV606,
TRP002828,MANDI-018,WH-East,06/05/2026 14:04,2026-05-06T19:40:42,,DL60DF9090,DRV709,270.9
TRP009643,MANDI-018,WH-Central,2026-06-01T11:38:13,02/06/2026,21.1,RJ29AB3627,,1165.096743708614
TRP004997,MANDI-023,Export-Terminal,07-24-2026 03:21 AM,2026-07-25T03:21:17,,PB98CD7144,DRV423,1424.096019839874
TRP001339,MANDI-032,WH-North,2026-05-21 21:40:51,2026-05-22T18:58:51,21.3,PB33CD8599,DRV993,
TRP003263,MANDI-039,WH-East,2026-07-23 07:01:15,2026-07-23 21:37:15,,RJ51BC5735,,840.2
TRP005203,MANDI-022,WH-Central,02/07/2026 02:42,2026-07-02T06:24:36,3.7,DL13AB9916,DRV161,165.0
TRP005911,MANDI-026,WH-North,04-10-2026 03:32 PM,2026-04-10 19:08:00,3.6,UP45DF5081,DRV918,202.1
TRP000651,MANDI-035,WH-North,2026-06-08 13:18:34,2026-06-08 23:24:34,10.1,HR32DF4639,DRV607,494.3
TRP002903,MANDI-028,WH-North,2026-08-08T21:37:41,09/08/2026,11.3,UP75CD4411,DRV687,623.398257684276
TRP002259,MANDI-015,WH-North,2026-06-18 11:28:43,2026-06-18 23:46:43,12.3,HR77AB1709,DRV233,725.4
TRP005396,MANDI-052,Export-Terminal,04/02/2026 04:34,2026-02-04 20:40:43,16.1,RJ68DF8271,DRV878,846.0
TRP008050,MANDI-035,Export-Terminal,01-Mar-2026 05:10:08,2026-03-01 19:40:08,14.5,RJ42DF8078,DRV667,592.9
TRP003522,MANDI-041,WH-West,07-21-2026 06:05 PM,2026-07-22 14:59:10,20.9,,DRV282,989.6
TRP002731,MANDI-049,WH-South,2026-07-25T23:04:43,07-26-2026 06:40 PM,19.6,,DRV846,801.3
TRP005999,MANDI-040,WH-South,2026-08-08 03:02:58,2026-08-08T17:14:58,14.2,RJ50DF5543,DRV516,599.098325599374
TRP004479,MANDI-029,Export-Terminal,26/08/2026,26/08/2026 08:56,7.6,PB88DF8546,DRV700,357.8
TRP005661,MANDI-013,WH-South,2026-08-23 01:59:31,23/08/2026,15.6,RJ55CD4894,DRV523,
TRP001597,MANDI-044,WH-South,05-28-2026 12:54 PM,29/05/2026,14.8,,DRV367,836.8
TRP007693,MANDI-023,Export-Terminal,05-31-2026 01:07 PM,06-01-2026 08:19 AM,19.2,RJ47CD7882,,932.9
TRP002585,MANDI-015,WH-Central,2026-03-31 08:35:58,,4.3,HR11AB9908,DRV845,232.7
TRP005941,MANDI-001,WH-West,2026-09-05T10:34:25,2026-09-06T08:58:25,22.4,UP54BC7134,DRV633,1273.3
TRP003197,MANDI-027,WH-West,2026-03-05 11:14:27,06/03/2026,13.4,,DRV129,562.9
TRP006692,MANDI-047,WH-South,2026-05-02 05:29:45,03/05/2026 01:47,20.3,,DRV492,1197.7
TRP005328,MANDI-045,WH-Central,2026-06-18 14:40:07,2026-06-19 00:58:07,10.3,RJ52BC6759,DRV410,540.5
TRP008272,MANDI-057,WH-Central,2026-09-03 15:27:41,2026-09-04 03:21:41,11.9,DL70DF7051,DRV840,601.6
TRP007947,MANDI-008,WH-West,2026-01-09 10:28:15,09-Jan-2026 18:34:15,8.1,RJ27AB7478,DRV826,464.1
TRP001259,MANDI-025,WH-North,26/06/2026 05:40,27-Jun-2026 04:22:59,22.7,UP78CD3209,DRV603,1064.4
TRP005770,MANDI-046,WH-Central,2026-01-02 08:26:58,02-Jan-2026 11:02:58,2.6,UP38CD1573,DRV246,137.8
TRP000992,MANDI-050,WH-South,20/07/2026,2026-07-20T20:32:41,16.4,DL83AB1537,,
TRP003505,MANDI-048,WH-North,2026-05-29 09:18:39,05-30-2026 05:24 AM,20.1,DL81AB7311,DRV255,1052.9
TRP000114,MANDI-034,WH-North,07-28-2026 04:38 AM,2026-07-28T18:56:00,14.3,UP20CD6762,DRV931,575.8
TRP000920,MANDI-040,WH-South,20-Feb-2026 03:55:18,20/02/2026 14:43,10.8,DL24DF8124,DRV256,630.9
TRP002510,MANDI-025,WH-North,02/07/2026,03-Jul-2026 07:23:36,20.0,HR71AB8215,DRV526,
TRP009779,MANDI-004,WH-Central,2026-06-10 17:17:05,06-11-2026 03:41 AM,10.4,RJ98AB5782,DRV495,466.3
TRP000166,MANDI-021,WH-South,2026-08-13 06:39:30,2026-08-13 22:33:30,15.9,PB13DF8303,DRV534,816.6
TRP006459,MANDI-008,Export-Terminal,03-01-2026 10:55 AM,02/03/2026,15.8,,DRV367,676.0
TRP006968,MANDI-034,WH-East,07/04/2026,08/04/2026,23.1,,DRV810,995.7
TRP004604,MANDI-002,WH-West,10-May-2026 06:24:42,10-May-2026 13:48:42,7.4,UP86BC8784,DRV697,386.1
TRP000950,MANDI-051,WH-East,06-01-2026 12:03 PM,,17.6,HR37DF7021,DRV981,870.0
TRP004595,MANDI-044,Export-Terminal,2026-08-03 02:35:39,03-Aug-2026 16:29:39,13.9,RJ84BC7987,DRV721,738.8
TRP006245,MANDI-019,WH-East,28/04/2026 12:45,29/04/2026,18.3,PB81BC5063,DRV471,870.5
TRP003771,MANDI-003,WH-Central,23/05/2026 07:11,,14.9,PB80AB4506,DRV363,723.797977080332
TRP002507,MANDI-036,WH-East,24/05/2026 00:11,2026-05-24 17:29:26,17.3,DL66AB9845,DRV238,980.1
TRP005108,MANDI-051,WH-North,21/01/2026,2026-01-22T03:54:11,,HR24AB2157,DRV454,
TRP002851,MANDI-023,WH-Central,08-Jun-2026 21:54:59,09/06/2026,7.6,RJ30AB5674,DRV986,338.99905254246
TRP007078,MANDI-039,Export-Terminal,01-Apr-2026 03:00:53,2026-04-01 21:12:53,18.2,PB73AB6935,,900.4974832285701
TRP005860,MANDI-042,WH-East,24-Jun-2026 07:47:33,06-24-2026 11:23 PM,15.6,PB96DF6469,,813.6
TRP008093,MANDI-030,Export-Terminal,2026-01-30T01:09:32,2026-01-30 15:39:32,14.5,PB86DF6162,DRV385,849.8
TRP004447,MANDI-007,WH-South,06/02/2026 17:55,2026-02-07 05:19:53,11.4,UP75AB9081,DRV508,591.0983479582541
TRP004461,MANDI-045,WH-West,01/04/2026 04:59,01/04/2026 10:41,5.7,RJ91AB9016,DRV295,242.3
TRP007421,MANDI-031,Export-Terminal,11/01/2026 08:09,2026-01-12T02:03:26,17.9,,DRV117,833.6
TRP002506,MANDI-053,WH-Central,2026-07-05 00:08:06,05-Jul-2026 11:02:06,10.9,UP33CD6477,DRV556,
TRP001115,MANDI-019,WH-East,2026-01-08T13:25:06,2026-01-08 20:37:06,7.2,,DRV663,365.5
TRP008732,MANDI-036,WH-West,05-09-2026 04:57 AM,2026-05-09 13:51:14,8.9,DL68AB5212,DRV308,446.3
TRP000299,MANDI-042,WH-Central,08/06/2026 08:39,06-09-2026 12:33 AM,15.9,DL36AB2884,,822.5
TRP001676,MANDI-014,WH-West,2026-07-13 01:51:06,07-13-2026 08:03 PM,18.2,HR31BC4499,DRV389,764.2
TRP003348,MANDI-047,WH-Central,08-31-2026 02:50 AM,31-Aug-2026 13:56:47,11.1,RJ20BC6780,,534.8
TRP002736,MANDI-035,WH-West,03-05-2026 12:17 AM,,5.2,UP96CD5530,DRV165,263.8
TRP005670,MANDI-022,WH-Central,19/04/2026 18:42,04-20-2026 01:18 PM,18.6,UP94CD3345,,970.9
TRP008333,MANDI-025,WH-North,09-Apr-2026 13:36:44,2026-04-09 21:06:44,7.5,,DRV307,443.7
TRP004989,MANDI-022,WH-West,2026-01-08T15:33:14,2026-01-08 23:39:14,8.1,HR15CD5841,,324.7
TRP004626,MANDI-016,Export-Terminal,28/08/2026 17:14,08-29-2026 04:56 AM,11.7,UP58AB1829,DRV996,474.0
TRP006348,MANDI-050,WH-Central,2026-05-26T23:08:49,27-May-2026 11:26:49,12.3,UP56AB6350,DRV406,718.8
TRP004326,MANDI-052,WH-Central,2026-04-22 00:26:52,2026-04-22T07:56:52,7.5,HR37DF5363,DRV562,385.9
TRP009431,MANDI-028,WH-North,19-Jan-2026 18:01:09,2026-01-19T23:25:09,5.4,PB24BC6708,DRV940,
TRP008263,MANDI-050,WH-West,07-15-2026 05:48 AM,2026-07-15 09:54:57,4.1,,,190.9
TRP004551,MANDI-022,WH-Central,01-13-2026 05:16 AM,13/01/2026 23:34,18.3,UP48DF8798,DRV238,925.7
TRP008385,MANDI-016,WH-North,06-07-2026 12:32 AM,06-07-2026 11:50 PM,23.3,DL63DF4793,DRV742,1098.5
TRP008342,MANDI-001,Export-Terminal,06-22-2026 07:37 AM,2026-06-23 07:25:19,23.8,,DRV878,
TRP002104,MANDI-026,WH-West,2026-01-12 06:44:45,2026-01-13 05:50:45,23.1,PB95DF3707,DRV432,1148.8
TRP005337,MANDI-030,WH-Central,12/04/2026 05:58,12/04/2026 13:46,7.8,HR73AB6624,DRV764,438.99877305646004
TRP006344,MANDI-050,WH-Central,2026-07-19 15:41:48,19/07/2026 21:47,6.1,,DRV459,
TRP007373,MANDI-050,Export-Terminal,04-18-2026 07:06 AM,2026-04-19 02:18:27,19.2,PB64BC3072,DRV876,856.197607040868
TRP008607,MANDI-033,WH-West,2026-06-18T09:21:16,19/06/2026 04:09,18.8,UP87AB6525,DRV609,929.9974007802001
TRP001838,MANDI-027,WH-East,2026-02-26T15:31:18,27/02/2026 06:31,15.0,UP13BC8573,DRV272,
TRP008373,MANDI-005,WH-Central,23/06/2026,24/06/2026 05:47,23.5,DL46AB1702,,1143.8
TRP008652,MANDI-040,Export-Terminal,28/07/2026 00:07,2026-07-28T16:49:04,16.7,HR83DF1720,DRV159,
TRP009832,MANDI-046,Export-Terminal,12/03/2026 11:31,2026-03-12 18:49:01,,PB53DF9931,DRV450,313.9
TRP005711,MANDI-003,WH-North,05-15-2026 01:22 AM,05-15-2026 02:58 PM,13.6,UP15CD3951,DRV849,752.5
TRP000608,MANDI-003,WH-Central,24-Jun-2026 07:02:03,06-25-2026 12:26 AM,17.4,HR75BC2169,DRV293,723.7
TRP006577,MANDI-017,WH-West,06-27-2026 09:39 PM,28-Jun-2026 07:21:35,9.7,PB75BC3842,DRV495,426.0
TRP001094,MANDI-004,WH-Central,02-Jun-2026 04:23:22,06-02-2026 09:11 AM,4.8,DL39AB4427,DRV120,221.79938010005202
TRP009573,MANDI-010,WH-North,2026-07-10T11:18:17,10/07/2026 18:54,7.6,RJ55BC8449,DRV168,343.7
TRP006903,MANDI-049,Export-Terminal,08-20-2026 09:05 AM,21/08/2026 03:41,18.6,DL85BC8975,DRV990,
TRP009326,MANDI-055,Export-Terminal,2026-03-05 05:44:01,2026-03-05 22:02:01,16.3,HR86DF6799,DRV480,
TRP004488,MANDI-007,Export-Terminal,19/02/2026 01:57,2026-02-19T13:51:01,,RJ13BC8548,DRV662,624.8
TRP000161,MANDI-004,WH-Central,2026-06-12 18:52:49,13/06/2026,,UP53DF2007,DRV190,
TRP000204,MANDI-031,WH-West,2026-08-05T02:08:45,,15.3,RJ65BC3872,DRV307,841.3
TRP007666,MANDI-040,WH-West,15/05/2026 09:48,2026-05-16 00:30:11,14.7,HR70BC5962,,860.7
TRP006426,MANDI-004,Export-Terminal,03-Mar-2026 21:07:17,04/03/2026 00:43,3.6,DL58DF9056,DRV736,202.9
TRP004934,MANDI-010,WH-Central,2026-08-20 12:06:47,2026-08-20 15:48:47,3.7,RJ46BC8871,DRV610,181.3
TRP002935,MANDI-033,WH-Central,2026-08-05 19:23:59,2026-08-06 11:11:59,15.8,DL40DF3151,DRV208,
TRP007966,MANDI-052,WH-East,2026-01-10T10:11:52,,4.3,HR70DF1389,DRV313,227.1
TRP002436,MANDI-013,WH-South,01-Apr-2026 08:31:46,,16.6,HR92AB7711,DRV479,700.4
TRP001231,MANDI-018,Export-Terminal,31/07/2026,2026-07-31 18:48:21,4.7,UP80DF1039,DRV790,250.8
TRP009024,MANDI-008,Export-Terminal,07-14-2026 07:43 PM,2026-07-14 23:43:50,4.0,HR62AB9387,DRV591,199.69944186645802
TRP003047,MANDI-049,WH-North,2026-06-20 15:46:58,21/06/2026 09:40,17.9,UP69DF6482,DRV450,947.597351590664
TRP005706,MANDI-045,Export-Terminal,2026-01-13 21:37:25,01-14-2026 02:43 AM,5.1,HR89CD2222,DRV692,241.9
TRP008363,MANDI-050,WH-South,2026-09-03 02:08:34,04/09/2026 00:56,22.8,HR86DF6990,DRV997,1107.6
TRP006290,MANDI-010,WH-North,16/01/2026 18:09,2026-01-17 10:27:50,16.3,,DRV421,895.3974974823559
TRP009784,MANDI-051,WH-East,21/08/2026,2026-08-22 01:31:43,11.3,PB10DF4182,DRV183,627.2
TRP006988,MANDI-023,WH-East,2026-08-15 21:10:15,2026-08-16 04:16:15,7.1,UP75AB6036,DRV407,365.3
TRP004252,MANDI-018,WH-North,08-26-2026 10:58 PM,2026-08-27 01:58:17,,UP14AB8215,DRV736,
TRP006087,MANDI-038,WH-South,2026-04-15 19:19:56,04-16-2026 08:37 AM,13.3,HR95AB8660,DRV850,654.3
TRP003294,MANDI-010,WH-North,07-30-2026 11:30 PM,31/07/2026 06:06,6.6,,DRV185,296.9
TRP004035,MANDI-043,WH-North,11-May-2026 00:05:47,11/05/2026 22:23,22.3,DL22CD7374,,973.8
TRP002726,MANDI-037,WH-West,2026-02-22 08:01:42,02-23-2026 05:01 AM,21.0,,DRV464,1017.6
TRP004291,MANDI-032,Export-Terminal,29-Apr-2026 00:18:08,04-29-2026 10:18 PM,22.0,DL42AB4744,DRV221,1120.5
TRP004335,MANDI-024,WH-North,05-Jan-2026 06:54:20,2026-01-05 18:24:20,11.5,DL22CD2751,DRV429,615.9
TRP006465,MANDI-001,Export-Terminal,2026-06-11 19:54:21,06-12-2026 12:54 PM,17.0,PB75DF3472,DRV577,758.697879539718
TRP003878,MANDI-031,WH-East,22/01/2026 00:35,23-Jan-2026 00:11:46,23.6,RJ95DF5891,DRV743,1157.5
TRP005928,MANDI-056,Export-Terminal,28/03/2026,29/03/2026 01:09,3.3,RJ35DF4129,DRV750,147.0
TRP006142,MANDI-034,WH-North,2026-03-29 22:36:25,,4.4,,DRV110,251.2
TRP004754,MANDI-011,WH-South,18-Jan-2026 00:20:42,2026-01-18T13:26:42,13.1,UP45BC6948,DRV549,742.6
TRP004887,MANDI-053,WH-North,2026-02-16 04:20:16,2026-02-16 20:02:16,,HR69DF5305,DRV969,747.8
TRP000858,MANDI-045,WH-Central,2026-03-18T09:45:42,2026-03-19 03:09:42,17.4,DL90DF4040,DRV250,
TRP009367,MANDI-030,WH-West,22/03/2026 16:35,22/03/2026 21:53,5.3,DL34DF4703,DRV725,241.8
TRP008709,MANDI-028,WH-Central,02/03/2026,03/03/2026,15.1,,DRV801,643.7
TRP002562,MANDI-006,WH-Central,2026-03-07 02:21:09,2026-03-07 22:27:09,20.1,UP19DF2347,DRV534,825.0
TRP003802,MANDI-033,WH-East,03-31-2026 09:24 PM,04-01-2026 06:42 AM,9.3,DL27AB6730,,515.198560088128
TRP002641,MANDI-053,Export-Terminal,2026-05-03 19:23:39,04/05/2026 02:35,7.2,PB70CD3141,,
TRP005456,MANDI-024,Export-Terminal,2026-05-10 07:38:39,10/05/2026,2.4,HR69DF5908,DRV701,109.4
TRP006108,MANDI-033,WH-Central,2026-03-01T09:17:40,03-01-2026 04:41 PM,7.4,RJ73CD7737,DRV337,362.3
TRP004491,MANDI-053,WH-West,05/03/2026 13:15,03-05-2026 05:15 PM,4.0,HR94AB1749,DRV627,187.3
TRP002348,MANDI-037,WH-North,24/03/2026 22:20,2026-03-25T19:44:29,21.4,,DRV565,1013.49716740939
TRP000650,MANDI-003,WH-Central,06/09/2026 09:02,2026-09-06 14:02:26,5.0,DL83AB1726,DRV562,239.0
TRP002782,MANDI-038,WH-South,2026-03-14T04:31:37,2026-03-15T04:25:37,23.9,PB30DF1221,DRV883,
TRP009415,MANDI-055,WH-Central,2026-05-20 08:30:58,20-May-2026 11:30:58,3.0,PB59CD2999,DRV833,157.7
TRP008900,MANDI-020,WH-Central,2026-08-19T07:09:08,08-20-2026 12:15 AM,17.1,,DRV944,921.8
TRP009026,MANDI-003,WH-South,04-24-2026 04:52 PM,24/04/2026 21:34,4.7,UP38BC1705,DRV472,253.49929150299002
TRP008211,MANDI-041,Export-Terminal,03/06/2026 19:35,2026-06-04 15:53:05,20.3,,DRV919,1162.8
TRP000616,MANDI-042,WH-Central,2026-04-16 15:24:04,17/04/2026 09:18,17.9,,,894.7
TRP009829,MANDI-051,WH-West,19/07/2026,2026-07-20T07:09:31,,RJ35CD9221,,459.4
TRP002576,MANDI-033,WH-Central,2026-01-13 18:36:13,2026-01-13 22:12:13,3.6,HR13BC3876,,182.7
TRP000054,MANDI-055,WH-West,01-05-2026 02:51 AM,,20.5,PB53BC2295,DRV354,1073.2
TRP003341,MANDI-057,WH-Central,2026-03-29T01:58:41,2026-03-29T19:34:41,17.6,RJ22AB3563,DRV698,750.6
TRP007661,MANDI-046,Export-Terminal,07-15-2026 01:04 AM,2026-07-15T12:22:28,11.3,DL31BC6739,DRV237,656.2
TRP001706,MANDI-042,Export-Terminal,21/06/2026 04:09,2026-06-22T04:03:40,23.9,UP82BC1359,DRV684,1421.6
TRP009424,MANDI-045,WH-West,2026-08-08 00:19:35,2026-08-08T21:37:35,21.3,,DRV511,
TRP005964,MANDI-007,Export-Terminal,29/01/2026,2026-01-30T18:57:46,21.7,PB31DF9748,DRV179,1103.4
TRP001494,MANDI-056,WH-South,2026-03-05 09:55:54,05-Mar-2026 14:07:54,4.2,DL83DF5705,DRV479,191.1
TRP004956,MANDI-018,Export-Terminal,04-06-2026 06:18 AM,06/04/2026 23:24,17.1,HR14BC4388,DRV204,748.9
TRP006146,MANDI-049,WH-South,10-Mar-2026 16:44:10,03-11-2026 05:14 AM,12.5,PB64DF6016,DRV904,732.6
TRP000804,MANDI-030,WH-West,2026-05-07T07:11:51,05-07-2026 09:53 AM,2.7,,,135.5
TRP004954,MANDI-051,WH-South,06/05/2026,05-07-2026 02:24 PM,16.9,RJ70DF9214,DRV993,745.5
TRP007553,MANDI-030,WH-South,2026-02-04T16:53:29,04/02/2026 20:47,3.9,,DRV877,209.4
TRP007400,MANDI-024,WH-West,05-29-2026 08:11 AM,2026-05-29T12:35:55,4.4,PB90CD2884,,
TRP000991,MANDI-006,WH-South,21-Aug-2026 14:41:07,08-22-2026 03:59 AM,13.3,PB40BC3332,DRV743,705.0
TRP002775,MANDI-011,WH-East,26-Apr-2026 20:39:06,04-27-2026 08:27 PM,23.8,UP77BC4530,DRV694,1318.4
TRP008684,MANDI-023,WH-South,02-Sep-2026 17:52:59,03-Sep-2026 00:28:59,6.6,UP81DF3567,,276.3
TRP008580,MANDI-008,Export-Terminal,2026-01-08 20:20:49,09/01/2026 09:44,13.4,HR20DF5377,DRV926,562.49842789125
TRP003514,MANDI-039,WH-North,2026-07-24 18:19:26,25/07/2026 14:37,20.3,UP76CD6291,DRV366,924.8
TRP008324,MANDI-025,WH-East,16-Apr-2026 21:39:39,2026-04-17 01:03:39,3.4,PB19BC5198,,203.599430966504
TRP008735,MANDI-023,WH-East,2026-07-15 07:30:40,07-16-2026 07:00 AM,23.5,RJ58CD2592,DRV925,1124.2
TRP000220,MANDI-027,Export-Terminal,04-Jan-2026 20:46:53,05-Jan-2026 10:52:53,14.1,HR69BC2901,DRV913,581.3
TRP009923,MANDI-014,WH-South,01-14-2026 04:17 PM,01-14-2026 09:53 PM,5.6,DL80AB6096,DRV119,224.3
TRP001289,MANDI-031,WH-West,01-Feb-2026 05:53:17,,7.5,,,
TRP003164,MANDI-048,WH-Central,09/09/2026,09/09/2026,11.4,DL18BC6814,DRV450,
TRP004679,MANDI-003,Export-Terminal,2026-08-31 10:58:30,31-Aug-2026 13:10:30,2.2,RJ87BC6772,DRV554,113.9
TRP002619,MANDI-032,WH-Central,18-Mar-2026 12:17:04,19/03/2026 11:53,23.6,UP18BC7894,DRV145,1130.7
TRP003613,MANDI-015,WH-East,2026-03-30 15:36:13,31/03/2026,20.5,,DRV446,831.0
TRP000044,MANDI-045,WH-South,17/05/2026,,2.9,PB17DF1019,DRV549,135.3
TRP008340,MANDI-001,WH-North,06/07/2026,2026-07-06 19:17:22,,,DRV222,139.5
TRP008507,MANDI-043,WH-South,08/08/2026 22:19,2026-08-09 07:31:25,9.2,DL78DF5085,,375.49895053007003
TRP003793,MANDI-024,WH-East,2026-08-10T09:53:54,10/08/2026,,RJ49DF6205,DRV872,310.0
TRP003572,MANDI-001,WH-South,2026-05-14T19:47:59,2026-05-15T13:47:59,,UP92DF2356,DRV470,1046.8970740610662
TRP006177,MANDI-036,WH-West,04/01/2026 18:01,2026-01-04 22:07:19,4.1,PB73AB4041,DRV497,
TRP001504,MANDI-047,WH-West,19-Jun-2026 09:28:47,2026-06-19T17:52:47,8.4,RJ18DF5391,DRV363,
TRP006063,MANDI-050,WH-East,27/03/2026 19:03,2026-03-27T22:03:47,,UP73DF6972,DRV766,174.1
TRP008206,MANDI-038,WH-West,23/03/2026,2026-03-24 11:41:37,12.7,RJ87CD6872,DRV891,715.8
TRP003440,MANDI-053,WH-North,18-May-2026 13:11:40,05-19-2026 05:05 AM,15.9,PB87AB4194,DRV424,894.8
TRP001893,MANDI-023,WH-West,22/01/2026 03:04,2026-01-22 16:28:42,13.4,PB98BC4749,DRV141,744.1
TRP009697,MANDI-031,WH-North,17-May-2026 10:24:49,18-May-2026 08:42:49,22.3,,DRV407,
TRP005256,MANDI-034,WH-South,2026-04-25 05:22:44,,,PB21BC7801,DRV301,938.1
TRP001956,MANDI-045,WH-North,2026-02-26T17:30:06,02-26-2026 07:36 PM,2.1,PB47AB9356,DRV675,121.8
TRP005168,MANDI-017,WH-East,2026-05-12T21:34:35,05-13-2026 09:52 AM,12.3,,DRV762,626.6982484612382
TRP004815,MANDI-029,WH-South,09-07-2026 08:34 AM,07/09/2026,,HR72CD4490,DRV955,442.6
TRP006836,MANDI-034,WH-East,13/05/2026 08:51,05-13-2026 03:39 PM,6.8,,,272.49923840065003
TRP001506,MANDI-020,Export-Terminal,02-05-2026 11:27 PM,06-Feb-2026 15:15:23,15.8,PB98CD5819,DRV644,655.6
TRP000671,MANDI-053,WH-West,2026-02-12 13:53:36,2026-02-13 05:11:36,,HR52DF6124,DRV829,
TRP009266,MANDI-040,Export-Terminal,08-18-2026 09:31 AM,2026-08-19 01:07:45,15.6,HR39DF9505,DRV796,772.2
TRP007681,MANDI-040,WH-West,2026-04-16 17:25:54,17/04/2026,17.4,PB15DF6450,DRV524,1016.9
TRP000898,MANDI-028,WH-Central,17/07/2026 03:03,17-Jul-2026 17:39:31,14.6,,DRV213,619.1
TRP007094,MANDI-033,Export-Terminal,2026-08-17T16:26:59,18/08/2026 12:14,19.8,DL97AB3931,DRV436,1072.5
TRP002667,MANDI-048,WH-Central,13/05/2026,13-May-2026 16:57:32,3.8,PB18CD9835,DRV883,159.2
TRP003194,MANDI-032,Export-Terminal,26-May-2026 13:45:43,26-May-2026 18:45:43,5.0,DL13DF6471,DRV233,274.3
TRP002891,MANDI-031,Export-Terminal,20-Feb-2026 18:03:05,2026-02-21T04:21:05,,PB56AB3367,DRV419,595.7
TRP008167,MANDI-038,WH-West,2026-03-20T00:09:17,2026-03-20 13:03:17,12.9,PB23DF2468,,719.8
TRP006210,MANDI-008,WH-Central,11-Jul-2026 06:48:59,2026-07-11 14:36:59,7.8,PB28DF6109,DRV655,410.698852150998
TRP002622,MANDI-016,WH-South,17-Jul-2026 20:17:37,07-18-2026 01:59 AM,5.7,UP16AB8621,DRV767,317.3
TRP008508,MANDI-039,WH-Central,20/07/2026 08:43,20/07/2026,14.6,DL84DF9763,DRV550,875.8
TRP006493,MANDI-056,WH-West,2026-05-20 21:03:12,05-21-2026 05:33 AM,8.5,DL34CD8891,DRV742,367.6
TRP005814,MANDI-017,WH-Central,07/04/2026 12:23,2026-04-08T05:23:47,17.0,PB59CD1409,DRV527,917.0974368338941
TRP000003,MANDI-033,WH-East,12/08/2026,12/08/2026 20:30,7.6,HR81DF8884,DRV878,360.7
TRP002371,MANDI-011,WH-South,2026-03-02 11:41:59,2026-03-02 20:17:59,8.6,DL30BC3900,DRV307,
TRP003805,MANDI-015,WH-West,2026-06-30 13:32:30,30/06/2026,3.8,PB74BC9857,DRV469,154.2
TRP001770,MANDI-002,Export-Terminal,26-Jun-2026 08:35:49,2026-06-27T08:17:49,23.7,PB78CD4899,DRV648,1191.096671042254
TRP008844,MANDI-041,WH-West,06/03/2026 12:37,06/03/2026,3.6,RJ45CD8833,DRV456,207.4
TRP006568,MANDI-027,Export-Terminal,20/02/2026 23:21,21/02/2026,18.4,RJ22DF3983,DRV184,874.6
TRP000532,MANDI-005,WH-West,2026-01-15 13:33:36,15/01/2026 18:45,5.2,HR53AB3782,DRV171,222.6
TRP008970,MANDI-050,WH-West,2026-08-01T10:54:24,02/08/2026 10:42,,RJ42AB7607,,1050.1
TRP009242,MANDI-029,WH-Central,08-25-2026 06:03 PM,2026-08-26 10:39:18,,RJ11DF7873,DRV905,804.9
TRP008664,MANDI-041,WH-Central,05/02/2026,06/02/2026,11.3,,DRV944,497.0
TRP006623,MANDI-037,WH-Central,02-Jun-2026 22:25:32,03/06/2026,12.0,DL53AB8608,DRV983,483.8
TRP003121,MANDI-022,WH-South,06-11-2026 07:40 PM,12/06/2026 08:22,12.7,UP85DF1220,,669.398129120716
TRP009386,MANDI-003,WH-Central,28/08/2026,29/08/2026,13.2,PB44DF4714,DRV700,683.0980908311341
TRP000732,MANDI-051,WH-South,2026-07-22 14:46:03,22/07/2026 16:46,2.0,UP32BC9645,DRV410,92.3
TRP003407,MANDI-052,Export-Terminal,2026-03-27 13:31:12,2026-03-27T19:37:12,6.1,DL53BC3795,DRV706,257.4
TRP002340,MANDI-052,WH-West,2026-01-29 00:06:16,01-29-2026 10:18 AM,10.2,RJ87CD4646,,491.0
TRP009550,MANDI-042,WH-Central,2026-05-18 14:10:21,19/05/2026 05:46,15.6,DL96CD3365,DRV179,733.2
TRP007635,MANDI-043,WH-West,2026-03-05 09:38:46,05/03/2026,12.6,DL14CD2916,DRV271,622.098261317594
TRP002566,MANDI-044,WH-North,2026-02-08T15:53:02,09-Feb-2026 14:29:02,22.6,HR55AB4357,DRV837,
TRP002582,MANDI-041,WH-East,01-May-2026 05:36:09,05-01-2026 02:12 PM,8.6,DL11DF5293,DRV970,382.1
TRP009306,MANDI-006,WH-West,2026-07-27 03:09:48,28/07/2026,23.9,UP10AB5119,DRV726,
TRP007320,MANDI-050,WH-North,2026-07-08T03:06:29,2026-07-08 19:06:29,16.0,RJ16AB1850,DRV817,794.9
TRP007617,MANDI-037,Export-Terminal,10/02/2026 03:51,10/02/2026 16:51,13.0,PB77BC3112,DRV714,
TRP005984,MANDI-018,WH-West,2026-08-06 18:34:26,07-Aug-2026 14:22:26,19.8,PB67CD3703,DRV611,931.9
TRP006516,MANDI-041,WH-South,2026-08-22T08:16:11,22-Aug-2026 11:22:11,3.1,,DRV189,158.8
TRP009337,MANDI-050,WH-South,2026-08-06T17:08:22,2026-08-07T02:02:22,8.9,RJ15DF8390,DRV100,
TRP001256,MANDI-001,WH-East,22/08/2026,2026-08-22 13:29:22,10.8,RJ37BC7898,DRV976,532.5
TRP002105,MANDI-039,Export-Terminal,01-12-2026 03:44 PM,2026-01-13 14:56:31,23.2,DL29CD5881,DRV630,1365.8
TRP008128,MANDI-039,WH-North,2026-07-09T12:24:01,,5.1,RJ50DF9571,DRV174,262.0
TRP008077,MANDI-021,WH-Central,2026-02-26 02:36:03,26/02/2026,6.3,PB49AB1159,DRV198,350.7
TRP006791,MANDI-030,WH-South,03-18-2026 06:50 PM,2026-03-19 16:56:58,22.1,UP72CD5623,DRV610,1249.6
TRP009517,MANDI-049,Export-Terminal,07-05-2026 04:31 AM,05/07/2026 10:25,5.9,,DRV407,
TRP004995,MANDI-042,WH-Central,2026-04-19 23:35:42,2026-04-20 08:11:42,8.6,PB59CD1164,DRV410,480.6
TRP009331,MANDI-027,Export-Terminal,2026-08-27 12:35:04,28/08/2026 10:05,21.5,HR17AB9456,DRV497,1050.5
TRP000108,MANDI-035,WH-Central,03-06-2026 03:20 AM,03-06-2026 12:08 PM,8.8,RJ26BC7932,DRV885,483.2
TRP005058,MANDI-010,WH-Central,2026-04-18 09:28:24,2026-04-18 15:34:24,6.1,DL65BC5738,DRV119,250.6
TRP007560,MANDI-010,WH-South,25/06/2026,26/06/2026 10:30,13.8,PB13DF3579,DRV871,630.698237281798
TRP004435,MANDI-022,WH-North,2026-06-20 18:51:50,21/06/2026,19.9,UP49AB2316,DRV293,
TRP003485,MANDI-041,WH-South,07-04-2026 11:38 PM,,,RJ49BC8141,DRV496,1196.5
TRP009872,MANDI-032,Export-Terminal,2026-05-18T02:24:19,18-May-2026 14:00:19,11.6,DL24DF9597,DRV199,
TRP005319,MANDI-052,WH-South,01/01/2026,,20.2,,DRV692,906.3
TRP003817,MANDI-023,WH-Central,05-06-2026 01:51 PM,2026-05-07T03:21:56,13.5,UP76BC9026,DRV585,730.8
TRP008049,MANDI-044,WH-East,06/02/2026 11:11,2026-02-07 07:11:28,,DL21BC2369,DRV265,994.097221629674
TRP009262,MANDI-041,WH-Central,07/01/2026 09:56,07/01/2026,11.7,UP74DF4424,DRV932,549.8
TRP002547,MANDI-014,WH-West,04/08/2026 09:37,2026-08-05 01:25:16,15.8,UP82DF8713,,727.0
TRP006055,MANDI-036,WH-East,13/03/2026,2026-03-14 17:56:48,22.0,PB64AB6904,DRV565,1185.796685855012
TRP001622,MANDI-032,WH-South,22/03/2026 01:40,03-22-2026 07:58 PM,18.3,,DRV665,788.6
TRP009799,MANDI-021,WH-Central,01-31-2026 11:24 PM,,2.6,PB35AB2127,,
TRP009027,MANDI-053,WH-North,01/06/2026 22:28,02/06/2026,16.7,DL79DF8554,DRV347,985.9
TRP006811,MANDI-002,WH-North,27/06/2026 12:57,28-Jun-2026 04:57:45,16.0,RJ97AB7264,,923.8
TRP009261,MANDI-044,Export-Terminal,2026-07-04 00:43:02,04/07/2026 22:19,21.6,,,1012.3
TRP001097,MANDI-021,Export-Terminal,05-21-2026 05:36 AM,21-May-2026 09:00:34,3.4,PB53BC7024,,
TRP006943,MANDI-036,WH-Central,05-13-2026 05:50 PM,05-14-2026 04:32 AM,10.7,RJ58DF8950,DRV433,590.0
TRP009860,MANDI-012,WH-West,09/08/2026,09-Aug-2026 13:23:03,6.7,,DRV895,390.398908886656
TRP007406,MANDI-018,WH-South,2026-03-25T10:42:11,2026-03-25T21:54:11,11.2,HR50CD3764,DRV471,533.1
TRP002464,MANDI-046,WH-South,2026-03-24 13:47:35,2026-03-25 00:35:35,10.8,UP31BC8354,DRV560,
TRP007785,MANDI-012,WH-East,2026-03-06 18:42:46,2026-03-07 12:36:46,17.9,DL70BC6753,DRV778,1066.8
TRP001789,MANDI-049,WH-South,12/08/2026 06:25,2026-08-13 05:19:50,22.9,UP57CD1916,DRV774,1142.6
TRP000251,MANDI-037,WH-Central,2026-02-21T03:48:18,02-21-2026 10:06 PM,18.3,,DRV241,979.1
TRP008041,MANDI-031,WH-West,15/08/2026,15/08/2026 15:42,10.0,RJ60CD3144,DRV509,462.198708215708
TRP006752,MANDI-007,WH-East,21-Mar-2026 21:59:44,22/03/2026 14:29,,UP72DF1895,DRV527,944.5
TRP008514,MANDI-038,WH-Central,2026-04-25 03:19:18,26-Apr-2026 02:55:18,,,DRV359,1274.296438509902
TRP000193,MANDI-046,Export-Terminal,2026-05-17T10:34:09,,,RJ29CD5067,DRV396,616.99827557138
TRP000821,MANDI-016,WH-North,25/06/2026,06-25-2026 08:48 PM,17.9,HR11CD2908,DRV687,819.0
TRP004000,MANDI-014,WH-Central,2026-03-29 10:43:45,2026-03-30 01:49:45,15.1,RJ45BC1017,DRV714,712.0
TRP008352,MANDI-022,WH-South,09/01/2026 21:51,10/01/2026,21.1,DL29CD1946,DRV901,1259.1
TRP007830,MANDI-039,WH-Central,20-Apr-2026 22:41:24,21/04/2026 20:53,22.2,UP36DF6731,,1316.9
TRP006232,MANDI-055,WH-Central,23-Mar-2026 16:11:04,03-23-2026 10:35 PM,6.4,,DRV151,295.0
TRP004401,MANDI-043,WH-Central,2026-02-08 05:18:17,2026-02-08T18:30:17,13.2,,DRV755,547.2
TRP009912,MANDI-016,WH-East,2026-01-04T04:58:08,04-Jan-2026 13:40:08,8.7,,DRV150,470.4
TRP005389,MANDI-046,WH-North,2026-05-14 16:30:17,14-May-2026 22:06:17,5.6,HR36AB2881,DRV878,322.3
TRP004167,MANDI-041,WH-North,2026-07-18 03:48:11,07-19-2026 12:24 AM,20.6,DL53AB8282,DRV368,918.8
TRP004952,MANDI-033,WH-South,2026-03-18 04:05:56,2026-03-18 06:23:56,2.3,UP46CD3608,DRV629,134.3
TRP002688,MANDI-024,WH-Central,13/03/2026 22:00,14/03/2026 08:24,10.4,DL75DF2102,DRV151,615.6
TRP004391,MANDI-056,WH-South,2026-07-10T16:20:41,11-Jul-2026 08:50:41,16.5,,DRV342,743.2979225805619
TRP006391,MANDI-004,WH-East,30/05/2026 06:55,31-May-2026 02:25:07,19.5,UP63DF6660,DRV814,801.49775991971
TRP006519,MANDI-050,WH-East,29/05/2026,29/05/2026 14:44,,RJ48DF1799,DRV745,630.9
TRP004928,MANDI-040,WH-West,2026-01-19T03:57:45,2026-01-19T13:15:45,9.3,PB44BC1334,DRV565,
TRP007345,MANDI-031,WH-East,2026-02-20 03:55:34,2026-02-20 07:01:34,3.1,PB31DF2223,DRV468,165.4
TRP005553,MANDI-021,WH-Central,2026-05-18 17:54:46,2026-05-19 13:42:46,19.8,,DRV866,810.6
TRP002608,MANDI-040,WH-South,2026-08-11T06:52:19,11/08/2026 13:10,6.3,,DRV397,375.49895053007003
TRP009772,MANDI-038,WH-South,16/07/2026,2026-07-17 09:13:18,9.5,HR70BC9863,DRV142,433.49878842819
TRP000239,MANDI-038,WH-North,2026-08-14 17:22:58,2026-08-15 03:52:58,,UP56DF6172,DRV290,539.2
TRP004016,MANDI-022,WH-South,25/07/2026 07:27,25/07/2026 19:21,11.9,RJ92DF9305,DRV158,484.0
TRP009633,MANDI-011,WH-North,2026-08-08T00:16:24,08-Aug-2026 18:22:24,18.1,DL13CD6265,,803.3
TRP002978,MANDI-008,Export-Terminal,2026-03-06 05:21:16,,21.9,,DRV300,1305.49635131027
TRP008645,MANDI-043,Export-Terminal,10/02/2026,,18.9,,DRV751,1128.9
TRP009235,MANDI-033,WH-West,10-May-2026 16:21:13,,19.3,HR73BC2425,DRV718,857.2
TRP009108,MANDI-032,WH-East,2026-07-30T21:05:07,31-Jul-2026 05:35:07,8.5,PB36DF5505,DRV882,506.198585241868
TRP005474,MANDI-041,Export-Terminal,08/08/2026 05:07,08/08/2026 18:13,13.1,,DRV523,766.8
TRP000946,MANDI-055,WH-Central,19/06/2026 14:07,20-Jun-2026 02:25:21,12.3,PB20DF2444,DRV655,517.1
TRP006998,MANDI-029,Export-Terminal,08-21-2026 06:44 AM,22-Aug-2026 04:26:04,21.7,,DRV791,883.6
TRP008271,MANDI-039,WH-North,2026-09-05 20:45:16,2026-09-06T00:27:16,3.7,HR99AB9195,DRV585,198.4
TRP005098,MANDI-002,WH-South,26-Jul-2026 08:38:03,26/07/2026 21:38,13.0,PB65AB3042,DRV817,573.5
TRP009820,MANDI-042,WH-East,28/08/2026 12:22,2026-08-28 15:46:46,3.4,UP10BC4331,DRV930,182.3
TRP006871,MANDI-051,WH-South,2026-07-08 03:27:56,07-08-2026 10:21 AM,6.9,DL71BC3009,,375.9
TRP003553,MANDI-044,Export-Terminal,07/05/2026 20:55,2026-05-08 02:31:42,5.6,PB93BC1715,DRV351,
TRP004852,MANDI-032,WH-North,07-Mar-2026 11:23:11,07/03/2026 17:59,6.6,,DRV515,390.298909166142
TRP003361,MANDI-006,Export-Terminal,2026-04-21T19:05:44,2026-04-21 23:53:44,4.8,DL23CD9479,DRV480,281.0
TRP008649,MANDI-022,WH-West,2026-07-27 05:57:14,27/07/2026 15:33,9.6,RJ69DF9162,DRV394,408.3
TRP005629,MANDI-026,WH-Central,2026-05-19T03:33:03,05-19-2026 11:33 PM,20.0,UP72DF1440,DRV757,
TRP002411,MANDI-042,WH-West,06/07/2026,2026-07-07 02:59:51,22.2,UP27CD5416,,1119.6
TRP008145,MANDI-046,WH-East,11-Aug-2026 10:27:11,2026-08-11 16:03:11,5.6,UP39AB4413,DRV256,265.3
TRP004508,MANDI-051,Export-Terminal,23/03/2026 03:13,23/03/2026 09:43,6.5,PB42CD8040,DRV872,265.9
TRP008797,MANDI-055,WH-West,16/08/2026 21:39,17/08/2026 10:51,13.2,PB68CD2373,DRV875,734.5
TRP003983,MANDI-016,WH-West,26/03/2026 23:08,2026-03-27 04:20:40,5.2,HR28DF6508,DRV295,245.7
TRP000147,MANDI-040,WH-East,2026-07-20T18:40:47,2026-07-20 21:40:47,3.0,HR28AB1489,DRV960,159.9
TRP007251,MANDI-015,WH-Central,2026-01-08 18:25:39,08/01/2026 21:07,2.7,RJ38AB3748,DRV149,134.1
TRP002295,MANDI-021,WH-Central,2026-06-04 21:49:31,2026-06-05T11:49:31,,DL35AB4793,,619.598268304744
TRP002254,MANDI-042,WH-West,01-02-2026 03:17 PM,,19.6,UP19DF7460,DRV640,
TRP003612,MANDI-041,WH-North,2026-06-07 17:42:14,2026-06-08 14:42:14,21.0,PB38DF6383,DRV179,
TRP005354,MANDI-040,WH-South,2026-02-03 17:46:27,04-Feb-2026 12:16:27,18.5,RJ69CD3923,DRV635,1049.197067632888
TRP001737,MANDI-027,WH-East,05/02/2026 14:51,,6.6,DL80CD9764,,377.6
TRP006396,MANDI-019,WH-East,15-Aug-2026 16:24:28,16/08/2026 02:12,9.8,HR64DF5298,DRV251,533.698508383218
TRP008538,MANDI-026,Export-Terminal,03-09-2026 12:50 AM,09/03/2026,20.5,PB94AB8896,DRV881,1164.5
TRP000115,MANDI-010,Export-Terminal,2026-08-29T21:51:41,30/08/2026 13:45,15.9,HR42DF3377,DRV285,
TRP009218,MANDI-006,Export-Terminal,06-18-2026 08:26 PM,19/06/2026 07:20,,DL10CD7972,DRV276,
TRP008751,MANDI-005,WH-West,08-Jan-2026 09:07:31,08/01/2026,7.0,,DRV567,344.4
TRP009853,MANDI-005,WH-West,20/08/2026 14:20,,5.5,UP37CD6485,DRV248,311.799128562652
TRP000499,MANDI-016,Export-Terminal,2026-07-15 10:32:37,15-Jul-2026 21:56:37,11.4,DL28AB9826,DRV749,610.4
TRP008164,MANDI-036,WH-South,2026-01-22 04:51:10,23-Jan-2026 01:33:10,20.7,RJ45AB8565,DRV553,911.8
TRP000721,MANDI-005,WH-West,12/01/2026 13:01,13/01/2026 08:01,19.0,,DRV471,1036.5
TRP008013,MANDI-041,Export-Terminal,2026-02-26 00:50:00,26-Feb-2026 15:02:00,14.2,DL83AB4141,,594.0983395736741
TRP009201,MANDI-041,WH-North,28/08/2026 21:23,2026-08-29 19:47:30,22.4,UP56AB6570,DRV853,1328.9
TRP006248,MANDI-051,Export-Terminal,11/08/2026 10:16,11-Aug-2026 15:16:46,5.0,DL33CD6436,DRV276,227.5
TRP006681,MANDI-031,Export-Terminal,06-Sep-2026 01:27:43,2026-09-06T22:15:43,,DL32BC6198,DRV433,
TRP003090,MANDI-031,WH-Central,02/02/2026 12:09,,23.4,UP56BC5121,DRV245,1324.7
TRP007863,MANDI-037,WH-North,2026-05-27 05:44:16,2026-05-27 20:08:16,14.4,RJ79BC5121,DRV739,677.6
TRP007950,MANDI-037,WH-South,25-Jun-2026 01:38:22,06-25-2026 04:02 AM,2.4,HR34BC8833,,120.2
TRP009194,MANDI-045,Export-Terminal,2026-05-30 04:58:58,31/05/2026 00:40,19.7,,DRV390,840.9
TRP000597,MANDI-021,WH-South,24/03/2026 02:35,24-Mar-2026 19:47:37,17.2,DL87AB9417,DRV813,888.99751536946
TRP009456,MANDI-027,WH-Central,07-25-2026 05:08 AM,2026-07-25 23:08:46,18.0,,DRV152,956.7
TRP007170,MANDI-055,Export-Terminal,05-28-2026 02:00 PM,,20.4,HR69CD5714,DRV675,1152.2
TRP007334,MANDI-033,Export-Terminal,2026-06-27 12:28:30,2026-06-28 00:04:30,11.6,PB12CD7180,DRV132,603.7
TRP005165,MANDI-027,WH-North,19-Aug-2026 11:42:41,19-Aug-2026 22:12:41,10.5,PB53DF8826,DRV529,
TRP009510,MANDI-046,WH-South,15-Apr-2026 08:30:16,2026-04-15T14:00:16,5.5,PB39AB5912,DRV359,303.5
TRP001648,MANDI-016,WH-North,23/08/2026 22:12,24/08/2026 21:30,23.3,RJ57AB5537,DRV117,1022.1
TRP006682,MANDI-005,WH-Central,22-Jul-2026 13:17:31,,,DL44DF4102,DRV241,851.6
TRP007540,MANDI-006,WH-West,16/03/2026 19:01,2026-03-17 12:31:45,17.5,,DRV477,
TRP002701,MANDI-047,Export-Terminal,23/02/2026,24/02/2026,16.1,,DRV886,
TRP008076,MANDI-053,WH-North,01-04-2026 05:05 PM,05-Jan-2026 03:59:20,10.9,RJ23DF1062,DRV667,444.298758243702
TRP001701,MANDI-009,WH-Central,09/02/2026,10-Feb-2026 01:59:32,,,DRV959,142.5
TRP009304,MANDI-019,WH-Central,2026-08-06 01:39:58,06-Aug-2026 23:33:58,21.9,DL72DF3681,,911.9
TRP005405,MANDI-038,Export-Terminal,2026-06-08T09:29:17,06-09-2026 08:11 AM,22.7,RJ90DF2380,,1201.1
TRP007854,MANDI-016,WH-East,2026-06-15T18:14:26,2026-06-15 22:14:26,4.0,HR96DF1321,,200.4
TRP008609,MANDI-050,Export-Terminal,27-Aug-2026 17:14:45,2026-08-28T15:26:45,22.2,DL75DF9909,DRV208,924.9
TRP002943,MANDI-043,WH-North,07-10-2026 07:11 PM,11-Jul-2026 14:53:37,19.7,RJ27BC5163,DRV160,807.6
TRP006876,MANDI-041,WH-South,2026-06-18 23:25:51,19/06/2026,15.1,,DRV777,661.2
TRP000087,MANDI-009,WH-Central,01-26-2026 01:22 AM,27/01/2026 00:22,23.0,UP49AB3867,,1140.0
TRP002309,MANDI-018,Export-Terminal,26/07/2026 06:13,,,DL68CD1796,DRV533,620.798264950912
TRP002678,MANDI-049,WH-East,2026-01-30 17:06:37,31-Jan-2026 01:06:37,8.0,HR70AB9500,DRV155,
TRP008549,MANDI-038,Export-Terminal,03-23-2026 02:45 PM,23/03/2026 18:09,3.4,,DRV651,140.6
TRP009946,MANDI-018,WH-North,2026-08-19 10:31:37,08-20-2026 04:43 AM,,RJ79AB7729,,1023.3
TRP002595,MANDI-010,Export-Terminal,2026-08-21T21:47:51,22/08/2026 20:41,22.9,DL40BC5979,,959.8
TRP007278,MANDI-006,WH-Central,04-05-2026 10:35 AM,,6.2,RJ25BC4762,DRV981,303.6
TRP001030,MANDI-048,WH-North,30/07/2026 15:42,31-Jul-2026 07:42:31,16.0,,DRV676,727.9
TRP000137,MANDI-047,WH-Central,26-Mar-2026 03:57:48,2026-03-26T13:15:48,9.3,DL93AB9073,DRV204,542.7
TRP008516,MANDI-032,WH-East,01-01-2026 10:05 PM,,5.5,PB24BC5145,DRV749,232.6
TRP006693,MANDI-005,WH-West,04/05/2026 14:55,,23.0,RJ80CD5972,,964.5
TRP002855,MANDI-019,WH-East,2026-04-04T08:10:59,2026-04-04T22:10:59,14.0,,DRV615,774.5978351014442
TRP004410,MANDI-019,WH-East,2026-03-19 00:14:52,19/03/2026 03:14,3.0,UP94BC8448,,137.0
TRP001201,MANDI-040,Export-Terminal,2026-03-21 00:49:58,2026-03-21 22:55:58,22.1,HR52DF8944,DRV882,1156.3967680238961
TRP004718,MANDI-040,WH-South,01-23-2026 08:00 AM,01-24-2026 07:54 AM,23.9,,DRV268,1409.9
TRP009897,MANDI-019,WH-South,2026-09-03 07:16:28,2026-09-04T00:40:28,17.4,DL80AB8005,DRV144,908.4
TRP009714,MANDI-048,WH-Central,11/08/2026 16:26,12/08/2026 15:38,23.2,RJ79CD5752,DRV353,1246.5
TRP000567,MANDI-004,WH-Central,24-Apr-2026 03:33:28,25/04/2026 02:09,22.6,HR94BC2292,,980.6
TRP007906,MANDI-024,WH-West,2026-07-16 21:18:42,2026-07-17T12:00:42,14.7,UP66CD8265,DRV748,749.7
TRP005934,MANDI-001,WH-Central,2026-03-03T07:11:54,04-Mar-2026 00:53:54,17.7,,DRV891,929.2
TRP005431,MANDI-018,WH-North,05/07/2026 18:22,2026-07-05T20:46:53,2.4,DL99BC3447,DRV523,123.0
TRP005869,MANDI-041,WH-South,07-May-2026 06:16:29,,17.0,PB93BC5957,DRV598,757.9
TRP003928,MANDI-010,WH-West,05-Apr-2026 19:44:48,04-05-2026 10:32 PM,2.8,UP62AB7159,,163.3
TRP006602,MANDI-020,WH-South,2026-08-17 16:28:46,2026-08-18 06:16:46,13.8,HR41BC6382,DRV817,
TRP008766,MANDI-033,WH-South,05-07-2026 08:37 PM,08/05/2026,10.0,UP65DF5368,,435.1
TRP008858,MANDI-016,WH-Central,2026-02-03 02:31:19,2026-02-03 14:19:19,11.8,,DRV810,626.9
TRP007920,MANDI-036,WH-Central,2026-01-30 16:48:29,31-Jan-2026 02:00:29,9.2,HR55BC3722,DRV681,411.9
TRP008316,MANDI-038,WH-North,2026-06-12 13:41:21,2026-06-13T04:41:21,15.0,,DRV354,708.1
TRP007449,MANDI-004,WH-North,01-09-2026 11:07 PM,10-Jan-2026 19:07:25,20.0,RJ98AB1811,,1100.1
TRP009272,MANDI-017,WH-South,21-Jun-2026 18:54:21,22/06/2026 09:12,14.3,RJ25CD2315,DRV667,584.7
TRP008608,MANDI-043,WH-West,30/06/2026 22:14,01-Jul-2026 09:50:57,11.6,HR41DF6981,DRV162,507.9
TRP002331,MANDI-024,WH-South,22-May-2026 13:06:43,05-23-2026 03:18 AM,,DL13BC8055,DRV652,676.7
TRP003516,MANDI-013,WH-Central,29-Jul-2026 14:33:16,29/07/2026,7.0,UP46DF2075,DRV938,339.9
TRP002188,MANDI-010,Export-Terminal,2026-06-04 05:47:33,2026-06-04 18:29:33,,PB31DF4218,,
TRP000196,MANDI-041,WH-East,07-Apr-2026 13:49:31,2026-04-08T02:19:31,12.5,DL43AB7667,DRV174,594.1
TRP008406,MANDI-002,WH-North,2026-09-08 11:45:14,2026-09-09 01:33:14,13.8,,,789.3
TRP006181,MANDI-051,WH-East,27/07/2026 09:18,27/07/2026,7.8,,DRV537,325.6
TRP005060,MANDI-054,Export-Terminal,12/08/2026 18:29,2026-08-13T07:47:56,13.3,,DRV710,625.6
TRP000803,MANDI-040,WH-Central,2026-07-15 13:01:39,2026-07-16T04:01:39,15.0,RJ71DF2991,DRV700,731.097956677854
TRP005716,MANDI-030,WH-South,2026-01-15 03:45:22,15-Jan-2026 12:03:22,8.3,PB42DF7426,DRV214,433.8
TRP009617,MANDI-057,WH-South,23-Jan-2026 10:56:36,,23.8,,DRV361,1087.3
TRP000242,MANDI-035,WH-Central,2026-08-22 09:12:58,22/08/2026 18:06,8.9,DL79DF2042,DRV782,395.1
TRP002069,MANDI-036,Export-Terminal,04/05/2026 15:40,2026-05-05T01:58:35,10.3,HR62AB4714,DRV409,538.4
TRP006315,MANDI-022,WH-East,05/04/2026 03:20,05/04/2026 21:26,18.1,UP51BC2978,DRV756,822.8
TRP009095,MANDI-008,WH-East,14-Jan-2026 08:56:37,01-14-2026 10:44 PM,13.8,PB77DF4348,DRV871,601.1
TRP000645,MANDI-047,Export-Terminal,05/07/2026 12:56,06-Jul-2026 07:08:21,18.2,DL49BC5082,DRV118,
TRP009748,MANDI-057,WH-Central,09/01/2026 13:41,2026-01-09T18:35:05,4.9,RJ63BC8672,DRV613,197.899446897206
TRP005104,MANDI-057,WH-North,01-Sep-2026 02:48:23,02/09/2026 01:54,23.1,RJ22BC4786,DRV410,
TRP005461,MANDI-019,WH-South,28/07/2026,28/07/2026 14:02,,PB44BC7704,DRV971,287.3
TRP001638,MANDI-056,Export-Terminal,2026-03-13 18:12:22,2026-03-14T00:54:22,6.7,RJ54AB7914,DRV399,328.1
TRP000121,MANDI-002,Export-Terminal,2026-06-06 04:39:05,,8.8,DL86DF3217,DRV601,353.1
TRP005874,MANDI-030,WH-South,07-Aug-2026 12:51:05,07/08/2026 22:15,9.4,,DRV864,476.4
TRP002982,MANDI-032,WH-East,22-Mar-2026 04:40:02,2026-03-23 04:04:02,23.4,UP46AB7675,DRV878,1387.5
TRP005070,MANDI-053,WH-West,07-11-2026 09:07 PM,07-11-2026 11:19 PM,2.2,UP41AB6411,DRV225,97.8
TRP003075,MANDI-037,WH-East,12-Mar-2026 11:20:52,12/03/2026 18:14,6.9,,DRV138,334.8
TRP009288,MANDI-010,WH-East,03-23-2026 06:47 AM,2026-03-23 10:17:30,3.5,HR76BC9817,DRV703,196.1
TRP003279,MANDI-031,WH-West,2026-08-30 03:21:12,2026-08-30 23:15:12,19.9,PB83AB5574,DRV316,1177.0
TRP002136,MANDI-026,WH-East,31/08/2026 11:33,31-Aug-2026 19:03:57,7.5,DL37BC4957,DRV808,304.0
TRP006922,MANDI-057,WH-Central,30/08/2026 00:04,30/08/2026,15.6,,DRV834,
TRP004971,MANDI-037,WH-North,02-17-2026 04:46 AM,18/02/2026 03:34,22.8,,DRV752,1138.5
TRP006757,MANDI-003,WH-North,22-Apr-2026 21:00:27,04-23-2026 02:30 PM,17.5,PB19CD4521,DRV976,1039.5
TRP000135,MANDI-015,WH-West,11/08/2026 19:15,12-Aug-2026 08:09:41,12.9,,DRV954,626.1982498586681
TRP004352,MANDI-052,WH-East,06-18-2026 07:13 PM,2026-06-19T09:25:57,14.2,PB17CD1123,DRV572,817.1
TRP005325,MANDI-020,WH-South,2026-02-10 07:41:57,02-10-2026 06:35 PM,10.9,DL51AB6221,DRV758,538.2
TRP006591,MANDI-019,WH-East,29-Mar-2026 04:33:01,29/03/2026 17:09,12.6,HR30AB5167,DRV165,586.6
TRP006715,MANDI-003,WH-South,2026-05-21 04:00:18,2026-05-21 14:30:18,10.5,UP77AB9207,DRV766,432.49879122305
TRP002560,MANDI-045,Export-Terminal,01-25-2026 03:28 PM,26/01/2026,8.7,,DRV924,512.298568193222
TRP000063,MANDI-012,WH-West,25/03/2026 20:45,2026-03-26T00:15:26,,PB14BC7242,DRV407,143.2
TRP001359,MANDI-014,WH-North,20/01/2026 12:47,01-21-2026 02:35 AM,13.8,DL24DF6880,DRV614,597.2
TRP007143,MANDI-055,Export-Terminal,2026-03-26T08:59:40,2026-03-27 02:23:40,17.4,PB72BC5887,DRV242,
TRP007041,MANDI-038,Export-Terminal,03-15-2026 05:08 AM,15/03/2026,17.0,PB33DF1803,DRV489,923.2974195057619
TRP007232,MANDI-038,WH-South,2026-04-10 06:17:01,10-Apr-2026 22:47:01,16.5,,DRV709,
TRP002468,MANDI-041,WH-East,14/08/2026 07:11,2026-08-14 15:17:20,8.1,UP19DF8503,DRV723,410.4
TRP000680,MANDI-028,WH-Central,2026-05-26 05:19:50,26-May-2026 21:25:50,16.1,RJ32BC5741,DRV105,701.8
TRP008075,MANDI-012,WH-East,2026-08-17T22:15:57,2026-08-18 16:57:57,18.7,UP74CD9638,DRV944,885.8
TRP000742,MANDI-029,WH-North,16-May-2026 05:18:02,2026-05-16T16:24:02,11.1,PB60DF6265,DRV215,483.3
TRP005308,MANDI-011,WH-South,2026-09-01T23:36:08,2026-09-02T15:24:08,15.8,UP68DF4608,DRV541,854.4
TRP008276,MANDI-040,WH-Central,06-26-2026 04:12 PM,27-Jun-2026 14:30:58,22.3,RJ78DF3246,DRV492,1014.7
TRP003642,MANDI-052,WH-North,09-May-2026 02:43:14,2026-05-09 07:07:14,4.4,HR35BC6005,DRV324,
TRP000445,MANDI-006,WH-East,2026-08-23 09:20:22,2026-08-23T14:20:22,5.0,UP60CD2900,,264.8
TRP008496,MANDI-037,WH-South,2026-04-01T03:56:39,2026-04-02 03:08:39,23.2,PB36AB3529,DRV907,1173.396720511276
TRP003259,MANDI-052,Export-Terminal,2026-08-03 02:15:56,2026-08-03 20:09:56,17.9,UP49AB5922,DRV637,943.1973638880481
TRP004664,MANDI-039,WH-North,2026-02-18 03:29:49,18-Feb-2026 12:23:49,8.9,RJ97BC6995,DRV180,403.798871435532
TRP001874,MANDI-053,WH-North,2026-01-11 21:23:22,12-Jan-2026 01:41:22,4.3,DL44CD5195,DRV123,177.49950391235
TRP006947,MANDI-038,WH-West,29/04/2026 13:05,2026-04-30 01:53:19,12.8,,DRV889,599.898323363486
TRP002597,MANDI-045,WH-East,01-15-2026 06:11 PM,2026-01-15 20:11:01,2.0,PB30DF1044,DRV350,85.9
TRP001718,MANDI-026,WH-North,2026-02-15T13:51:16,,12.2,,DRV308,545.0
TRP002913,MANDI-012,WH-North,01-Sep-2026 07:13:22,01/09/2026 20:55,13.7,UP66CD4065,DRV100,563.1
TRP002844,MANDI-028,WH-West,2026-08-07 06:55:15,08/08/2026,,,,788.5
TRP004028,MANDI-051,WH-West,2026-05-28 17:05:58,2026-05-28T22:17:58,5.2,RJ71BC6172,DRV867,260.9
TRP005489,MANDI-032,WH-West,02/06/2026,02/06/2026,2.0,,DRV590,84.4
TRP008981,MANDI-004,WH-West,20/03/2026 21:45,2026-03-21T14:33:43,16.8,HR25CD3595,,693.0
TRP004486,MANDI-050,WH-Central,27-Jan-2026 05:39:23,28/01/2026,23.1,,DRV835,1363.6
TRP002557,MANDI-039,WH-South,2026-01-21T13:24:08,,,UP30CD9885,DRV971,522.0
TRP000490,MANDI-013,WH-West,2026-08-14T04:38:47,2026-08-14 14:56:47,10.3,DL59AB9685,DRV502,
TRP000494,MANDI-007,WH-South,2026-03-31 15:35:15,31-Mar-2026 22:17:15,6.7,DL59AB2582,DRV463,290.1
TRP000691,MANDI-016,Export-Terminal,05-01-2026 05:58 AM,2026-05-01 09:28:08,3.5,DL59CD4511,DRV648,
TRP009743,MANDI-037,WH-Central,2026-05-07 19:03:30,05-08-2026 04:15 AM,9.2,UP31BC6134,DRV966,433.0
TRP003822,MANDI-010,Export-Terminal,11/08/2026,08-11-2026 04:09 PM,3.5,UP29AB9215,DRV829,167.8
TRP000603,MANDI-043,WH-Central,27-Mar-2026 02:14:51,,20.8,RJ62CD7552,DRV902,926.7
TRP001912,MANDI-005,Export-Terminal,03/02/2026 19:28,04/02/2026,5.3,,DRV189,307.8
TRP001015,MANDI-052,WH-Central,2026-01-04 11:49:13,2026-01-04T22:19:13,10.5,PB63DF5455,DRV235,470.0986861363141
TRP006909,MANDI-034,WH-Central,2026-08-08T09:34:48,08/08/2026 16:22,6.8,HR73CD5482,,332.4
TRP001994,MANDI-017,WH-West,2026-06-17 14:33:51,,12.8,RJ10CD1747,DRV530,693.2
TRP006292,MANDI-034,WH-Central,05/05/2026 23:32,06/05/2026 13:08,13.6,UP17AB9846,DRV478,651.0
TRP003758,MANDI-049,Export-Terminal,06-24-2026 02:20 PM,25-Jun-2026 09:08:59,18.8,UP76AB8401,DRV983,1053.9
TRP002367,MANDI-016,Export-Terminal,18/08/2026 16:49,08-19-2026 07:49 AM,15.0,,DRV301,866.9
TRP005284,MANDI-054,WH-Central,25/03/2026,2026-03-26 03:09:37,3.4,,DRV259,150.9
TRP004371,MANDI-056,WH-South,06/08/2026,,14.8,RJ15DF7849,,847.0
TRP007501,MANDI-022,WH-Central,2026-06-21 21:36:08,2026-06-22 16:54:08,19.3,UP50DF2825,DRV557,1072.9
TRP007633,MANDI-056,Export-Terminal,05-06-2026 01:17 AM,2026-05-06T22:41:15,21.4,HR88AB9809,DRV967,1111.49689351311
TRP001362,MANDI-043,WH-East,2026-08-08T03:13:52,08-Aug-2026 18:19:52,15.1,,DRV315,712.1
TRP006524,MANDI-045,Export-Terminal,2026-03-18T03:07:28,18/03/2026 12:49,9.7,PB18DF2385,DRV717,
TRP001527,MANDI-057,WH-North,28/07/2026 10:10,28/07/2026 21:46,11.6,HR45BC1192,DRV358,672.2
TRP001328,MANDI-030,WH-North,2026-05-20 10:28:18,2026-05-20 14:40:18,4.2,HR25DF2853,DRV516,250.9
TRP007925,MANDI-012,WH-North,2026-02-18 15:50:28,02-19-2026 02:14 AM,10.4,RJ47DF6743,DRV208,
TRP009644,MANDI-050,WH-South,17/06/2026 10:38,18/06/2026 02:56,16.3,HR19BC3655,DRV263,750.4
TRP001552,MANDI-046,WH-South,2026-04-30 14:38:20,2026-04-30 19:20:20,4.7,DL92DF6099,DRV121,213.7
TRP006839,MANDI-001,WH-North,27/05/2026 22:08,,18.3,RJ80DF1674,DRV572,926.0
TRP008179,MANDI-023,WH-Central,24-Apr-2026 02:04:00,2026-04-24 17:46:00,,PB69CD7898,DRV677,653.898172441046
TRP001338,MANDI-030,WH-West,2026-02-04T00:06:48,2026-02-04 14:12:48,14.1,RJ57BC2451,DRV375,690.5
TRP003902,MANDI-044,WH-Central,04-May-2026 16:11:33,2026-05-05 03:41:33,11.5,RJ91AB5342,DRV224,591.7
TRP003011,MANDI-009,WH-Central,14/04/2026 09:08,2026-04-15T06:32:42,21.4,DL21CD3895,DRV578,879.1
TRP005042,MANDI-011,Export-Terminal,2026-01-12 11:05:16,,5.3,UP43CD3482,DRV214,
TRP009764,MANDI-024,WH-South,21/03/2026 04:42,03-21-2026 11:24 PM,,RJ76DF8637,DRV571,922.3
TRP002251,MANDI-031,WH-North,2026-07-30T19:30:42,,8.6,PB66AB7532,DRV935,372.7
TRP008962,MANDI-010,WH-West,01-Mar-2026 14:01:39,2026-03-01 21:37:39,7.6,,DRV553,341.2
TRP005040,MANDI-047,WH-East,01/09/2026 21:54,,7.2,PB91DF9780,,
TRP002347,MANDI-041,WH-South,01-29-2026 02:14 PM,29/01/2026 21:02,6.8,,DRV516,342.899041642506
TRP009653,MANDI-040,WH-South,07-12-2026 08:03 PM,2026-07-13 12:39:57,16.6,UP32CD9635,DRV453,836.297662658582
TRP005486,MANDI-016,WH-West,2026-03-30T07:36:44,2026-03-30 21:12:44,13.6,DL51CD7707,DRV574,605.7983068738121
TRP009226,MANDI-052,WH-North,22-Apr-2026 10:49:57,2026-04-22 13:31:57,2.7,PB74CD8328,,122.2
TRP002785,MANDI-004,Export-Terminal,07/06/2026 02:44,2026-06-07 08:14:53,5.5,DL26CD7067,DRV492,274.4
TRP005695,MANDI-051,WH-East,10/05/2026,10-May-2026 10:02:50,9.4,RJ63AB4002,DRV828,473.4
TRP005120,MANDI-001,WH-East,07/09/2026 02:56,07/09/2026 14:08,11.2,DL26AB5784,DRV261,450.5
TRP005167,MANDI-045,Export-Terminal,21/07/2026 20:57,22-Jul-2026 15:33:58,18.6,PB58AB5380,DRV597,950.9
TRP005556,MANDI-039,WH-Central,2026-05-15 23:42:46,16-May-2026 23:30:46,23.8,PB76DF4304,,1053.8
TRP005600,MANDI-028,WH-East,2026-04-24 00:30:20,04-24-2026 09:24 PM,20.9,DL52AB2607,,1216.8
TRP007284,MANDI-020,WH-East,2026-02-15T19:39:31,16/02/2026,14.6,PB64CD8052,,594.1
TRP000151,MANDI-022,Export-Terminal,22/05/2026 04:16,22-May-2026 22:16:45,18.0,UP34CD9203,DRV258,949.7
TRP002805,MANDI-010,WH-South,2026-04-08T23:44:08,,13.3,DL73AB7183,DRV540,536.99849916018
TRP006406,MANDI-024,WH-Central,09-Jul-2026 11:26:10,2026-07-09 19:20:10,7.9,HR47DF2886,DRV181,396.4
TRP002087,MANDI-008,WH-Central,01-22-2026 04:16 AM,2026-01-22 14:28:08,10.2,RJ41CD3120,DRV695,559.4
TRP003752,MANDI-033,WH-South,2026-06-03 10:26:48,03-Jun-2026 13:32:48,3.1,RJ53CD8826,DRV407,150.1
TRP005613,MANDI-036,WH-West,06-29-2026 11:20 AM,,7.2,DL99BC5912,DRV798,421.1
TRP002260,MANDI-034,Export-Terminal,27-May-2026 11:25:08,2026-05-28 10:01:08,22.6,,DRV645,1225.3
TRP004018,MANDI-035,WH-North,23/02/2026 23:35,2026-02-24 08:41:16,9.1,UP68CD2491,,440.0
TRP007973,MANDI-033,WH-Central,01-28-2026 12:40 PM,29-Jan-2026 03:58:55,15.3,,DRV703,757.49788289355
TRP006605,MANDI-035,Export-Terminal,22/08/2026 00:27,2026-08-22T08:39:19,8.2,DL41AB8546,DRV828,328.7
TRP002425,MANDI-022,WH-North,06/06/2026 03:24,07-Jun-2026 00:42:15,21.3,HR59BC8259,DRV629,1246.9
TRP004139,MANDI-043,WH-West,24/02/2026,2026-02-25 19:11:21,19.9,DL99BC8750,DRV530,872.0
TRP003857,MANDI-040,WH-West,10/04/2026,11/04/2026 08:31,9.6,UP73DF4763,DRV470,
TRP000860,MANDI-015,WH-North,06-02-2026 06:12 PM,,18.9,DL52CD1210,,804.5977512556441
TRP005368,MANDI-025,WH-North,2026-04-21T00:13:40,21-Apr-2026 12:19:40,12.1,PB31DF8292,DRV619,609.698295973858
TRP002963,MANDI-033,WH-South,2026-05-31 19:43:36,01/06/2026 07:13,11.5,DL56BC8247,DRV842,497.5
TRP008552,MANDI-012,WH-West,08-Apr-2026 10:46:25,2026-04-09T06:40:25,19.9,PB26DF3235,DRV808,1189.2
TRP007964,MANDI-037,WH-Central,2026-03-13T00:09:45,2026-03-13 14:45:45,14.6,DL78CD4183,DRV349,603.5
TRP008909,MANDI-042,WH-West,2026-06-25 11:27:01,2026-06-26 01:51:01,14.4,HR68AB8032,DRV459,670.0
TRP004740,MANDI-021,WH-North,07/06/2026,07-Jun-2026 12:12:15,11.9,DL89BC3586,DRV555,552.8
TRP008940,MANDI-019,Export-Terminal,08-29-2026 12:07 AM,29/08/2026 14:13,14.1,,DRV388,620.8
TRP004463,MANDI-054,WH-West,08-27-2026 01:03 PM,2026-08-28T08:03:47,19.0,DL91AB2852,,1138.6
TRP005529,MANDI-027,Export-Terminal,07-16-2026 03:31 AM,2026-07-16T06:31:54,3.0,DL88DF4787,DRV946,152.1
TRP001365,MANDI-016,Export-Terminal,2026-07-15 22:13:29,2026-07-16 22:07:29,23.9,RJ44BC1991,DRV107,1118.2
TRP001780,MANDI-037,WH-East,21/03/2026,2026-03-21T17:49:58,10.2,DL75BC8044,,438.7
TRP007458,MANDI-047,WH-North,17/05/2026 12:56,17/05/2026 18:26,5.5,HR66BC4432,DRV684,298.7
TRP004786,MANDI-051,WH-East,18/05/2026 15:36,18/05/2026,4.9,RJ83DF2771,DRV742,202.49943404085002
TRP008327,MANDI-045,WH-South,22/05/2026 22:20,23-May-2026 13:44:11,15.4,DL68CD3376,,696.8
TRP001819,MANDI-022,WH-West,2026-03-17 16:44:24,,16.8,DL41BC9397,DRV477,775.8
TRP000370,MANDI-013,WH-North,29/03/2026 23:11,30/03/2026 12:17,13.1,HR34CD6752,,707.6
TRP004938,MANDI-030,WH-East,2026-04-20 22:22:34,21/04/2026 03:58,5.6,UP25DF8895,DRV966,283.7
TRP002705,MANDI-048,WH-West,25/08/2026,08-25-2026 09:21 AM,5.8,PB78DF1394,DRV390,306.3
TRP005286,MANDI-008,WH-East,2026-08-29 12:12:55,2026-08-29 22:36:55,,RJ25AB8013,,471.6
TRP000176,MANDI-004,WH-South,08/09/2026 22:29,09-09-2026 12:59 PM,14.5,HR59CD2242,DRV216,
TRP008138,MANDI-029,WH-East,2026-08-02T04:44:43,02/08/2026 12:26,,UP48AB8659,DRV447,311.2
TRP002094,MANDI-026,WH-North,2026-02-16 05:22:07,17-Feb-2026 04:16:07,22.9,RJ87BC6308,DRV360,1149.7
TRP008840,MANDI-030,Export-Terminal,2026-01-31T19:33:35,01-Feb-2026 04:15:35,8.7,RJ27BC1589,DRV527,416.8
TRP003492,MANDI-032,Export-Terminal,2026-08-14 09:27:51,14-Aug-2026 17:27:51,8.0,PB23AB9948,,327.5
TRP001921,MANDI-057,Export-Terminal,24/07/2026 16:45,2026-07-25T08:15:00,15.5,HR11DF6983,,697.5
TRP000083,MANDI-046,WH-East,2026-08-17 12:34:39,2026-08-17 15:16:39,2.7,,DRV152,125.1
TRP000817,MANDI-044,WH-North,30-Mar-2026 18:59:31,31-Mar-2026 05:59:31,11.0,DL46AB3890,DRV584,481.6
TRP008948,MANDI-006,WH-West,2026-06-11T04:24:10,,,RJ95AB3545,DRV179,788.6977956939181
TRP009718,MANDI-024,WH-West,2026-05-02T18:24:33,2026-05-03 16:30:33,22.1,PB54DF5140,DRV191,1220.4
TRP004397,MANDI-039,WH-East,04-26-2026 08:17 PM,04-27-2026 05:35 AM,9.3,UP66CD2128,DRV516,556.1984454988681
TRP009049,MANDI-020,WH-South,10/01/2026 08:00,11-Jan-2026 02:54:46,18.9,UP59AB9404,DRV441,855.7
TRP005569,MANDI-057,WH-Central,2026-05-19 20:26:49,05-20-2026 09:14 AM,12.8,RJ87AB8865,DRV953,634.8
TRP000284,MANDI-052,WH-East,2026-03-14 08:15:40,2026-03-15T01:15:40,,RJ42AB2660,DRV202,754.4
TRP009803,MANDI-052,WH-Central,03-21-2026 06:17 PM,21/03/2026 20:17,2.0,DL34DF3497,DRV444,86.5
TRP004121,MANDI-053,WH-Central,03/08/2026 08:11,2026-08-03 15:47:35,7.6,DL99AB3478,DRV103,346.1
TRP008137,MANDI-051,WH-West,2026-07-31 01:46:18,2026-07-31 05:10:18,3.4,UP45BC9766,DRV205,
TRP000610,MANDI-032,WH-West,05/05/2026 16:17,05/05/2026 23:35,7.3,UP23AB5773,DRV643,292.2
TRP002916,MANDI-005,WH-East,24/02/2026,2026-02-25 16:48:25,16.9,PB50CD1633,DRV492,996.9
TRP001814,MANDI-057,WH-South,08-06-2026 08:57 AM,07-Aug-2026 00:39:23,15.7,UP29BC2722,DRV145,887.7
TRP001272,MANDI-023,WH-West,27-Jan-2026 14:16:15,28/01/2026 02:40,12.4,RJ39AB3071,DRV690,539.6
TRP004948,MANDI-007,Export-Terminal,2026-02-27 22:29:58,28/02/2026 19:59,21.5,UP28CD5855,DRV169,988.5
TRP009982,MANDI-003,WH-South,26/03/2026 17:38,03-26-2026 09:32 PM,3.9,PB34BC3012,DRV182,225.79936892061198
TRP002995,MANDI-057,WH-West,18/05/2026 06:11,2026-05-18T22:17:17,16.1,RJ86AB9562,DRV559,686.4
TRP009857,MANDI-002,Export-Terminal,2026-09-02T07:59:12,03/09/2026 02:05,18.1,PB73AB3317,,783.0
TRP007310,MANDI-045,WH-South,21/08/2026 09:07,08-21-2026 07:19 PM,10.2,RJ79BC7633,DRV690,574.2
TRP006105,MANDI-055,WH-West,2026-01-05T16:07:28,2026-01-06T07:01:28,14.9,RJ53AB8292,DRV441,634.4
TRP008002,MANDI-023,WH-East,30-Jul-2026 08:50:59,31/07/2026,23.7,PB38BC5225,DRV644,1419.8
TRP002643,MANDI-052,WH-South,07-27-2026 04:36 PM,28/07/2026,16.0,DL75AB9006,DRV512,800.5
TRP007149,MANDI-019,WH-South,26-Jul-2026 13:52:38,,,UP99BC9247,DRV399,557.5
TRP004509,MANDI-041,WH-East,25/06/2026 08:53,06-25-2026 12:11 PM,3.3,HR86BC6374,DRV419,143.49959893758998
TRP002306,MANDI-032,WH-Central,2026-04-12T11:15:41,04-13-2026 01:45 AM,14.5,UP81AB9009,DRV198,
TRP007096,MANDI-024,Export-Terminal,2026-06-25 20:04:46,2026-06-26T11:16:46,15.2,DL13BC4465,DRV409,845.3
TRP006832,MANDI-013,WH-South,07-Jun-2026 07:12:14,2026-06-08T01:18:14,18.1,DL80CD9551,DRV247,817.0
TRP004196,MANDI-017,WH-West,2026-08-02 13:53:04,02-Aug-2026 17:53:04,4.0,RJ25DF1762,,218.5
TRP005563,MANDI-009,WH-South,31/05/2026,31-May-2026 23:53:37,13.4,DL41DF9384,DRV468,
TRP004841,MANDI-005,WH-South,2026-04-11 14:42:27,12/04/2026 05:18,14.6,UP40CD7139,DRV271,657.6
TRP004656,MANDI-048,WH-East,08-06-2026 12:13 AM,2026-08-06 13:49:02,13.6,RJ99DF8819,DRV497,563.0
TRP008501,MANDI-048,WH-Central,2026-08-22 16:51:18,08-23-2026 12:15 PM,19.4,HR74DF7076,DRV115,860.1
TRP004169,MANDI-020,WH-Central,10-Feb-2026 05:46:48,,7.2,,DRV331,332.2
TRP003850,MANDI-056,WH-Central,2026-02-09 21:42:52,2026-02-10T15:06:52,17.4,HR20CD3098,,995.9
TRP008820,MANDI-003,WH-South,01-11-2026 05:54 PM,11/01/2026 22:12,,DL95CD6583,DRV520,257.4
TRP008736,MANDI-032,WH-East,2026-07-20 09:56:11,,6.8,PB66BC9160,DRV280,
TRP005254,MANDI-029,WH-West,2026-03-24 04:50:43,24-Mar-2026 17:02:43,,RJ39CD5803,DRV522,575.598391278584
TRP009955,MANDI-026,WH-North,24/04/2026 05:13,,6.8,,DRV896,348.6
TRP005534,MANDI-054,WH-West,2026-04-06 05:35:04,,23.4,HR10CD5728,DRV778,1325.2
TRP002415,MANDI-021,WH-East,16/01/2026 04:58,2026-01-16 12:46:09,7.8,PB65CD7503,DRV464,402.0
TRP003555,MANDI-016,Export-Terminal,2026-06-21 08:48:51,06-21-2026 10:54 PM,,RJ89BC5291,DRV172,632.6982316920781
TRP004692,MANDI-020,WH-South,24/04/2026,2026-04-24 22:49:42,6.8,RJ76BC9739,DRV849,276.8
TRP004499,MANDI-039,Export-Terminal,2026-01-27 09:33:41,01-27-2026 02:39 PM,5.1,DL97CD9322,DRV547,249.8
TRP002196,MANDI-037,WH-South,2026-03-23T22:39:22,03-24-2026 06:57 PM,20.3,UP24DF7549,DRV328,1201.2
TRP005046,MANDI-027,WH-North,2026-03-06 23:39:48,2026-03-07 16:33:48,16.9,RJ28AB3724,DRV722,828.0
TRP002601,MANDI-010,Export-Terminal,13/02/2026 08:53,13/02/2026,7.2,PB69CD7065,DRV833,310.599131916484
TRP006164,MANDI-025,WH-South,2026-07-10 11:00:09,2026-07-11 02:24:09,15.4,DL47BC3888,DRV785,635.4
TRP001519,MANDI-001,WH-East,08/09/2026 22:42,2026-09-09 04:06:08,,UP29AB7661,DRV749,323.5
TRP004765,MANDI-040,WH-West,2026-04-28T12:11:09,2026-04-29 01:41:09,13.5,HR86AB9199,DRV263,619.798267745772
TRP004315,MANDI-024,WH-North,2026-04-03 14:19:40,04/04/2026,10.7,DL56BC6560,DRV870,622.598259920164
TRP003367,MANDI-007,WH-South,07-15-2026 07:43 AM,15-Jul-2026 20:19:05,12.6,RJ49CD2674,DRV317,736.1
TRP006059,MANDI-049,WH-East,18/06/2026 21:57,,22.3,,DRV354,932.1
TRP006612,MANDI-041,WH-East,2026-08-14T08:51:57,2026-08-14T12:33:57,3.7,DL73DF8166,DRV975,188.7
TRP008367,MANDI-047,Export-Terminal,28-May-2026 15:04:11,2026-05-29T10:10:11,19.1,PB73BC9960,DRV835,
TRP002634,MANDI-002,WH-West,2026-03-15 17:56:16,16/03/2026 07:20,13.4,DL90CD6664,DRV331,735.4
TRP009928,MANDI-046,WH-West,2026-03-09 04:21:03,03-09-2026 11:51 PM,19.5,PB49BC6825,DRV262,912.8
TRP005634,MANDI-001,Export-Terminal,24/06/2026 08:58,2026-06-25T05:58:28,21.0,RJ68AB2737,DRV582,1091.4
TRP008526,MANDI-008,WH-South,2026-03-26 16:55:55,27/03/2026 02:19,9.4,UP36BC6352,,425.2
TRP005923,MANDI-015,WH-West,24-Jun-2026 09:37:26,25/06/2026 09:13,23.6,PB22BC7396,DRV558,1076.0
TRP009677,MANDI-007,WH-North,2026-08-22 21:00:35,23-Aug-2026 01:54:35,4.9,RJ58AB1406,DRV915,
TRP009144,MANDI-050,Export-Terminal,11/01/2026 13:08,01-12-2026 01:02 AM,11.9,RJ38AB5361,DRV324,563.3
TRP002435,MANDI-021,WH-Central,11/06/2026,2026-06-11 16:51:26,14.7,DL31AB1499,DRV997,789.6
TRP009365,MANDI-043,Export-Terminal,07-01-2026 07:55 PM,2026-07-02 10:37:33,14.7,,,751.9
TRP007370,MANDI-048,WH-Central,07-Apr-2026 16:18:15,04-08-2026 11:54 AM,19.6,HR56CD1936,DRV297,968.8
TRP007583,MANDI-014,WH-North,2026-06-24 07:38:38,24/06/2026 23:50,16.2,,,921.6
TRP007210,MANDI-038,WH-North,10-Feb-2026 19:07:08,11/02/2026 13:37,18.5,UP76AB8613,,864.8
TRP006065,MANDI-021,WH-West,2026-03-12T03:14:05,2026-03-12T05:32:05,2.3,UP17DF4291,DRV162,107.6
TRP004521,MANDI-036,WH-East,04/02/2026 04:16,04/02/2026 16:28,12.2,RJ81CD1483,DRV554,520.9985438779399
TRP005588,MANDI-002,Export-Terminal,2026-05-14 21:30:02,2026-05-15 00:36:02,3.1,DL83AB7671,DRV506,133.1
TRP003546,MANDI-024,Export-Terminal,26/04/2026 22:37,04-27-2026 10:01 AM,11.4,DL45AB1986,DRV484,624.5
TRP006503,MANDI-026,WH-East,2026-01-14 22:06:09,15/01/2026 15:12,17.1,HR53AB4306,DRV927,984.4
TRP007932,MANDI-036,WH-East,07-01-2026 06:25 AM,2026-07-01T22:25:44,,UP73BC6784,DRV770,738.5
TRP009161,MANDI-007,WH-East,2026-06-24 22:58:48,06-25-2026 03:58 PM,17.0,PB41CD8947,DRV933,821.5
TRP005532,MANDI-019,WH-East,20-Jan-2026 03:56:09,20/01/2026 22:08,18.2,UP30AB7348,DRV431,1062.9
TRP005445,MANDI-028,Export-Terminal,07-05-2026 12:54 PM,2026-07-05T16:06:10,,PB79BC7331,,141.599604247824
TRP000518,MANDI-027,WH-Central,07-May-2026 14:09:02,2026-05-08 11:03:02,20.9,PB68DF6844,,979.4
TRP007690,MANDI-006,Export-Terminal,2026-05-16T11:44:14,17-May-2026 05:32:14,17.8,DL23BC2376,DRV662,864.6
TRP006161,MANDI-029,Export-Terminal,14-Apr-2026 17:28:55,15/04/2026 10:04,16.6,DL52AB4871,DRV242,799.797764670972
TRP007482,MANDI-023,WH-East,25/03/2026 12:50,26/03/2026 05:38,16.8,,DRV648,954.8
TRP009446,MANDI-027,WH-South,2026-02-24T01:52:31,24-Feb-2026 13:10:31,11.3,HR63BC1683,DRV903,534.0
TRP008413,MANDI-029,WH-South,30/06/2026 05:45,,22.0,DL14CD2223,DRV246,1298.7
TRP001416,MANDI-049,Export-Terminal,01-21-2026 05:29 PM,01-22-2026 09:05 AM,15.6,HR18BC9765,DRV761,765.1
TRP004665,MANDI-002,WH-West,06/06/2026,,4.1,DL66AB1573,DRV774,182.399490217536
TRP004457,MANDI-022,Export-Terminal,09-Jan-2026 16:51:09,01-09-2026 10:57 PM,6.1,UP56CD2977,DRV775,
TRP002762,MANDI-057,WH-East,17/04/2026 13:10,18/04/2026 01:46,12.6,PB99CD6424,DRV265,539.0
TRP005912,MANDI-032,WH-East,07-May-2026 02:13:54,2026-05-07 05:13:54,3.0,UP89AB1350,,151.5
TRP004856,MANDI-052,WH-East,25/06/2026,,21.8,DL99DF9293,DRV374,1031.3
TRP009217,MANDI-027,WH-West,17/03/2026 06:11,18/03/2026 04:53,22.7,PB32DF1618,DRV747,1117.1968775824082
TRP000128,MANDI-057,WH-South,15/05/2026 04:43,,9.1,,DRV620,469.0
TRP003475,MANDI-005,WH-North,05/05/2026 12:45,05/05/2026 16:15,3.5,DL24BC3142,DRV610,185.7
TRP008410,MANDI-049,WH-South,04-16-2026 01:00 PM,2026-04-17T02:00:12,13.0,UP78AB8055,DRV490,617.9
TRP004311,MANDI-056,WH-West,01-15-2026 07:38 AM,,6.0,HR51AB3863,DRV765,267.0
TRP002439,MANDI-001,Export-Terminal,2026-03-01T00:47:29,01-Mar-2026 10:41:29,,,,438.898773335946
TRP003766,MANDI-021,WH-West,2026-04-14 21:38:54,,3.3,DL29DF4111,DRV268,137.0
TRP007494,MANDI-035,WH-Central,05/05/2026 09:05,05-05-2026 01:35 PM,4.5,PB41DF1548,DRV115,251.8
TRP006429,MANDI-003,WH-West,2026-07-08T04:18:21,2026-07-08 16:30:21,12.2,DL35DF7051,DRV865,540.5
TRP006915,MANDI-028,WH-North,27/06/2026 06:10,2026-06-27 17:52:48,,UP32DF8199,DRV730,529.4
TRP006473,MANDI-018,WH-Central,17/02/2026,02-17-2026 10:56 AM,2.7,DL61BC8686,DRV794,130.599634991284
TRP000030,MANDI-054,WH-North,04-13-2026 08:09 PM,14/04/2026 05:39,9.5,DL25AB1514,,453.7
TRP001474,MANDI-039,WH-West,01/05/2026 15:48,05-02-2026 01:18 AM,9.5,PB77DF8734,DRV597,422.8
TRP004822,MANDI-017,WH-West,2026-04-18T20:37:58,2026-04-19T04:55:58,8.3,DL98CD3422,DRV471,453.6
TRP007535,MANDI-005,WH-West,2026-02-10 15:11:23,2026-02-11T02:59:23,11.8,HR14BC7058,DRV838,473.9
TRP003561,MANDI-036,WH-West,15/04/2026 06:43,15/04/2026 21:31,14.8,RJ37AB2663,DRV442,750.8
TRP003952,MANDI-015,WH-Central,2026-06-15 14:19:09,15/06/2026 21:01,6.7,,DRV182,370.6
TRP000050,MANDI-003,WH-North,06-Jan-2026 07:36:40,2026-01-06T11:06:40,3.5,RJ24BC6494,DRV472,206.5
TRP005438,MANDI-014,WH-North,23/02/2026 04:03,23/02/2026,13.3,UP84BC7956,,735.6
TRP008337,MANDI-055,Export-Terminal,03-01-2026 10:18 AM,01/03/2026,6.7,DL45BC3957,DRV324,380.8
TRP000888,MANDI-048,WH-North,2026-05-27 04:10:35,2026-05-28 03:40:35,23.5,DL68BC8528,DRV876,990.3
TRP006262,MANDI-027,Export-Terminal,2026-07-25T03:14:09,07-25-2026 07:44 AM,4.5,RJ40AB1415,DRV111,214.9
TRP006044,MANDI-013,WH-East,10-Apr-2026 05:10:53,2026-04-11 04:10:53,23.0,,DRV225,990.2
TRP002617,MANDI-039,WH-East,06-17-2026 07:40 AM,,22.2,PB48AB5863,DRV913,1319.796311343772
TRP000517,MANDI-011,Export-Terminal,2026-08-30 08:17:17,08-30-2026 12:05 PM,3.8,RJ62AB1588,,205.2
TRP003169,MANDI-020,WH-Central,20-Apr-2026 06:08:29,04-20-2026 03:32 PM,9.4,PB39CD8419,DRV847,541.6
TRP002950,MANDI-055,WH-Central,2026-07-27 23:13:02,2026-07-28 04:07:02,,,DRV618,239.9993292336
TRP001425,MANDI-004,WH-East,06-Jul-2026 19:40:55,2026-07-07 11:34:55,15.9,UP12BC7123,DRV153,944.8
TRP000140,MANDI-003,WH-East,04-30-2026 08:19 PM,2026-05-01 17:37:51,,DL30DF3873,,993.8
TRP001925,MANDI-001,Export-Terminal,04-24-2026 11:27 PM,25-Apr-2026 06:21:02,6.9,HR83DF1271,DRV739,330.9
TRP002379,MANDI-022,WH-East,2026-06-26 08:37:43,27-Jun-2026 02:37:43,18.0,PB94BC5931,DRV939,973.3
TRP003198,MANDI-012,WH-South,26/07/2026 10:53,,17.6,UP30DF2931,,1039.6
TRP005132,MANDI-005,WH-West,16-Jan-2026 06:32:17,16/01/2026 09:08,2.6,PB70BC8639,,133.5
TRP000113,MANDI-056,WH-North,2026-07-02 23:24:00,03-Jul-2026 07:18:00,7.9,,DRV114,454.4
TRP004560,MANDI-050,WH-South,2026-05-10 19:28:01,2026-05-11 17:22:01,21.9,,,967.7972951344918
TRP004596,MANDI-026,Export-Terminal,18/06/2026 01:22,18/06/2026,7.2,UP74AB2927,DRV280,400.3
TRP007941,MANDI-050,WH-South,09-09-2026 02:25 AM,2026-09-09T16:01:20,,DL62CD8593,DRV569,798.5
TRP003251,MANDI-032,WH-South,05-19-2026 04:38 AM,19/05/2026,14.1,UP88BC5323,DRV817,
TRP004691,MANDI-051,WH-Central,2026-04-02 00:15:33,2026-04-02 22:21:33,22.1,RJ50AB8909,,937.8
TRP008055,MANDI-051,WH-East,22-May-2026 18:30:53,2026-05-22T20:48:53,2.3,UP53AB1326,DRV363,115.6
TRP003698,MANDI-042,WH-West,12-Jun-2026 11:48:24,,21.4,UP95CD7489,DRV454,1023.4
TRP004547,MANDI-054,WH-Central,2026-09-04 06:05:03,05-Sep-2026 04:53:03,22.8,RJ57BC9096,DRV599,1344.9
TRP007431,MANDI-016,WH-South,06/02/2026,07-Feb-2026 02:52:55,4.9,PB98DF9424,DRV915,
TRP003278,MANDI-050,WH-North,31-Jan-2026 00:00:44,31/01/2026 23:48,23.8,UP83DF3555,DRV974,1240.4
TRP006855,MANDI-037,WH-West,16/06/2026 12:16,17/06/2026 08:34,20.3,RJ30BC9289,DRV187,1180.5
TRP007190,MANDI-013,Export-Terminal,10/06/2026 02:27,06-11-2026 12:09 AM,21.7,UP61CD5828,DRV836,1199.7
TRP004069,MANDI-027,WH-East,31-Jul-2026 20:47:30,01-Aug-2026 19:17:30,,DL22BC3353,,1025.8
TRP004409,MANDI-026,WH-North,01/04/2026 00:00,01-Apr-2026 14:48:24,14.8,RJ29CD6539,DRV396,686.798080490152
TRP008665,MANDI-016,WH-West,04-25-2026 10:27 AM,25/04/2026 21:51,11.4,HR22CD3586,,531.5
TRP008934,MANDI-022,WH-Central,05-16-2026 03:17 AM,,14.6,UP49DF2094,DRV190,694.1
TRP008031,MANDI-001,WH-West,2026-01-23T15:59:33,2026-01-24T01:05:33,9.1,RJ64BC7213,DRV157,
TRP003223,MANDI-049,WH-North,06/09/2026,06/09/2026,12.6,,DRV263,666.0
TRP008543,MANDI-057,WH-South,21/08/2026,08-22-2026 04:57 AM,5.9,DL20BC9586,,333.599067634704
TRP000452,MANDI-043,WH-Central,14/01/2026 03:12,01-14-2026 06:30 AM,3.3,UP97CD3519,DRV342,155.6
TRP003732,MANDI-015,WH-East,29/06/2026 18:42,2026-06-30T02:18:46,7.6,DL78DF1671,DRV564,368.2
TRP009314,MANDI-043,Export-Terminal,01-22-2026 03:38 AM,2026-01-22T05:50:54,2.2,,DRV347,113.4
TRP004987,MANDI-023,WH-West,2026-01-13 03:18:05,13-Jan-2026 09:24:05,6.1,PB23BC9383,DRV479,
TRP003664,MANDI-036,WH-Central,2026-06-28T08:24:07,2026-06-28 13:42:07,5.3,PB11CD8736,DRV278,215.99939631024
TRP002764,MANDI-027,WH-South,24/04/2026,24/04/2026 22:16,13.6,DL47CD6726,DRV460,568.8
TRP000659,MANDI-055,WH-East,22/08/2026,2026-08-22T19:24:57,18.6,DL80AB8249,DRV495,971.8972836755659
TRP005603,MANDI-011,WH-West,07/09/2026 05:36,2026-09-07 18:30:38,12.9,RJ88DF9085,,533.7
TRP001856,MANDI-014,WH-South,21/02/2026 14:52,02-22-2026 03:46 AM,12.9,UP59BC3022,DRV563,743.2
TRP004621,MANDI-056,WH-South,06-28-2026 09:29 AM,29/06/2026 00:35,15.1,RJ15DF9118,DRV571,743.2
TRP001000,MANDI-040,WH-West,2026-06-30 12:02:28,07-01-2026 01:08 AM,13.1,RJ58DF1865,DRV285,577.8
TRP000390,MANDI-042,WH-West,2026-03-24 10:47:26,24/03/2026 12:59,2.2,DL49CD4856,,128.799640022032
TRP003408,MANDI-003,WH-South,2026-09-06T14:17:40,07-Sep-2026 12:05:40,21.8,HR89CD7123,DRV892,1075.99699273064
TRP001477,MANDI-001,WH-Central,02/06/2026 06:23,03/06/2026 03:23,,DL55CD7619,,866.7
TRP002241,MANDI-030,WH-East,31/07/2026,,17.8,DL46CD2714,DRV711,1002.3
TRP002387,MANDI-016,WH-Central,2026-05-10 22:14:00,05-11-2026 12:44 PM,14.5,HR16DF9369,DRV678,658.2
TRP009506,MANDI-035,WH-North,2026-01-08 10:26:12,2026-01-08 14:26:12,4.0,HR70BC3370,DRV604,172.399518166136
TRP000993,MANDI-038,WH-South,12/05/2026 13:25,2026-05-12T21:19:52,7.9,UP84DF8468,DRV557,423.19881721524797
TRP004998,MANDI-013,WH-Central,2026-04-11 16:28:40,11-Apr-2026 18:52:40,2.4,RJ14DF8128,DRV438,
TRP003923,MANDI-043,WH-West,2026-04-10T06:12:13,04-10-2026 10:18 PM,,RJ33CD6432,DRV752,740.8
TRP002973,MANDI-035,WH-North,08-May-2026 20:33:37,09/05/2026 04:39,8.1,,,453.5
TRP003387,MANDI-037,WH-South,19-Jun-2026 10:36:01,19-Jun-2026 18:18:01,7.7,HR72AB2605,DRV876,459.2
TRP008270,MANDI-050,WH-South,2026-05-19 15:59:34,,23.4,RJ90AB3749,,1342.0
TRP009666,MANDI-055,WH-East,05-24-2026 04:53 PM,25/05/2026 01:29,8.6,DL92BC9230,DRV654,389.7
TRP007581,MANDI-021,WH-Central,24/06/2026,2026-06-24 21:28:37,10.9,UP93AB9789,DRV499,478.9
TRP004770,MANDI-044,WH-North,2026-05-18 11:37:48,05-18-2026 06:55 PM,7.3,HR67CD6549,DRV104,346.99903018358
TRP001294,MANDI-012,WH-North,02-27-2026 08:06 AM,2026-02-28 07:06:44,23.0,HR61BC9044,DRV755,1273.296441304762
TRP001825,MANDI-035,Export-Terminal,2026-06-21 01:40:40,06-21-2026 10:34 PM,,HR84CD5071,DRV495,927.6
TRP002874,MANDI-013,WH-North,2026-05-02T23:05:04,,9.8,PB84BC6228,DRV501,559.7
TRP004174,MANDI-035,WH-West,2026-05-09T16:40:46,2026-05-10 13:46:46,21.1,,DRV387,912.8
TRP002536,MANDI-053,WH-West,2026-05-23 09:43:54,24/05/2026 00:01,14.3,UP33CD9402,DRV104,802.3
TRP009499,MANDI-015,Export-Terminal,30/03/2026 10:34,31/03/2026 08:40,22.1,RJ80DF6919,DRV926,948.6
TRP001908,MANDI-046,WH-North,06-Apr-2026 18:40:08,2026-04-07T06:40:08,12.0,HR25CD4221,DRV433,
TRP000043,MANDI-012,WH-North,2026-01-03T18:47:09,2026-01-03 21:59:09,3.2,PB31AB8688,DRV291,182.699489379078
TRP009870,MANDI-052,WH-Central,2026-06-18T10:05:30,19/06/2026 05:59,19.9,RJ55CD4145,,1099.396927330916
TRP000369,MANDI-052,WH-East,27-May-2026 17:58:18,28/05/2026,20.5,UP65AB8828,DRV523,1054.7
TRP006034,MANDI-036,Export-Terminal,2026-04-28 23:16:14,29/04/2026 08:04,8.8,PB10AB1065,DRV439,440.6
TRP001152,MANDI-057,WH-East,06-04-2026 07:05 PM,,18.3,RJ30DF5961,DRV968,987.8
TRP001568,MANDI-047,Export-Terminal,2026-07-29 12:09:16,2026-07-29 14:33:16,2.4,DL50BC7597,,109.7
TRP009726,MANDI-029,WH-East,02-09-2026 03:24 AM,02-10-2026 12:36 AM,21.2,UP28DF4734,DRV337,1120.3
TRP006445,MANDI-035,WH-North,2026-09-04 01:15:10,,9.5,PB89AB9182,DRV170,
TRP007101,MANDI-021,WH-North,2026-09-06 11:35:37,07-Sep-2026 06:29:37,18.9,HR28DF8151,DRV911,
TRP008189,MANDI-001,WH-North,20/07/2026 22:12,21-Jul-2026 09:24:35,11.2,PB21AB9820,DRV353,671.2
TRP004161,MANDI-038,WH-North,01/07/2026 23:21,07-02-2026 05:09 AM,5.8,PB52AB5726,DRV599,260.6
TRP004288,MANDI-005,WH-South,04/09/2026,,3.3,RJ87AB4044,DRV293,195.2
TRP002231,MANDI-038,WH-Central,02-04-2026 06:38 AM,2026-02-05T03:38:07,21.0,,DRV388,886.3
TRP007518,MANDI-014,WH-North,06-03-2026 07:33 PM,04-Jun-2026 16:57:11,21.4,,DRV503,
TRP000175,MANDI-031,WH-North,2026-02-12 16:37:55,,6.2,HR15BC2514,DRV120,296.5
TRP001904,MANDI-041,WH-West,03-07-2026 03:15 AM,07/03/2026,12.0,DL83AB3967,,692.99806316202
TRP001100,MANDI-036,WH-Central,25-Jul-2026 01:50:11,25/07/2026,21.2,,DRV261,1239.4
TRP008482,MANDI-022,Export-Terminal,2026-05-23 05:07:06,05-23-2026 11:37 PM,18.5,RJ41BC5862,DRV670,
TRP003409,MANDI-016,WH-North,24/06/2026,2026-06-24 09:00:33,5.6,HR85DF1847,DRV268,262.9
TRP001539,MANDI-003,WH-South,2026-01-29 03:50:56,01-29-2026 07:50 AM,4.0,,DRV227,224.2
TRP002293,MANDI-034,WH-North,17/01/2026,17/01/2026 14:53,12.1,RJ27AB9083,DRV303,
TRP009672,MANDI-011,WH-West,02-25-2026 12:16 AM,25-Feb-2026 02:34:17,,UP46BC5319,DRV407,
TRP001364,MANDI-006,WH-Central,2026-02-22 09:31:12,2026-02-23 07:37:12,22.1,HR46AB1131,DRV286,1244.8
TRP007601,MANDI-032,WH-Central,06-Aug-2026 19:38:32,06/08/2026,3.2,HR28BC2843,DRV860,136.89961738366603
TRP007229,MANDI-014,WH-North,08/06/2026,2026-06-09 08:34:02,22.1,PB70BC2731,DRV858,1202.2
TRP005261,MANDI-051,WH-Central,2026-05-31 16:18:31,,19.4,,DRV467,1100.6
TRP007608,MANDI-029,WH-South,2026-03-02 13:02:31,2026-03-03T05:08:31,,UP59BC9665,,
TRP007682,MANDI-008,WH-North,06-11-2026 09:06 AM,2026-06-12 04:48:23,19.7,,DRV386,957.3
TRP000681,MANDI-018,WH-South,07-Apr-2026 17:38:49,07/04/2026 22:38,5.0,HR76AB1424,,266.4
TRP009689,MANDI-019,WH-West,20/08/2026,20-Aug-2026 22:19:47,17.8,PB56DF1564,DRV587,928.3
TRP008255,MANDI-003,WH-Central,2026-02-25T01:32:30,02-25-2026 04:26 AM,2.9,RJ24CD2148,DRV967,165.2
TRP003665,MANDI-046,WH-West,19/02/2026 08:47,19/02/2026 16:59,8.2,HR91BC6358,DRV158,404.9
TRP001662,MANDI-029,WH-North,02-17-2026 09:00 PM,2026-02-18T02:48:58,5.8,HR35AB1827,,236.4
TRP000509,MANDI-036,WH-South,02-13-2026 07:08 PM,14/02/2026,17.9,UP27BC5366,DRV950,
TRP000167,MANDI-042,WH-North,13-Feb-2026 19:11:18,2026-02-14 07:11:18,12.0,PB93BC9831,,535.5
TRP005498,MANDI-011,WH-South,04/04/2026 03:33,04/04/2026,2.5,HR47AB1494,,139.7
TRP008633,MANDI-014,Export-Terminal,2026-05-20 08:55:28,05-21-2026 06:37 AM,21.7,DL98DF4869,DRV795,983.0
TRP001007,MANDI-009,WH-East,2026-02-28 06:27:09,2026-02-28T17:51:09,11.4,UP56CD4860,DRV731,677.4
TRP008686,MANDI-014,WH-North,09/06/2026 15:23,2026-06-10T08:59:56,,UP83AB2952,DRV594,874.2
TRP001915,MANDI-026,WH-South,07-26-2026 07:36 PM,,11.9,DL81BC5934,DRV861,533.1
TRP003495,MANDI-005,WH-West,2026-01-06T15:35:38,2026-01-07 00:41:38,9.1,HR19DF8338,,
TRP009897,MANDI-019,WH-South,2026-09-03 07:16:28,2026-09-04T00:40:28,17.4,DL80AB8005,DRV144,908.4
TRP001513,MANDI-029,WH-East,05/05/2026 13:13,2026-05-05 21:37:06,8.4,DL37DF7706,,362.9
TRP007029,MANDI-037,WH-North,2026-04-16T06:38:00,04-16-2026 07:56 PM,13.3,HR90BC7135,DRV782,685.3
TRP004991,MANDI-008,WH-East,12/02/2026 11:29,12/02/2026,3.6,DL25CD4899,DRV391,
TRP002537,MANDI-055,WH-West,05-01-2026 07:31 PM,2026-05-02T12:01:59,16.5,HR82DF8873,DRV692,937.0
TRP001105,MANDI-008,WH-West,2026-08-10 02:33:03,,17.6,HR50DF2994,,755.8
TRP003876,MANDI-027,WH-East,25/07/2026 06:51,07-26-2026 04:45 AM,21.9,,DRV905,1036.4
TRP008186,MANDI-052,WH-South,2026-01-18T19:47:15,2026-01-19 19:05:15,23.3,RJ46BC1853,DRV559,1145.3
TRP001753,MANDI-035,WH-Central,04/01/2026 03:02,2026-01-04T12:50:56,9.8,,DRV737,583.4
TRP005311,MANDI-011,WH-Central,21/05/2026,22/05/2026 04:30,4.6,DL98CD6339,DRV943,229.5
TRP005953,MANDI-009,WH-South,10-Mar-2026 12:19:58,2026-03-11 02:01:58,13.7,PB45CD9189,,737.8
TRP007592,MANDI-014,WH-South,02-May-2026 18:21:44,02/05/2026 22:39,4.3,DL87BC9032,DRV603,197.8
TRP002917,MANDI-017,Export-Terminal,2026-06-05T05:52:41,2026-06-06 01:28:41,19.6,PB91DF2213,DRV940,944.8973591367859
TRP008488,MANDI-055,WH-West,04-08-2026 04:41 AM,2026-04-08T17:05:59,12.4,RJ95AB3014,DRV784,713.3
TRP005755,MANDI-051,Export-Terminal,16/05/2026 11:52,17-May-2026 07:46:00,19.9,PB43CD2852,DRV790,876.6975497462381
TRP000153,MANDI-045,WH-Central,20/03/2026 04:33,2026-03-20 08:33:38,,HR42BC8462,DRV177,197.899446897206
TRP005231,MANDI-044,WH-Central,2026-01-05T23:20:57,2026-01-06 10:44:57,,RJ32AB4547,,
TRP005680,MANDI-032,WH-South,2026-04-01 07:33:54,,17.7,HR22CD5909,DRV211,849.897624648486
TRP003908,MANDI-017,WH-East,02-Mar-2026 17:43:07,2026-03-03 00:49:07,7.1,DL49CD1231,DRV300,315.0
TRP009502,MANDI-005,Export-Terminal,2026-09-05T09:17:29,06/09/2026 08:05,22.8,RJ58DF1652,DRV638,1043.8
TRP002553,MANDI-007,WH-West,2026-01-24 07:40:56,01-24-2026 05:46 PM,,,DRV260,552.0
TRP002774,MANDI-027,Export-Terminal,09/06/2026,2026-06-10T03:05:01,14.1,UP40CD3918,DRV837,655.0
TRP009324,MANDI-014,WH-East,2026-07-13T04:27:13,2026-07-13T06:27:13,2.0,,DRV108,113.099683901334
TRP003552,MANDI-051,WH-North,2026-01-26 17:45:39,26-Jan-2026 22:51:39,,DL63BC4947,DRV457,222.6
TRP003723,MANDI-015,WH-Central,2026-08-21 09:16:01,21/08/2026 18:46,,UP46BC6327,DRV425,426.1
TRP007412,MANDI-021,WH-West,06-20-2026 01:54 AM,,16.6,UP63BC8532,DRV959,947.4
TRP000521,MANDI-029,WH-South,11-Apr-2026 15:50:50,12/04/2026 01:20,9.5,HR70AB4990,DRV737,464.6
TRP008440,MANDI-001,WH-North,26/04/2026 12:28,2026-04-26T20:28:49,8.0,,DRV627,479.4
TRP009313,MANDI-001,WH-Central,2026-03-11 12:11:30,,11.9,PB18CD6554,DRV664,601.8
TRP004539,MANDI-046,WH-Central,28/04/2026 13:08,2026-04-28 17:08:26,4.0,UP52AB8236,DRV317,236.4
TRP006176,MANDI-018,WH-East,2026-07-29T23:32:44,30-Jul-2026 17:32:44,18.0,,DRV420,837.5
TRP007390,MANDI-006,WH-North,20/03/2026 12:32,2026-03-20 23:14:13,10.7,PB63BC5715,DRV313,611.9
TRP001823,MANDI-021,WH-Central,16-May-2026 22:00:48,17/05/2026 19:30,21.5,DL42BC3531,DRV486,1228.3
TRP004087,MANDI-016,WH-Central,2026-02-27 05:22:10,28-Feb-2026 02:34:10,21.2,UP31CD4957,DRV108,910.3974555594559
TRP006700,MANDI-056,WH-East,2026-06-04 09:46:36,,11.9,DL79DF9314,DRV833,656.9
TRP009093,MANDI-029,WH-East,2026-01-20T10:42:17,21/01/2026 06:12,19.5,UP45BC6314,,784.7
TRP007975,MANDI-057,Export-Terminal,25-Jul-2026 00:29:36,25/07/2026 09:47,9.3,RJ91AB5916,DRV452,378.8
TRP009157,MANDI-033,Export-Terminal,2026-06-20 21:50:52,21/06/2026 10:32,12.7,DL69BC6548,DRV318,610.6
TRP000310,MANDI-047,WH-East,19/06/2026,2026-06-20T08:45:35,17.3,PB26CD6924,DRV646,849.897624648486
TRP004309,MANDI-051,WH-East,02-01-2026 09:44 AM,01-Feb-2026 22:08:41,12.4,,DRV442,734.2979477343019
TRP007056,MANDI-008,WH-Central,11-Jan-2026 02:57:17,,5.7,,DRV902,301.4
TRP007958,MANDI-054,WH-Central,20-Jun-2026 12:41:15,20/06/2026,3.6,UP10BC2638,DRV509,204.5
TRP003600,MANDI-046,WH-East,2026-07-16T02:05:43,16/07/2026 19:35,17.5,,,764.0
TRP003623,MANDI-040,WH-East,2026-03-07T15:28:45,07/03/2026,2.7,UP65AB6245,DRV347,
TRP003812,MANDI-008,Export-Terminal,2026-03-02 01:50:43,2026-03-02 15:26:43,13.6,RJ98CD5946,DRV740,686.5980810491241
TRP006006,MANDI-053,WH-Central,08/01/2026 03:57,2026-01-08 08:33:42,4.6,RJ76BC8914,,245.4
TRP003451,MANDI-057,WH-South,2026-08-18T14:23:23,2026-08-18 22:05:23,7.7,PB52AB9554,DRV191,373.6
TRP004592,MANDI-021,WH-East,15/06/2026 05:26,,23.9,UP26BC7893,,1233.6
TRP000206,MANDI-034,WH-East,2026-07-28 18:08:43,2026-07-29 04:50:43,10.7,UP93BC6755,DRV635,602.7
TRP005742,MANDI-036,WH-East,01-Feb-2026 11:47:27,02/02/2026,16.1,RJ79CD9638,DRV291,
TRP001136,MANDI-050,Export-Terminal,2026-08-07 04:46:51,,10.8,HR70BC3958,DRV341,
TRP009758,MANDI-020,WH-Central,02/06/2026 10:21,03/06/2026 00:57,14.6,DL45AB3277,DRV600,741.297928170282
TRP002750,MANDI-013,Export-Terminal,22/08/2026,23/08/2026 03:49,11.2,DL37BC4209,DRV643,619.5
TRP003614,MANDI-035,Export-Terminal,07-08-2026 08:19 PM,2026-07-09 19:49:22,23.5,PB13BC5684,DRV501,1200.1966456090279
TRP000306,MANDI-013,WH-North,03/03/2026 02:16,04/03/2026,22.2,PB75CD6847,DRV299,1331.8
TRP001850,MANDI-007,WH-West,2026-01-13T13:31:41,01-13-2026 09:43 PM,8.2,HR11AB1901,DRV971,446.3
TRP008746,MANDI-010,WH-West,2026-03-04T12:02:06,2026-03-05 04:50:06,16.8,HR48AB7247,DRV411,867.3
TRP009432,MANDI-051,WH-West,25-Jul-2026 13:24:20,,22.1,,DRV816,1257.5
TRP001989,MANDI-049,WH-East,09/08/2026 14:12,10-Aug-2026 12:48:21,22.6,,,1161.6
TRP003241,MANDI-014,WH-Central,17/06/2026 12:00,2026-06-17T22:48:14,,RJ32BC3642,DRV359,449.098744828374
TRP002799,MANDI-010,WH-North,02-May-2026 05:56:32,02-May-2026 11:02:32,5.1,HR10AB5971,DRV448,296.2
TRP004516,MANDI-022,Export-Terminal,2026-05-14 00:42:54,2026-05-14 18:12:54,17.5,HR31BC3677,DRV862,800.99776131714
TRP005631,MANDI-037,WH-Central,04/01/2026,05/01/2026 14:36,16.9,UP75DF5885,DRV458,841.5
TRP008290,MANDI-017,WH-West,09/01/2026 12:37,2026-01-10 00:01:31,11.4,HR28BC3932,DRV967,
TRP003110,MANDI-041,WH-East,07-01-2026 01:18 PM,02/07/2026,23.1,PB62CD3087,DRV275,1153.196776967448
TRP004940,MANDI-021,WH-Central,23/08/2026 12:02,24/08/2026 01:38,13.6,RJ89DF5409,DRV812,617.1
TRP004060,MANDI-039,WH-East,29/05/2026 15:13,05-29-2026 08:49 PM,5.6,DL25BC1555,DRV475,311.5
TRP001988,MANDI-031,WH-North,30/03/2026 11:13,31-Mar-2026 02:31:51,15.3,UP57AB3154,DRV154,659.1
TRP007792,MANDI-004,WH-South,23/01/2026,,3.1,UP42CD5419,DRV197,177.0
TRP009232,MANDI-035,WH-East,16/08/2026,08-17-2026 03:45 AM,15.3,PB49AB4616,DRV126,626.0
TRP007213,MANDI-017,WH-Central,01-17-2026 04:48 PM,18-Jan-2026 12:12:48,19.4,UP45DF2727,,827.0
TRP000384,MANDI-017,WH-East,2026-05-12 00:17:18,2026-05-12T16:29:18,16.2,PB28BC1225,DRV548,886.7975215181518
TRP005635,MANDI-029,WH-South,20/08/2026 23:05,21/08/2026 15:29,16.4,HR34CD2732,DRV452,685.6
TRP004308,MANDI-043,WH-South,2026-01-05T07:05:01,2026-01-06 03:29:01,20.4,UP97BC4262,DRV222,1036.1
TRP003389,MANDI-050,Export-Terminal,20/01/2026 03:19,01-20-2026 05:37 AM,2.3,PB53BC6294,DRV118,99.0
TRP003157,MANDI-038,WH-East,2026-06-09 21:59:48,2026-06-10T00:11:48,2.2,PB98BC4842,DRV336,108.1
TRP006054,MANDI-045,WH-South,29-Apr-2026 10:55:04,2026-04-30T02:43:04,15.8,DL33BC3093,DRV281,844.7
TRP005999,MANDI-040,WH-South,2026-08-08 03:02:58,2026-08-08T17:14:58,14.2,RJ50DF5543,DRV516,599.098325599374
TRP002728,MANDI-056,WH-West,02-Jan-2026 12:59:40,02/01/2026 22:53,9.9,RJ54CD4580,DRV161,402.89887395090597
TRP006910,MANDI-009,WH-East,05/04/2026 16:11,2026-04-06 12:29:39,20.3,DL49AB9961,DRV610,1200.99664337314
TRP007961,MANDI-023,WH-West,10/01/2026 07:25,2026-01-11 02:49:22,,RJ53AB1086,DRV729,931.7
TRP009033,MANDI-021,Export-Terminal,23/04/2026 12:45,2026-04-24 09:21:04,,HR34CD8769,,1025.0
TRP008636,MANDI-010,WH-South,01/07/2026 16:05,01/07/2026 18:29,2.4,RJ43CD1277,DRV519,106.2
TRP006583,MANDI-002,Export-Terminal,08-25-2026 12:32 AM,25/08/2026 16:44,16.2,UP86AB6170,DRV138,822.49770122765
TRP003833,MANDI-041,WH-East,18/02/2026 01:56,2026-02-18T22:44:53,20.8,HR72CD6967,DRV752,1147.7
TRP009055,MANDI-007,Export-Terminal,2026-01-14 09:47:58,15/01/2026,14.5,,DRV359,771.7
TRP004777,MANDI-042,Export-Terminal,2026-06-07 10:38:15,07/06/2026 21:44,11.1,,DRV995,470.3
TRP004277,MANDI-054,WH-East,08/05/2026,09/05/2026 02:03,21.4,,DRV744,916.7
TRP000254,MANDI-006,WH-South,2026-03-05 05:53:45,05-Mar-2026 22:35:45,16.7,DL20BC9862,DRV233,676.2
TRP006729,MANDI-007,WH-East,2026-04-03T03:47:12,2026-04-04 03:35:12,23.8,HR35BC3093,,1351.2962233056821
TRP009976,MANDI-050,WH-East,2026-07-16T07:45:12,2026-07-16 11:21:12,,,DRV150,196.5
TRP007931,MANDI-026,WH-North,26-Jun-2026 04:06:09,06-26-2026 07:36 PM,15.5,PB68DF3943,DRV176,668.0
TRP000279,MANDI-024,WH-South,27/01/2026 11:52,28/01/2026 07:16,19.4,RJ66AB6471,DRV515,1119.2
TRP003253,MANDI-051,WH-West,2026-08-01 04:59:49,2026-08-01T12:35:49,7.6,RJ21BC5186,,357.798999999092
TRP002481,MANDI-027,WH-East,03-14-2026 10:56 AM,14-Mar-2026 19:08:53,8.2,PB75CD2271,DRV754,431.3
TRP000290,MANDI-012,WH-North,2026-05-07 19:03:11,07/05/2026 23:45,4.7,,,275.1
TRP009336,MANDI-035,Export-Terminal,15/05/2026,,9.8,UP36AB5789,DRV567,520.6
TRP003076,MANDI-019,Export-Terminal,06/01/2026,,4.3,UP37AB9662,DRV203,231.5
TRP004074,MANDI-037,WH-Central,2026-07-10 07:09:39,2026-07-10 16:33:39,9.4,PB62BC8763,DRV794,426.898806874266
TRP002584,MANDI-005,WH-South,18/07/2026,,21.3,HR44AB6161,DRV742,884.3
TRP006984,MANDI-025,WH-South,12-Jan-2026 15:36:38,13/01/2026 09:42,18.1,DL55CD2964,DRV891,1009.5
TRP006109,MANDI-041,WH-South,2026-01-13 17:52:51,2026-01-13 22:22:51,4.5,HR88CD6845,DRV511,203.0
TRP005090,MANDI-015,WH-North,25-Mar-2026 11:22:36,26/03/2026,14.3,DL82DF6752,DRV213,699.598044715944
TRP006333,MANDI-056,WH-North,2026-05-12 03:51:52,05-12-2026 03:57 PM,12.1,PB50DF5743,DRV919,496.2
TRP009037,MANDI-029,WH-South,05-17-2026 01:30 PM,2026-05-18T09:54:13,20.4,UP26DF7633,,1186.8
TRP007926,MANDI-022,WH-Central,2026-08-28 22:47:07,29/08/2026 21:17,22.5,PB86CD9100,,991.0
TRP002166,MANDI-011,WH-Central,29-May-2026 14:11:02,2026-05-30T14:05:02,23.9,PB37CD1065,DRV942,1204.096634709074
TRP008737,MANDI-034,Export-Terminal,2026-07-21 14:01:20,22-Jul-2026 05:13:20,15.2,HR38CD6454,DRV124,614.9
TRP009318,MANDI-006,WH-North,04-07-2026 02:55 AM,07-Apr-2026 16:01:56,13.1,DL87DF4698,DRV450,566.0
TRP006670,MANDI-001,WH-North,2026-08-05T22:35:02,2026-08-06T14:23:02,,PB39CD7113,DRV649,889.0
TRP004067,MANDI-054,WH-West,08/09/2026,09/09/2026 06:44,16.5,RJ69DF3304,DRV484,672.3
TRP000271,MANDI-022,WH-East,12/07/2026 13:07,12/07/2026 17:19,4.2,UP74AB1883,DRV696,235.5
TRP006010,MANDI-035,WH-South,04-Jul-2026 15:37:48,2026-07-04T18:07:48,2.5,RJ20BC3489,DRV826,135.2
TRP004571,MANDI-001,WH-Central,19/01/2026 15:13,20/01/2026 01:37,10.4,UP78AB4298,,601.4
TRP003577,MANDI-026,WH-North,21/05/2026 17:14,05-22-2026 02:32 PM,,DL87CD4655,DRV734,1090.7
TRP003566,MANDI-044,Export-Terminal,08-Apr-2026 02:49:14,2026-04-08T15:07:14,12.3,UP30BC1255,DRV252,568.4
TRP002972,MANDI-012,Export-Terminal,26/06/2026 19:52,27/06/2026 19:46,23.9,DL27CD7521,DRV846,
TRP006754,MANDI-012,WH-East,2026-07-13T23:54:09,2026-07-14 16:24:09,16.5,PB17DF2404,DRV282,880.2
TRP009121,MANDI-015,WH-North,13/03/2026 01:52,,11.4,RJ66DF8622,DRV487,480.1
TRP004208,MANDI-007,WH-West,19/07/2026,20-Jul-2026 05:46:20,10.6,HR29BC4331,DRV857,521.99854108308
TRP003219,MANDI-046,WH-East,2026-03-30T10:43:03,03-31-2026 09:13 AM,22.5,RJ93CD9902,DRV907,1210.0
TRP001392,MANDI-023,WH-Central,04-03-2026 11:16 PM,04-Apr-2026 03:10:05,3.9,RJ35BC8092,DRV814,190.49946757917002
TRP003976,MANDI-021,WH-West,2026-05-13 21:55:05,,15.4,UP68DF6043,DRV337,864.6
TRP004317,MANDI-056,WH-Central,06-24-2026 12:14 AM,2026-06-24 02:44:40,2.5,UP53BC6951,DRV972,133.9
TRP007302,MANDI-044,WH-West,02-16-2026 05:02 AM,17/02/2026 01:44,20.7,UP17AB3673,DRV267,993.3
TRP003993,MANDI-045,WH-West,06-29-2026 10:31 AM,29/06/2026 16:43,6.2,RJ59BC3781,DRV393,358.3
TRP008100,MANDI-050,WH-North,06/05/2026 18:08,05-07-2026 12:02 AM,5.9,DL78BC5320,,310.1
TRP000084,MANDI-023,WH-West,2026-05-18 18:38:40,19/05/2026,22.8,HR25BC5574,DRV240,1341.8
TRP000874,MANDI-003,WH-East,11/08/2026,2026-08-12T14:45:36,19.3,UP54AB6322,DRV255,1053.1
TRP009992,MANDI-021,WH-East,2026-07-11 13:10:57,11/07/2026 19:46,6.6,,DRV200,334.299065678302
TRP008243,MANDI-028,WH-East,2026-04-29 11:18:27,30/04/2026,17.3,UP26AB2455,,1018.0
TRP004558,MANDI-056,Export-Terminal,2026-05-04 00:30:39,2026-05-04 20:18:39,19.8,HR96DF1030,DRV650,991.197229734768
TRP004501,MANDI-022,WH-Central,2026-07-17T10:43:53,18/07/2026 09:01,22.3,,DRV371,1022.7971414171919
TRP004648,MANDI-042,WH-East,01-15-2026 01:17 PM,,17.0,PB44CD8592,DRV571,994.49722051173
TRP006706,MANDI-047,WH-West,2026-02-23 02:44:54,2026-02-23 21:38:54,18.9,HR96DF2506,DRV442,837.4
TRP009070,MANDI-003,WH-Central,05-26-2026 07:39 AM,2026-05-27 05:33:48,21.9,HR10AB4786,DRV479,1313.5
TRP002039,MANDI-012,WH-North,2026-04-29T22:21:47,2026-04-30 16:45:47,18.4,UP57CD5383,DRV646,844.5
TRP008091,MANDI-010,WH-Central,30/01/2026,31/01/2026 00:17,4.6,UP33CD2613,,206.6
TRP005360,MANDI-037,Export-Terminal,09-Aug-2026 23:53:06,10/08/2026 15:35,15.7,,DRV539,791.4
TRP007529,MANDI-041,WH-South,02-18-2026 09:04 PM,2026-02-19 15:28:18,18.4,DL78AB4019,DRV799,739.6
TRP002451,MANDI-046,WH-Central,2026-01-06 15:11:45,06/01/2026 22:35,7.4,DL80CD6870,DRV565,362.0
TRP003955,MANDI-047,WH-South,2026-05-31T19:19:54,06-01-2026 12:37 PM,17.3,UP72AB7133,DRV759,903.1
TRP002330,MANDI-054,WH-East,14/03/2026,03-15-2026 11:53 AM,20.6,PB38AB5460,DRV496,838.8
TRP009490,MANDI-043,WH-South,12/03/2026,2026-03-12 14:20:55,9.5,HR52CD1961,DRV824,440.1
TRP006243,MANDI-056,Export-Terminal,19/06/2026 12:00,20/06/2026 05:48,17.8,DL26AB5619,DRV512,836.99766070218
TRP007670,MANDI-002,WH-Central,09/02/2026 18:45,,17.3,DL71CD2718,DRV280,800.5
TRP005043,MANDI-008,Export-Terminal,2026-08-18 00:50:45,19/08/2026,23.8,UP89DF1788,DRV164,1188.696677749918
TRP009738,MANDI-037,WH-South,03-Jun-2026 07:54:05,03/06/2026,16.0,UP28CD5765,DRV946,667.4
TRP004747,MANDI-007,WH-South,01/02/2026 23:02,02/02/2026,22.5,,DRV406,1312.7
TRP009741,MANDI-027,WH-East,23/05/2026 17:06,24-May-2026 12:42:18,19.6,RJ68BC4468,DRV599,796.697773335038
TRP008558,MANDI-045,WH-West,02-23-2026 07:40 PM,2026-02-24T08:22:49,12.7,UP26CD5208,DRV372,549.5
TRP007195,MANDI-034,WH-Central,27/08/2026 11:51,28/08/2026,14.4,DL67DF6327,DRV285,845.7
TRP007948,MANDI-011,WH-South,21/07/2026 02:24,2026-07-21 22:54:58,20.5,,DRV538,1124.0
TRP006935,MANDI-038,Export-Terminal,05-Aug-2026 02:31:42,08-05-2026 09:43 AM,7.2,UP50DF6263,DRV854,354.4
TRP002402,MANDI-053,WH-North,07-20-2026 08:15 AM,20/07/2026 21:09,12.9,PB19BC9646,,710.7
TRP005521,MANDI-013,WH-East,2026-02-05T16:37:56,02-06-2026 06:19 AM,13.7,RJ83DF6617,DRV416,
TRP001217,MANDI-022,WH-North,2026-03-04 15:30:15,2026-03-04 19:30:15,4.0,PB98CD4486,DRV999,167.0
TRP009045,MANDI-050,WH-Central,2026-06-20T05:36:04,2026-06-20 17:00:04,11.4,PB20BC3594,DRV741,518.6
TRP006021,MANDI-039,WH-Central,2026-05-13 21:01:38,05-14-2026 04:07 PM,19.1,RJ82AB4514,DRV823,984.1
TRP007483,MANDI-002,WH-South,2026-01-18 20:34:28,,23.2,DL73AB8649,DRV867,1061.9
TRP001065,MANDI-003,WH-East,04/02/2026,04/02/2026 18:33,17.7,UP51AB5625,DRV328,821.2
TRP003787,MANDI-015,WH-North,2026-04-07 13:09:26,07/04/2026 18:39,5.5,RJ87BC2920,DRV754,264.099261877474
TRP004411,MANDI-016,Export-Terminal,2026-08-02T22:20:38,08-03-2026 03:32 AM,,,DRV347,249.8
TRP007477,MANDI-035,Export-Terminal,08/01/2026 16:03,2026-01-09 13:27:52,21.4,DL30CD8783,DRV215,858.3
TRP007372,MANDI-002,WH-Central,22/04/2026,23-Apr-2026 00:50:37,9.7,RJ21AB5834,,498.9
TRP005524,MANDI-042,WH-South,24/04/2026 08:27,04-24-2026 02:03 PM,5.6,PB46DF7989,,236.2
TRP005997,MANDI-045,WH-South,2026-06-11T10:15:03,2026-06-12 09:27:03,23.2,UP32AB9676,DRV424,1129.3
TRP009190,MANDI-026,WH-South,18/08/2026 18:19,2026-08-19 00:49:41,6.5,PB15AB6645,DRV454,373.598955840304
TRP005889,MANDI-027,WH-North,2026-02-22 13:50:58,2026-02-23T00:20:58,10.5,HR84AB2850,DRV895,587.4
TRP002162,MANDI-042,WH-West,2026-04-02 10:41:04,02/04/2026 23:53,13.2,DL52DF8170,DRV910,652.9
TRP003009,MANDI-033,WH-West,07-08-2026 02:40 PM,09-Jul-2026 14:10:45,23.5,UP97BC4801,DRV477,1365.6961830596981
TRP009079,MANDI-029,WH-North,2026-05-31 06:19:17,05-31-2026 03:43 PM,9.4,HR89DF2652,DRV122,444.99875628729995
TRP001106,MANDI-053,WH-East,2026-07-16T20:05:18,17/07/2026 10:23,14.3,RJ95CD2348,DRV617,665.0
TRP007257,MANDI-055,WH-South,06-22-2026 07:57 AM,06-22-2026 01:09 PM,5.2,,,226.7
TRP000693,MANDI-034,WH-Central,05/07/2026 20:15,06-Jul-2026 06:33:45,,RJ43AB1293,DRV428,549.1
TRP009073,MANDI-022,WH-North,2026-02-16 06:37:06,2026-02-16 16:07:06,9.5,UP74DF5789,DRV421,428.7
TRP004957,MANDI-013,WH-East,2026-02-26 04:26:29,2026-02-27 01:02:29,20.6,HR21BC8241,,1212.2
TRP007196,MANDI-004,WH-East,10/07/2026,2026-07-10 18:23:19,13.2,HR95AB5494,DRV539,715.4
TRP008817,MANDI-019,WH-Central,2026-04-02 05:10:45,02/04/2026 10:16,5.1,PB67BC2925,DRV707,206.6
TRP004370,MANDI-013,WH-South,2026-08-31 19:09:22,01/09/2026 12:21,17.2,DL48BC5194,DRV343,901.597480154224
TRP002766,MANDI-045,WH-South,15/02/2026 05:53,2026-02-15 23:53:47,18.0,RJ96DF3463,DRV495,961.7
TRP003930,MANDI-043,WH-Central,04-13-2026 10:09 AM,2026-04-13 23:39:45,13.5,HR54DF1374,DRV815,639.3
TRP007949,MANDI-046,Export-Terminal,08-20-2026 05:32 PM,,14.7,RJ27CD3043,DRV268,719.7
TRP009086,MANDI-048,WH-South,22/08/2026 23:53,2026-08-23T13:53:06,14.0,HR28AB1026,DRV917,597.5
TRP008077,MANDI-021,WH-Central,2026-02-26 02:36:03,26/02/2026,6.3,PB49AB1159,DRV198,350.7
TRP006978,MANDI-045,WH-East,05-Jan-2026 03:13:40,2026-01-05 19:55:40,16.7,RJ18DF8765,DRV108,780.3
TRP000629,MANDI-028,Export-Terminal,2026-02-25T17:58:57,26/02/2026,14.7,HR33CD3191,DRV569,841.6
TRP002452,MANDI-010,Export-Terminal,20-Feb-2026 06:06:22,20/02/2026,,UP55AB7704,,606.9
TRP006809,MANDI-020,WH-Central,29-Mar-2026 23:04:15,2026-03-30T01:52:15,2.8,PB62DF4726,DRV299,136.3
TRP007174,MANDI-040,WH-North,03-17-2026 01:48 AM,03-17-2026 04:12 PM,14.4,DL55DF7014,DRV838,726.9
TRP003825,MANDI-024,WH-South,12-Mar-2026 01:02:23,03-12-2026 02:32 PM,,DL44AB7596,DRV642,742.9
TRP000622,MANDI-048,WH-West,2026-03-09 04:36:17,2026-03-09T14:18:17,9.7,,DRV538,552.898454721906
TRP002653,MANDI-050,Export-Terminal,03-Sep-2026 04:14:17,09-03-2026 06:38 AM,2.4,DL40DF5636,DRV499,120.3
TRP009472,MANDI-055,Export-Terminal,2026-06-20 09:41:06,2026-06-21T04:59:06,19.3,HR35DF1488,DRV187,854.3976120716161
TRP003744,MANDI-021,WH-East,06-13-2026 08:38 PM,14-Jun-2026 09:32:12,12.9,UP65DF8006,DRV843,701.3980396851961
TRP002177,MANDI-029,WH-Central,21/01/2026 02:24,,13.3,,DRV237,723.5
TRP001409,MANDI-053,WH-South,10/07/2026 05:10,2026-07-10T13:04:58,7.9,,DRV504,472.1
TRP009634,MANDI-014,Export-Terminal,27/02/2026,2026-02-28 02:55:36,14.9,UP20CD5220,,729.2
TRP003319,MANDI-043,WH-Central,14/04/2026,,14.4,DL87BC8679,DRV416,862.6
TRP006921,MANDI-024,WH-South,2026-08-12 20:56:14,2026-08-13 15:08:14,18.2,RJ44CD2323,,839.8
TRP002788,MANDI-015,WH-North,26-Mar-2026 01:46:58,03-26-2026 07:04 AM,5.3,DL28BC3828,DRV751,290.2
TRP004106,MANDI-033,WH-East,08/09/2026 13:07,09/09/2026 07:55,18.8,PB65DF1162,DRV460,1089.6969544410579
TRP006936,MANDI-028,WH-North,05-Aug-2026 03:21:58,2026-08-05 19:21:58,16.0,,DRV171,747.1
TRP001677,MANDI-036,WH-East,10-Feb-2026 13:37:09,11/02/2026,10.8,PB72DF9453,DRV674,585.5
TRP003948,MANDI-016,WH-West,17/07/2026,07-17-2026 05:48 PM,6.6,RJ30CD9423,DRV976,325.3
TRP004445,MANDI-053,Export-Terminal,2026-03-07 06:09:33,,6.0,RJ24DF2657,DRV169,296.09917244195407
TRP002937,MANDI-011,WH-North,2026-05-08 14:20:33,09-May-2026 04:20:33,14.0,PB66CD1021,DRV200,832.8
TRP007263,MANDI-015,WH-South,22/02/2026 23:04,02-23-2026 12:22 PM,13.3,PB65AB9123,DRV767,759.0
TRP002838,MANDI-037,WH-East,05/04/2026 12:32,2026-04-06 11:32:06,23.0,PB77CD6633,DRV955,1052.5
TRP005723,MANDI-057,WH-North,27-Feb-2026 09:05:09,28/02/2026 03:11,18.1,RJ89DF4532,DRV793,888.0
TRP008092,MANDI-033,Export-Terminal,01-13-2026 03:42 AM,2026-01-13 06:06:09,2.4,DL40BC9676,DRV224,110.3
TRP002504,MANDI-040,WH-Central,2026-01-03 12:40:00,01-04-2026 05:22 AM,16.7,UP41BC6210,,919.3
TRP008819,MANDI-045,WH-North,13/08/2026,08-14-2026 01:52 PM,19.4,DL46DF4405,DRV510,916.0
TRP002370,MANDI-050,WH-East,06-19-2026 07:00 PM,,,RJ95DF9683,DRV991,598.4
TRP004968,MANDI-037,WH-South,2026-04-14 11:46:55,2026-04-15T05:04:55,17.3,PB29AB8339,DRV721,
TRP005884,MANDI-019,WH-Central,17-Feb-2026 04:56:42,18/02/2026,23.9,UP43CD2910,,965.7
TRP002218,MANDI-032,WH-Central,08/03/2026 08:53,2026-03-09 04:29:43,19.6,DL94BC9829,,1042.0
TRP005848,MANDI-021,WH-Central,2026-05-04 21:04:04,05/05/2026 05:22,8.3,PB55AB7134,DRV662,456.8
TRP002219,MANDI-035,WH-Central,03-02-2026 05:19 AM,03-02-2026 02:49 PM,9.5,HR86DF5233,DRV171,499.4
TRP003327,MANDI-025,WH-North,20/08/2026 01:05,2026-08-20T09:29:20,8.4,RJ27DF5808,DRV197,397.2
TRP007343,MANDI-031,WH-Central,15/01/2026 22:56,16/01/2026,10.6,HR32AB3006,DRV910,429.2
TRP003584,MANDI-007,WH-Central,2026-03-31 17:08:46,01/04/2026 10:56,17.8,PB85AB4151,DRV109,
TRP006502,MANDI-051,WH-East,02-09-2026 12:21 PM,10/02/2026 06:39,18.3,,DRV610,1042.6
TRP003620,MANDI-045,WH-North,2026-06-06T23:07:46,2026-06-07 14:55:46,,,DRV314,749.7
TRP006218,MANDI-051,WH-East,2026-03-17 07:04:43,17/03/2026,14.8,HR69BC6198,,768.4
TRP002469,MANDI-028,Export-Terminal,28/01/2026 08:13,2026-01-29T00:43:20,16.5,RJ13DF7769,DRV841,709.4
TRP007016,MANDI-040,WH-Central,07-14-2026 04:24 AM,14/07/2026,13.5,DL83CD6748,DRV775,669.8
TRP003116,MANDI-011,WH-North,19-Jun-2026 19:12:29,19/06/2026 22:12,3.0,DL37AB2116,,
TRP000086,MANDI-015,WH-East,03/02/2026 16:51,04/02/2026 03:15,10.4,HR24BC5352,DRV582,543.5
TRP008805,MANDI-040,Export-Terminal,10/03/2026 13:44,,11.4,RJ62AB3406,DRV995,576.6
TRP005974,MANDI-014,Export-Terminal,09/01/2026 00:34,09-Jan-2026 12:22:31,11.8,PB76CD2185,DRV150,544.2
TRP002802,MANDI-011,WH-East,2026-03-10T10:37:12,2026-03-11 09:07:12,22.5,DL47BC2504,DRV412,933.797390159732
TRP003672,MANDI-050,WH-South,19/04/2026,19/04/2026 17:24,7.5,HR48BC9101,DRV505,442.3
TRP003668,MANDI-024,WH-North,14/05/2026 17:52,2026-05-15T02:04:26,8.2,,DRV146,436.2
TRP007931,MANDI-026,WH-North,26-Jun-2026 04:06:09,06-26-2026 07:36 PM,15.5,PB68DF3943,DRV176,668.0
TRP005159,MANDI-050,WH-South,13/06/2026,2026-06-14 02:54:53,15.5,PB95AB5224,DRV593,855.0
TRP005726,MANDI-056,WH-West,24-Feb-2026 16:32:56,02-24-2026 07:56 PM,3.4,,DRV556,179.8
TRP004591,MANDI-033,WH-West,2026-01-02T07:23:26,,24.0,DL69AB4435,DRV503,1179.49670346263
TRP002020,MANDI-045,WH-West,07-24-2026 06:17 PM,25-Jul-2026 03:17:37,,UP52DF1214,DRV649,519.298548629202
TRP003424,MANDI-030,WH-West,07/03/2026,07/03/2026 22:51,7.3,HR30AB6308,DRV595,330.7
TRP002526,MANDI-044,Export-Terminal,11/06/2026 05:40,06-11-2026 11:04 PM,17.4,UP86CD1750,DRV673,1009.4
TRP007955,MANDI-016,WH-Central,28-Apr-2026 03:07:44,2026-04-28T23:25:44,20.3,HR86AB3354,DRV440,1123.8
TRP006798,MANDI-014,Export-Terminal,07-10-2026 05:13 AM,2026-07-10T23:25:17,18.2,PB42DF6757,DRV394,840.8
TRP003213,MANDI-056,WH-West,22/04/2026 07:21,22/04/2026 13:15,5.9,RJ24AB7163,DRV227,315.4
TRP000520,MANDI-025,WH-Central,18-Jul-2026 20:38:32,19-Jul-2026 07:20:32,10.7,PB28CD6480,DRV795,511.4
TRP005367,MANDI-049,WH-Central,09-01-2026 09:58 AM,,16.4,HR69CD2744,DRV350,816.0
TRP008469,MANDI-036,WH-East,04-May-2026 07:15:19,04/05/2026 15:57,8.7,HR76AB6796,,383.2
TRP006594,MANDI-010,WH-Central,05-06-2026 12:12 AM,2026-05-06 23:48:08,,UP67DF9346,DRV949,1410.1
TRP002896,MANDI-002,WH-Central,17/06/2026 05:46,17/06/2026,2.7,DL85AB7242,DRV164,132.599629401564
TRP000245,MANDI-016,WH-South,10/01/2026 05:21,10/01/2026,5.1,DL58DF1545,DRV274,216.3
TRP005931,MANDI-041,WH-Central,2026-02-28T02:46:12,28/02/2026 18:52,16.1,HR91AB3031,,898.3
TRP004715,MANDI-025,WH-South,2026-03-23T15:03:53,03-24-2026 05:03 AM,14.0,HR44BC3131,,651.3
TRP009578,MANDI-027,WH-East,10/01/2026 22:05,2026-01-11 08:23:36,10.3,RJ52AB4435,,540.898488260226
TRP003426,MANDI-003,WH-North,03-17-2026 09:12 PM,03-18-2026 11:30 AM,14.3,UP50BC1190,DRV727,680.3
TRP007347,MANDI-006,WH-North,2026-06-01T01:18:16,01/06/2026,,,DRV393,819.9
TRP007551,MANDI-036,WH-Central,07/03/2026 09:12,,9.5,DL82CD8377,DRV791,436.7
TRP008569,MANDI-055,WH-West,01/03/2026 21:19,2026-03-02 19:07:04,21.8,PB99DF5174,,1285.1
TRP007236,MANDI-008,Export-Terminal,03/08/2026,03-Aug-2026 22:58:50,19.6,UP79AB9227,DRV462,851.8
TRP006736,MANDI-036,WH-West,05-07-2026 11:49 AM,2026-05-07T18:43:49,6.9,PB47AB3514,DRV890,348.7
TRP007890,MANDI-055,WH-Central,2026-01-03 14:01:01,,13.0,PB36AB4622,DRV425,601.3
TRP005510,MANDI-016,WH-West,2026-05-15 17:18:07,05-16-2026 04:06 AM,10.8,PB99DF8309,DRV905,577.5
TRP006298,MANDI-013,WH-South,16/02/2026 10:14,2026-02-17T02:08:45,15.9,HR31AB2167,DRV596,719.6
TRP002002,MANDI-006,WH-East,07-23-2026 10:44 PM,2026-07-24 06:26:09,7.7,DL14CD4326,DRV856,389.3
TRP000886,MANDI-044,Export-Terminal,17/04/2026 05:12,18-Apr-2026 02:36:41,,RJ41AB3023,DRV942,1201.4
TRP000870,MANDI-013,WH-West,17-Feb-2026 12:54:17,18-Feb-2026 09:36:17,20.7,UP77DF2874,,1166.2967403547818
TRP006455,MANDI-040,WH-Central,03-19-2026 03:30 PM,2026-03-19 23:06:38,7.6,HR19DF1090,DRV346,327.5
TRP000972,MANDI-015,Export-Terminal,2026-04-21T21:53:59,2026-04-22 11:47:59,13.9,UP63CD9059,DRV850,727.1
TRP008422,MANDI-047,WH-East,18/08/2026 21:51,08-19-2026 11:39 AM,13.8,PB83CD7028,DRV350,731.4
TRP005721,MANDI-045,WH-East,11/06/2026 08:19,2026-06-11 19:37:42,11.3,HR17CD1447,DRV201,667.4
TRP000357,MANDI-004,WH-East,11-Feb-2026 17:24:44,12-Feb-2026 16:36:44,23.2,PB87CD4138,DRV187,1102.3
TRP006691,MANDI-026,WH-West,04-19-2026 07:10 PM,2026-04-20 11:58:39,16.8,PB92CD8474,DRV616,947.6
TRP005452,MANDI-041,WH-North,2026-08-23 02:26:21,08-23-2026 01:56 PM,11.5,HR70AB1939,,492.5
TRP008524,MANDI-002,WH-West,2026-06-07 00:13:40,2026-06-07 18:37:40,18.4,PB36DF3070,DRV102,758.8
TRP007022,MANDI-001,WH-East,2026-08-05 20:08:50,,14.6,DL88BC2258,DRV608,839.8
TRP002744,MANDI-004,WH-North,2026-02-03 17:58:54,04/02/2026,9.7,UP38AB1618,DRV502,398.3
TRP007411,MANDI-032,WH-West,07-26-2026 03:13 PM,27/07/2026,17.7,,DRV161,933.5
TRP001276,MANDI-022,WH-East,21-Jun-2026 15:30:44,2026-06-22 05:00:44,13.5,,,781.297816375882
TRP001891,MANDI-041,Export-Terminal,03-May-2026 20:55:17,04/05/2026 11:55,15.0,,DRV503,826.4
TRP009035,MANDI-014,WH-West,2026-06-21T08:54:14,21-Jun-2026 16:54:14,8.0,UP71DF8922,DRV126,430.4
TRP007815,MANDI-028,WH-East,08-17-2026 04:43 AM,2026-08-18 03:19:19,22.6,,,1283.396413076676
TRP007164,MANDI-023,WH-South,19-Jun-2026 02:16:44,,22.2,DL63AB9426,DRV235,1302.3
TRP009552,MANDI-005,WH-East,2026-07-17 15:07:16,17-Jul-2026 17:31:16,,RJ89BC3952,DRV413,132.199630519508
TRP003564,MANDI-041,WH-North,2026-01-18 03:28:01,2026-01-18 21:16:01,17.8,PB20DF9272,DRV760,864.5
TRP005788,MANDI-008,WH-Central,03-09-2026 10:10 AM,03-09-2026 01:28 PM,3.3,DL21CD8458,DRV210,182.5
TRP004959,MANDI-025,WH-South,05-Mar-2026 09:09:06,,4.2,RJ98DF4792,DRV556,205.0
TRP001547,MANDI-001,WH-West,2026-02-27 12:16:59,2026-02-28 02:46:59,14.5,UP49AB2077,DRV787,762.5
TRP006194,MANDI-041,WH-West,06-29-2026 01:49 PM,,16.5,RJ18DF8023,DRV352,
TRP002381,MANDI-024,WH-South,05-10-2026 09:14 PM,05-11-2026 08:38 AM,11.4,PB63CD6216,DRV236,581.8
TRP006475,MANDI-005,WH-West,2026-06-09 07:49:46,2026-06-09 12:31:46,,RJ71DF6653,,262.3
TRP003824,MANDI-011,WH-South,2026-01-06T00:20:26,06-Jan-2026 03:32:26,,DL15CD5157,DRV979,176.7
TRP003233,MANDI-039,Export-Terminal,17/03/2026,17-Mar-2026 23:08:21,10.0,,DRV975,588.2
TRP008734,MANDI-001,WH-Central,05-06-2026 08:46 AM,2026-05-06 23:58:42,15.2,HR28AB5003,DRV572,759.4
TRP003307,MANDI-022,WH-North,31-Jul-2026 15:59:24,2026-07-31T23:23:24,7.4,,DRV406,427.7
TRP000493,MANDI-057,WH-Central,01/08/2026,01/08/2026,5.9,HR12BC4511,DRV972,248.9
TRP003500,MANDI-011,WH-Central,2026-08-20T20:12:28,2026-08-21T04:30:28,8.3,,DRV122,376.398948014696
TRP009196,MANDI-007,Export-Terminal,2026-06-02 09:20:12,2026-06-03T04:56:12,,UP22CD2263,DRV100,945.8
TRP001117,MANDI-042,WH-South,2026-04-11 00:02:21,,,DL89AB8977,DRV265,596.2
TRP005638,MANDI-036,WH-North,2026-05-14T10:18:50,05-15-2026 04:00 AM,17.7,,,719.5
TRP009127,MANDI-048,WH-North,04-09-2026 09:18 PM,10-Apr-2026 00:36:05,3.3,DL98AB7292,,132.199630519508
TRP006147,MANDI-031,WH-South,17-Jul-2026 09:47:43,07-18-2026 05:59 AM,,,DRV776,815.9
TRP009191,MANDI-007,Export-Terminal,05/08/2026 04:21,2026-08-05 08:21:12,4.0,UP79DF6964,DRV704,167.399532140436
TRP009128,MANDI-051,WH-West,02-08-2026 12:12 AM,2026-02-08 20:30:31,,UP79AB2203,DRV590,1123.5
TRP009041,MANDI-055,WH-West,21-Jan-2026 04:56:45,22/01/2026,20.5,PB80AB3946,DRV362,833.8
TRP008559,MANDI-034,WH-North,2026-06-14 22:59:11,15-Jun-2026 20:11:11,21.2,,DRV633,963.6
TRP008958,MANDI-049,WH-Central,09/05/2026,09-May-2026 17:11:40,,,DRV153,691.8
TRP006590,MANDI-024,WH-West,03-16-2026 03:42 AM,2026-03-16 23:06:12,19.4,PB65BC1836,,1018.9
TRP009435,MANDI-027,WH-North,02-08-2026 03:56 PM,09-Feb-2026 14:50:40,22.9,,DRV667,1372.5
TRP003646,MANDI-020,WH-East,2026-05-30 08:23:12,2026-05-30 16:53:12,8.5,UP80DF2989,DRV196,501.1
TRP002501,MANDI-056,WH-East,13/06/2026,2026-06-13 11:41:36,2.7,HR25DF2209,DRV845,142.5
TRP005678,MANDI-053,WH-East,2026-06-29 05:52:03,,7.7,DL68DF8835,DRV220,423.3
TRP008343,MANDI-038,WH-West,22/01/2026 19:47,23-Jan-2026 05:47:40,10.0,RJ36BC7540,DRV350,474.198674677388
TRP005242,MANDI-032,WH-South,02/03/2026 05:04,2026-03-02 12:16:00,7.2,DL91AB5860,DRV966,
TRP009378,MANDI-052,WH-South,26/07/2026 17:27,07-27-2026 04:57 PM,23.5,PB34CD2978,DRV660,1209.0
TRP002784,MANDI-055,WH-North,22/07/2026 16:10,23/07/2026,10.2,UP99CD3660,DRV757,566.2
TRP006159,MANDI-008,WH-West,2026-02-16 13:00:13,2026-02-16T15:00:13,2.0,RJ62CD2768,DRV187,100.6
TRP003810,MANDI-041,WH-North,2026-06-11T05:44:21,2026-06-11 18:14:21,12.5,,,
TRP007220,MANDI-055,Export-Terminal,2026-07-23T00:29:19,2026-07-23T10:41:19,10.2,,,469.2
TRP008994,MANDI-039,WH-West,04-Jul-2026 20:54:09,2026-07-05 09:24:09,12.5,PB22DF9082,DRV523,
TRP002994,MANDI-037,Export-Terminal,2026-01-01T04:57:55,01/01/2026 07:51,2.9,,DRV399,129.099639183574
TRP001697,MANDI-040,WH-North,06-Apr-2026 09:00:20,2026-04-07T08:48:20,23.8,HR55BC4387,DRV591,1088.2
TRP005686,MANDI-049,WH-Central,2026-03-28T15:39:49,29/03/2026 04:27,12.8,DL95AB6727,DRV526,556.2
TRP007810,MANDI-008,WH-North,07-29-2026 07:01 AM,29/07/2026,10.1,UP26CD2690,,539.6
TRP008560,MANDI-002,Export-Terminal,2026-07-03 14:25:49,04/07/2026,19.6,HR76CD5401,DRV826,795.5
TRP006505,MANDI-045,WH-Central,2026-02-27 18:40:58,2026-02-28T01:04:58,6.4,UP76CD1028,DRV479,270.3
TRP005940,MANDI-029,WH-North,2026-07-22T15:21:12,,19.4,,DRV594,992.8
TRP002053,MANDI-038,Export-Terminal,05-20-2026 09:22 AM,2026-05-20 20:10:06,10.8,PB27AB4872,DRV375,595.3
TRP001777,MANDI-027,Export-Terminal,2026-02-13T05:01:41,14/02/2026 04:07,23.1,UP81AB2459,DRV853,1103.9
TRP007718,MANDI-009,WH-South,16/01/2026,2026-01-17 05:20:39,9.5,,DRV346,453.198733369448
TRP003314,MANDI-022,WH-South,20/04/2026 15:13,2026-04-21 11:37:07,20.4,PB15DF8709,DRV407,838.8
TRP004782,MANDI-023,WH-South,23-Feb-2026 05:15:07,23/02/2026,11.1,PB22DF1151,DRV426,522.4
TRP006633,MANDI-016,WH-East,2026-04-10 14:18:39,2026-04-11T14:12:39,23.9,UP61CD6983,DRV320,1380.0
TRP007236,MANDI-008,Export-Terminal,03/08/2026,03-Aug-2026 22:58:50,19.6,UP79AB9227,DRV462,851.8
TRP000312,MANDI-042,WH-South,2026-05-18T08:31:28,2026-05-18 11:55:28,3.4,PB97CD9995,DRV232,145.6
TRP001593,MANDI-024,Export-Terminal,2026-06-01T17:27:31,02/06/2026 02:27,9.0,DL80AB8356,,489.6
TRP001724,MANDI-026,WH-North,01-Aug-2026 21:18:17,2026-08-02 04:06:17,6.8,HR93DF6610,DRV676,317.699112072978
TRP000216,MANDI-028,WH-West,02-14-2026 03:32 AM,02-14-2026 12:26 PM,8.9,UP56BC7370,DRV367,372.3
TRP006902,MANDI-040,WH-North,07/06/2026 06:43,08/06/2026 00:55,18.2,PB14BC2749,DRV433,908.0
TRP006708,MANDI-019,WH-Central,2026-04-05 12:21:02,06-Apr-2026 12:15:02,23.9,,DRV747,1376.8
TRP008589,MANDI-030,WH-North,2026-06-19T10:31:14,2026-06-19T23:31:14,13.0,UP97CD9695,DRV842,675.5
TRP000491,MANDI-051,WH-South,2026-05-17T07:10:31,2026-05-18 01:22:31,18.2,UP30DF6863,DRV504,904.5974717696441
TRP009500,MANDI-054,WH-West,04-28-2026 04:48 AM,28/04/2026 06:54,2.1,PB65CD9036,DRV555,
TRP003484,MANDI-047,WH-Central,10/08/2026 22:08,2026-08-11 16:38:05,18.5,DL42CD8322,DRV746,1101.5
TRP005103,MANDI-039,Export-Terminal,20/04/2026 09:11,2026-04-20 13:41:12,4.5,PB72AB7591,DRV897,225.3
TRP005188,MANDI-005,WH-East,10/05/2026 03:43,2026-05-10 10:43:22,7.0,HR70CD6292,DRV336,367.4
TRP003432,MANDI-046,WH-Central,2026-07-29 09:57:33,2026-07-29T20:33:33,10.6,DL62CD2689,DRV596,
TRP006600,MANDI-017,WH-South,09/07/2026,07-09-2026 04:24 PM,13.4,,DRV557,
TRP007073,MANDI-006,WH-North,09/04/2026,04-10-2026 01:38 AM,17.5,UP65AB1574,DRV760,806.4
TRP000461,MANDI-043,Export-Terminal,08-25-2026 05:10 PM,2026-08-25 21:22:50,4.2,HR82AB9009,DRV968,230.3
TRP006411,MANDI-001,WH-Central,01/09/2026,02-Sep-2026 08:50:45,,PB84CD9375,DRV319,555.9
TRP006651,MANDI-027,WH-West,2026-06-14 13:09:35,15-Jun-2026 09:45:35,20.6,,,869.7
TRP005514,MANDI-044,Export-Terminal,21/05/2026 00:00,,2.7,UP78DF1046,DRV847,119.7
TRP000026,MANDI-012,Export-Terminal,08-04-2026 02:19 PM,04/08/2026 16:43,2.4,RJ53CD4074,DRV711,115.2
TRP003513,MANDI-055,WH-Central,08-06-2026 02:39 AM,06/08/2026 11:09,8.5,HR91CD8399,DRV672,411.0
TRP002410,MANDI-032,WH-Central,27/07/2026,27/07/2026,,UP59DF5762,DRV475,455.0
TRP003271,MANDI-021,WH-East,2026-07-12 04:51:13,12-Jul-2026 09:33:13,4.7,DL68CD3810,,
TRP005210,MANDI-006,Export-Terminal,2026-04-23 21:10:40,24/04/2026,14.9,RJ78CD8956,DRV968,636.9982196741801
TRP009061,MANDI-036,WH-West,20/01/2026 18:55,21/01/2026 13:25,18.5,RJ94AB1486,DRV721,
TRP001553,MANDI-023,WH-West,01-17-2026 07:21 PM,2026-01-18 04:27:23,9.1,PB93BC1850,DRV356,409.0
TRP009568,MANDI-018,WH-West,2026-04-19 01:30:27,,22.1,,DRV160,1232.4
TRP009921,MANDI-026,WH-North,23-Jun-2026 14:38:26,06-24-2026 02:50 AM,12.2,HR81DF4848,DRV143,590.3
TRP007624,MANDI-023,Export-Terminal,2026-07-26 17:35:38,26/07/2026 19:41,2.1,HR30BC3550,DRV488,118.7
TRP003872,MANDI-039,WH-Central,2026-03-27 09:03:51,2026-03-28T07:09:51,22.1,HR14BC5668,DRV954,1273.196441584248
TRP003403,MANDI-048,WH-East,2026-05-11 00:33:48,11/05/2026 20:15,19.7,HR15BC7492,DRV349,878.8
TRP004530,MANDI-011,WH-North,2026-06-03T15:47:10,04/06/2026,8.8,PB89DF9511,DRV909,514.6
TRP000980,MANDI-006,WH-North,06-May-2026 10:23:03,2026-05-06 23:35:03,13.2,HR79AB4213,DRV197,713.0
TRP002656,MANDI-043,WH-West,2026-01-19T20:55:41,20/01/2026,19.2,DL84DF3743,,1018.0
TRP001848,MANDI-001,WH-North,04-24-2026 11:55 AM,04-24-2026 10:25 PM,10.5,DL25DF4691,DRV631,449.9
TRP009160,MANDI-008,WH-East,2026-07-03 04:09:45,07-03-2026 08:51 PM,16.7,PB61CD4939,DRV118,683.9
TRP008573,MANDI-005,Export-Terminal,04/03/2026,04-Mar-2026 20:34:47,19.4,UP83AB9185,DRV497,1039.7
TRP004270,MANDI-028,Export-Terminal,2026-04-23 15:32:41,,21.3,UP71CD5894,DRV905,956.5
TRP009652,MANDI-029,WH-Central,2026-03-25 12:22:44,26/03/2026,24.0,UP10DF8723,DRV310,1237.7
TRP005722,MANDI-054,WH-East,2026-05-31 06:57:07,01/06/2026,22.2,HR42AB1132,DRV807,1319.9
TRP000516,MANDI-036,WH-North,2026-02-24 04:14:50,2026-02-24 15:26:50,,RJ11DF8985,DRV318,558.6
TRP007841,MANDI-040,WH-Central,2026-08-10 05:52:14,2026-08-10T09:58:14,4.1,RJ84AB5050,DRV171,199.3
TRP004950,MANDI-056,WH-East,02-Feb-2026 19:01:20,02-03-2026 04:19 AM,9.3,UP90AB5721,DRV432,493.3
TRP008631,MANDI-044,WH-North,12/04/2026 22:18,2026-04-13 07:00:37,8.7,,DRV227,487.59863722626403
TRP001103,MANDI-004,WH-North,2026-05-12 19:28:22,05-13-2026 02:52 AM,7.4,HR80BC8215,,372.9
TRP003277,MANDI-005,WH-South,2026-01-09 01:19:20,09-Jan-2026 13:19:20,12.0,PB35AB4960,DRV130,572.4
TRP008172,MANDI-004,Export-Terminal,16/08/2026,2026-08-16 18:32:33,9.4,,DRV430,
TRP007852,MANDI-036,Export-Terminal,01-May-2026 08:23:18,,18.4,PB59DF8045,,848.6
TRP008036,MANDI-025,WH-Central,2026-07-20T07:10:07,2026-07-20 15:04:07,7.9,RJ10BC3563,,360.5
TRP009441,MANDI-010,WH-Central,16-Mar-2026 17:07:00,2026-03-17T15:55:00,22.8,UP73CD8666,,982.097255167994
TRP008671,MANDI-041,WH-East,17/02/2026 11:25,2026-02-17T19:55:46,8.5,PB35BC7801,DRV751,400.698880099598
TRP003997,MANDI-048,WH-Central,01-20-2026 02:26 AM,2026-01-20 17:50:41,15.4,HR21BC1340,DRV542,648.1
TRP000195,MANDI-007,WH-South,31/05/2026 02:32,2026-05-31 05:02:34,2.5,PB22AB8871,,149.6
TRP004712,MANDI-049,WH-South,2026-05-09T21:43:53,10/05/2026 04:49,7.1,DL55CD5313,DRV226,314.3
TRP000644,MANDI-026,WH-West,30/08/2026 11:08,2026-08-30 17:50:27,6.7,RJ18BC2379,DRV683,269.4
TRP008724,MANDI-045,WH-North,02-Jan-2026 10:40:56,02/01/2026 23:28,,HR84BC4665,DRV834,602.6
TRP003286,MANDI-005,WH-West,02/04/2026 04:26,2026-04-02T10:02:38,5.6,DL18AB3195,DRV783,291.699184739338
TRP003117,MANDI-052,WH-East,26-Aug-2026 09:46:44,2026-08-27 09:22:44,,RJ93CD4706,DRV285,1051.6
TRP007067,MANDI-021,WH-Central,2026-07-14T23:02:06,,23.9,PB53AB7636,DRV288,989.4
TRP003576,MANDI-006,Export-Terminal,30-Aug-2026 11:47:53,30/08/2026,,,DRV209,341.7
TRP009387,MANDI-020,WH-North,2026-04-01 18:15:42,02/04/2026 08:15,14.0,HR68BC2132,,760.7
TRP004321,MANDI-025,WH-North,2026-08-18 12:22:22,08-18-2026 08:28 PM,8.1,DL82CD3380,DRV291,366.7
TRP002125,MANDI-013,WH-West,2026-09-03T06:32:12,03/09/2026 12:14,,UP88BC5026,,336.4
TRP002208,MANDI-057,Export-Terminal,18/07/2026,07-18-2026 07:31 PM,11.5,DL95CD5569,DRV229,649.0
TRP004553,MANDI-009,WH-Central,09-Mar-2026 09:33:03,10/03/2026,20.4,DL58BC7904,,1060.397036330456
TRP007960,MANDI-025,WH-South,03-30-2026 01:56 PM,2026-03-31T01:56:14,12.0,,,554.6
TRP009203,MANDI-024,WH-North,17/03/2026,17/03/2026 21:33,14.6,RJ23DF2371,DRV993,684.0
TRP003719,MANDI-009,WH-South,12/07/2026 16:04,12/07/2026 22:46,6.7,UP70DF3292,DRV183,356.0
TRP000973,MANDI-019,WH-South,17/04/2026,,4.4,UP84DF7652,DRV729,234.6
TRP004580,MANDI-043,WH-East,2026-06-19T11:09:55,06-20-2026 02:09 AM,15.0,,DRV685,675.5
TRP006517,MANDI-012,WH-West,23/05/2026,2026-05-23T20:32:30,16.1,,DRV649,883.3
TRP006699,MANDI-012,WH-West,2026-09-05 00:58:15,05-Sep-2026 20:28:15,19.5,UP14BC1373,,961.7973119036519
TRP000720,MANDI-003,WH-Central,03-25-2026 07:26 PM,03-26-2026 11:56 AM,16.5,PB82BC4672,DRV357,938.7
TRP007109,MANDI-045,WH-East,05/04/2026 00:17,2026-04-05T08:23:03,8.1,HR48DF3088,DRV693,332.5
TRP006156,MANDI-012,WH-Central,03-05-2026 12:30 AM,06/03/2026 00:00,23.5,DL69DF1113,DRV167,
TRP009807,MANDI-031,Export-Terminal,2026-07-05 18:27:38,2026-07-06 04:39:38,10.2,RJ95AB2754,DRV833,444.3
TRP003897,MANDI-056,WH-South,2026-06-13 10:36:33,14/06/2026 07:42,21.1,HR36DF2777,,1062.397030740736
TRP002804,MANDI-038,WH-South,2026-01-10T07:00:33,2026-01-11T00:12:33,17.2,RJ27AB8345,DRV392,752.2
TRP002567,MANDI-009,Export-Terminal,2026-08-03 02:35:09,2026-08-04T02:17:09,,DL14CD2022,DRV700,1253.7
TRP004026,MANDI-019,WH-East,04/09/2026,,16.6,UP11CD2134,DRV469,745.8
TRP006199,MANDI-007,WH-West,25/07/2026 14:46,2026-07-26T09:22:06,18.6,HR67BC8244,DRV726,892.0
TRP000033,MANDI-044,WH-North,16/02/2026,2026-02-16T18:31:18,18.0,PB19AB8250,DRV101,768.3
TRP008641,MANDI-016,WH-Central,06-15-2026 04:07 AM,2026-06-15T15:37:00,11.5,RJ72DF6735,DRV597,490.8
TRP009188,MANDI-044,Export-Terminal,2026-01-26T17:03:32,2026-01-27T04:15:32,,PB85BC5318,DRV751,451.0
TRP003232,MANDI-035,WH-West,17/08/2026,2026-08-18T15:07:02,22.4,HR69BC9227,DRV280,1248.8
TRP004064,MANDI-016,WH-Central,2026-01-21 07:10:18,2026-01-21T17:34:18,10.4,PB64AB7441,DRV501,459.2
TRP009309,MANDI-035,WH-South,07-31-2026 03:06 AM,2026-07-31 15:12:53,12.1,UP78AB6323,DRV931,707.5
TRP005541,MANDI-036,Export-Terminal,2026-03-03 15:24:36,03/03/2026 21:48,6.4,,DRV553,260.1
TRP001698,MANDI-015,WH-North,29/04/2026 14:09,,13.6,UP35CD1524,,
TRP002793,MANDI-031,WH-East,09-06-2026 03:38 AM,06-Sep-2026 08:56:47,5.3,HR26AB7152,DRV377,
TRP002223,MANDI-024,WH-East,06-06-2026 01:21 PM,,8.3,,DRV207,404.4
TRP005819,MANDI-047,WH-West,01-22-2026 02:40 PM,2026-01-23 00:52:05,,,DRV599,487.49863750575
TRP003724,MANDI-044,WH-East,2026-03-11 17:28:10,03-12-2026 02:28 AM,9.0,RJ34DF2517,DRV399,533.8
TRP003765,MANDI-020,WH-East,03-23-2026 09:29 PM,23/03/2026,2.3,HR57DF7064,DRV507,125.3
TRP003867,MANDI-052,WH-South,18/04/2026,2026-04-19T05:18:16,,DL87CD2957,DRV430,294.3
TRP008294,MANDI-020,WH-West,18-Jun-2026 05:05:13,06-19-2026 03:23 AM,22.3,,DRV645,
TRP009010,MANDI-032,WH-Central,2026-02-28T22:01:48,01/03/2026 10:07,12.1,RJ76BC7305,DRV362,492.0
TRP009299,MANDI-035,Export-Terminal,02-18-2026 12:29 AM,2026-02-18 04:53:55,4.4,HR10BC1864,DRV248,178.1
TRP009056,MANDI-043,WH-West,27/08/2026,28-Aug-2026 03:59:42,19.7,RJ23CD7025,DRV466,1063.49702766639
TRP007710,MANDI-056,WH-East,2026-04-20 10:18:38,2026-04-20 13:00:38,2.7,HR83DF7404,DRV858,161.899547512166
TRP003759,MANDI-054,WH-East,03-23-2026 10:34 PM,2026-03-24T21:40:17,23.1,RJ62CD2637,DRV401,1136.4
TRP002832,MANDI-010,Export-Terminal,04-09-2026 08:26 AM,09-Apr-2026 20:08:21,11.7,DL83AB8083,,650.7
TRP003228,MANDI-047,Export-Terminal,23/05/2026,2026-05-24T03:10:12,4.6,UP71AB3866,DRV538,200.7
TRP004215,MANDI-030,WH-West,19/05/2026 16:46,2026-05-19 20:28:50,,RJ20AB9304,DRV279,200.5
TRP003924,MANDI-018,WH-South,2026-02-05 23:09:31,06/02/2026 13:57,14.8,RJ49BC7542,DRV924,755.7
TRP003905,MANDI-053,WH-North,2026-05-12T11:13:40,05-13-2026 02:55 AM,15.7,,DRV235,882.2
TRP002278,MANDI-047,WH-Central,07-13-2026 07:49 AM,,21.8,PB84AB5841,DRV309,1092.3
TRP008924,MANDI-031,WH-Central,01/09/2026 05:02,01/09/2026,12.0,PB88DF5820,DRV158,569.1984091656881
TRP001402,MANDI-037,WH-Central,20/03/2026,2026-03-21 04:29:06,7.6,DL38BC6177,DRV512,420.49882476137
TRP000740,MANDI-019,WH-Central,2026-02-14 13:26:03,14/02/2026 15:26,2.0,UP40AB6017,DRV358,84.199764672788
TRP006553,MANDI-013,WH-West,07-Jan-2026 21:31:29,,3.2,PB57AB5087,DRV384,141.0
TRP004267,MANDI-007,WH-Central,2026-04-02 06:06:00,,6.7,HR61CD9904,DRV514,368.0
TRP003835,MANDI-033,Export-Terminal,09-05-2026 03:32 PM,,16.5,PB49DF4578,DRV224,
TRP007998,MANDI-016,WH-Central,07/04/2026 07:14,,2.7,RJ92BC8829,DRV631,159.7
TRP008125,MANDI-034,WH-West,15/08/2026 05:05,15-Aug-2026 20:05:49,15.0,DL44AB3069,DRV130,
TRP003852,MANDI-043,WH-Central,26/08/2026,27/08/2026 21:23,22.7,,DRV455,1164.4
TRP008978,MANDI-024,WH-South,2026-01-16T11:37:37,16/01/2026 20:25,8.8,,DRV480,
TRP002662,MANDI-052,WH-Central,17/08/2026 16:26,17-Aug-2026 20:50:43,4.4,UP25BC8593,DRV708,250.4
TRP008047,MANDI-001,WH-North,2026-05-05T18:36:58,06/05/2026 09:18,14.7,,DRV550,824.6
TRP007462,MANDI-011,Export-Terminal,02-27-2026 03:06 AM,,9.8,HR98BC1419,DRV513,438.2
TRP000675,MANDI-010,Export-Terminal,2026-07-21 02:09:01,2026-07-22 00:21:01,22.2,UP61DF6338,DRV812,912.697449131278
TRP007717,MANDI-040,WH-Central,03-15-2026 10:26 AM,2026-03-16T08:38:49,22.2,DL11AB2030,,1212.2
TRP006941,MANDI-006,Export-Terminal,24/06/2026,24/06/2026,13.6,,DRV901,649.7
TRP003842,MANDI-023,WH-South,04-04-2026 10:12 AM,04-04-2026 06:54 PM,8.7,HR33CD3639,,419.5
TRP001816,MANDI-055,WH-North,03-09-2026 04:01 PM,03-10-2026 04:13 AM,12.2,DL81AB4772,,
TRP008669,MANDI-039,WH-Central,2026-02-09 12:34:31,2026-02-09 20:04:31,7.5,UP26CD7855,DRV279,329.4
TRP000081,MANDI-015,WH-North,2026-08-18T12:23:07,,19.1,UP45BC4745,DRV525,1128.5
TRP009572,MANDI-019,WH-East,2026-04-15 12:15:08,2026-04-15T22:15:08,10.0,HR82CD3891,DRV585,558.2
TRP004654,MANDI-031,Export-Terminal,25/02/2026 04:00,2026-02-25 13:12:06,9.2,,DRV832,536.5
TRP007956,MANDI-039,WH-North,03-27-2026 02:34 AM,,12.4,,DRV991,743.0
TRP002101,MANDI-043,Export-Terminal,01/02/2026 11:03,01-Feb-2026 13:57:08,2.9,UP54BC5509,DRV981,160.9
TRP005164,MANDI-010,WH-East,2026-07-06 06:39:21,06-Jul-2026 18:51:21,12.2,DL72AB6778,DRV648,661.8
TRP006709,MANDI-012,WH-West,2026-04-16T03:22:08,2026-04-16T23:34:08,20.2,UP56CD3458,DRV531,1139.0
TRP001674,MANDI-031,Export-Terminal,07-16-2026 08:31 AM,16/07/2026,,PB95AB8184,DRV668,197.0
TRP002102,MANDI-029,WH-Central,16-Jan-2026 06:55:00,17-Jan-2026 02:01:00,,HR20CD7491,DRV136,923.1
TRP004214,MANDI-052,Export-Terminal,18-Apr-2026 05:39:54,18/04/2026 14:57,,UP91BC7101,DRV517,
TRP007579,MANDI-010,WH-Central,2026-06-26T20:23:33,27/06/2026,7.8,UP14CD7574,DRV913,459.1
TRP001549,MANDI-009,WH-East,13/02/2026 11:12,2026-02-14 04:12:03,17.0,,DRV483,973.49727920379
TRP007787,MANDI-013,WH-East,2026-06-15 15:35:07,06-16-2026 12:47 AM,9.2,UP14DF3164,DRV467,
TRP009549,MANDI-049,Export-Terminal,09-03-2026 09:58 PM,2026-09-04T09:16:28,11.3,DL88AB4306,DRV951,523.8
TRP003324,MANDI-023,WH-South,05-Aug-2026 23:05:11,,,PB92BC8620,DRV337,561.4
TRP007894,MANDI-010,WH-West,2026-08-07T02:30:42,07/08/2026,14.0,DL36AB1075,DRV621,746.8
TRP000356,MANDI-028,WH-East,02-24-2026 08:24 PM,25/02/2026 02:36,6.2,HR65CD8401,,357.798999999092
TRP005185,MANDI-004,Export-Terminal,2026-06-06 01:35:11,2026-06-06 11:23:11,9.8,DL70BC8920,DRV739,
TRP001462,MANDI-007,WH-Central,04-19-2026 06:58 PM,20/04/2026 05:52,10.9,,DRV458,554.898449132186
TRP008462,MANDI-019,WH-Central,12/07/2026 09:48,12-Jul-2026 13:24:36,3.6,PB70DF3584,DRV677,
TRP006632,MANDI-013,Export-Terminal,07-27-2026 04:22 PM,28-Jul-2026 11:40:26,19.3,,DRV519,967.0
TRP009759,MANDI-035,WH-South,2026-06-10T20:03:35,11/06/2026 02:15,6.2,,DRV807,254.0
TRP003221,MANDI-039,WH-West,2026-05-09 13:28:57,,,HR48AB8086,DRV802,419.298828115202
TRP000940,MANDI-048,WH-East,01/01/2026,02/01/2026 09:30,12.9,RJ56DF6567,DRV593,602.4
TRP009527,MANDI-012,Export-Terminal,10-Jan-2026 23:27:09,2026-01-11 09:27:09,10.0,UP97AB9253,DRV127,478.6
TRP005148,MANDI-028,Export-Terminal,20/07/2026,2026-07-21T08:33:07,20.7,,DRV233,852.2
TRP006418,MANDI-057,WH-Central,2026-02-22 06:58:26,2026-02-23 03:10:26,20.2,DL16AB6467,DRV772,
TRP005924,MANDI-011,WH-South,2026-04-25 01:35:15,,19.8,PB26CD1132,DRV370,901.2
TRP008362,MANDI-044,WH-East,24-Jan-2026 18:15:19,,17.0,PB42CD9864,DRV593,837.3
TRP001752,MANDI-052,WH-South,2026-03-16T05:56:31,2026-03-16 13:44:31,7.8,HR46AB8796,DRV934,405.6
TRP003977,MANDI-013,Export-Terminal,2026-05-16 01:51:54,17-May-2026 01:45:54,23.9,DL93DF1284,DRV277,959.8
TRP008222,MANDI-044,WH-West,2026-05-22 15:12:36,22/05/2026 20:00,4.8,RJ79AB4431,DRV383,278.1
TRP001773,MANDI-025,WH-East,2026-07-02 14:10:37,03/07/2026 08:40,18.5,DL80CD5225,DRV640,880.9
TRP001197,MANDI-021,WH-West,06/06/2026,06-06-2026 05:26 PM,6.3,HR77BC8986,DRV142,324.6
TRP001879,MANDI-023,Export-Terminal,27/02/2026,2026-02-27T17:10:56,8.4,,DRV679,365.4
TRP002669,MANDI-010,WH-West,2026-01-13 07:17:53,2026-01-13 23:35:53,,HR96AB4034,DRV837,950.4
TRP003172,MANDI-035,WH-Central,2026-07-30 19:58:52,31-Jul-2026 17:10:52,21.2,,,979.3
TRP002017,MANDI-009,WH-West,22/03/2026 21:01,2026-03-23 04:19:29,7.3,PB81CD3881,DRV780,345.0
TRP002006,MANDI-005,WH-East,01-13-2026 07:47 PM,,10.9,UP65BC9274,DRV291,472.79867859019197
TRP008605,MANDI-032,WH-North,02-Aug-2026 13:56:58,02-Aug-2026 17:32:58,3.6,RJ93BC6284,DRV821,181.3
TRP003894,MANDI-011,WH-West,2026-05-19 14:37:53,20/05/2026,23.8,HR57BC5308,DRV506,1081.6
TRP008383,MANDI-030,WH-North,02-08-2026 10:35 PM,09/02/2026 06:47,,UP20AB7687,DRV743,339.6
TRP003238,MANDI-037,WH-Central,12-Aug-2026 00:38:07,12-Aug-2026 16:26:07,15.8,PB27DF2915,DRV510,743.4979220215899
TRP004425,MANDI-037,WH-Central,06-19-2026 02:12 PM,,6.9,,DRV448,375.398950809556
TRP004745,MANDI-029,WH-North,18/08/2026 23:26,19-Aug-2026 21:08:28,21.7,,DRV283,1288.1
TRP002079,MANDI-045,WH-North,03-Jan-2026 20:54:59,,21.3,UP35DF5288,DRV780,1179.8
TRP005220,MANDI-046,WH-East,17/04/2026,17/04/2026 13:50,7.4,UP72AB5798,DRV612,406.898862771466
TRP000397,MANDI-020,WH-Central,2026-08-09 19:33:14,10/08/2026 04:57,9.4,UP34DF9880,DRV604,523.8
TRP002789,MANDI-041,Export-Terminal,2026-04-17T11:07:01,2026-04-17 13:37:01,2.5,,DRV827,115.1
TRP007773,MANDI-002,WH-Central,14-Aug-2026 11:57:24,,16.1,DL86DF6891,DRV962,806.9
TRP008356,MANDI-037,WH-North,15/03/2026 13:54,2026-03-16T13:06:23,23.2,UP39AB8629,,
TRP004073,MANDI-008,WH-West,23/04/2026 18:20,24/04/2026 04:38,10.3,UP10CD2534,DRV500,587.8
TRP005575,MANDI-016,WH-West,04/09/2026 03:58,04/09/2026 19:52,15.9,PB66BC5555,,642.6
TRP009721,MANDI-052,WH-South,2026-06-03 09:39:23,2026-06-03 17:45:23,8.1,DL81BC4297,DRV771,421.1
TRP009886,MANDI-015,WH-North,2026-02-24T22:33:42,02-25-2026 09:15 AM,10.7,,DRV341,629.9
TRP005356,MANDI-028,WH-East,2026-01-09T11:33:49,09/01/2026,10.1,,,413.0
TRP008414,MANDI-041,WH-South,2026-04-04T02:31:50,04-04-2026 03:25 PM,12.9,DL96BC5727,DRV111,589.1983532684881
TRP006094,MANDI-034,WH-West,2026-05-31T23:36:29,2026-06-01T16:30:29,16.9,HR16DF2247,DRV209,808.1977411941481
TRP007435,MANDI-027,WH-South,10/02/2026 20:19,11-Feb-2026 01:31:40,5.2,DL97CD8302,DRV289,251.6
TRP001520,MANDI-028,WH-East,2026-02-20 15:43:03,02-21-2026 11:37 AM,19.9,DL66BC8095,DRV821,995.5
TRP008527,MANDI-016,Export-Terminal,07/02/2026 12:20,2026-02-08 10:20:30,22.0,,DRV812,1163.0
TRP001379,MANDI-053,WH-South,21/03/2026,22/03/2026 12:09,15.7,HR13CD4383,DRV494,
TRP005673,MANDI-024,Export-Terminal,14-Jan-2026 23:03:57,15/01/2026 04:15,5.2,RJ60BC1832,DRV258,232.39935047453602
TRP001024,MANDI-004,WH-South,04/08/2026 23:27,05/08/2026 06:33,7.1,RJ22DF1936,DRV998,290.8
TRP002588,MANDI-023,WH-North,2026-03-27T14:22:34,28-Mar-2026 03:04:34,12.7,UP28DF2216,DRV254,627.2
TRP009448,MANDI-003,WH-West,09-Jul-2026 10:20:00,2026-07-10T05:14:00,18.9,,DRV240,1059.9
TRP005622,MANDI-039,Export-Terminal,30/03/2026 15:24,31/03/2026 07:06,,HR74DF6450,,916.6
TRP008245,MANDI-044,Export-Terminal,12/07/2026,2026-07-12T06:15:32,2.3,HR45AB8310,DRV641,116.4
TRP005009,MANDI-054,WH-North,27/05/2026 22:28,05-28-2026 04:04 PM,17.6,HR60CD2274,DRV833,
TRP002858,MANDI-007,WH-South,2026-07-22 07:50:39,07-23-2026 03:02 AM,19.2,PB68AB7800,DRV826,1095.396938510356
TRP008882,MANDI-052,WH-East,07-28-2026 12:51 PM,07-28-2026 08:45 PM,7.9,DL66DF6498,DRV436,431.1
TRP005772,MANDI-016,WH-East,06/06/2026 04:11,06-06-2026 02:23 PM,10.2,HR25AB7418,DRV167,602.5
TRP005843,MANDI-023,WH-North,15-Jun-2026 21:31:56,2026-06-16T01:13:56,3.7,HR81CD9107,DRV276,177.799503073892
TRP007788,MANDI-043,Export-Terminal,08/08/2026,2026-08-08T19:15:53,16.9,PB77DF6980,DRV105,761.2
TRP005833,MANDI-033,WH-South,02-08-2026 06:32 PM,08-Feb-2026 20:38:46,2.1,PB28AB4246,DRV692,108.4
TRP001630,MANDI-026,WH-Central,08-04-2026 04:55 PM,2026-08-05T03:19:00,10.4,,DRV782,561.5
TRP004889,MANDI-043,WH-South,21/07/2026 02:42,21-Jul-2026 06:18:33,3.6,,DRV915,165.6
TRP004527,MANDI-012,WH-West,01-Jun-2026 18:14:31,,8.7,PB65BC3265,,387.9
TRP003524,MANDI-006,WH-South,2026-07-19 18:39:13,20/07/2026,18.4,UP46AB4748,DRV412,890.3
TRP005905,MANDI-003,WH-South,05-13-2026 12:19 AM,2026-05-13 06:55:22,6.6,PB83CD1602,DRV724,387.1
TRP000523,MANDI-017,WH-West,20-Jan-2026 07:33:37,2026-01-20 23:27:37,15.9,,DRV724,887.0975206796941
TRP003608,MANDI-056,WH-West,06-10-2026 11:10 PM,2026-06-11 01:22:08,,DL21AB5695,DRV298,99.5
TRP009794,MANDI-012,WH-South,2026-05-15T09:08:45,16/05/2026 05:02,19.9,,DRV800,
TRP005221,MANDI-037,WH-North,06-08-2026 02:02 AM,2026-06-08T11:20:23,,,DRV666,458.9
TRP000235,MANDI-057,WH-South,2026-03-02 06:58:27,2026-03-02 10:46:27,3.8,,DRV216,178.299501676462
TRP003989,MANDI-014,WH-South,03-11-2026 12:17 PM,11/03/2026 19:41,7.4,DL73DF6743,DRV376,304.2
TRP003797,MANDI-015,WH-East,09-Jul-2026 14:37:51,10-Jul-2026 01:31:51,10.9,UP25BC3730,DRV609,443.5
TRP004119,MANDI-026,Export-Terminal,2026-06-20 08:45:56,20-Jun-2026 19:21:56,10.6,RJ52DF8564,DRV998,602.2
TRP006319,MANDI-029,Export-Terminal,08-04-2026 12:56 AM,04/08/2026 22:08,21.2,,DRV830,1194.6
TRP005002,MANDI-040,WH-South,09/03/2026 15:52,10/03/2026,,RJ18DF7131,DRV918,
TRP006776,MANDI-002,WH-West,2026-04-23 11:15:20,2026-04-24T09:51:20,22.6,RJ11BC8301,DRV702,924.697415592958
TRP003801,MANDI-002,WH-North,2026-03-16 04:17:00,2026-03-16 17:41:00,13.4,DL82DF2377,,
TRP008201,MANDI-009,WH-South,2026-02-02T06:46:02,02/02/2026 20:16,13.5,HR87AB1395,DRV830,673.0
TRP003900,MANDI-033,WH-North,30/04/2026 22:01,01-May-2026 16:25:34,18.4,RJ37CD7751,DRV696,1036.3
TRP005025,MANDI-036,Export-Terminal,18/01/2026 10:20,2026-01-19T01:50:53,,UP58BC1940,,
TRP001949,MANDI-055,WH-North,2026-05-18T16:18:36,05-19-2026 07:12 AM,14.9,PB14BC1757,DRV128,720.99798490594
TRP006362,MANDI-033,WH-South,2026-04-27T01:11:51,04-27-2026 04:35 PM,15.4,HR97DF9099,,641.0
TRP000471,MANDI-056,WH-South,13/03/2026 04:19,2026-03-13 08:19:48,4.0,PB20DF6964,DRV368,227.1
TRP002449,MANDI-002,WH-West,04-12-2026 01:26 PM,12/04/2026 17:14,,HR73BC7042,DRV862,227.89936305140603
TRP003493,MANDI-053,WH-Central,2026-03-09 10:10:02,10-Mar-2026 00:16:02,14.1,HR48BC7979,DRV546,676.3
TRP006835,MANDI-041,WH-South,21/07/2026 04:44,21/07/2026 15:14,10.5,PB48DF5220,DRV196,569.798407488772
TRP006092,MANDI-027,WH-East,2026-02-07 19:11:35,2026-02-08T06:53:35,11.7,PB95CD6793,DRV464,470.298685577342
TRP002672,MANDI-003,Export-Terminal,2026-03-18 18:14:19,18/03/2026,2.9,UP27CD3971,DRV126,121.0
TRP002856,MANDI-024,WH-South,03-Sep-2026 07:45:03,03/09/2026,11.2,HR99CD6154,DRV709,523.5
TRP002225,MANDI-035,WH-North,01-22-2026 11:50 AM,23/01/2026 09:56,22.1,UP25BC8791,,904.3
TRP001107,MANDI-004,WH-West,03/02/2026,2026-02-03 08:20:23,2.2,RJ73BC1366,DRV654,131.8
TRP002189,MANDI-036,WH-North,06/09/2026 21:28,2026-09-07 15:04:00,17.6,DL55CD8099,DRV646,960.8
TRP000819,MANDI-036,WH-Central,14-Mar-2026 12:15:27,2026-03-14T19:45:27,7.5,,DRV599,385.0
TRP006756,MANDI-021,WH-North,16/07/2026 01:14,,17.4,RJ18BC2938,DRV114,951.9
TRP005572,MANDI-037,WH-North,2026-07-20 16:13:18,07-21-2026 07:43 AM,,DL50BC2453,DRV200,653.9
TRP004524,MANDI-004,WH-West,29-Mar-2026 16:35:30,03-30-2026 03:05 PM,22.5,UP21DF4412,DRV927,1199.8
TRP005794,MANDI-022,WH-South,13/03/2026,2026-03-14 03:19:17,9.8,UP54CD1450,DRV126,409.898854386886
TRP009755,MANDI-027,WH-North,01/06/2026 07:38,2026-06-01T10:44:44,3.1,RJ31AB9432,DRV263,147.8
TRP009134,MANDI-008,WH-North,04-18-2026 10:44 AM,2026-04-19 04:32:38,17.8,RJ35BC3117,DRV971,878.597544436004
TRP008114,MANDI-017,WH-South,2026-03-02T08:03:16,02/03/2026 20:03,12.0,RJ97BC3390,DRV262,638.4
TRP002625,MANDI-027,WH-West,2026-04-11T13:12:42,2026-04-12 01:48:42,12.6,HR94DF8071,DRV874,675.5
TRP009276,MANDI-032,WH-Central,2026-06-24 07:09:25,24-Jun-2026 22:39:25,,UP47DF7226,DRV386,
TRP009766,MANDI-019,WH-East,23-Jan-2026 12:53:40,23/01/2026 21:47,8.9,HR88BC2618,,380.398936835256
TRP008143,MANDI-025,Export-Terminal,08-23-2026 04:55 AM,08-23-2026 02:37 PM,9.7,HR61BC2329,DRV179,446.5
TRP009485,MANDI-030,WH-East,2026-03-04 22:51:03,05-Mar-2026 22:45:03,23.9,PB65BC3865,DRV661,1316.9
TRP000889,MANDI-039,Export-Terminal,31-Aug-2026 04:43:32,31/08/2026 16:31,11.8,PB12AB7638,DRV575,514.0
TRP007376,MANDI-056,Export-Terminal,2026-03-27 21:56:53,28-Mar-2026 13:14:53,,RJ59CD5616,DRV910,802.7
TRP002438,MANDI-016,WH-Central,2026-01-26 12:27:26,26/01/2026 23:09,10.7,HR41BC2425,DRV149,433.5
TRP006057,MANDI-036,WH-West,2026-01-02T12:55:14,2026-01-03 09:55:14,21.0,PB98BC7899,DRV667,1068.8
TRP007691,MANDI-048,WH-Central,18-May-2026 18:36:46,2026-05-19T16:48:46,22.2,PB61CD8171,DRV656,1319.7
TRP000818,MANDI-045,WH-East,2026-07-28T15:49:55,2026-07-29T04:31:55,12.7,,DRV434,548.8
TRP009295,MANDI-034,WH-North,2026-02-16 18:49:19,,8.4,HR92AB5091,DRV568,410.798851871512
TRP003415,MANDI-041,WH-East,2026-07-31T02:21:00,31-Jul-2026 21:39:00,19.3,,DRV496,890.0
TRP006353,MANDI-051,WH-West,2026-06-01T01:17:58,2026-06-01 11:53:58,10.6,UP85AB3837,DRV186,450.4
TRP002342,MANDI-028,WH-South,23/02/2026 12:01,2026-02-23T21:19:59,9.3,RJ56BC1443,DRV641,403.2
TRP009393,MANDI-017,Export-Terminal,04/08/2026 14:41,,12.2,HR30CD7362,DRV236,634.7
TRP003168,MANDI-007,WH-North,2026-02-26 12:57:35,27-Feb-2026 07:33:35,18.6,DL67CD6499,,755.0
TRP001810,MANDI-015,WH-Central,2026-05-04 13:31:22,2026-05-05T02:25:22,12.9,HR94AB4379,DRV105,557.1
TRP008441,MANDI-012,Export-Terminal,26/02/2026 17:37,02-26-2026 07:43 PM,2.1,HR20CD8545,,95.1
TRP001265,MANDI-037,Export-Terminal,2026-09-02 00:01:22,2026-09-02T05:49:22,5.8,PB98AB5532,DRV573,290.5
TRP005087,MANDI-024,Export-Terminal,2026-05-18T22:34:19,05-19-2026 10:52 AM,12.3,,DRV988,
TRP008109,MANDI-030,WH-North,07/03/2026 09:51,07/03/2026,,,DRV641,185.9
TRP005836,MANDI-018,WH-Central,30/07/2026 05:02,2026-07-31 03:38:16,22.6,UP14CD7526,DRV118,1276.2
TRP007017,MANDI-045,WH-Central,2026-04-14 19:37:24,04-15-2026 12:43 PM,17.1,RJ95CD7494,DRV318,
TRP005195,MANDI-009,WH-South,2026-07-09T09:02:27,2026-07-09T11:50:27,2.8,HR54DF3173,DRV776,134.7
TRP004450,MANDI-002,WH-East,2026-02-22T03:31:54,2026-02-22T16:49:54,13.3,UP55AB9877,,781.1
TRP004946,MANDI-053,WH-South,2026-07-16 16:47:17,2026-07-17T13:29:17,20.7,PB17DF7790,DRV717,846.9
TRP004046,MANDI-016,WH-South,2026-05-07T01:00:45,2026-05-07 22:48:45,,HR17BC7379,DRV472,1272.896442422706
TRP009060,MANDI-002,WH-North,31/08/2026,31/08/2026 23:56,23.9,UP57CD5606,DRV464,1285.5
TRP003703,MANDI-044,WH-South,26/04/2026,27/04/2026 00:47,6.5,UP95AB7424,DRV228,270.9
TRP001036,MANDI-049,WH-East,2026-04-24 14:38:16,04-25-2026 12:08 AM,9.5,UP21AB9877,DRV665,423.1
TRP009627,MANDI-040,WH-South,25-Feb-2026 22:05:02,26/02/2026 12:35,14.5,RJ92CD4851,DRV480,824.3
TRP006920,MANDI-015,Export-Terminal,2026-08-10 03:23:14,,9.3,RJ59CD3257,DRV654,389.9
TRP005591,MANDI-003,WH-West,2026-01-14 11:59:24,14/01/2026 22:29,10.5,PB39AB5588,,451.3
TRP001229,MANDI-014,WH-South,05-Jun-2026 06:05:37,2026-06-05T11:41:37,,,,274.8
TRP007912,MANDI-012,WH-South,04/08/2026 16:22,,8.9,UP55BC6165,DRV175,525.6
TRP007132,MANDI-039,WH-North,2026-06-06 23:12:37,07-Jun-2026 14:54:37,15.7,,DRV615,882.1
TRP007426,MANDI-040,WH-East,2026-05-07 11:53:19,07/05/2026 21:17,9.4,DL88DF3953,,479.3
TRP005142,MANDI-038,WH-North,2026-01-20 20:15:16,2026-01-21 10:15:16,14.0,UP27BC5568,DRV961,833.5
TRP007417,MANDI-020,WH-South,06-24-2026 07:10 AM,24-Jun-2026 19:04:31,11.9,,DRV470,681.3
TRP006552,MANDI-046,WH-West,2026-08-28T04:35:06,28/08/2026,5.3,PB37BC7210,DRV108,
TRP000053,MANDI-007,Export-Terminal,29-May-2026 10:47:41,2026-05-30T09:17:41,,HR12BC9969,DRV763,1158.7
TRP009178,MANDI-048,WH-Central,2026-07-05 17:06:54,2026-07-05T21:18:54,4.2,UP68DF6649,DRV384,169.9995248738
TRP006556,MANDI-042,Export-Terminal,07-17-2026 05:25 AM,07-17-2026 10:19 AM,4.9,,DRV313,225.8
TRP008730,MANDI-018,WH-North,07/06/2026 08:21,07/06/2026 13:57,5.6,PB82AB1809,DRV271,332.8
TRP000160,MANDI-026,Export-Terminal,20/01/2026 09:11,01-20-2026 04:53 PM,7.7,DL17BC4398,DRV177,375.0
TRP008202,MANDI-048,WH-Central,2026-08-24T04:46:06,2026-08-24 16:22:06,11.6,UP71CD5301,DRV283,546.1
TRP001588,MANDI-019,WH-South,2026-03-17 17:23:00,2026-03-17T22:11:00,4.8,UP29DF3223,,241.4
TRP001590,MANDI-045,WH-Central,03/03/2026 12:59,03/03/2026 18:35,5.6,UP84BC6572,DRV563,295.5
TRP004920,MANDI-057,WH-West,2026-02-08 11:08:39,2026-02-08 19:38:39,8.5,RJ61CD1638,DRV517,462.7
TRP009702,MANDI-046,WH-South,14-May-2026 06:29:39,05-14-2026 07:05 PM,12.6,UP50AB9603,DRV581,603.798312463532
TRP006688,MANDI-055,WH-North,2026-06-06 02:00:27,07-Jun-2026 00:54:27,22.9,PB79BC1835,DRV909,1107.7
TRP007874,MANDI-014,WH-West,31/07/2026,31/07/2026,21.5,HR22DF4193,,1248.1
TRP007982,MANDI-004,WH-South,08/09/2026,09/09/2026,21.8,DL23DF9021,DRV987,950.8
TRP006175,MANDI-047,WH-West,2026-06-10 08:49:18,2026-06-11 08:01:18,23.2,,DRV657,1250.8
TRP008361,MANDI-007,WH-East,04-11-2026 10:47 AM,2026-04-12 05:47:22,19.0,,DRV695,852.3
TRP009250,MANDI-049,WH-East,2026-03-26 22:08:43,2026-03-27 00:20:43,2.2,,DRV865,131.399632755396
TRP003859,MANDI-007,Export-Terminal,2026-08-14T14:11:08,14/08/2026 16:23,2.2,RJ12AB8059,DRV242,107.3
TRP007908,MANDI-031,WH-South,2026-06-23T14:59:42,24-Jun-2026 07:23:42,16.4,,DRV549,837.9
TRP008279,MANDI-015,WH-Central,2026-06-07 16:36:37,08/06/2026 07:06,14.5,RJ67BC4981,DRV255,823.8
TRP002829,MANDI-031,WH-East,23/02/2026 02:20,2026-02-23T22:32:26,20.2,PB80DF3117,,970.3
TRP000437,MANDI-039,WH-West,2026-07-09T22:55:06,2026-07-10T19:31:06,20.6,HR10AB1474,,1161.3
TRP005790,MANDI-038,WH-West,2026-02-09 01:16:49,09-Feb-2026 13:04:49,11.8,,DRV619,668.6
TRP009840,MANDI-008,Export-Terminal,05-04-2026 10:49 AM,05-May-2026 10:37:05,23.8,HR19AB3625,DRV493,1305.7
TRP008512,MANDI-002,WH-Central,2026-05-30T01:31:16,2026-05-30 15:01:16,13.5,DL99AB8643,DRV411,771.7
TRP003879,MANDI-016,Export-Terminal,16-Aug-2026 12:38:11,2026-08-16T20:44:11,8.1,PB43CD2174,DRV177,482.1
TRP001589,MANDI-048,WH-East,11/05/2026,2026-05-11 16:29:51,7.3,DL66AB6020,,339.399051424516
TRP002781,MANDI-031,WH-West,12/01/2026 14:54,2026-01-12T19:18:53,,UP48DF5738,DRV206,204.8
TRP009344,MANDI-006,WH-South,2026-03-15T01:07:28,2026-03-15T19:49:28,18.7,HR82BC4382,DRV974,848.9
TRP008905,MANDI-008,WH-West,03-05-2026 10:31 AM,2026-03-06T04:37:05,18.1,PB92BC1031,DRV903,884.3
TRP005687,MANDI-024,WH-South,03-26-2026 02:46 AM,26-Mar-2026 12:16:48,9.5,DL77AB2975,DRV336,512.3
TRP003966,MANDI-006,WH-Central,08-Aug-2026 05:26:07,08-08-2026 10:14 PM,16.8,UP87DF9489,DRV620,773.6
TRP004728,MANDI-044,WH-North,2026-04-29T07:52:10,30/04/2026 05:16,21.4,PB41CD6571,DRV837,1127.4
TRP000974,MANDI-052,WH-Central,2026-04-03 16:28:16,04/04/2026 10:28,18.0,DL99BC9233,DRV179,1079.3
TRP001239,MANDI-047,WH-Central,20/06/2026,2026-06-20 21:04:26,9.0,UP32AB9053,DRV641,460.8
TRP002952,MANDI-041,WH-West,06-Aug-2026 05:45:34,08-06-2026 04:27 PM,10.7,PB95BC2787,DRV838,438.19877529234805
TRP002343,MANDI-050,WH-East,02/08/2026 02:26,,13.7,HR27BC4220,,606.1
TRP009444,MANDI-017,Export-Terminal,20-May-2026 01:10:53,05-20-2026 04:34 PM,15.4,,,844.0
TRP007954,MANDI-040,WH-North,02-Jun-2026 04:36:39,03-Jun-2026 00:00:39,19.4,UP20CD7886,DRV102,1106.0
TRP006047,MANDI-039,WH-West,2026-01-08 20:45:21,01-09-2026 07:27 PM,22.7,HR18AB2070,DRV273,1195.7
TRP002159,MANDI-019,WH-Central,2026-04-11T09:54:53,04-12-2026 06:48 AM,20.9,DL48CD8596,DRV472,917.6
TRP009659,MANDI-053,WH-South,04-06-2026 10:28 PM,07-Apr-2026 14:04:41,15.6,UP42AB5257,,896.8
TRP009237,MANDI-054,WH-North,2026-03-04 09:29:02,04/03/2026,4.2,UP71AB8599,,182.9
TRP001498,MANDI-026,Export-Terminal,2026-06-14 20:41:02,14/06/2026,3.3,PB60BC6385,DRV867,185.9
TRP004546,MANDI-021,WH-North,25-Apr-2026 00:02:59,25-Apr-2026 16:44:59,16.7,HR43CD4026,DRV436,759.597877024344
TRP006466,MANDI-018,WH-Central,2026-05-26 13:15:00,2026-05-27 07:03:00,17.8,PB42AB2842,DRV428,912.4
TRP004258,MANDI-008,WH-East,07/06/2026 09:45,06-07-2026 09:33 PM,11.8,UP76AB9464,DRV325,639.3
TRP002423,MANDI-037,WH-North,16-Apr-2026 19:43:40,,18.5,RJ15BC4593,,846.2
TRP008910,MANDI-034,WH-North,25/01/2026 08:44,2026-01-25 18:50:46,10.1,RJ95CD1133,DRV276,409.2
TRP008147,MANDI-019,WH-North,28-May-2026 13:14:44,2026-05-29T05:32:44,16.3,HR30BC9997,DRV384,886.8975212386661
TRP005186,MANDI-010,WH-West,04-22-2026 06:01 AM,2026-04-22 20:43:35,14.7,RJ50AB4890,DRV760,
TRP005648,MANDI-012,WH-West,08-12-2026 11:46 PM,2026-08-13 11:10:49,11.4,HR75AB4593,DRV307,486.1
TRP000358,MANDI-056,Export-Terminal,2026-01-09 02:07:50,09/01/2026,15.6,UP18DF5839,DRV579,640.0
TRP005243,MANDI-024,WH-South,01-17-2026 11:05 AM,18/01/2026,,PB81BC1449,DRV533,743.8
TRP002131,MANDI-003,WH-East,2026-01-26 19:16:28,2026-01-27T08:34:28,13.3,UP43BC1613,DRV590,717.9
TRP009611,MANDI-002,Export-Terminal,2026-04-17 14:22:13,2026-04-17 23:52:13,9.5,DL84CD6435,DRV232,382.8
TRP002093,MANDI-047,WH-North,06/06/2026 03:01,,10.8,,DRV844,609.6
TRP005410,MANDI-052,Export-Terminal,2026-07-30 01:08:24,30/07/2026 15:26,14.3,RJ85CD8653,DRV353,786.0978029605541
TRP002016,MANDI-011,WH-North,07-29-2026 06:27 AM,07-29-2026 02:15 PM,7.8,UP63CD9271,DRV920,360.8
TRP009423,MANDI-021,WH-East,2026-07-04 06:59:51,07-04-2026 10:53 AM,3.9,UP92CD5219,DRV781,191.3
TRP004045,MANDI-042,WH-North,03-Aug-2026 11:55:01,03/08/2026 20:49,8.9,RJ34CD6655,DRV106,444.7
TRP000188,MANDI-035,WH-West,31/07/2026,2026-07-31 18:40:19,18.5,UP82AB4311,,857.1
TRP007476,MANDI-003,WH-South,01-Sep-2026 15:04:47,01/09/2026 19:46,4.7,DL37CD5836,DRV157,259.3
TRP003656,MANDI-019,WH-East,05-Sep-2026 08:27:47,2026-09-06 03:15:47,18.8,RJ97BC6455,DRV431,920.9
TRP003427,MANDI-041,WH-South,2026-06-03T09:32:52,2026-06-03T16:38:52,7.1,,DRV895,
TRP007829,MANDI-037,WH-Central,07-24-2026 03:08 PM,25-Jul-2026 09:26:24,18.3,DL53CD6089,DRV178,812.1
TRP001382,MANDI-035,WH-West,2026-05-16T04:44:12,2026-05-16 14:02:12,9.3,RJ93CD7336,DRV105,423.0
TRP008365,MANDI-057,WH-North,01-24-2026 12:07 AM,,15.5,DL50BC3986,DRV405,789.2
TRP000414,MANDI-023,WH-East,2026-08-08T09:01:41,,14.4,RJ85DF9664,DRV534,651.0
TRP005038,MANDI-053,WH-Central,09-09-2026 08:15 PM,2026-09-10 14:03:27,17.8,DL92DF8362,DRV807,727.6
TRP004898,MANDI-026,WH-Central,2026-04-24 13:58:19,,5.1,HR87AB3691,,255.0
TRP003337,MANDI-027,Export-Terminal,27/01/2026,28-Jan-2026 01:49:59,23.1,PB10BC1520,DRV245,1349.5
TRP003607,MANDI-022,WH-Central,2026-03-18T22:04:03,19/03/2026,14.4,PB23CD1477,DRV730,764.7
TRP003176,MANDI-011,WH-West,12/04/2026 02:52,12/04/2026,6.6,UP14BC7401,DRV517,332.2
TRP006847,MANDI-015,WH-West,28-Jun-2026 22:43:52,,19.2,DL49DF7874,,916.0
TRP002242,MANDI-029,WH-North,14/06/2026,2026-06-14 18:05:57,10.2,,DRV126,465.7
TRP009190,MANDI-026,WH-South,18/08/2026 18:19,2026-08-19 00:49:41,6.5,PB15AB6645,DRV454,373.598955840304
TRP008325,MANDI-032,WH-East,03-10-2026 11:24 AM,11/03/2026 08:18,,RJ24DF6703,,919.5
TRP000257,MANDI-015,Export-Terminal,26-Jun-2026 00:28:20,26-Jun-2026 04:04:20,3.6,UP85BC3865,DRV818,182.5
TRP007686,MANDI-029,WH-North,07-Feb-2026 06:46:18,07/02/2026,9.7,UP85CD5230,,542.8
TRP000201,MANDI-041,WH-East,2026-08-03 21:31:34,2026-08-04 18:31:34,21.0,RJ56DF5667,DRV582,903.7
TRP002236,MANDI-022,WH-North,2026-06-19 00:46:01,2026-06-19 23:10:01,22.4,UP11BC2937,,1316.8
TRP004744,MANDI-047,WH-East,2026-08-29 17:38:02,30/08/2026 07:38,14.0,PB17DF4814,DRV564,588.6
TRP001768,MANDI-048,Export-Terminal,29-May-2026 12:38:04,2026-05-30 00:44:04,12.1,UP52AB2574,DRV732,593.4
TRP004237,MANDI-020,WH-South,2026-05-19 05:32:33,2026-05-19 22:44:33,17.2,UP93BC4918,DRV758,822.6
TRP007339,MANDI-054,WH-East,02/01/2026 05:55,01-02-2026 01:07 PM,7.2,RJ10DF8002,DRV773,331.7
TRP008785,MANDI-011,WH-East,2026-08-13T19:09:13,14-Aug-2026 00:21:13,5.2,HR40AB9724,DRV948,
TRP007802,MANDI-024,WH-West,09-09-2026 11:18 AM,2026-09-10T00:06:49,,DL85CD5807,DRV428,629.8
TRP001573,MANDI-032,Export-Terminal,03-Sep-2026 04:17:03,03/09/2026 07:29,3.2,RJ49CD4827,DRV500,
TRP000025,MANDI-026,WH-Central,18-Jul-2026 16:33:21,,2.6,DL86BC9195,DRV870,111.29968893208199
TRP003364,MANDI-053,WH-West,2026-04-25 13:37:13,04-26-2026 12:43 AM,11.1,HR76DF3911,,505.6
TRP001089,MANDI-022,WH-North,07-09-2026 07:14 PM,10-Jul-2026 08:14:26,,PB13DF1278,DRV835,
TRP004675,MANDI-005,WH-West,07/09/2026 03:04,07-Sep-2026 06:16:34,3.2,UP54DF1370,DRV768,
TRP002695,MANDI-011,Export-Terminal,11/06/2026,2026-06-11T22:43:27,18.5,,DRV185,909.2
TRP008216,MANDI-048,WH-Central,2026-05-13T15:49:04,05-14-2026 01:49 AM,10.0,HR62DF9311,DRV836,464.3
TRP003399,MANDI-055,WH-North,2026-08-20 18:09:12,21-Aug-2026 09:51:12,15.7,UP80DF5313,DRV804,652.2
TRP003560,MANDI-019,WH-North,2026-03-24T15:29:16,25-Mar-2026 13:17:16,21.8,UP61AB6866,,1162.4
TRP009523,MANDI-047,WH-South,2026-05-09 16:48:44,,,RJ49BC5105,,1119.0
TRP002842,MANDI-050,WH-East,2026-01-02 05:53:31,,11.1,DL76CD1886,DRV622,550.0
TRP002312,MANDI-008,WH-West,2026-01-22T06:44:24,,2.5,HR51BC2110,DRV180,102.1
TRP009366,MANDI-005,WH-East,2026-03-06 22:17:51,07/03/2026 03:11,4.9,,DRV181,263.099264672334
TRP003235,MANDI-052,WH-Central,2026-06-09T04:31:10,2026-06-09T17:55:10,13.4,,DRV564,777.5
TRP004153,MANDI-026,WH-Central,16/01/2026 15:09,2026-01-17 11:21:45,20.2,HR78AB9692,DRV309,1052.8
TRP001310,MANDI-018,WH-East,25/06/2026,06-26-2026 12:53 PM,14.2,UP13CD6480,DRV843,606.4
TRP000696,MANDI-045,WH-South,2026-08-01 08:52:57,2026-08-01 23:46:57,14.9,RJ29BC8335,DRV875,655.8
TRP007272,MANDI-024,WH-North,07/01/2026 17:52,2026-01-07T22:58:31,5.1,HR25BC7798,,301.8
TRP003753,MANDI-011,WH-East,15/08/2026,,5.1,HR51BC1464,,230.89935466682599
TRP006338,MANDI-055,WH-South,01-02-2026 02:29 PM,2026-01-03T04:35:02,14.1,HR97DF7444,DRV101,820.0
TRP001228,MANDI-044,WH-East,05/05/2026 17:23,,,PB93CD8736,DRV917,112.99968418082
TRP002000,MANDI-046,Export-Terminal,08-Apr-2026 11:17:11,04-09-2026 08:41 AM,21.4,DL67BC6508,DRV338,988.9
TRP000277,MANDI-011,WH-West,03-05-2026 10:38 AM,05-Mar-2026 16:50:49,6.2,PB26AB9717,DRV988,274.4
TRP007382,MANDI-033,WH-Central,21-Apr-2026 12:54:39,2026-04-22T00:42:39,11.8,,DRV849,679.1
TRP007707,MANDI-031,WH-Central,05-13-2026 01:48 PM,05-14-2026 12:12 AM,,HR67DF9765,DRV805,
TRP005930,MANDI-055,WH-East,08/03/2026 20:23,2026-03-09 12:23:19,16.0,DL47CD8400,DRV144,880.8
TRP002954,MANDI-055,WH-Central,27-Apr-2026 05:36:44,27-Apr-2026 16:06:44,10.5,HR49AB5563,DRV296,626.7
TRP003638,MANDI-021,Export-Terminal,2026-07-23 21:25:16,24/07/2026 05:13,7.8,DL29AB7641,,
TRP003907,MANDI-051,WH-North,2026-06-22T13:23:44,,8.2,,DRV780,468.8
TRP004779,MANDI-001,WH-West,13/07/2026,2026-07-14T00:10:14,17.9,PB67AB3241,DRV626,1045.3
TRP005846,MANDI-001,Export-Terminal,2026-01-29 23:12:52,2026-01-30 09:12:52,10.0,DL95DF9846,DRV324,
TRP003306,MANDI-014,WH-North,29-Jun-2026 20:53:58,29/06/2026 23:11,2.3,HR66AB5883,DRV676,112.6
TRP004118,MANDI-040,WH-North,07/02/2026 18:31,2026-02-08 08:49:00,14.3,UP74CD8255,DRV317,
TRP007654,MANDI-019,Export-Terminal,10/02/2026 21:59,,12.6,HR18CD6593,DRV472,595.7
TRP001138,MANDI-049,WH-West,15/06/2026 03:14,06-15-2026 06:02 PM,14.8,,DRV474,771.0
TRP002768,MANDI-004,WH-East,10-Feb-2026 03:55:42,10-Feb-2026 21:55:42,18.0,PB37DF4586,DRV444,1060.197036889428
TRP002335,MANDI-012,WH-South,03-03-2026 12:10 PM,2026-03-04 03:22:05,15.2,PB55DF2344,DRV264,824.7
TRP008464,MANDI-023,Export-Terminal,2026-08-15 18:37:07,16/08/2026 11:13,16.6,PB90CD8290,DRV979,723.1
TRP000943,MANDI-019,WH-South,31/07/2026 11:29,01/08/2026,23.3,HR59BC8273,DRV389,975.8
TRP008261,MANDI-026,Export-Terminal,03-16-2026 10:45 AM,2026-03-17 05:15:57,18.5,RJ61DF3352,DRV848,939.1
TRP007364,MANDI-056,WH-West,2026-02-03 04:56:16,2026-02-03 09:20:16,4.4,,DRV793,205.9
TRP002491,MANDI-002,WH-North,09-Jan-2026 14:53:22,2026-01-09T23:29:22,8.6,PB81BC1053,DRV121,346.7
TRP009754,MANDI-056,WH-West,07/01/2026 09:12,08-Jan-2026 06:00:49,20.8,RJ99CD1117,DRV338,896.6
TRP006291,MANDI-038,WH-South,12/05/2026 19:18,13/05/2026 15:00,19.7,RJ61DF5833,DRV460,
TRP004936,MANDI-027,WH-West,2026-02-17T05:03:46,02-17-2026 07:27 AM,2.4,UP82CD8630,DRV180,
TRP003936,MANDI-056,WH-Central,08-22-2026 07:51 AM,22/08/2026 17:27,9.6,HR25BC3258,DRV436,451.4
TRP006881,MANDI-029,WH-East,2026-04-17T19:20:24,,,HR15BC3455,DRV504,912.4
TRP009796,MANDI-026,WH-East,2026-04-24 23:02:15,25-Apr-2026 09:56:15,,UP62AB4082,DRV313,616.1
TRP002385,MANDI-052,WH-North,10/04/2026 23:17,11/04/2026 19:29,20.2,DL34AB7485,DRV307,
TRP007085,MANDI-011,WH-South,30-Apr-2026 11:23:50,2026-04-30T23:29:50,12.1,RJ47CD9512,DRV499,562.2
TRP000116,MANDI-035,WH-West,19/01/2026,2026-01-19 08:02:36,3.5,DL20CD9526,DRV756,191.6
TRP001864,MANDI-007,WH-North,06-22-2026 01:51 AM,22-Jun-2026 20:09:35,18.3,RJ12DF7793,DRV691,761.4
TRP007384,MANDI-046,WH-West,06/06/2026 03:12,06/06/2026 08:12,5.0,UP41DF4444,DRV590,280.0
TRP003120,MANDI-010,WH-West,2026-05-19T11:27:11,05-20-2026 07:51 AM,20.4,DL95BC8632,DRV533,866.1
TRP004259,MANDI-037,WH-North,25-Feb-2026 02:29:06,25/02/2026,10.5,RJ19AB3195,DRV971,512.3
TRP007311,MANDI-032,WH-West,24-May-2026 01:14:27,2026-05-25 00:02:27,22.8,RJ85BC4962,DRV333,1008.7
TRP000903,MANDI-004,Export-Terminal,21-May-2026 14:01:52,,12.9,,,697.4
TRP002820,MANDI-032,Export-Terminal,2026-05-13T01:30:23,05-13-2026 05:06 PM,15.6,HR80DF1167,DRV462,934.2
TRP003823,MANDI-056,WH-West,12/08/2026,2026-08-13 18:45:22,21.6,PB59BC2718,DRV772,1128.7
TRP007752,MANDI-047,WH-West,28/02/2026,01/03/2026,14.5,HR29DF4459,DRV150,706.0
TRP007509,MANDI-057,WH-Central,22/08/2026,2026-08-22 18:53:31,6.9,PB27CD1691,DRV378,333.7
TRP009454,MANDI-010,WH-South,15-Jun-2026 15:33:20,2026-06-15 23:09:20,,HR87BC1740,,329.1
TRP004700,MANDI-035,WH-West,2026-06-22T19:13:57,23/06/2026 01:43,6.5,UP61AB9998,DRV459,346.9
TRP009277,MANDI-024,WH-South,2026-08-31 08:50:44,,17.8,PB46AB6307,DRV387,981.2
TRP003803,MANDI-006,WH-South,22/06/2026,2026-06-23 10:36:09,19.3,RJ85BC7031,,990.4
TRP009225,MANDI-021,Export-Terminal,17/03/2026 06:14,2026-03-17 22:26:38,16.2,PB71CD8942,,743.8
TRP006069,MANDI-015,WH-North,11/02/2026 00:14,11-Feb-2026 13:26:44,13.2,PB79DF1694,,
TRP005811,MANDI-046,WH-East,2026-09-06T22:11:48,09-07-2026 08:53 AM,,UP57AB9189,DRV339,594.4983384557299
TRP003537,MANDI-002,WH-North,2026-03-18 07:54:39,03-19-2026 01:24 AM,17.5,HR68CD8094,,865.99757965124
TRP003826,MANDI-033,WH-North,29/08/2026,08-30-2026 03:42 AM,12.9,DL26CD9867,,533.8
TRP006643,MANDI-016,WH-Central,05-13-2026 06:48 PM,2026-05-13 22:42:26,3.9,,DRV631,230.5
TRP009737,MANDI-035,WH-West,2026-05-16T21:40:53,2026-05-17 11:40:53,14.0,DL67DF8593,,800.3977629940559
TRP008955,MANDI-006,WH-North,07-09-2026 10:02 AM,09/07/2026,11.7,UP97CD7008,DRV804,607.3983024020359
TRP004811,MANDI-019,WH-West,2026-03-24 15:48:10,2026-03-25 04:30:10,12.7,DL64CD7185,DRV479,697.6
TRP001947,MANDI-015,WH-East,26-Mar-2026 20:55:56,27/03/2026 18:37,21.7,DL67CD6405,DRV834,1176.9
TRP009071,MANDI-009,WH-Central,07-18-2026 04:38 AM,2026-07-18T22:20:38,17.7,HR73BC4133,DRV900,
TRP007767,MANDI-001,WH-South,28/04/2026,2026-04-29T00:39:22,8.2,DL28AB9999,DRV906,385.1
TRP005336,MANDI-011,WH-North,2026-03-07 13:27:35,08-Mar-2026 07:21:35,,HR31DF7593,,835.8
TRP003489,MANDI-022,WH-West,2026-05-25 16:43:00,,21.6,UP29DF8823,,
TRP001611,MANDI-052,Export-Terminal,2026-06-26T00:36:11,26-Jun-2026 13:30:11,12.9,PB14CD8240,DRV241,556.7
TRP008116,MANDI-055,WH-Central,24/01/2026 23:21,,22.7,RJ23BC8680,DRV731,1023.5
TRP007826,MANDI-005,WH-East,2026-03-26T20:39:25,2026-03-27T09:15:25,12.6,PB46DF3741,DRV429,
TRP007167,MANDI-025,WH-Central,2026-07-09 09:50:40,10-Jul-2026 05:56:40,20.1,,DRV530,966.1
TRP004678,MANDI-049,WH-South,08-09-2026 08:14 PM,10/08/2026 05:50,9.6,PB27CD4176,DRV433,
TRP004960,MANDI-004,WH-South,01/08/2026 04:06,2026-08-01T17:06:34,13.0,,DRV667,589.3
TRP007704,MANDI-017,WH-South,05-Apr-2026 05:51:38,2026-04-05 18:03:38,12.2,HR15DF3930,DRV840,621.1
TRP005868,MANDI-011,WH-West,2026-06-28T21:53:56,29/06/2026,9.5,HR69CD8321,DRV915,429.8
TRP009116,MANDI-042,WH-East,2026-05-18 03:55:23,2026-05-18 13:31:23,9.6,DL52AB5167,DRV764,565.898418388726
TRP004762,MANDI-053,WH-South,02-10-2026 10:07 PM,2026-02-11 13:37:46,15.5,HR73CD9761,DRV896,888.7
TRP002195,MANDI-007,WH-South,10/03/2026 19:17,2026-03-11T13:41:28,18.4,UP45DF6920,DRV817,877.0
TRP000883,MANDI-012,WH-Central,2026-03-05 06:12:59,2026-03-05 19:18:59,13.1,UP29DF9898,DRV434,
TRP005702,MANDI-047,WH-North,15-Jan-2026 16:14:58,16/01/2026 15:32,23.3,UP99AB6397,DRV529,
TRP005114,MANDI-050,WH-South,2026-01-12 18:53:25,2026-01-13 09:35:25,14.7,HR35CD3624,,795.8
TRP000558,MANDI-005,WH-South,04-03-2026 03:34 AM,03-Apr-2026 10:16:31,6.7,RJ10CD7112,DRV559,
TRP008459,MANDI-017,WH-Central,02-27-2026 07:17 AM,2026-02-28 00:11:16,,UP66BC9530,DRV303,980.6
TRP005140,MANDI-007,WH-Central,09-06-2026 05:18 PM,07/09/2026 14:30,21.2,UP74BC9064,DRV678,956.1
TRP001208,MANDI-046,WH-East,10-Apr-2026 08:55:54,04-11-2026 05:31 AM,20.6,PB23AB2923,DRV484,1133.5968317467039
TRP007657,MANDI-029,WH-East,2026-06-14T09:23:06,14/06/2026 22:05,12.7,PB86CD4051,DRV195,
TRP007953,MANDI-016,WH-South,06-04-2026 04:59 AM,04/06/2026 19:53,14.9,UP97CD2172,DRV910,751.0
TRP001511,MANDI-028,WH-East,14-Aug-2026 12:58:07,15-Aug-2026 05:46:07,,DL23AB8604,DRV815,741.4
TRP008395,MANDI-056,Export-Terminal,2026-04-07 11:30:55,07/04/2026 20:18,8.8,PB46AB6807,DRV175,
TRP003830,MANDI-017,WH-Central,2026-07-12 19:26:18,13/07/2026 03:08,7.7,,DRV502,376.6
TRP003733,MANDI-057,WH-Central,2026-07-09 12:24:08,10/07/2026,21.2,DL10AB6544,DRV787,
TRP008404,MANDI-029,WH-West,18/02/2026 10:34,02-18-2026 06:04 PM,7.5,PB57DF8334,DRV243,435.3
TRP003212,MANDI-009,WH-West,2026-05-01T13:46:32,,19.4,,,814.9
TRP003631,MANDI-042,WH-West,12/05/2026 11:41,2026-05-13T00:41:35,13.0,HR76BC3884,DRV237,596.8
TRP001709,MANDI-017,WH-East,06-18-2026 04:01 PM,,,UP36CD4326,DRV290,
TRP001846,MANDI-027,Export-Terminal,12/05/2026 10:30,13-May-2026 05:00:10,,UP73DF9452,DRV925,1070.3
TRP000267,MANDI-048,WH-East,12/02/2026,,19.0,,,930.5
TRP005986,MANDI-033,WH-West,2026-01-25 05:45:10,,,HR18AB5726,DRV174,935.5
TRP001141,MANDI-043,WH-West,04/08/2026 15:19,,11.2,,DRV766,529.7
TRP003163,MANDI-037,WH-West,2026-07-16 13:24:06,17/07/2026 07:36,18.2,RJ36AB9199,DRV936,1074.6
TRP006208,MANDI-037,Export-Terminal,29/03/2026 21:27,30-Mar-2026 06:57:57,9.5,UP95CD8064,DRV379,432.1
TRP002047,MANDI-039,WH-West,2026-08-13 14:07:38,14-Aug-2026 02:07:38,12.0,,DRV415,639.8
TRP003731,MANDI-045,WH-North,2026-08-06 05:54:48,2026-08-06T21:12:48,,RJ38DF3619,DRV480,761.897870596166
TRP001910,MANDI-004,WH-West,20/06/2026 17:31,21/06/2026 03:37,10.1,,DRV981,406.4
TRP007951,MANDI-007,Export-Terminal,27/02/2026 17:25,,16.6,PB96CD6505,DRV145,682.49809250805
TRP002661,MANDI-005,Export-Terminal,25-Aug-2026 08:38:53,2026-08-26 03:08:53,18.5,RJ94AB7701,DRV889,789.3
TRP000657,MANDI-015,WH-South,2026-05-15 23:50:45,2026-05-16T07:56:45,8.1,DL10BC5143,DRV667,465.098700110614
TRP006661,MANDI-019,Export-Terminal,19-Aug-2026 09:59:33,2026-08-20 00:41:33,14.7,PB34BC8606,DRV175,806.6
TRP001308,MANDI-009,Export-Terminal,2026-03-29T21:27:00,30/03/2026 14:33,17.1,HR29DF1975,DRV354,731.297956118882
TRP002568,MANDI-057,WH-North,2026-04-15T04:54:01,15/04/2026 14:30,9.6,,,474.6
TRP000999,MANDI-017,WH-North,16-Aug-2026 05:22:42,2026-08-16 16:10:42,10.8,RJ18DF8969,DRV741,517.0
TRP008082,MANDI-021,WH-South,06/03/2026 06:49,2026-03-07 06:31:17,23.7,PB29AB3262,DRV316,1252.9
TRP002835,MANDI-048,Export-Terminal,2026-07-29 19:42:03,30/07/2026 02:36,6.9,,DRV647,320.6
TRP009953,MANDI-043,WH-West,2026-01-15T01:16:17,15/01/2026 23:04,21.8,UP52CD5216,DRV153,1178.8
TRP009547,MANDI-006,WH-North,05/05/2026 00:54,05/05/2026 03:36,2.7,PB26CD2288,DRV115,158.8
TRP005881,MANDI-017,Export-Terminal,04/07/2026,05/07/2026 04:01,6.4,RJ46BC8905,,342.49904276045
TRP001238,MANDI-001,WH-North,2026-06-02T05:11:06,02/06/2026 08:53,3.7,DL13AB6129,DRV524,152.6
TRP002152,MANDI-013,WH-West,2026-02-16 06:38:22,17-Feb-2026 05:08:22,22.5,,DRV466,928.7
TRP003836,MANDI-056,WH-North,25-Jun-2026 07:46:23,25/06/2026 19:40,11.9,,DRV309,503.1
TRP003858,MANDI-026,WH-North,18-Jul-2026 21:12:42,19/07/2026,,DL76DF5744,DRV478,648.8
TRP007824,MANDI-003,WH-Central,2026-07-08 03:21:18,08/07/2026 13:27,10.1,PB29AB7904,DRV161,469.4
TRP008567,MANDI-003,WH-East,2026-04-22 08:18:44,04-22-2026 08:24 PM,12.1,,DRV374,524.9
TRP006579,MANDI-039,Export-Terminal,2026-06-22 12:36:50,2026-06-22T20:48:50,,PB44BC8698,DRV504,485.898641977526
TRP005092,MANDI-007,WH-East,2026-08-27 20:27:06,28/08/2026,16.7,HR19BC4099,,846.5
TRP002187,MANDI-031,Export-Terminal,2026-08-23 09:27:31,23-Aug-2026 16:15:31,6.8,RJ55AB7473,,273.7
TRP008977,MANDI-043,WH-Central,30/08/2026,30-Aug-2026 21:29:39,,UP85BC7614,DRV363,202.9
TRP001135,MANDI-036,Export-Terminal,24/01/2026,25/01/2026,,UP21DF8606,DRV929,364.49898127353003
TRP005005,MANDI-039,WH-East,02-11-2026 10:11 AM,11/02/2026,4.1,DL30CD6700,,193.199460033048
TRP006627,MANDI-051,WH-West,13-May-2026 22:05:22,,7.4,DL37DF1148,DRV387,400.6
TRP001304,MANDI-009,WH-South,10/08/2026 00:21,10-Aug-2026 09:45:00,9.4,DL10BC5090,DRV841,550.8
TRP008804,MANDI-030,WH-North,2026-05-18T07:41:35,2026-05-19 06:35:35,22.9,DL98CD4859,DRV873,1367.0961791468937
TRP001628,MANDI-023,WH-North,01-Apr-2026 00:46:01,2026-04-01T16:10:01,15.4,UP62DF6894,DRV381,897.8
TRP008349,MANDI-009,WH-South,01-11-2026 06:11 PM,01-11-2026 11:53 PM,5.7,,,234.3
TRP001523,MANDI-007,WH-Central,2026-09-01 16:06:52,2026-09-02 09:12:52,17.1,,DRV470,927.2
TRP008847,MANDI-054,Export-Terminal,2026-07-08 13:01:45,2026-07-08 16:37:45,3.6,HR96BC4441,DRV312,165.5
TRP000359,MANDI-036,WH-West,09-02-2026 08:37 PM,2026-09-03 12:13:47,15.6,UP97AB9821,DRV126,659.1
TRP000139,MANDI-044,WH-West,15/04/2026 16:15,2026-04-16T09:21:13,17.1,,DRV392,800.2
TRP000300,MANDI-024,Export-Terminal,2026-06-09 08:04:49,,10.6,PB61CD1745,DRV392,450.49874091557
TRP001557,MANDI-027,WH-West,26/02/2026 05:26,02-26-2026 01:26 PM,,,DRV223,477.9
TRP005100,MANDI-011,WH-East,08-18-2026 02:16 PM,2026-08-18 18:40:43,4.4,PB53CD5557,,245.6
TRP000383,MANDI-028,WH-East,03-27-2026 08:49 PM,28-Mar-2026 12:25:56,15.6,DL21AB1865,DRV354,796.1
TRP008646,MANDI-027,WH-North,02-14-2026 07:27 PM,2026-02-15T16:21:02,20.9,PB28BC9236,,1105.8
TRP007568,MANDI-003,WH-South,02-21-2026 05:32 AM,21/02/2026,5.6,PB60CD9852,DRV343,307.3
TRP004858,MANDI-008,WH-Central,2026-08-07 14:53:57,2026-08-08 13:47:57,22.9,UP54DF5155,DRV420,1021.49714505051
TRP003181,MANDI-019,WH-North,2026-07-19 03:13:14,19-Jul-2026 17:49:14,14.6,UP81CD1330,DRV819,609.4
TRP001440,MANDI-034,Export-Terminal,07-May-2026 08:36:26,2026-05-07T18:36:26,10.0,RJ75CD5634,DRV278,517.0
TRP007764,MANDI-014,WH-East,04-Jul-2026 12:21:30,05-Jul-2026 02:09:30,13.8,DL77CD8197,DRV787,616.1
TRP005674,MANDI-028,WH-South,29/08/2026 21:49,2026-08-30T10:25:01,12.6,RJ92DF7455,DRV608,
TRP007043,MANDI-029,WH-East,18-Aug-2026 23:25:57,2026-08-19 17:01:57,17.6,RJ15CD4156,DRV825,785.4
TRP000947,MANDI-031,WH-East,29/08/2026 05:27,2026-08-30 04:27:00,23.0,UP76BC1474,DRV841,1341.6
TRP002391,MANDI-040,WH-Central,2026-06-10 20:10:57,06-11-2026 11:04 AM,,,DRV643,611.1982917815681
TRP005499,MANDI-036,WH-South,26-May-2026 22:58:41,2026-05-27 16:22:41,17.4,PB93CD5652,DRV310,977.7
TRP007700,MANDI-038,WH-West,2026-08-13 03:58:58,14/08/2026,21.5,UP11AB1561,DRV795,1096.3
TRP009601,MANDI-052,WH-South,2026-01-10T21:52:31,11-Jan-2026 15:40:31,17.8,,,1066.4
TRP002722,MANDI-039,WH-Central,26/01/2026 01:03,26-Jan-2026 16:57:29,15.9,UP55AB6094,DRV545,869.5
TRP001933,MANDI-056,WH-West,2026-02-27 17:07:06,28/02/2026,19.8,UP87BC9286,DRV757,1074.6
TRP008073,MANDI-055,WH-West,2026-08-21 13:46:47,08-22-2026 01:58 AM,12.2,UP48BC7765,DRV196,671.4
TRP003237,MANDI-018,WH-South,2026-01-21T17:22:08,2026-01-22 14:28:08,21.1,HR46DF2124,DRV763,1191.6
TRP003141,MANDI-025,WH-North,27-Apr-2026 23:05:39,2026-04-28T15:35:39,16.5,HR18CD7580,DRV811,967.5
TRP004164,MANDI-030,WH-West,28/02/2026 12:22,28/02/2026 15:22,3.0,PB66CD7791,DRV618,144.9
TRP009247,MANDI-004,WH-East,2026-08-19T12:04:29,08-19-2026 04:34 PM,4.5,,DRV615,232.2
TRP008623,MANDI-043,WH-East,2026-06-06 17:00:18,07-Jun-2026 13:36:18,20.6,DL82AB1546,DRV779,1046.49707517901
TRP003808,MANDI-004,WH-West,2026-03-30T16:46:32,,5.8,RJ35BC5949,DRV448,294.3
TRP009858,MANDI-047,WH-North,2026-04-16T23:25:49,2026-04-17T10:13:49,10.8,PB10CD2349,DRV959,450.7
TRP007967,MANDI-045,WH-South,2026-07-18 23:50:56,2026-07-19 06:14:56,6.4,HR39DF7215,DRV901,349.9
TRP009263,MANDI-018,WH-West,2026-02-12T05:50:31,02-12-2026 07:08 PM,,HR42CD6585,,626.298249579182
TRP006782,MANDI-033,WH-South,2026-02-07 08:18:46,,13.9,RJ20CD3654,DRV866,810.9
TRP009069,MANDI-021,Export-Terminal,2026-04-17T10:09:34,18-Apr-2026 00:33:34,14.4,PB15BC1283,DRV770,794.5
TRP004155,MANDI-007,Export-Terminal,2026-02-03T18:26:20,04/02/2026,16.3,RJ86CD7547,DRV912,698.5
TRP004173,MANDI-056,WH-North,2026-01-31T10:12:05,31/01/2026,3.9,UP33BC6787,DRV521,162.7
TRP000797,MANDI-039,WH-South,26-Feb-2026 03:58:52,26/02/2026 23:58,20.0,UP88DF6807,DRV700,1044.4
TRP002417,MANDI-039,WH-Central,2026-02-28 16:37:28,28/02/2026 22:31,5.9,RJ87BC7635,DRV967,349.3
TRP007802,MANDI-024,WH-West,09-09-2026 11:18 AM,2026-09-10T00:06:49,,DL85CD5807,DRV428,629.8
TRP006140,MANDI-004,WH-East,02-27-2026 07:59 AM,02-27-2026 08:17 PM,12.3,RJ15DF3074,,503.1
TRP000786,MANDI-025,Export-Terminal,27/05/2026 16:41,2026-05-28 14:35:01,21.9,UP13CD9677,DRV419,1068.597013412604
TRP008476,MANDI-032,WH-West,26/06/2026,,10.6,,DRV152,565.6
TRP006790,MANDI-057,Export-Terminal,23/03/2026 11:01,2026-03-24T08:43:06,21.7,DL18AB9148,DRV595,922.8
TRP003159,MANDI-025,Export-Terminal,2026-03-19 12:10:57,2026-03-19T23:04:57,10.9,DL93CD8636,DRV105,439.6
TRP007203,MANDI-041,WH-South,2026-03-22 17:41:22,23-Mar-2026 17:05:22,23.4,PB44DF9253,DRV229,1128.4
TRP000124,MANDI-009,WH-East,28-Apr-2026 11:46:36,29-Apr-2026 07:34:36,19.8,PB58CD9070,DRV211,974.1
TRP009836,MANDI-055,WH-West,20/08/2026,2026-08-21T11:13:16,17.9,HR74BC3066,DRV305,900.0974843465141
TRP007557,MANDI-027,WH-West,2026-05-10 14:24:38,2026-05-11T14:12:38,23.8,DL53CD2000,DRV483,1052.1
TRP002173,MANDI-024,WH-East,28-Aug-2026 22:20:54,29/08/2026 08:20,10.0,,DRV618,
TRP002170,MANDI-038,Export-Terminal,13-Feb-2026 23:14:55,2026-02-14T09:02:55,9.8,,DRV700,528.1
TRP007498,MANDI-057,WH-South,2026-06-24T08:21:23,2026-06-24 12:51:23,4.5,DL19BC1834,DRV950,233.2
TRP004010,MANDI-012,Export-Terminal,08-Feb-2026 11:35:57,2026-02-08 17:05:57,5.5,UP72BC8411,DRV740,264.7
TRP009667,MANDI-056,WH-Central,2026-08-28 18:37:47,28/08/2026 21:07,2.5,PB28AB6593,DRV496,100.399719396056
TRP004341,MANDI-030,WH-West,2026-02-17T12:43:56,18-Feb-2026 03:55:56,15.2,DL81AB8057,,
TRP000911,MANDI-013,Export-Terminal,14/08/2026 18:51,2026-08-15 00:15:07,5.4,RJ41BC2309,DRV931,
TRP006269,MANDI-043,WH-West,01-31-2026 10:02 AM,01-Feb-2026 04:50:14,18.8,UP79AB1233,DRV862,879.3
TRP008314,MANDI-038,WH-South,10-May-2026 22:34:53,2026-05-11T16:40:53,,HR49BC3942,DRV860,954.3
TRP002310,MANDI-028,WH-South,2026-04-11 12:43:03,2026-04-11 19:07:03,6.4,RJ94DF6562,DRV167,383.1
TRP004820,MANDI-049,WH-West,11-Jul-2026 15:37:32,,18.2,RJ28BC8430,,929.2
TRP003635,MANDI-041,WH-East,2026-04-06 08:23:42,04-07-2026 12:23 AM,16.0,,DRV234,662.0
TRP001258,MANDI-056,WH-South,2026-01-02T08:17:00,02/01/2026 12:59,4.7,HR48BC6897,DRV523,192.1
TRP006592,MANDI-054,WH-North,03-Apr-2026 02:58:45,03-Apr-2026 20:52:45,17.9,DL13AB7503,DRV974,1015.9
TRP004459,MANDI-046,Export-Terminal,24-Mar-2026 15:29:31,24-Mar-2026 23:17:31,7.8,RJ90AB3938,DRV558,379.2
TRP006134,MANDI-017,Export-Terminal,23-Apr-2026 15:59:22,24/04/2026 15:59,24.0,,DRV995,
TRP001179,MANDI-052,Export-Terminal,08/04/2026 09:31,2026-04-09 07:43:16,,RJ85BC7509,DRV865,959.0
TRP004653,MANDI-006,WH-South,24/07/2026 05:50,2026-07-24T23:14:40,17.4,,,880.0
TRP006219,MANDI-010,WH-South,2026-04-04 21:37:43,2026-04-05 11:37:43,14.0,RJ45CD5277,DRV203,
TRP003651,MANDI-040,WH-North,17-May-2026 09:38:38,2026-05-17 23:44:38,14.1,,DRV596,745.2
TRP000443,MANDI-048,WH-West,26/08/2026,26/08/2026,,HR41BC3110,DRV943,430.598796533284
TRP003416,MANDI-012,WH-South,2026-02-03 23:06:28,02-04-2026 10:12 PM,23.1,DL80CD2739,DRV134,1029.7
TRP001400,MANDI-002,WH-Central,30/06/2026,01/07/2026,12.6,RJ39CD2076,,750.0
TRP008141,MANDI-032,WH-East,2026-06-24T22:26:28,06-25-2026 06:02 AM,,DL95BC6902,DRV115,375.9
TRP007823,MANDI-023,WH-East,2026-08-23T16:03:40,08-24-2026 11:39 AM,19.6,HR37BC8865,DRV139,1053.6
TRP001458,MANDI-013,Export-Terminal,2026-03-31 13:55:39,31/03/2026 19:49,5.9,DL83CD6288,DRV827,247.3
TRP008188,MANDI-051,WH-West,03-30-2026 12:26 PM,31-Mar-2026 04:56:38,16.5,DL73AB6909,DRV575,930.6
TRP005745,MANDI-040,WH-Central,10/03/2026,,7.1,,DRV751,305.0
TRP001055,MANDI-031,WH-South,15/06/2026,06-16-2026 02:30 AM,,HR15AB4459,DRV580,196.8
TRP009206,MANDI-004,WH-South,2026-01-26T02:34:50,01-27-2026 02:04 AM,,PB44CD8260,DRV523,1190.6
TRP003276,MANDI-043,Export-Terminal,2026-05-17 16:30:30,18/05/2026,22.2,HR23DF4698,DRV426,1169.5
TRP001464,MANDI-008,WH-North,25-Jun-2026 08:33:43,2026-06-26 01:57:43,17.4,HR49CD8440,,995.5
TRP003700,MANDI-016,WH-South,04-Aug-2026 07:39:39,2026-08-04T22:09:39,14.5,RJ12DF4641,DRV949,644.4
TRP003760,MANDI-055,Export-Terminal,2026-02-10T16:21:09,2026-02-11T14:15:09,21.9,DL57AB1809,DRV489,1100.5
TRP000930,MANDI-030,WH-West,12/02/2026 19:42,2026-02-13 01:30:29,5.8,DL30CD8544,DRV220,249.4
TRP005512,MANDI-037,WH-South,2026-07-05T18:45:51,,7.3,UP42CD5473,DRV732,336.0
TRP006469,MANDI-024,WH-South,06-02-2026 06:15 PM,2026-06-03 10:15:32,16.0,,DRV343,834.9
TRP008747,MANDI-012,Export-Terminal,04/06/2026,04-Jun-2026 21:09:15,4.1,PB69BC5813,,215.4
TRP001830,MANDI-013,Export-Terminal,2026-03-16 06:33:11,16/03/2026 21:33,15.0,DL32BC2665,,823.897697314846
TRP002929,MANDI-033,WH-West,2026-04-29T03:23:12,2026-04-29T05:53:12,2.5,RJ14BC8095,DRV431,120.6
TRP005027,MANDI-017,WH-North,2026-02-24 22:23:32,25-Feb-2026 12:17:32,,UP80AB9385,DRV226,774.7
TRP006539,MANDI-012,WH-South,28/06/2026 21:29,29-Jun-2026 05:23:36,7.9,HR15AB3471,DRV704,
TRP004222,MANDI-016,WH-South,16/06/2026,,9.2,UP35AB6711,DRV368,388.6
TRP003547,MANDI-026,Export-Terminal,17/05/2026 14:57,2026-05-17 23:09:45,8.2,PB48BC5796,DRV523,459.0
TRP005599,MANDI-027,WH-East,15/08/2026 03:38,08-15-2026 11:44 AM,,DL75DF7308,DRV573,374.1
TRP009298,MANDI-013,WH-East,09/09/2026 11:55,09/09/2026 16:01,4.1,DL49DF1981,DRV436,178.899499999546
TRP008384,MANDI-056,WH-East,2026-06-12 22:22:59,13/06/2026,14.0,DL49BC3285,DRV923,665.7
TRP008487,MANDI-005,WH-Central,06/06/2026 07:35,2026-06-06T20:29:25,12.9,DL47CD8012,DRV719,625.4
TRP002012,MANDI-002,WH-South,2026-06-10T12:41:08,2026-06-11T01:17:08,12.6,HR19DF8548,DRV194,709.2
TRP000914,MANDI-034,WH-South,02/02/2026 02:12,02/02/2026 06:12,4.0,HR91AB3062,DRV153,185.1
TRP009691,MANDI-019,Export-Terminal,28-Jun-2026 22:20:43,2026-06-29 02:08:43,3.8,HR15BC2824,DRV207,177.3
TRP009039,MANDI-036,WH-East,2026-06-09T13:28:40,10-Jun-2026 00:40:40,11.2,UP88AB9208,DRV993,607.5
TRP003220,MANDI-029,WH-North,2026-05-25 01:23:27,25/05/2026,4.7,,DRV557,240.5
TRP002607,MANDI-003,WH-South,2026-08-04 12:24:52,04-Aug-2026 21:18:52,8.9,PB39DF1602,DRV500,479.4
TRP003265,MANDI-020,WH-Central,2026-07-10 19:23:12,2026-07-11 11:53:12,16.5,PB95AB1249,DRV773,681.8
TRP004929,MANDI-048,WH-South,31/05/2026 11:41,2026-05-31 16:05:29,4.4,RJ94DF7063,,224.4
TRP009009,MANDI-023,WH-South,2026-04-08T16:37:05,2026-04-09T01:01:05,8.4,RJ27BC6424,,434.9
TRP006565,MANDI-036,WH-North,2026-04-27 03:57:58,2026-04-27 15:33:58,11.6,PB34BC5018,DRV962,
TRP008490,MANDI-013,WH-East,02-Jan-2026 14:23:06,03-Jan-2026 02:23:06,12.0,,DRV353,501.9
TRP000007,MANDI-022,WH-West,13-Mar-2026 06:40:45,14/03/2026 01:40,19.0,PB12DF5486,DRV566,795.097777806814
TRP002981,MANDI-016,WH-East,2026-03-05 16:33:00,03-06-2026 04:51 AM,12.3,DL59DF2941,DRV726,
TRP006584,MANDI-049,WH-Central,08/01/2026,,5.7,UP86CD6858,DRV536,306.6
TRP003362,MANDI-016,WH-North,30/08/2026 02:38,30/08/2026,11.4,,DRV457,646.9
TRP004775,MANDI-002,WH-South,2026-05-04T23:52:57,05/05/2026,19.2,,DRV613,833.197671322648
TRP001944,MANDI-033,WH-North,04/04/2026 23:08,04-05-2026 07:26 PM,20.3,RJ70CD7711,DRV923,1183.8
TRP008105,MANDI-049,WH-South,31/03/2026 12:39,2026-03-31T18:27:20,5.8,PB91CD9661,DRV244,339.5
TRP005500,MANDI-036,WH-North,11/05/2026,11-May-2026 11:50:29,3.1,DL17BC7364,,172.2
TRP001636,MANDI-041,WH-East,2026-07-18 03:31:41,18/07/2026 11:07,,UP26CD2895,DRV845,312.6
TRP001142,MANDI-012,WH-East,2026-04-17 14:27:21,18/04/2026 06:33,16.1,DL43CD4008,,805.7977479018119
TRP002042,MANDI-029,WH-West,05-03-2026 03:15 AM,03/05/2026,10.0,HR67CD5608,,567.5
TRP006816,MANDI-007,WH-North,11-Jan-2026 23:42:13,12/01/2026,9.4,HR35AB3555,DRV277,
TRP006704,MANDI-057,WH-East,01-28-2026 08:56 AM,29/01/2026 02:38,17.7,PB38CD5821,DRV254,971.7
TRP007243,MANDI-039,WH-West,2026-06-16T11:37:28,2026-06-16 16:49:28,5.2,DL96BC1424,DRV502,256.5
TRP000360,MANDI-034,WH-Central,2026-02-09 01:13:20,02-09-2026 01:25 PM,12.2,,DRV705,644.1
TRP002071,MANDI-028,WH-South,22-Feb-2026 21:41:24,23/02/2026 08:23,,PB39AB5543,DRV871,574.8
TRP003135,MANDI-003,WH-North,03-04-2026 09:02 PM,2026-03-05 17:44:47,20.7,DL14BC2769,DRV148,1237.5
TRP005161,MANDI-013,WH-South,2026-05-04 01:14:16,04/05/2026,,,DRV501,711.5
TRP006991,MANDI-004,WH-South,08-31-2026 02:12 PM,01/09/2026 10:48,20.6,UP99AB4411,DRV857,
TRP003244,MANDI-027,Export-Terminal,24/06/2026 05:46,24-Jun-2026 08:52:55,3.1,DL62DF6488,DRV909,173.6
TRP005276,MANDI-026,Export-Terminal,25-Jan-2026 13:19:21,,22.7,PB31BC3525,DRV549,1337.3
TRP002243,MANDI-036,WH-North,28/07/2026 12:33,29-Jul-2026 05:39:44,17.1,UP76CD2541,DRV803,967.9
TRP001475,MANDI-057,WH-South,29/07/2026 19:46,,10.5,RJ15CD2092,DRV382,500.7
TRP008936,MANDI-056,Export-Terminal,2026-05-11T23:02:13,,6.7,RJ59BC3064,DRV861,296.7
TRP001890,MANDI-050,WH-Central,14-Mar-2026 09:24:52,03-14-2026 03:18 PM,5.9,HR68BC6937,,
TRP003436,MANDI-030,WH-West,07-18-2026 02:12 AM,18/07/2026,8.3,,DRV440,416.3
TRP003260,MANDI-020,WH-West,2026-03-07 00:01:47,07-Mar-2026 15:19:47,15.3,,DRV167,618.5
TRP005150,MANDI-016,WH-East,11-Aug-2026 16:20:58,,10.4,PB43AB2942,,428.2
TRP003706,MANDI-032,Export-Terminal,02-26-2026 03:16 AM,26/02/2026 22:04,18.8,HR88CD2698,DRV605,830.6
TRP002022,MANDI-032,WH-West,07/05/2026,07/05/2026 23:38,17.9,HR74DF2919,,740.797929567712
TRP004021,MANDI-042,WH-North,2026-04-12 23:15:16,2026-04-13T09:27:16,10.2,PB46BC4594,DRV866,
TRP009187,MANDI-053,WH-South,06-25-2026 09:35 AM,,6.7,PB51DF6315,DRV949,305.4
TRP008778,MANDI-050,Export-Terminal,20-Jan-2026 05:36:36,20-Jan-2026 18:48:36,13.2,UP95AB3675,DRV988,536.1
TRP003501,MANDI-025,WH-South,11/02/2026,11/02/2026 20:08,10.9,UP10BC9459,,551.198459473168
TRP002659,MANDI-011,WH-East,14/05/2026 20:34,15-May-2026 06:10:52,9.6,PB72CD7525,DRV120,525.7
TRP008791,MANDI-031,WH-East,2026-04-02 05:34:58,03/04/2026,19.4,DL11DF4765,,787.7
TRP007506,MANDI-050,Export-Terminal,13-May-2026 21:08:06,14-May-2026 19:08:06,22.0,UP45AB5490,DRV738,891.5
TRP001131,MANDI-004,WH-West,2026-01-12 22:14:00,,10.4,DL58CD9711,DRV607,623.2
TRP005558,MANDI-002,WH-East,2026-07-08 03:35:32,2026-07-08T15:47:32,12.2,RJ70BC2852,DRV185,680.6
TRP008004,MANDI-043,WH-North,30/05/2026,30/05/2026 22:56,4.8,,DRV753,241.79932420285203
TRP001820,MANDI-039,WH-East,2026-03-21 07:53:05,,16.8,,DRV988,873.3
TRP009536,MANDI-010,WH-North,03-02-2026 01:54 AM,2026-03-02 13:18:25,11.4,PB32BC8316,DRV499,506.29858496238205
TRP008140,MANDI-028,WH-West,03-13-2026 08:26 AM,13/03/2026,,PB27AB7631,DRV457,
TRP007065,MANDI-036,WH-East,2026-08-29T09:45:51,30/08/2026 02:09,16.4,,DRV506,952.597337616364
TRP004319,MANDI-027,WH-South,25/06/2026 01:02,25-Jun-2026 17:44:44,16.7,DL59AB6419,DRV771,789.3
TRP009991,MANDI-049,WH-West,2026-04-16T21:35:46,16-Apr-2026 23:53:46,2.3,HR85AB7028,DRV908,104.7
TRP004145,MANDI-009,WH-West,07/03/2026 13:34,03-07-2026 03:40 PM,2.1,DL33CD2458,,100.2
TRP004670,MANDI-018,WH-East,2026-01-21 22:16:20,22/01/2026,12.9,,DRV651,744.4
TRP001237,MANDI-017,Export-Terminal,07-23-2026 05:01 PM,2026-07-24 07:31:18,14.5,,DRV454,758.597879819204
TRP005477,MANDI-023,WH-East,2026-08-15T18:52:11,16-Aug-2026 04:16:11,9.4,RJ36BC4967,DRV280,476.6
TRP007130,MANDI-039,WH-West,2026-05-09T16:19:58,05-09-2026 06:55 PM,2.6,UP38AB2027,DRV674,150.5
TRP003435,MANDI-038,WH-Central,2026-09-08 23:35:35,,4.6,,DRV119,256.49928311841
TRP001857,MANDI-021,WH-East,2026-05-14 18:29:34,2026-05-15 08:47:34,14.3,RJ21DF4722,DRV773,612.298288707222
TRP002283,MANDI-052,WH-Central,2026-03-20T22:53:12,21-Mar-2026 03:23:12,4.5,RJ32BC4466,,245.6
TRP009043,MANDI-013,WH-Central,08-21-2026 03:27 PM,21-Aug-2026 22:09:33,6.7,HR33CD8712,DRV874,341.9
TRP009694,MANDI-011,WH-North,2026-08-17 23:38:53,,20.2,UP88DF1268,,1166.5
TRP004094,MANDI-053,Export-Terminal,10/06/2026 10:15,11-Jun-2026 06:09:39,19.9,HR57AB1831,DRV255,897.3
TRP007919,MANDI-050,WH-Central,2026-03-24 07:57:16,2026-03-24T19:33:16,11.6,,DRV357,636.4
TRP005201,MANDI-047,WH-West,18-Aug-2026 10:44:22,2026-08-19 05:32:22,18.8,,DRV970,807.9
TRP006402,MANDI-019,WH-West,25/05/2026 15:54,2026-05-25 18:18:02,2.4,RJ41DF2453,DRV926,107.4
TRP006429,MANDI-003,WH-West,2026-07-08T04:18:21,2026-07-08 16:30:21,12.2,DL35DF7051,DRV865,540.5
TRP003422,MANDI-031,WH-West,12-May-2026 04:23:46,2026-05-12 10:17:46,,HR57BC7487,DRV430,334.5
TRP009640,MANDI-050,WH-South,2026-08-08 23:27:20,2026-08-09 16:33:20,17.1,PB95AB1153,DRV926,847.7
TRP000387,MANDI-045,WH-Central,11/01/2026 05:17,2026-01-11 15:59:54,10.7,RJ95CD6954,,626.2
TRP008890,MANDI-044,WH-South,08-22-2026 10:34 AM,2026-08-22 13:10:19,2.6,PB44CD5745,DRV564,133.3
TRP001629,MANDI-021,WH-West,2026-01-29 04:20:27,2026-01-30 02:20:27,22.0,UP51DF5561,DRV434,1009.0
TRP003586,MANDI-017,WH-South,05-21-2026 01:53 PM,2026-05-22T12:53:36,23.0,PB61AB8423,DRV963,971.6
TRP008062,MANDI-002,WH-South,06-17-2026 02:12 AM,2026-06-17T09:12:51,,RJ81DF6780,DRV886,371.6
TRP002715,MANDI-044,Export-Terminal,03-19-2026 05:11 AM,19/03/2026 14:59,9.8,UP79AB8578,DRV769,484.2
TRP009984,MANDI-014,WH-East,2026-07-25T14:52:56,,19.9,RJ76BC4178,DRV435,1102.2
TRP008770,MANDI-017,WH-South,2026-05-05 18:56:52,2026-05-06T07:02:52,,DL78BC5746,DRV366,720.0
TRP009695,MANDI-014,Export-Terminal,15/05/2026,15/05/2026 06:38,,PB56DF1501,DRV172,235.4
TRP005660,MANDI-020,WH-North,2026-06-01 07:19:04,,6.6,HR29BC2903,DRV977,
TRP006857,MANDI-053,WH-North,28/01/2026 09:26,2026-01-29T06:44:44,21.3,PB72DF1784,DRV692,1056.0
TRP003190,MANDI-045,WH-South,15/05/2026 12:18,15-May-2026 18:12:00,5.9,HR44CD6959,DRV634,311.1
TRP009101,MANDI-057,WH-Central,2026-02-25T07:48:11,,20.0,UP16AB5989,DRV849,1082.6969740050781
TRP004306,MANDI-035,WH-North,2026-08-05 13:37:38,06-Aug-2026 03:25:38,13.8,,DRV483,638.0
TRP000910,MANDI-009,WH-North,09/05/2026 12:34,09-May-2026 22:16:14,,RJ42DF7899,DRV613,479.8
TRP005386,MANDI-035,WH-West,16/06/2026 14:51,2026-06-17T00:51:56,10.0,,DRV795,518.1
TRP001997,MANDI-035,WH-Central,06-11-2026 09:26 PM,2026-06-12T03:20:00,5.9,PB73DF2453,DRV982,257.199281162008
TRP001867,MANDI-053,WH-West,2026-01-08 05:43:43,08-Jan-2026 11:55:43,6.2,DL34AB1383,DRV274,331.3
TRP001843,MANDI-035,WH-North,2026-08-08T11:07:46,08-Aug-2026 19:55:46,8.8,RJ83BC2465,DRV692,405.5
TRP002498,MANDI-029,WH-Central,2026-08-24 00:34:39,08-24-2026 03:28 AM,2.9,DL50CD4040,,160.0
TRP000202,MANDI-021,WH-North,03-Apr-2026 21:25:42,04-04-2026 04:13 AM,6.8,HR34BC9476,DRV641,380.298937114742
TRP008375,MANDI-052,WH-East,05-Mar-2026 18:23:00,06-Mar-2026 00:23:00,6.0,UP16DF3187,DRV804,316.3
TRP003869,MANDI-003,Export-Terminal,25-Jan-2026 22:44:22,2026-01-26 17:56:22,19.2,PB14AB6284,DRV136,962.597309667764
TRP005055,MANDI-043,WH-Central,2026-02-14T16:25:47,2026-02-15 00:07:47,7.7,UP99DF6610,DRV603,330.5
TRP005890,MANDI-054,WH-North,2026-08-12T02:25:34,08-12-2026 03:49 PM,13.4,DL97BC4313,DRV733,597.1
TRP004007,MANDI-050,WH-East,2026-05-02 08:21:39,02/05/2026 15:09,6.8,,DRV527,
TRP007643,MANDI-017,WH-North,14/07/2026 05:14,14/07/2026 08:02,2.8,UP90BC8659,DRV302,115.49967719367
TRP002703,MANDI-030,WH-South,2026-01-14 08:52:38,01-14-2026 05:16 PM,8.4,,DRV510,
TRP003450,MANDI-057,WH-East,13/07/2026 00:03,13-Jul-2026 21:45:09,21.7,PB57AB3622,DRV188,909.2
TRP000332,MANDI-002,WH-South,06/03/2026 02:59,07/03/2026 02:29,23.5,RJ27BC7185,DRV798,1195.296659303842
TRP007771,MANDI-022,WH-Central,2026-01-24 15:10:07,01-24-2026 09:40 PM,6.5,RJ44AB9801,DRV685,278.1
TRP009322,MANDI-055,Export-Terminal,2026-08-14 05:02:21,2026-08-15 01:02:21,20.0,,DRV843,823.797697594332
TRP008603,MANDI-044,WH-East,05/08/2026 19:42,2026-08-06 12:24:43,16.7,HR66BC1017,DRV525,925.5
TRP007811,MANDI-046,Export-Terminal,09/08/2026,09-Aug-2026 14:51:55,13.6,RJ95BC4502,DRV852,574.9
TRP002460,MANDI-027,WH-Central,2026-08-18 01:19:44,2026-08-18 18:19:44,17.0,,DRV908,1018.7
TRP001775,MANDI-017,WH-South,20/05/2026,21/05/2026 22:57,23.4,PB66CD4312,DRV884,983.6
TRP006629,MANDI-012,WH-North,20/01/2026,21-Jan-2026 08:49:28,19.2,HR14DF6697,DRV676,
TRP008947,MANDI-004,WH-South,14/07/2026 11:50,15/07/2026 00:50,13.0,DL65CD7424,DRV729,671.4
TRP008418,MANDI-042,WH-West,04/02/2026,05/02/2026 06:32,11.6,DL19CD7699,DRV884,664.49814281553
TRP002687,MANDI-037,WH-South,23/08/2026,2026-08-24T05:10:21,18.3,UP45BC7454,DRV906,933.897389880246
TRP009514,MANDI-013,Export-Terminal,09-04-2026 03:34 AM,,6.5,RJ60AB8723,,289.6
TRP000990,MANDI-009,WH-South,2026-06-20 06:21:07,2026-06-21 01:27:07,19.1,UP27CD2363,DRV890,1143.8
TRP007659,MANDI-014,WH-East,2026-05-17T20:46:31,05-18-2026 12:22 AM,3.6,,DRV794,150.4
TRP008682,MANDI-036,WH-North,21/07/2026 14:34,22-Jul-2026 02:10:47,,,DRV303,573.8
TRP006682,MANDI-005,WH-Central,22-Jul-2026 13:17:31,,,DL44DF4102,DRV241,851.6
TRP006994,MANDI-008,WH-North,2026-06-07 13:13:44,07-Jun-2026 23:13:44,10.0,UP74CD2473,DRV606,572.6
TRP008893,MANDI-002,WH-South,2026-07-30 04:45:41,2026-07-30 21:51:41,17.1,HR81AB1634,,
TRP005807,MANDI-012,WH-West,2026-03-06 19:40:11,07-Mar-2026 12:52:11,17.2,PB42DF1032,DRV593,1015.697161260698
TRP009084,MANDI-045,WH-South,2026-05-27T18:52:47,28/05/2026 15:16,20.4,,DRV601,1045.0
TRP009047,MANDI-008,WH-East,13/07/2026 12:18,07-13-2026 06:30 PM,6.2,UP31DF8551,DRV615,341.5
TRP006575,MANDI-041,Export-Terminal,04-Apr-2026 19:02:36,04-05-2026 01:26 AM,6.4,,DRV595,373.1
TRP003053,MANDI-004,WH-North,02-Jun-2026 01:33:06,2026-06-02 07:21:06,5.8,,DRV862,234.5
TRP008985,MANDI-032,WH-North,2026-03-28 04:47:30,28/03/2026 21:35,16.8,HR88BC9522,DRV636,696.1
TRP005463,MANDI-033,WH-East,06/04/2026,2026-04-06 15:20:07,11.3,UP84DF7577,DRV358,466.0
TRP000174,MANDI-028,WH-East,27/07/2026 08:11,27-Jul-2026 14:17:03,6.1,DL39CD6664,DRV365,253.4
TRP004955,MANDI-019,WH-East,23/01/2026 20:39,2026-01-24 14:27:19,17.8,RJ96BC6865,DRV459,979.9
TRP007321,MANDI-048,WH-North,25-Feb-2026 14:06:54,2026-02-26 12:42:54,22.6,DL31CD3240,DRV957,990.7
TRP004616,MANDI-031,WH-North,31/03/2026 06:38,31/03/2026,9.9,HR40BC3523,,559.4
TRP003322,MANDI-031,WH-Central,29-Jan-2026 21:18:03,30/01/2026,7.2,DL19BC1692,DRV570,351.3
TRP007692,MANDI-045,WH-East,01-Apr-2026 02:13:54,02-Apr-2026 01:43:54,,HR66AB1728,DRV457,1135.9
TRP006247,MANDI-052,WH-East,28/08/2026 19:40,29-Aug-2026 10:46:46,15.1,PB38DF1228,DRV769,696.5
TRP006746,MANDI-030,WH-East,01-23-2026 09:52 AM,23/01/2026 17:40,7.8,DL14AB6491,DRV534,426.7
TRP003373,MANDI-035,WH-East,01-09-2026 07:19 PM,2026-01-10T02:49:25,7.5,PB15DF1203,,332.4
TRP006049,MANDI-030,WH-South,23-Jun-2026 14:38:12,23/06/2026 22:14,7.6,,DRV284,305.9
TRP003312,MANDI-029,WH-West,17/05/2026 07:58,2026-05-17 17:58:01,10.0,DL36BC4659,DRV916,544.8
TRP008066,MANDI-012,WH-North,2026-08-18 00:26:08,08-18-2026 02:02 PM,13.6,UP10AB1117,DRV809,797.9
TRP007936,MANDI-008,WH-North,27/05/2026 21:39,2026-05-28 10:51:02,13.2,RJ45CD6014,DRV675,577.7
TRP001133,MANDI-018,WH-North,2026-02-21 14:04:34,22-Feb-2026 03:40:34,13.6,UP24BC4534,DRV673,800.2
TRP009751,MANDI-032,WH-South,08/05/2026 08:53,09-May-2026 01:29:06,16.6,,DRV885,819.5
TRP009167,MANDI-024,WH-North,01-11-2026 02:42 PM,12-Jan-2026 05:12:53,14.5,,DRV930,697.6
TRP004552,MANDI-045,Export-Terminal,2026-02-13 16:00:43,2026-02-14 09:06:43,17.1,,DRV526,888.0
TRP004680,MANDI-056,WH-South,2026-05-15T12:04:58,2026-05-16T07:34:58,19.5,HR37CD3972,DRV779,823.5
TRP003404,MANDI-028,WH-East,2026-03-15 03:39:50,,13.0,DL93DF3644,,537.3984980422359
TRP000019,MANDI-046,WH-North,02-Feb-2026 16:08:01,03/02/2026 13:32,21.4,RJ13BC6915,DRV915,
TRP003692,MANDI-052,Export-Terminal,06/03/2026 12:10,2026-03-07 06:40:12,18.5,DL56CD2197,DRV189,950.4
TRP009002,MANDI-020,Export-Terminal,07/05/2026,2026-05-07T12:51:18,2.4,,DRV954,139.7
TRP004097,MANDI-048,WH-East,2026-05-20T19:49:14,20/05/2026 22:55,,DL26BC6140,DRV859,167.7
TRP003629,MANDI-023,WH-West,2026-04-20T11:53:48,2026-04-20 23:17:48,11.4,RJ19AB2913,,620.0
TRP009220,MANDI-031,WH-East,2026-04-25 16:34:14,26-Apr-2026 12:28:14,19.9,DL49BC2566,DRV137,841.7976472868519
TRP002175,MANDI-045,Export-Terminal,01-23-2026 10:06 PM,24/01/2026 15:48,17.7,,DRV221,776.7
TRP001357,MANDI-056,WH-West,2026-05-14T10:26:26,15/05/2026,19.9,HR71BC2404,DRV593,864.2
TRP005003,MANDI-019,WH-West,2026-09-05T12:17:56,2026-09-06 00:05:56,11.8,UP19AB7625,DRV336,481.2
TRP008038,MANDI-010,WH-South,2026-08-15 14:16:00,16-Aug-2026 02:46:00,12.5,RJ35BC8535,DRV334,687.49807853375
TRP006923,MANDI-013,Export-Terminal,2026-01-27 15:50:53,27/01/2026 22:38,6.8,HR77DF2649,,390.9
TRP005824,MANDI-055,Export-Terminal,2026-02-18 17:18:01,19/02/2026 13:48,,DL40CD1494,DRV967,888.9
TRP009881,MANDI-017,WH-East,29-Jun-2026 07:45:06,2026-06-29 23:51:06,16.1,DL30AB2016,DRV210,718.1
TRP005671,MANDI-037,Export-Terminal,21/04/2026 14:30,21-Apr-2026 18:36:10,4.1,DL94CD2280,DRV331,198.1
TRP003113,MANDI-032,WH-East,13-Jun-2026 09:37:43,14/06/2026,18.0,,DRV448,
TRP000183,MANDI-022,WH-Central,24/06/2026,2026-06-24T08:47:26,5.9,RJ30BC9721,DRV942,338.8
TRP003643,MANDI-007,WH-East,05-27-2026 12:51 PM,28/05/2026 08:15,19.4,UP18AB4771,DRV368,1150.4
TRP009215,MANDI-035,Export-Terminal,2026-06-30T22:02:05,01/07/2026 07:08,9.1,,DRV397,524.398534375416
TRP001813,MANDI-037,WH-East,26/08/2026 14:17,26/08/2026 16:29,2.2,RJ77DF1508,DRV268,129.399638345116
TRP000856,MANDI-033,WH-Central,03-May-2026 00:54:12,03/05/2026 06:00,5.1,PB62BC3652,DRV917,251.3
TRP008777,MANDI-024,WH-North,03-Jul-2026 05:54:42,03-Jul-2026 17:42:42,11.8,RJ99DF7744,DRV737,594.2
TRP004913,MANDI-037,WH-North,02/05/2026,02-May-2026 20:46:31,7.8,,DRV465,
TRP005669,MANDI-044,WH-Central,27-Jan-2026 18:06:12,28-Jan-2026 03:42:12,9.6,HR20CD8700,DRV301,480.7
TRP008884,MANDI-049,WH-South,2026-01-20T18:06:14,,5.4,RJ41CD1822,DRV598,244.4
TRP001801,MANDI-032,WH-West,22/06/2026 21:59,06-23-2026 10:47 AM,12.8,DL63BC4311,DRV480,641.0
TRP009622,MANDI-037,WH-North,02-13-2026 08:03 PM,13-Feb-2026 22:39:17,2.6,PB74AB9521,DRV953,146.6
TRP002430,MANDI-020,WH-Central,2026-03-04 13:49:00,05/03/2026 10:25,20.6,RJ15BC6494,DRV886,969.5
TRP005483,MANDI-014,Export-Terminal,11/06/2026 20:34,06-12-2026 01:04 PM,16.5,HR77BC2449,DRV957,862.2
TRP006762,MANDI-029,Export-Terminal,16/01/2026 22:31,17/01/2026 04:43,6.2,,DRV272,335.1
TRP000417,MANDI-057,WH-West,19-Feb-2026 02:26:57,19/02/2026,11.2,,DRV977,595.5
TRP008170,MANDI-035,WH-East,2026-01-01 13:00:51,01-02-2026 08:00 AM,,RJ47CD7409,,1005.4
TRP001969,MANDI-002,WH-North,2026-04-12 11:23:02,,10.7,HR19CD7603,,543.6
TRP008673,MANDI-055,Export-Terminal,08/01/2026 20:23,09/01/2026 06:05,,UP67AB7956,DRV741,461.0
TRP008497,MANDI-033,WH-North,29/03/2026 04:04,29/03/2026 19:52,15.8,PB49CD3782,DRV890,802.2
TRP008281,MANDI-012,WH-North,10-Jul-2026 09:48:44,2026-07-10T22:42:44,12.9,,DRV995,716.7
TRP004698,MANDI-022,WH-East,2026-02-22 07:27:02,,15.5,DL63AB5411,DRV462,848.7
TRP007009,MANDI-054,WH-South,26/02/2026,,2.5,RJ66DF3439,DRV285,
TRP004988,MANDI-045,WH-North,13-Aug-2026 22:19:34,14-Aug-2026 03:13:34,4.9,PB23BC6044,DRV700,236.7
TRP006831,MANDI-038,WH-East,05/04/2026,2026-04-05T16:38:30,8.9,UP29BC4520,DRV542,
TRP004651,MANDI-041,WH-West,25/03/2026,26/03/2026 23:16,23.3,DL77AB5314,DRV388,1056.4970472304099
TRP001160,MANDI-056,Export-Terminal,2026-06-05 07:09:20,06-05-2026 09:57 AM,2.8,HR16CD6541,,154.8
TRP001214,MANDI-035,Export-Terminal,2026-07-16 17:39:10,2026-07-17T00:15:10,6.6,UP98AB7744,DRV464,382.4
TRP009115,MANDI-055,WH-North,08-12-2026 12:32 PM,2026-08-12T17:50:12,5.3,HR86AB1091,,250.9
TRP001326,MANDI-015,WH-North,27/06/2026 15:56,2026-06-27 21:08:34,5.2,PB90DF9837,DRV888,269.0
TRP009590,MANDI-042,WH-East,2026-08-31 18:45:39,2026-09-01 09:09:39,14.4,UP80BC9449,DRV212,717.7979938494921
TRP008960,MANDI-043,Export-Terminal,20-Jan-2026 20:23:47,2026-01-21 12:35:47,16.2,PB67DF4969,DRV876,
TRP004797,MANDI-024,Export-Terminal,19-May-2026 04:02:41,19/05/2026 07:50,3.8,RJ89AB8478,DRV980,173.2
TRP006797,MANDI-023,WH-West,2026-07-31T21:52:52,01-Aug-2026 12:10:52,14.3,RJ72AB5232,DRV254,749.8
TRP005809,MANDI-015,WH-North,2026-05-08 11:26:07,08/05/2026,12.3,PB41DF9746,,
TRP005944,MANDI-048,Export-Terminal,04-25-2026 11:31 AM,2026-04-25T19:13:33,7.7,,DRV536,442.398763553936
TRP009654,MANDI-026,WH-East,10/07/2026 13:09,11-Jul-2026 09:21:27,20.2,UP68AB2690,DRV220,931.9
TRP003394,MANDI-001,WH-West,2026-09-03 19:09:06,04/09/2026 05:15,10.1,RJ65CD7954,DRV520,605.198308550728
TRP001456,MANDI-009,WH-North,26/07/2026 15:39,2026-07-26T19:51:45,4.2,DL84BC3444,DRV396,181.7
TRP005411,MANDI-024,WH-East,2026-03-16 14:09:32,17-Mar-2026 05:33:32,15.4,DL20CD3634,DRV996,727.0
TRP007760,MANDI-005,WH-West,06-22-2026 05:12 PM,,9.3,RJ35DF3511,DRV519,
TRP008763,MANDI-023,WH-South,2026-08-16T23:43:08,17/08/2026,,UP68CD6835,DRV120,607.298302681522
TRP004963,MANDI-035,WH-North,2026-08-20 14:36:14,2026-08-21 13:54:14,23.3,RJ91BC1721,DRV761,1132.2
TRP002801,MANDI-014,Export-Terminal,04-Sep-2026 05:28:26,2026-09-04 13:28:26,,PB60CD1779,DRV572,432.4
TRP001645,MANDI-006,WH-West,2026-02-04 02:41:56,05/02/2026 01:41,23.0,UP92DF5428,DRV909,
TRP002141,MANDI-010,Export-Terminal,10/06/2026,06-11-2026 03:30 AM,5.7,PB95BC3711,DRV334,
TRP004537,MANDI-048,WH-South,02-26-2026 11:42 PM,27/02/2026,3.7,,DRV216,184.9
TRP004458,MANDI-041,WH-West,30/04/2026,2026-04-30 13:50:04,,PB88BC4729,DRV345,602.2
TRP009312,MANDI-013,WH-Central,2026-03-16 16:57:39,17-Mar-2026 14:39:39,,PB54CD9615,,944.4
TRP005587,MANDI-054,WH-North,05-12-2026 11:36 PM,05-13-2026 03:18 PM,15.7,RJ19DF7674,DRV101,806.897744827466
TRP004379,MANDI-026,WH-East,02-Aug-2026 02:32:28,2026-08-03 02:14:28,23.7,UP25BC8495,,1026.2971316351818
TRP000730,MANDI-025,WH-South,04/07/2026 18:16,2026-07-05 12:52:30,18.6,UP44CD3539,,917.0974368338941
TRP004358,MANDI-047,WH-Central,15-Jul-2026 06:21:16,2026-07-15 20:21:16,14.0,DL35DF9433,DRV382,
TRP008304,MANDI-054,WH-South,2026-02-26 12:58:17,,9.8,,DRV305,490.2
TRP006717,MANDI-014,WH-East,2026-08-20T06:44:14,20/08/2026 16:02,9.3,PB37CD6096,DRV686,389.398911681516
TRP001937,MANDI-015,WH-South,2026-07-02 06:31:17,,8.7,,DRV455,409.9
TRP003794,MANDI-025,Export-Terminal,2026-01-13T14:21:18,14/01/2026,18.4,RJ59AB9924,DRV398,947.49735187015
TRP003737,MANDI-002,WH-Central,2026-01-20T20:19:01,,12.8,UP49AB5891,DRV682,614.9
TRP002262,MANDI-038,WH-South,2026-03-05 22:02:19,,5.4,PB42DF9123,DRV200,239.699330072058
TRP007430,MANDI-041,WH-North,26-May-2026 20:10:28,2026-05-27T19:52:28,,,DRV208,1184.3
TRP004006,MANDI-038,Export-Terminal,2026-07-12 04:19:10,07-13-2026 02:31 AM,22.2,HR57AB3982,DRV995,890.4
TRP001111,MANDI-008,Export-Terminal,06/02/2026 03:59,2026-02-07T02:11:01,22.2,UP14CD8858,,1224.5
TRP009392,MANDI-035,WH-South,03-Sep-2026 06:29:24,2026-09-03T09:05:24,2.6,DL15DF6841,DRV891,151.9
TRP005481,MANDI-046,Export-Terminal,21/08/2026,21/08/2026,9.7,PB85AB7296,DRV616,523.0
TRP002999,MANDI-004,WH-North,27/05/2026 06:47,28/05/2026 01:59,19.2,DL30AB6487,DRV187,824.397695917416
TRP002395,MANDI-005,WH-West,30-Mar-2026 21:41:17,31/03/2026 17:59,20.3,PB71BC2835,DRV316,1070.3
TRP001186,MANDI-027,WH-East,01-29-2026 07:57 PM,30/01/2026 02:15,6.3,HR35AB1826,DRV906,272.9
TRP002008,MANDI-024,WH-North,2026-03-23T05:24:51,23/03/2026,2.7,HR69BC5052,DRV104,117.1
TRP000194,MANDI-039,WH-North,12/07/2026 12:07,13/07/2026,23.9,UP11CD1852,DRV749,
TRP005612,MANDI-046,WH-West,26/08/2026 19:19,2026-08-27 14:37:47,19.3,UP23BC4203,,1151.0
TRP002902,MANDI-046,WH-Central,2026-05-20T01:25:30,20-May-2026 19:25:30,18.0,HR61DF6103,DRV218,972.897280880706
TRP000579,MANDI-013,WH-West,2026-08-09 11:59:53,2026-08-09T15:11:53,3.2,DL75BC3794,DRV719,165.9
TRP006220,MANDI-050,WH-North,23-Aug-2026 20:44:12,08-24-2026 11:32 AM,14.8,RJ32AB2283,DRV308,625.7
TRP005526,MANDI-037,Export-Terminal,2026-01-16 00:24:05,01-16-2026 11:42 PM,23.3,PB99AB1966,DRV329,1153.7
TRP000772,MANDI-020,Export-Terminal,06-Feb-2026 23:55:06,07/02/2026,21.4,RJ79AB5146,DRV905,1185.7
TRP006684,MANDI-002,WH-Central,2026-04-01 09:33:29,04-01-2026 05:09 PM,7.6,UP23CD9714,DRV575,
TRP002396,MANDI-031,WH-North,2026-06-24T16:28:18,,15.2,UP19CD1217,DRV980,872.8
TRP001479,MANDI-034,WH-Central,2026-01-26 01:17:59,2026-01-26 18:29:59,17.2,UP62CD7187,DRV482,962.2
TRP001847,MANDI-010,WH-South,05-13-2026 07:22 AM,13/05/2026 17:46,10.4,PB46AB2435,DRV997,529.8
TRP009473,MANDI-001,Export-Terminal,01-29-2026 04:53 PM,2026-01-29T20:11:50,3.3,PB17BC7619,DRV454,184.6
TRP004275,MANDI-038,WH-North,07-03-2026 05:09 AM,,2.9,,DRV467,169.1
TRP003741,MANDI-010,WH-Central,15-Jan-2026 22:46:10,16-Jan-2026 20:34:10,21.8,HR80DF6536,DRV443,961.7
TRP004601,MANDI-025,WH-Central,13/03/2026,,21.0,DL84AB6745,DRV652,1025.7
TRP008720,MANDI-057,WH-North,2026-03-11T04:07:35,2026-03-11T23:49:35,19.7,HR83AB4927,DRV972,882.8
TRP001574,MANDI-019,WH-North,06/04/2026 19:30,07-Apr-2026 02:18:00,6.8,,DRV427,313.5
TRP006677,MANDI-029,WH-East,07-21-2026 07:58 AM,07-22-2026 01:34 AM,17.6,DL41CD8100,,1052.8
TRP006376,MANDI-032,WH-North,2026-07-21 17:43:30,2026-07-22T15:37:30,,HR32DF6069,DRV544,918.2
TRP000406,MANDI-040,WH-Central,2026-03-21 12:36:41,03-21-2026 11:00 PM,10.4,UP45DF9542,DRV216,476.0
TRP009920,MANDI-020,WH-East,08/04/2026 15:01,09-Apr-2026 10:13:45,19.2,RJ55CD5929,DRV625,810.0
TRP004916,MANDI-039,WH-East,03-02-2026 08:47 AM,02/03/2026 13:11,4.4,UP63DF4610,DRV823,199.3
TRP002074,MANDI-036,WH-Central,06-04-2026 08:56 AM,04/06/2026 12:56,4.0,UP45CD6356,DRV410,189.8
TRP004755,MANDI-056,WH-West,2026-04-30T01:33:03,2026-04-30T23:57:03,22.4,DL41BC7930,DRV658,1013.3971676888759
TRP001897,MANDI-038,WH-North,03/01/2026,04/01/2026 15:20,22.8,HR67BC1099,DRV356,1120.8
TRP008895,MANDI-040,WH-Central,01-Jun-2026 03:31:30,06-02-2026 12:01 AM,20.5,RJ77BC8905,DRV117,1197.9
TRP006703,MANDI-024,WH-South,17-May-2026 16:34:22,18-May-2026 05:46:22,13.2,RJ18DF1508,DRV875,631.4
TRP006318,MANDI-033,WH-North,25/04/2026,,20.9,UP22CD1754,DRV874,1136.6
TRP003660,MANDI-024,WH-North,2026-05-09 00:57:48,2026-05-09 19:51:48,18.9,PB51AB3835,,910.4
TRP006582,MANDI-041,WH-West,25/02/2026 19:50,26/02/2026 17:08,21.3,,,1247.1
TRP002380,MANDI-045,WH-Central,07-Sep-2026 20:29:06,2026-09-08T06:53:06,10.4,PB64CD6659,DRV360,519.4
TRP001448,MANDI-032,WH-North,28/07/2026 10:11,28/07/2026 23:11,13.0,DL58DF1385,DRV907,671.3
TRP007599,MANDI-027,WH-South,05-22-2026 12:18 PM,2026-05-23 08:48:53,20.5,UP49AB7286,DRV634,1199.5
TRP000343,MANDI-039,WH-South,14/02/2026 21:16,15/02/2026 12:58,15.7,DL79CD4453,DRV261,701.798038567252
TRP007469,MANDI-033,WH-East,2026-01-04 08:34:59,2026-01-04T23:46:59,15.2,RJ65CD3487,DRV201,871.6
TRP005128,MANDI-056,WH-South,01/05/2026 10:27,2026-05-01 23:33:01,13.1,DL80AB4228,DRV309,619.1
TRP003137,MANDI-035,WH-Central,2026-05-10T09:06:11,10/05/2026 17:06,8.0,RJ51CD1660,DRV723,356.19900447086803
TRP002528,MANDI-006,Export-Terminal,01-31-2026 12:26 PM,2026-01-31 20:56:52,8.5,DL86AB4408,DRV876,483.3
TRP000728,MANDI-005,WH-Central,2026-06-22 22:01:24,2026-06-23 11:07:24,13.1,,,
TRP004578,MANDI-035,WH-South,26-Feb-2026 23:34:39,2026-02-27 10:22:39,10.8,DL14AB4120,,
TRP000977,MANDI-048,WH-West,13-Mar-2026 09:13:47,2026-03-14 05:13:47,20.0,,DRV627,1150.5
TRP008726,MANDI-042,Export-Terminal,01-17-2026 07:03 AM,,21.6,RJ74BC6703,DRV813,1149.0
TRP005444,MANDI-034,WH-East,06/09/2026 02:59,09-06-2026 08:29 AM,5.5,PB12BC4936,DRV452,297.8
TRP009398,MANDI-037,WH-North,2026-06-12 10:14:05,13/06/2026 07:20,21.1,DL24BC9178,DRV760,925.4
TRP003517,MANDI-016,WH-North,22-Jul-2026 15:12:37,23/07/2026 10:24,19.2,PB18BC8272,DRV467,1102.1
TRP009249,MANDI-008,WH-West,09/08/2026 11:58,09-Aug-2026 16:10:00,4.2,,DRV503,
TRP008411,MANDI-032,WH-North,2026-07-12 14:04:41,07-13-2026 05:22 AM,15.3,DL86AB6530,DRV710,634.7
TRP007157,MANDI-047,WH-West,27/04/2026 20:40,2026-04-28 01:52:12,5.2,DL22AB5647,DRV740,
TRP008966,MANDI-045,WH-South,2026-05-23 07:35:45,,,UP92CD5784,DRV986,1109.2
TRP003941,MANDI-049,WH-West,28/03/2026 07:42,2026-03-28 10:00:22,2.3,HR33DF8606,DRV615,109.3
TRP001300,MANDI-043,Export-Terminal,03-27-2026 02:00 AM,,18.4,RJ42DF4944,DRV230,1006.1
TRP005270,MANDI-042,WH-North,2026-03-12 01:23:09,2026-03-12 08:23:09,7.0,DL26CD7062,DRV640,377.5
TRP001349,MANDI-042,WH-East,21-May-2026 17:10:50,22/05/2026,12.6,PB94CD2567,DRV564,
TRP000661,MANDI-028,Export-Terminal,2026-06-23T08:22:43,,,UP31BC1908,DRV570,1192.8
TRP005887,MANDI-040,WH-North,2026-01-07T19:39:00,01-08-2026 10:15 AM,14.6,HR56CD3336,,854.1
TRP001493,MANDI-026,WH-North,2026-02-18T15:59:50,02-19-2026 12:23 PM,,,DRV662,1160.2
TRP004732,MANDI-034,WH-South,27/05/2026,2026-05-27T08:59:24,3.1,DL95CD1440,DRV227,156.0
TRP004590,MANDI-004,WH-South,22/05/2026 09:45,22/05/2026 22:15,12.5,PB43BC2279,DRV460,664.9
TRP008871,MANDI-044,WH-Central,2026-06-29T21:58:14,30/06/2026,21.8,DL85AB8973,DRV758,876.9
TRP005155,MANDI-046,WH-East,2026-08-06 15:18:26,07/08/2026 08:30,17.2,PB61DF5916,DRV770,710.8
TRP002316,MANDI-043,Export-Terminal,22-Jan-2026 17:25:58,2026-01-23T14:13:58,20.8,HR95DF6286,DRV308,838.4
TRP004685,MANDI-054,Export-Terminal,12/02/2026,13/02/2026 01:16,15.1,PB18BC1866,DRV503,617.6
TRP009963,MANDI-055,Export-Terminal,2026-07-10 00:44:57,10-Jul-2026 10:38:57,9.9,RJ61CD3495,DRV598,584.2
TRP007025,MANDI-048,WH-Central,2026-03-31T23:16:31,04-01-2026 10:46 PM,23.5,PB57CD1262,,968.1
TRP001086,MANDI-041,WH-North,2026-09-06T21:25:38,2026-09-07T15:55:38,18.5,PB89DF6423,DRV822,776.5
TRP002525,MANDI-031,WH-East,07-20-2026 01:40 PM,2026-07-21 01:04:50,11.4,RJ72BC6913,,638.6
TRP007900,MANDI-043,WH-Central,2026-01-19 19:14:21,2026-01-20 03:50:21,8.6,PB90DF9997,DRV612,436.29878060258204
TRP008814,MANDI-001,WH-South,2026-03-21 14:28:25,22-Mar-2026 02:10:25,11.7,,,680.9
TRP005375,MANDI-011,WH-North,2026-03-17 23:32:41,18/03/2026,4.5,DL15CD4204,DRV485,224.6
TRP003199,MANDI-026,Export-Terminal,2026-01-15T04:38:56,2026-01-16T03:20:56,22.7,,DRV580,1292.5
TRP005752,MANDI-050,WH-North,2026-02-16 23:28:46,2026-02-17 14:34:46,15.1,PB44AB2978,DRV249,884.1
TRP004009,MANDI-007,WH-West,01-13-2026 04:49 AM,01-14-2026 01:07 AM,,DL24DF3073,DRV622,818.9
TRP005718,MANDI-023,WH-West,01/03/2026 04:20,01/03/2026 21:14,16.9,HR92CD4164,DRV723,906.5
TRP006658,MANDI-051,WH-South,03-27-2026 12:59 AM,03-27-2026 02:41 PM,13.7,RJ79DF6862,DRV460,
TRP008750,MANDI-017,WH-Central,2026-08-29 09:18:15,30/08/2026,23.2,PB97DF9014,DRV520,1155.0
TRP008571,MANDI-007,WH-Central,25-Jan-2026 02:39:20,,19.5,RJ56AB5183,,
TRP000068,MANDI-048,WH-West,2026-06-30 04:37:16,06-30-2026 08:25 AM,3.8,RJ11AB4878,DRV133,155.7
TRP008383,MANDI-030,WH-North,02-08-2026 10:35 PM,09/02/2026 06:47,,UP20AB7687,DRV743,339.6
TRP000041,MANDI-051,Export-Terminal,2026-08-23T01:49:09,23/08/2026 21:49,20.0,DL14AB6529,DRV687,1196.0
TRP002270,MANDI-053,WH-Central,2026-03-12 11:14:38,2026-03-13 06:56:38,19.7,,DRV738,907.3
TRP002382,MANDI-003,WH-East,18/06/2026 08:52,2026-06-18 15:34:46,6.7,UP48AB5917,DRV673,354.8
TRP007986,MANDI-049,WH-South,02/08/2026 18:36,2026-08-03T17:48:30,23.2,DL46DF5253,DRV913,1338.3
TRP009195,MANDI-021,WH-North,2026-07-07 03:42:38,2026-07-07T09:30:38,5.8,HR57DF6847,,243.2
TRP004917,MANDI-038,WH-North,20/07/2026,20/07/2026 14:29,,UP17CD6333,DRV264,322.49909865765
TRP005323,MANDI-032,WH-Central,2026-03-01 16:23:29,03-02-2026 05:59 AM,13.6,UP74DF8742,DRV246,664.5
TRP005774,MANDI-003,Export-Terminal,2026-03-11T03:53:28,2026-03-11T17:17:28,,HR63DF4638,DRV263,646.7
TRP006233,MANDI-054,WH-West,13/07/2026 09:51,07-14-2026 01:33 AM,15.7,UP23CD6782,DRV625,726.1
TRP006964,MANDI-029,WH-North,05-May-2026 18:33:54,,,DL71CD5538,,475.9
TRP003448,MANDI-057,WH-South,09-09-2026 09:52 PM,2026-09-10 16:28:52,18.6,DL12BC3148,DRV101,1027.7
TRP006817,MANDI-003,Export-Terminal,23-Mar-2026 11:30:20,03-23-2026 04:12 PM,4.7,RJ26CD7053,,
TRP002368,MANDI-045,Export-Terminal,2026-04-06T01:12:16,06-Apr-2026 03:48:16,2.6,UP58CD2542,DRV919,153.2
TRP007867,MANDI-022,WH-West,04/04/2026,05/04/2026 11:34,16.3,,DRV706,661.298151759082
TRP008511,MANDI-032,WH-Central,2026-08-21 19:35:40,2026-08-22 05:35:40,10.0,RJ77BC9405,DRV993,537.5
TRP002513,MANDI-023,WH-East,01/08/2026,01/08/2026 18:56,17.0,PB70AB6137,,744.3
TRP000577,MANDI-017,WH-Central,15-Apr-2026 14:02:35,15/04/2026,5.5,UP11AB7523,DRV383,238.5
TRP002724,MANDI-017,WH-North,2026-07-23T21:34:14,24-Jul-2026 16:10:14,18.6,HR87DF6958,DRV421,816.49771799681
TRP005949,MANDI-045,WH-South,2026-07-17 22:28:17,,12.4,RJ10AB5054,DRV110,634.0
TRP009554,MANDI-036,Export-Terminal,14/06/2026,15/06/2026 06:45,11.6,RJ53AB2464,DRV365,603.5
TRP008923,MANDI-033,WH-North,2026-05-19 03:03:27,2026-05-19 18:21:27,15.3,RJ80BC6101,DRV450,746.1
TRP001144,MANDI-032,WH-South,07/07/2026,2026-07-08 04:36:26,,,,940.5
TRP003351,MANDI-016,Export-Terminal,08/08/2026 00:52,08-Aug-2026 07:16:26,6.4,PB57DF7346,DRV490,303.3
TRP007156,MANDI-057,WH-South,2026-01-13 07:16:57,13-Jan-2026 20:58:57,13.7,,,648.4
TRP007857,MANDI-016,WH-North,2026-08-24 16:35:57,25-Aug-2026 05:47:57,13.2,HR61CD8649,DRV555,654.398171043616
TRP008626,MANDI-055,WH-East,03-Sep-2026 16:45:44,03/09/2026 21:03,4.3,DL29BC6675,DRV629,199.7
TRP009591,MANDI-032,WH-East,2026-07-02 17:27:11,03/07/2026,14.7,,DRV691,863.8
TRP004729,MANDI-053,Export-Terminal,2026-06-18 17:57:25,2026-06-19 12:27:25,18.5,UP72DF5006,DRV851,1064.5
TRP005495,MANDI-007,Export-Terminal,16/02/2026 23:36,17/02/2026 11:54,12.3,RJ34CD1336,DRV333,690.9
TRP005756,MANDI-022,Export-Terminal,2026-08-22T20:24:02,2026-08-23T19:06:02,22.7,RJ25CD4663,DRV648,974.5
TRP008206,MANDI-038,WH-West,23/03/2026,2026-03-24 11:41:37,12.7,RJ87CD6872,DRV891,715.8
TRP009618,MANDI-038,WH-West,2026-08-08 05:22:12,08-Aug-2026 14:40:12,9.3,PB53CD2906,,397.49888904315
TRP007231,MANDI-004,WH-West,20-Mar-2026 05:37:17,,10.2,HR38AB1605,DRV592,451.49873812071
TRP003790,MANDI-041,WH-West,09/06/2026 08:52,10/06/2026 02:22,17.5,PB60AB1634,,746.9
TRP009825,MANDI-055,WH-North,2026-04-13T04:43:21,04-13-2026 07:31 AM,2.8,UP68CD2339,DRV680,117.89967048600602
TRP002221,MANDI-028,WH-North,2026-07-25 18:47:05,2026-07-26 04:11:05,9.4,HR43DF5812,DRV549,401.2
TRP005076,MANDI-011,WH-Central,01-17-2026 06:19 PM,,8.8,PB30CD8389,DRV281,423.898815258846
TRP002332,MANDI-049,WH-South,08/06/2026 23:00,2026-06-09 18:36:55,19.6,PB69CD4248,DRV192,1137.6
TRP005395,MANDI-015,WH-Central,07-26-2026 04:24 AM,2026-07-26 15:36:05,11.2,,DRV637,639.6
TRP008089,MANDI-030,WH-West,06/01/2026,07-Jan-2026 05:46:43,11.2,RJ88CD5783,DRV173,611.9
TRP009074,MANDI-019,Export-Terminal,05/07/2026,06/07/2026 20:11,20.8,HR41AB5276,DRV442,1139.4
TRP007091,MANDI-022,WH-Central,2026-03-30 16:37:15,2026-03-31 03:19:15,10.7,PB71BC7138,DRV881,486.8
TRP009710,MANDI-054,WH-South,2026-03-15 21:12:02,2026-03-15 23:30:02,2.3,DL11AB4629,DRV111,123.2
TRP004089,MANDI-034,WH-East,2026-01-07 04:21:24,2026-01-08T02:03:24,21.7,UP86CD2123,DRV239,
TRP001968,MANDI-034,WH-South,2026-07-03T07:53:10,2026-07-03 17:23:10,9.5,HR45DF3950,DRV262,520.8
TRP009352,MANDI-046,WH-East,11/02/2026 01:37,11/02/2026 12:43,,DL25AB5293,DRV866,630.6
TRP009156,MANDI-021,Export-Terminal,18-Feb-2026 19:42:04,,13.8,DL70BC7801,DRV808,665.2
TRP006758,MANDI-004,WH-North,2026-01-21 19:00:10,2026-01-22 17:06:10,22.1,UP46BC5893,DRV744,1076.5
TRP009972,MANDI-053,WH-West,2026-03-22 06:02:22,22/03/2026 18:26,12.4,DL40BC3991,,588.5
TRP004366,MANDI-038,WH-West,2026-04-22T10:56:40,,11.3,DL89DF9606,DRV503,603.4
TRP007000,MANDI-035,Export-Terminal,04-18-2026 10:14 PM,2026-04-19 09:20:35,,RJ70DF2200,DRV778,657.4
TRP000424,MANDI-015,WH-South,11/03/2026,2026-03-11 14:30:40,8.9,DL39CD8855,DRV650,533.5
TRP000281,MANDI-021,WH-East,19-Aug-2026 15:45:02,2026-08-20 04:57:02,13.2,HR34AB8612,DRV965,554.2
TRP001905,MANDI-016,WH-Central,16-Apr-2026 04:23:38,04-16-2026 09:29 PM,17.1,UP73DF4818,DRV849,733.3
TRP000596,MANDI-049,Export-Terminal,2026-08-27 11:15:44,28/08/2026 08:57,21.7,PB41DF5788,DRV181,965.7
TRP009849,MANDI-032,WH-South,05/01/2026 15:46,06/01/2026 00:22,8.6,PB63BC3494,DRV329,478.8
TRP003918,MANDI-002,WH-West,2026-04-27 16:51:29,28/04/2026 16:03,23.2,,DRV992,1191.9
TRP006143,MANDI-023,WH-Central,2026-01-17T04:06:40,17-Jan-2026 15:48:40,11.7,UP93DF5191,DRV430,586.4
TRP005662,MANDI-006,WH-North,02-12-2026 05:21 PM,13/02/2026 01:03,7.7,RJ79BC1841,DRV322,328.59908160900403
TRP005779,MANDI-006,WH-East,2026-06-05T18:44:42,,9.5,HR82CD7536,DRV208,556.3
TRP003619,MANDI-019,WH-West,2026-07-22 20:36:57,07-23-2026 02:42 PM,18.1,RJ49BC6645,DRV655,
TRP006846,MANDI-040,WH-West,06/02/2026,02-06-2026 04:46 PM,,PB66AB1959,,647.1
TRP000840,MANDI-026,WH-Central,20/04/2026,21/04/2026,18.6,PB77DF5124,DRV539,770.1
TRP004597,MANDI-050,WH-North,2026-08-12T19:50:49,08-13-2026 01:32 PM,17.7,UP82DF6894,DRV205,1018.5
TRP002068,MANDI-035,WH-West,21/02/2026,2026-02-21 22:57:13,10.1,,DRV632,
TRP000142,MANDI-019,WH-West,2026-01-07T18:47:19,2026-01-08T11:29:19,16.7,,DRV320,997.2
TRP002598,MANDI-040,WH-South,2026-01-09T09:58:47,01-09-2026 09:22 PM,11.4,PB43BC8156,DRV454,548.8
TRP006702,MANDI-054,WH-South,11/05/2026,2026-05-11T20:08:49,15.2,DL48AB2810,DRV529,
TRP009917,MANDI-016,Export-Terminal,2026-05-11 07:25:35,11/05/2026,13.0,PB94CD3871,DRV200,633.7
TRP001378,MANDI-044,WH-South,03/02/2026 13:32,04/02/2026 11:38,22.1,RJ35CD4609,DRV451,1048.597069309804
TRP003675,MANDI-055,WH-North,2026-03-05 08:53:13,06-Mar-2026 08:47:13,23.9,DL10BC3037,DRV801,1292.4
TRP009123,MANDI-020,WH-North,06-13-2026 05:41 PM,14-Jun-2026 08:35:26,14.9,,DRV709,820.7
TRP005663,MANDI-046,WH-Central,03/07/2026 11:15,07-04-2026 05:57 AM,18.7,RJ65CD2599,DRV222,1100.796923418112
TRP006363,MANDI-009,WH-Central,06-24-2026 06:00 PM,,23.3,HR71CD7643,DRV724,1354.0
TRP009735,MANDI-032,WH-East,2026-09-07 07:06:47,2026-09-08 05:42:47,22.6,,,1317.6
TRP004742,MANDI-023,WH-East,29/06/2026,2026-06-30 03:22:16,10.3,DL48AB3390,DRV821,487.2
TRP003809,MANDI-005,Export-Terminal,21/06/2026 10:22,2026-06-21 22:28:35,12.1,PB24AB2683,DRV157,592.2
TRP001139,MANDI-006,Export-Terminal,2026-04-30T20:43:24,2026-05-01 09:31:24,12.8,PB67DF3553,,718.6
TRP002258,MANDI-048,WH-North,21/04/2026,04-22-2026 09:23 AM,18.2,,DRV199,1010.4
TRP007375,MANDI-054,WH-West,2026-08-15T14:47:00,08-16-2026 06:23 AM,15.6,HR45BC4826,DRV549,919.9
TRP008351,MANDI-024,WH-South,30-May-2026 01:40:15,31-May-2026 01:16:15,23.6,UP67CD2874,DRV513,1108.0
TRP001788,MANDI-054,Export-Terminal,29/04/2026 02:34,2026-04-29 17:58:24,15.4,UP20CD1168,DRV195,849.9
TRP003939,MANDI-013,WH-Central,06-22-2026 01:58 AM,06-22-2026 06:34 PM,16.6,UP22DF6907,DRV385,927.5
TRP008372,MANDI-034,Export-Terminal,2026-08-12T14:35:16,08-13-2026 12:11 AM,9.6,RJ41AB2546,DRV528,387.7
TRP004647,MANDI-037,WH-Central,07-06-2026 08:25 PM,2026-07-06T23:13:59,2.8,,DRV990,126.6
TRP007569,MANDI-010,Export-Terminal,24-May-2026 07:26:51,25/05/2026 05:32,22.1,UP19AB6452,,1209.1
TRP000460,MANDI-053,Export-Terminal,28-Jul-2026 00:51:43,2026-07-28 17:03:43,16.2,RJ10CD9031,DRV527,833.8
TRP006116,MANDI-022,WH-East,2026-04-19 10:45:22,,,RJ88AB4087,DRV520,
TRP009924,MANDI-013,WH-South,2026-01-14 07:58:39,15/01/2026 03:16,19.3,HR67CD5526,DRV437,952.397338175336
TRP000949,MANDI-017,WH-East,2026-07-15 21:54:31,2026-07-16 14:24:31,16.5,PB94DF1872,DRV993,869.1
TRP003701,MANDI-009,WH-North,2026-05-18 05:27:41,18/05/2026 19:57,14.5,DL21CD1376,DRV274,668.0
TRP001337,MANDI-037,WH-East,26/03/2026 03:16,,21.1,PB53CD3817,DRV391,957.3
TRP006371,MANDI-021,WH-East,05/06/2026 01:43,06-05-2026 12:37 PM,10.9,UP28CD3395,DRV804,634.1
TRP004629,MANDI-037,WH-West,22/04/2026 21:54,23-Apr-2026 06:18:26,,PB74DF8269,DRV777,452.4
TRP007359,MANDI-028,WH-Central,27-Mar-2026 04:51:10,27-Mar-2026 10:21:10,5.5,DL51CD4726,DRV640,
TRP006287,MANDI-007,WH-East,2026-08-07T05:43:46,07/08/2026,11.3,UP99DF3299,DRV645,565.8
TRP005926,MANDI-038,WH-West,13-Mar-2026 19:10:15,14-Mar-2026 11:22:15,16.2,PB51DF6098,DRV959,861.3
TRP005935,MANDI-028,WH-South,2026-05-23T17:24:11,2026-05-24 06:24:11,13.0,HR64BC9088,,595.1
TRP006041,MANDI-020,WH-North,2026-06-24 04:42:55,2026-06-25 02:12:55,,DL24BC5632,DRV436,1101.7
TRP000442,MANDI-026,WH-North,06-03-2026 09:09 PM,2026-06-04 07:45:11,10.6,DL26AB3290,DRV425,566.1
TRP006660,MANDI-020,WH-West,2026-06-07T09:08:04,07/06/2026 20:56,11.8,PB79AB1509,DRV563,680.5
TRP001603,MANDI-039,WH-South,2026-01-25T11:26:00,01-26-2026 06:02 AM,18.6,DL40BC2888,DRV126,786.9
TRP002239,MANDI-024,WH-South,13-Aug-2026 20:32:08,08-14-2026 01:56 PM,17.4,DL98BC8319,,
TRP000640,MANDI-025,WH-North,09/05/2026,09-May-2026 23:48:19,12.0,DL51DF3142,DRV116,627.8
TRP007458,MANDI-047,WH-North,17/05/2026 12:56,17/05/2026 18:26,5.5,HR66BC4432,DRV684,298.7
TRP003831,MANDI-012,WH-West,2026-07-11 04:16:50,,8.9,RJ97AB2557,DRV561,509.2
TRP009769,MANDI-004,WH-Central,30-Mar-2026 18:22:17,31/03/2026,21.1,,DRV417,1140.3
TRP006145,MANDI-026,WH-East,2026-07-12 02:09:20,07-12-2026 08:15 PM,18.1,,,918.1
TRP004220,MANDI-036,WH-North,24/01/2026 11:37,25-Jan-2026 11:19:20,23.7,RJ82BC1973,DRV499,1183.4
TRP009416,MANDI-053,WH-South,2026-01-03T11:05:09,2026-01-03 16:41:09,5.6,UP45BC6576,,297.8
TRP006345,MANDI-042,Export-Terminal,2026-02-02 15:56:24,02-Feb-2026 21:38:24,5.7,DL96DF8341,DRV900,257.99927892612
TRP002502,MANDI-039,WH-North,17/05/2026 13:25,18/05/2026,20.3,DL60DF6455,DRV226,836.1
TRP001959,MANDI-003,WH-South,2026-03-04T10:45:25,04-Mar-2026 16:51:25,6.1,,DRV902,306.9
TRP001071,MANDI-014,Export-Terminal,20-May-2026 16:57:58,21-May-2026 07:51:58,14.9,RJ62BC2905,,807.4
TRP000156,MANDI-033,WH-West,28/01/2026,2026-01-29 12:40:20,20.4,UP80AB9874,DRV694,
TRP002296,MANDI-014,Export-Terminal,2026-01-17 15:42:55,17/01/2026,6.8,DL88CD1378,DRV187,394.7
TRP000936,MANDI-040,WH-North,08/03/2026 01:19,03-08-2026 07:55 AM,,UP38AB7845,DRV258,295.5
TRP004579,MANDI-048,WH-North,02-10-2026 03:33 AM,10-Feb-2026 11:45:05,8.2,RJ23BC8148,DRV622,418.7
TRP001090,MANDI-019,WH-West,2026-02-06 04:02:55,2026-02-06T08:20:55,4.3,DL45DF6847,DRV163,222.5
TRP006050,MANDI-004,WH-East,2026-01-14T03:51:26,2026-01-15T01:39:26,21.8,UP53CD7936,DRV646,1222.6
TRP006416,MANDI-002,Export-Terminal,04-18-2026 05:49 PM,04-19-2026 11:37 AM,17.8,RJ64DF9575,DRV857,874.8
TRP002941,MANDI-055,WH-North,2026-02-15T07:01:26,02-16-2026 12:31 AM,17.5,PB23DF1944,DRV449,1038.6
TRP000724,MANDI-034,WH-Central,11/05/2026 02:33,2026-05-11 22:15:27,19.7,DL89CD6246,DRV498,1127.4
TRP004385,MANDI-029,Export-Terminal,2026-03-20T08:53:54,,2.0,DL53AB3363,,97.29972806012199
TRP000931,MANDI-051,WH-Central,01-31-2026 07:26 AM,2026-01-31 20:26:07,,HR65BC9112,DRV638,524.0
TRP002910,MANDI-011,WH-East,15-May-2026 18:39:39,16-May-2026 18:21:39,,UP58DF9859,DRV148,1348.3
TRP001675,MANDI-033,WH-South,01-03-2026 03:32 PM,2026-01-04T00:02:42,8.5,,DRV502,
TRP006764,MANDI-031,WH-South,26/05/2026,2026-05-27 11:58:15,21.6,RJ11DF8240,DRV305,1083.2
TRP008723,MANDI-017,Export-Terminal,21/05/2026 15:45,21/05/2026 21:21,5.6,HR97CD4011,,
TRP006417,MANDI-046,WH-North,04/02/2026,2026-02-04 06:32:31,,PB67DF2498,,198.9
TRP000896,MANDI-010,WH-West,10-Jul-2026 14:13:32,,,RJ53AB3264,,1297.5
TRP003248,MANDI-037,WH-Central,2026-06-02 13:30:15,03-Jun-2026 03:24:15,13.9,UP59DF4329,,
TRP002327,MANDI-050,Export-Terminal,13/02/2026 09:57,13/02/2026 16:15,6.3,HR69DF7171,DRV883,312.8
TRP007097,MANDI-021,WH-North,10-Jan-2026 00:44:17,10/01/2026 10:50,10.1,DL42AB2548,DRV288,542.4
TRP008938,MANDI-025,WH-West,07/04/2026 14:37,2026-04-08 14:07:37,23.5,,,1128.4
TRP008215,MANDI-033,WH-Central,07-Apr-2026 06:51:55,07/04/2026 20:39,13.8,RJ32CD3906,DRV803,688.3
TRP006293,MANDI-018,WH-West,08-23-2026 03:04 PM,24-Aug-2026 13:46:04,22.7,HR53AB6808,DRV114,1220.1
TRP005039,MANDI-048,WH-South,2026-03-31 23:34:12,01/04/2026 21:40,22.1,PB81BC3014,DRV929,1091.8
TRP006451,MANDI-011,WH-Central,2026-03-10T22:15:57,2026-03-11T21:15:57,,HR66AB6327,DRV697,1288.196399661348
TRP004137,MANDI-039,WH-North,10/02/2026 10:49,2026-02-10 17:43:49,6.9,RJ26CD6626,DRV505,333.6
TRP009619,MANDI-036,Export-Terminal,20/07/2026 08:22,,6.3,HR95CD4533,DRV530,312.9
TRP001716,MANDI-009,WH-South,28-Apr-2026 01:47:25,,7.9,PB56CD6625,DRV150,345.799033537412
TRP001699,MANDI-020,Export-Terminal,07-01-2026 03:26 AM,2026-07-01 10:38:08,7.2,DL49CD1728,DRV921,295.099175236814
TRP008576,MANDI-047,WH-Central,2026-08-06 01:02:51,06-Aug-2026 20:08:51,19.1,,DRV823,999.2
TRP009931,MANDI-026,WH-East,2026-02-08 00:06:56,02-08-2026 09:42 PM,21.6,DL34BC4466,DRV164,914.7
TRP002616,MANDI-013,WH-South,2026-03-27 04:06:33,2026-03-27T08:00:33,3.9,PB22CD7226,DRV915,180.5
TRP008557,MANDI-056,WH-Central,05-05-2026 05:25 PM,06/05/2026 12:49,19.4,UP79AB8819,DRV718,1135.7
TRP003832,MANDI-027,WH-Central,07/09/2026 10:25,07/09/2026 17:07,6.7,UP29CD4015,DRV297,274.399233090416
TRP006300,MANDI-011,WH-North,01/01/2026,2026-01-01 12:47:15,3.3,UP72DF8300,DRV746,189.2
TRP003349,MANDI-032,WH-Central,18/06/2026,2026-06-18T18:14:35,9.5,UP67BC9180,DRV694,439.5
TRP009898,MANDI-056,WH-North,22/01/2026 01:08,2026-01-22T09:56:13,8.8,,,448.0
TRP000986,MANDI-004,WH-West,2026-06-13T12:51:38,,,DL62DF2582,DRV819,745.4
TRP001822,MANDI-029,Export-Terminal,04-14-2026 04:25 AM,2026-04-14 22:01:13,17.6,HR18CD5207,DRV387,864.4
TRP004572,MANDI-044,WH-East,03/07/2026 09:08,2026-07-03T13:50:45,4.7,UP94CD3990,DRV934,220.9
TRP000588,MANDI-025,WH-North,07-01-2026 02:39 AM,01/07/2026 12:21,9.7,DL27BC5514,DRV731,529.2
TRP005422,MANDI-012,WH-West,2026-02-16 01:43:07,16-Feb-2026 05:13:07,3.5,HR49BC7668,DRV782,175.399509781556
TRP005078,MANDI-030,Export-Terminal,21-Mar-2026 20:20:49,03-22-2026 12:44 PM,16.4,,DRV531,696.6
TRP005346,MANDI-007,WH-Central,2026-04-10 00:14:28,04-10-2026 03:02 PM,14.8,,DRV582,717.397994967436
TRP008657,MANDI-027,WH-Central,29/04/2026 11:00,,9.8,PB77DF1692,DRV451,553.7
TRP009902,MANDI-027,WH-East,14-Aug-2026 17:23:23,08-15-2026 02:47 PM,21.4,UP33CD6707,DRV842,1058.7
TRP007415,MANDI-023,WH-East,01-Apr-2026 11:56:54,04-02-2026 06:20 AM,18.4,HR11AB7263,DRV485,951.9
TRP005484,MANDI-053,WH-South,18-May-2026 04:48:40,18/05/2026,9.6,HR51BC8265,DRV448,523.99853549336
TRP002991,MANDI-041,WH-South,2026-05-10 10:19:29,10-May-2026 23:37:29,13.3,UP25BC3899,DRV794,790.49779066317
TRP009651,MANDI-029,WH-West,2026-04-02 09:41:49,2026-04-02T22:23:49,12.7,HR69AB6370,DRV231,526.1
TRP005515,MANDI-026,Export-Terminal,01-25-2026 06:55 PM,25/01/2026 22:55,4.0,UP99AB5334,DRV704,238.7
TRP008253,MANDI-003,Export-Terminal,07/04/2026,04-07-2026 09:50 PM,18.6,DL80BC8468,DRV585,773.397838455276
TRP007740,MANDI-037,Export-Terminal,2026-04-23T20:40:22,2026-04-24 15:28:22,18.8,PB92DF6217,DRV536,1074.5
TRP008218,MANDI-043,WH-Central,14/07/2026,2026-07-14 18:34:41,15.0,RJ43CD1420,DRV818,898.8
TRP009229,MANDI-051,WH-North,2026-09-04 04:43:37,2026-09-04T23:31:37,,RJ44AB5367,DRV580,
TRP005554,MANDI-057,WH-North,15-May-2026 16:33:45,2026-05-16 11:27:45,18.9,RJ66BC7867,DRV866,834.5
TRP003558,MANDI-002,Export-Terminal,23/05/2026,,17.9,DL17CD9018,DRV453,1052.5
TRP001396,MANDI-018,WH-North,2026-07-26 22:11:29,2026-07-27 08:53:29,10.7,,,481.3
TRP000265,MANDI-019,WH-South,06/02/2026,02-07-2026 12:10 AM,21.1,HR66DF6760,DRV286,1184.5
TRP007645,MANDI-049,WH-South,2026-05-27 02:23:24,27/05/2026 08:59,6.6,HR77AB7544,DRV363,390.99890720974
TRP003548,MANDI-030,WH-East,2026-07-10T10:47:13,2026-07-10 13:53:13,3.1,,,182.7
TRP006845,MANDI-052,WH-South,2026-05-11 09:29:20,05-12-2026 07:41 AM,22.2,RJ60BC2314,DRV566,1168.9
TRP009145,MANDI-028,WH-East,04-06-2026 08:29 AM,,4.4,RJ62AB6722,DRV337,243.5
TRP006789,MANDI-042,WH-South,2026-05-06 13:44:15,06/05/2026 22:26,8.7,PB97AB3029,DRV784,464.3
TRP003070,MANDI-038,WH-West,2026-06-28 04:55:10,,6.1,HR62CD1123,DRV634,280.0
TRP007550,MANDI-012,Export-Terminal,2026-04-14T16:45:06,15/04/2026,13.4,HR88BC9617,DRV323,593.9
TRP008857,MANDI-043,WH-West,13-Feb-2026 04:22:57,2026-02-13T13:16:57,8.9,PB99AB7665,DRV591,447.098750418094
TRP005026,MANDI-041,WH-South,18/07/2026,07-19-2026 07:43 AM,14.9,UP86CD6640,DRV680,849.7
TRP008731,MANDI-026,WH-North,2026-03-31 00:04:04,31-Mar-2026 16:34:04,,PB54CD3177,,844.6
TRP003865,MANDI-056,WH-Central,22/04/2026 10:41,2026-04-22T22:53:36,12.2,PB90AB6381,DRV403,514.0
TRP009808,MANDI-007,WH-West,26/05/2026,2026-05-26T08:48:27,6.2,,DRV262,319.9991056448
TRP002401,MANDI-049,WH-West,16/06/2026 08:49,16-Jun-2026 22:49:25,14.0,HR98BC2964,DRV600,743.7
TRP006275,MANDI-011,WH-North,2026-05-10T05:23:57,10/05/2026 08:05,2.7,,DRV462,
TRP009136,MANDI-016,WH-South,2026-08-15T06:31:43,16/08/2026 05:19,22.8,HR74CD9265,,
TRP003712,MANDI-056,WH-South,13/01/2026 20:21,01-14-2026 06:45 AM,10.4,DL12AB3765,DRV191,552.3
TRP000247,MANDI-039,WH-North,2026-05-28T00:52:48,,5.3,RJ94CD3167,DRV176,296.7
TRP001595,MANDI-041,WH-Central,2026-08-01 12:25:34,08-01-2026 04:07 PM,3.7,DL34AB1685,DRV666,186.9
TRP005324,MANDI-005,WH-North,18-Feb-2026 02:11:10,18/02/2026,15.4,UP73AB1700,DRV267,697.7
TRP001530,MANDI-036,WH-West,28/03/2026,2026-03-28T22:43:12,19.9,UP35AB1825,,1101.8
TRP008556,MANDI-008,WH-East,08-22-2026 11:08 PM,08-23-2026 10:26 PM,23.3,DL82AB6919,DRV564,1095.7
TRP000924,MANDI-047,WH-South,2026-06-21T05:52:30,06-22-2026 04:28 AM,22.6,HR32DF4450,DRV404,1009.49717858883
TRP009064,MANDI-048,WH-Central,18/06/2026 14:11,2026-06-19 09:59:53,19.8,HR17CD3638,DRV203,843.1
TRP007330,MANDI-049,WH-North,2026-06-22 12:07:54,23-Jun-2026 04:13:54,16.1,UP81BC6694,,961.6
TRP004365,MANDI-043,Export-Terminal,04/07/2026 19:58,05/07/2026 03:28,,,DRV766,382.3
TRP000670,MANDI-038,WH-South,2026-08-21T04:54:14,2026-08-22 00:48:14,19.9,,DRV325,1016.4
TRP003605,MANDI-049,Export-Terminal,2026-04-30 10:06:22,01-May-2026 04:36:22,18.5,PB12CD1878,DRV212,
TRP005109,MANDI-006,WH-North,2026-03-08T04:17:36,03-08-2026 05:17 PM,13.0,UP67AB2942,DRV650,673.1
TRP001911,MANDI-020,WH-South,06-29-2026 04:38 PM,,19.9,RJ21CD4224,DRV880,812.1977300147082
TRP007277,MANDI-014,WH-Central,2026-04-06T10:30:15,06/04/2026 15:12,4.7,RJ74BC3090,DRV653,219.5
TRP008678,MANDI-025,WH-North,23/07/2026,,11.2,RJ98AB1552,DRV923,
TRP005249,MANDI-035,WH-South,30-Jul-2026 10:30:25,2026-07-31 00:42:25,14.2,PB94DF2173,DRV808,774.5
TRP007184,MANDI-009,WH-Central,27-Jun-2026 01:39:45,28/06/2026 00:39,23.0,UP25DF9432,DRV913,992.8
TRP003959,MANDI-043,WH-West,2026-03-09 09:22:31,09/03/2026 18:34,9.2,,DRV653,496.9
TRP006958,MANDI-029,WH-East,24/01/2026,24/01/2026 17:22,10.5,,,545.7
TRP006027,MANDI-021,WH-North,19-Jul-2026 08:36:02,2026-07-19T17:42:02,9.1,DL93DF7357,,492.6
TRP005644,MANDI-016,WH-Central,2026-08-16 16:56:03,08-17-2026 11:02 AM,18.1,HR75DF3301,DRV130,952.8
TRP002697,MANDI-048,Export-Terminal,2026-06-12T12:30:14,2026-06-12 17:48:14,5.3,,DRV687,258.1
TRP002592,MANDI-041,WH-West,21/01/2026 01:42,21-Jan-2026 22:30:34,,UP55CD4291,DRV853,999.5
TRP005907,MANDI-051,Export-Terminal,01-06-2026 09:02 AM,2026-01-07 03:44:01,18.7,HR92BC9491,,1032.8
TRP001782,MANDI-027,WH-West,2026-06-18 22:07:47,2026-06-19 09:37:47,11.5,DL99BC1593,DRV615,681.8
TRP006510,MANDI-033,WH-South,06-29-2026 01:38 PM,2026-06-30T01:02:11,11.4,DL55DF3738,DRV335,483.9
TRP003014,MANDI-035,WH-East,2026-01-20T18:03:12,2026-01-21 03:39:12,9.6,DL50DF4669,DRV341,546.698472050038
TRP007134,MANDI-033,Export-Terminal,2026-08-03 20:19:38,08-04-2026 03:43 AM,7.4,HR26AB2059,,412.698846561278
TRP002308,MANDI-040,WH-South,2026-04-01T17:19:52,2026-04-02 01:55:52,8.6,UP75CD4246,DRV755,480.19865790822803
TRP007918,MANDI-026,WH-South,2026-03-30T14:04:12,2026-03-30T19:04:12,5.0,DL12CD3343,DRV238,245.9
TRP003691,MANDI-006,WH-Central,2026-06-04T05:09:37,05-Jun-2026 03:15:37,22.1,,DRV712,967.6
TRP000688,MANDI-033,WH-Central,03/05/2026 11:14,2026-05-04T06:50:21,19.6,,DRV686,1026.0
TRP006012,MANDI-029,Export-Terminal,02-10-2026 02:23 PM,,5.4,RJ49AB1769,DRV340,230.9
TRP007072,MANDI-045,WH-West,03-28-2026 03:16 AM,03-28-2026 11:34 AM,8.3,PB97DF9665,DRV912,454.5
TRP000613,MANDI-042,WH-West,17/05/2026 09:41,2026-05-18 03:11:15,17.5,PB14CD4627,DRV219,913.5
TRP009639,MANDI-047,WH-Central,2026-03-03T18:31:06,2026-03-04T04:01:06,9.5,HR92AB9297,DRV697,453.99873113356
TRP007168,MANDI-022,WH-South,09/06/2026,09-Jun-2026 20:16:14,3.7,PB75AB2680,DRV286,219.8
TRP008248,MANDI-029,WH-South,19/03/2026 22:46,2026-03-20T08:34:43,9.8,RJ97CD9201,DRV512,465.7
TRP003201,MANDI-033,WH-West,2026-01-11 18:09:42,12/01/2026,16.7,HR57BC4902,DRV688,909.0
TRP002268,MANDI-035,WH-West,01/03/2026 06:14,03-01-2026 09:02 AM,2.8,PB50BC3128,DRV795,
TRP009413,MANDI-022,WH-North,2026-07-16T02:50:22,2026-07-17 00:20:22,21.5,DL82AB4239,DRV422,1164.6
TRP006630,MANDI-032,WH-South,2026-04-10T12:16:32,10-Apr-2026 19:58:32,7.7,PB39CD8912,DRV485,380.0
TRP004136,MANDI-046,WH-Central,2026-04-01T14:42:59,02/04/2026,12.0,RJ42BC6113,DRV849,629.9
TRP001899,MANDI-039,WH-Central,2026-08-19T21:09:04,20/08/2026 07:09,10.0,DL69DF5630,DRV381,596.3
TRP009911,MANDI-026,Export-Terminal,2026-07-23 08:45:15,23/07/2026 16:57,8.2,HR62BC4480,DRV220,451.4
TRP000283,MANDI-005,WH-North,27/06/2026 16:30,,3.0,UP19BC9101,,173.1
TRP000259,MANDI-048,WH-South,2026-05-24 03:42:37,,,RJ91DF8270,DRV196,1099.9
TRP002925,MANDI-052,WH-South,26/03/2026,03-27-2026 02:08 AM,3.3,PB41DF9118,DRV659,136.7
TRP009800,MANDI-005,WH-South,2026-06-05 13:11:49,05/06/2026 23:23,10.2,HR90CD3724,DRV140,493.5
TRP004944,MANDI-046,WH-North,2026-03-11 17:00:18,12/03/2026,11.9,HR80DF6004,DRV447,580.6
TRP002823,MANDI-034,Export-Terminal,2026-01-15 04:11:43,15-Jan-2026 20:59:43,16.8,HR15BC5729,DRV446,730.3
TRP006530,MANDI-001,WH-South,2026-09-04T21:32:19,2026-09-05T02:14:19,4.7,HR49AB3272,DRV627,
TRP003340,MANDI-012,WH-Central,2026-02-10 09:10:03,02-10-2026 12:52 PM,3.7,PB80BC7544,DRV529,189.2
TRP003526,MANDI-025,Export-Terminal,16/07/2026 10:10,2026-07-16T13:46:20,3.6,DL11DF1083,DRV666,172.5
TRP004564,MANDI-034,WH-South,2026-03-23 21:09:26,24/03/2026,21.7,HR42BC9468,,1199.9
TRP009318,MANDI-006,WH-North,04-07-2026 02:55 AM,07-Apr-2026 16:01:56,13.1,DL87DF4698,DRV450,566.0
TRP006698,MANDI-054,Export-Terminal,15-May-2026 13:55:49,15/05/2026,3.5,RJ14CD6599,DRV621,
TRP005330,MANDI-017,WH-East,30/01/2026 05:31,30/01/2026 18:13,12.7,HR97CD9808,DRV557,564.9
TRP005224,MANDI-016,WH-West,10/03/2026,11/03/2026,19.9,RJ22DF2031,,1085.9969647820399
TRP002286,MANDI-014,WH-North,03/09/2026 21:21,2026-09-04 17:09:38,19.8,DL68BC1406,DRV637,1031.0
TRP006064,MANDI-026,WH-South,2026-09-08T12:05:10,08-Sep-2026 18:35:10,6.5,,DRV324,264.9
TRP004655,MANDI-016,WH-West,18/06/2026,06-19-2026 12:24 PM,21.6,RJ16BC7639,DRV668,900.2
TRP005001,MANDI-037,WH-North,2026-04-19 16:33:06,20-Apr-2026 01:33:06,9.0,PB62DF2843,DRV484,
TRP006711,MANDI-018,WH-Central,08-16-2026 02:00 AM,16/08/2026,8.3,DL23BC4448,DRV783,474.6
TRP009698,MANDI-029,WH-North,2026-09-03 11:01:37,09-03-2026 11:55 PM,12.9,HR95AB7505,DRV628,682.2
TRP007765,MANDI-047,WH-West,26/05/2026 13:15,27/05/2026 10:09,20.9,DL41BC8459,DRV424,1141.4
TRP000485,MANDI-021,WH-North,25-May-2026 08:22:12,25/05/2026 20:10,11.8,PB45BC7608,DRV978,537.0
TRP002212,MANDI-045,WH-East,24-May-2026 11:50:05,05-24-2026 05:20 PM,5.5,PB99DF6886,DRV589,231.8
TRP005417,MANDI-026,WH-North,04/01/2026 11:35,05-Jan-2026 06:53:54,19.3,PB97AB2585,DRV402,831.297676632882
TRP000476,MANDI-050,Export-Terminal,30/01/2026 03:28,01-30-2026 07:04 AM,3.6,PB83DF9077,DRV847,177.8
TRP002556,MANDI-038,WH-West,05-18-2026 03:13 PM,2026-05-19 08:01:14,16.8,RJ86AB5021,DRV877,
TRP000008,MANDI-030,WH-South,2026-06-22T04:34:38,,17.2,DL10BC9901,DRV169,844.5
TRP003658,MANDI-037,WH-West,01-22-2026 02:51 AM,01-22-2026 04:15 PM,13.4,PB49CD2757,DRV825,582.798371155592
TRP006412,MANDI-044,WH-North,05-18-2026 09:38 PM,19/05/2026 17:08,19.5,PB21DF2623,DRV444,878.1
TRP009532,MANDI-019,WH-West,2026-07-30 04:44:25,2026-07-30T21:26:25,16.7,UP65DF4461,DRV738,814.9
TRP004875,MANDI-029,WH-Central,01-17-2026 02:38 AM,2026-01-17 19:26:09,16.8,PB60CD5701,DRV874,890.5
TRP004403,MANDI-004,Export-Terminal,05-Jan-2026 01:29:55,01-05-2026 12:41 PM,11.2,PB39AB6589,DRV856,591.5
TRP003483,MANDI-033,WH-East,2026-02-23T23:30:49,02-24-2026 08:24 AM,8.9,UP38DF3944,DRV137,387.7
TRP005547,MANDI-046,WH-North,16-Mar-2026 06:02:45,2026-03-16 12:44:45,6.7,DL50DF3801,DRV349,328.5
TRP005298,MANDI-015,WH-West,2026-08-25T21:15:18,2026-08-26T02:33:18,5.3,UP90BC1959,,226.6
TRP002427,MANDI-005,WH-North,02/07/2026 11:18,2026-07-02 13:18:55,2.0,,DRV320,110.4
TRP006745,MANDI-042,WH-West,27/04/2026 22:28,2026-04-28 09:04:22,10.6,UP31DF6555,DRV957,446.3
TRP001815,MANDI-022,WH-Central,2026-02-17 20:17:35,2026-02-18 18:59:35,22.7,UP53BC6619,DRV446,909.7
TRP007604,MANDI-009,WH-North,2026-07-01 11:10:41,2026-07-01 19:40:41,8.5,DL97CD5405,DRV410,480.8
TRP006823,MANDI-052,WH-Central,2026-03-28T16:15:26,29/03/2026 00:27,8.2,UP79CD8362,DRV281,468.3
TRP005273,MANDI-020,WH-South,30-May-2026 06:50:21,2026-05-30T12:56:21,6.1,PB21DF6437,DRV340,298.2
TRP002275,MANDI-045,WH-West,2026-03-28 01:55:19,28/03/2026,13.1,UP99CD2163,DRV919,619.1982694226881
TRP001012,MANDI-053,WH-Central,2026-04-11 10:33:41,12/04/2026,20.4,,,1094.2
TRP001578,MANDI-017,WH-Central,2026-09-05T23:38:05,06/09/2026,4.5,,DRV951,247.6
TRP007265,MANDI-015,WH-North,2026-07-26 00:45:25,26/07/2026 02:57,2.2,DL55BC3553,DRV561,121.6
TRP001068,MANDI-016,WH-South,09-Jul-2026 13:08:49,07-10-2026 11:14 AM,,PB30DF2656,DRV611,1211.9
TRP001992,MANDI-023,Export-Terminal,2026-09-09 20:09:26,2026-09-10 17:33:26,21.4,UP83BC8576,,1096.9
TRP003971,MANDI-030,WH-South,02-Mar-2026 17:26:17,02/03/2026 20:14,2.8,,DRV956,161.2
TRP009437,MANDI-055,WH-West,24/01/2026 12:58,25/01/2026 10:28,21.5,,DRV737,1072.7
TRP005880,MANDI-050,WH-West,24/03/2026,2026-03-24 16:15:31,15.4,,DRV926,637.9
TRP008765,MANDI-023,WH-North,2026-02-20 19:25:42,02-21-2026 10:07 AM,14.7,RJ53BC5913,DRV669,836.3
TRP004543,MANDI-018,WH-North,05-Jan-2026 14:37:25,2026-01-06T01:37:25,11.0,PB41AB5327,DRV440,611.8
TRP009700,MANDI-051,WH-North,2026-04-05 12:20:45,05-Apr-2026 22:26:45,10.1,DL32AB9780,DRV337,441.1
TRP007194,MANDI-039,WH-North,2026-08-08 23:43:11,09/08/2026 21:55,22.2,HR35CD6646,,944.8
TRP003868,MANDI-004,WH-East,02-28-2026 04:52 PM,01-Mar-2026 01:04:33,8.2,DL33CD2876,DRV322,378.2
TRP009791,MANDI-014,WH-South,04/07/2026 05:18,05/07/2026 03:24,22.1,PB47CD9317,DRV158,900.7
TRP006824,MANDI-057,Export-Terminal,25/02/2026,02-26-2026 07:33 PM,21.1,UP85CD5482,DRV605,1137.4
TRP003049,MANDI-031,WH-East,09-07-2026 02:47 PM,08/09/2026 11:29,20.7,RJ37AB4875,DRV948,1065.2
TRP007549,MANDI-019,WH-Central,29/01/2026,01-30-2026 02:07 AM,18.8,,DRV960,1026.5
TRP000782,MANDI-014,Export-Terminal,30-May-2026 06:09:34,05-30-2026 09:39 PM,15.5,,DRV275,669.0
TRP006748,MANDI-057,WH-East,2026-02-26 02:49:17,2026-02-26 05:07:17,2.3,,DRV645,112.2
TRP002676,MANDI-056,WH-East,16/04/2026,04-16-2026 06:25 PM,14.8,,DRV258,742.9
TRP001750,MANDI-057,WH-East,2026-08-18T01:39:46,2026-08-18 10:21:46,,,DRV879,450.99873951814
TRP006223,MANDI-013,WH-East,2026-06-21T11:41:22,2026-06-21 18:35:22,6.9,HR50DF6248,DRV735,351.7
TRP008396,MANDI-052,WH-West,13-Apr-2026 06:53:04,13-Apr-2026 19:17:04,12.4,UP74DF4154,DRV884,661.49815120011
TRP002792,MANDI-033,WH-Central,16-May-2026 13:22:58,2026-05-16 22:58:58,9.6,,DRV696,551.098459752654
TRP006520,MANDI-040,WH-East,27/01/2026 20:56,2026-01-28 08:44:36,11.8,UP73CD3731,DRV453,589.7
TRP005775,MANDI-025,Export-Terminal,2026-06-19T21:33:09,2026-06-20 15:21:09,17.8,UP27BC2972,DRV891,803.7
TRP006358,MANDI-016,WH-North,10-Jul-2026 20:38:10,2026-07-11 14:38:10,18.0,DL98AB4471,DRV837,1026.3
TRP004980,MANDI-027,WH-East,2026-05-02 07:54:33,02-May-2026 20:30:33,12.6,PB85AB2657,DRV877,707.6
TRP008219,MANDI-005,WH-East,23/02/2026 15:34,24/02/2026,21.9,HR31CD6121,DRV836,1230.9
TRP001092,MANDI-016,Export-Terminal,24/03/2026 10:46,24/03/2026 16:28,5.7,HR65BC6279,DRV481,231.0
TRP006527,MANDI-038,WH-East,2026-05-23 20:57:08,24/05/2026 11:15,14.3,HR52BC5383,DRV460,606.6
TRP008642,MANDI-009,WH-Central,07/03/2026 16:49,08/03/2026,12.4,HR86BC5644,DRV735,544.5
TRP004628,MANDI-042,WH-West,2026-09-03 15:21:14,2026-09-04T14:15:14,22.9,DL47DF8370,DRV475,1016.2
TRP002325,MANDI-023,WH-North,2026-05-12T10:15:40,13/05/2026 01:03,,RJ48CD8607,,
TRP006535,MANDI-019,Export-Terminal,15/07/2026,07-15-2026 05:26 PM,6.3,RJ75CD2247,DRV294,368.9
TRP009333,MANDI-019,WH-Central,29/05/2026,30/05/2026 04:35,9.5,UP31CD1332,DRV248,445.99875349243996
TRP005056,MANDI-047,WH-East,2026-03-14 13:12:50,2026-03-15T13:06:50,23.9,HR62DF5826,DRV871,1381.1
TRP002609,MANDI-031,Export-Terminal,01-02-2026 06:29 AM,,5.0,DL82CD3482,DRV205,239.8
TRP009384,MANDI-012,WH-South,14-May-2026 09:15:10,2026-05-15T08:45:10,23.5,RJ38CD6426,DRV102,1400.5
TRP002291,MANDI-052,WH-West,2026-03-11T20:40:25,12-Mar-2026 06:22:25,9.7,RJ15AB9692,DRV998,
TRP001728,MANDI-011,WH-Central,2026-01-31 15:37:06,2026-02-01 08:01:06,16.4,DL98DF8527,DRV913,
TRP000611,MANDI-032,WH-West,2026-05-25 00:31:33,2026-05-25 12:37:33,12.1,DL99AB5141,DRV460,587.7
TRP007818,MANDI-049,WH-South,2026-05-31T01:52:30,31/05/2026 08:46,6.9,UP60DF5963,DRV858,378.8
TRP004667,MANDI-027,WH-Central,2026-06-15T05:17:30,2026-06-15T10:11:30,4.9,UP11CD3098,DRV615,242.1
TRP006076,MANDI-020,WH-West,15/05/2026 09:08,15/05/2026,12.8,RJ20AB9200,DRV431,719.9
TRP005414,MANDI-004,WH-South,01-03-2026 04:29 PM,,7.0,RJ67AB5318,,324.2
TRP000344,MANDI-037,WH-East,2026-03-01 13:25:50,2026-03-02 05:25:50,16.0,DL76AB5422,DRV994,819.6
TRP004684,MANDI-038,Export-Terminal,28/01/2026 13:21,29/01/2026 02:09,12.8,HR17DF8487,DRV323,568.8984100041461
TRP009320,MANDI-030,WH-Central,2026-01-16 22:17:01,17/01/2026 04:11,5.9,PB86BC6134,DRV202,238.4
TRP003751,MANDI-023,WH-Central,14/04/2026 16:21,15/04/2026 07:09,14.8,DL15AB8962,DRV232,774.0
TRP009884,MANDI-016,WH-North,14-Jan-2026 09:29:31,01-14-2026 04:41 PM,7.2,RJ38CD7907,DRV986,292.299183062422
TRP009681,MANDI-010,WH-North,05-May-2026 06:33:25,05-05-2026 01:39 PM,7.1,PB39AB5929,DRV744,390.298909166142
TRP006000,MANDI-043,WH-Central,2026-05-09 16:12:48,2026-05-10T01:30:48,9.3,UP82CD9872,DRV553,525.6
TRP003216,MANDI-026,WH-West,2026-05-01 13:16:44,01-May-2026 19:28:44,6.2,UP11DF2808,DRV622,321.8
TRP000098,MANDI-049,Export-Terminal,31-Mar-2026 04:51:37,31/03/2026 07:39,2.8,UP99CD1048,DRV327,135.3
TRP008268,MANDI-044,WH-North,2026-05-21T16:16:05,2026-05-22 12:16:05,20.0,,DRV902,1153.0
TRP003138,MANDI-020,WH-East,22/02/2026 06:27,02-23-2026 03:51 AM,21.4,HR57BC3636,DRV584,1274.3
TRP005177,MANDI-016,WH-East,13/01/2026 02:17,,6.4,UP46BC9089,DRV901,264.599260480044
TRP007280,MANDI-036,WH-West,2026-09-02 04:40:06,03/09/2026 02:52,22.2,RJ92AB7272,,1151.0
TRP006166,MANDI-012,WH-South,07-28-2026 11:32 AM,,4.5,DL86BC6910,DRV165,257.8
TRP001538,MANDI-035,WH-West,12/01/2026 21:09,,10.4,,DRV423,562.198428729708
TRP003589,MANDI-045,WH-South,27/01/2026 22:24,01-28-2026 05:36 AM,7.2,DL23CD9464,DRV857,397.0
TRP008069,MANDI-042,Export-Terminal,06-25-2026 09:31 PM,2026-06-26 06:01:44,8.5,,DRV956,470.9
TRP006986,MANDI-021,Export-Terminal,2026-03-18T05:42:04,03-18-2026 08:42 AM,3.0,,DRV521,122.899656511706
TRP003649,MANDI-055,WH-Central,04/02/2026 03:45,,13.1,,DRV310,691.6
TRP002658,MANDI-040,WH-East,2026-04-16 22:46:47,2026-04-17 03:46:47,5.0,RJ61DF5034,,234.2
TRP008725,MANDI-038,WH-East,2026-03-08 05:24:49,08/03/2026,11.9,DL65BC3684,DRV362,575.5
TRP001518,MANDI-036,WH-East,2026-01-06T20:15:28,07/01/2026,14.0,UP45AB5700,DRV886,588.5
TRP005062,MANDI-029,WH-East,13/03/2026,2026-03-14 12:21:28,21.2,HR36DF3102,DRV727,
TRP009723,MANDI-016,WH-Central,05-03-2026 09:35 PM,05-04-2026 04:17 PM,18.7,HR36BC1410,DRV183,973.1
TRP004625,MANDI-026,WH-North,04/06/2026,2026-06-04 22:28:21,14.1,HR41BC5798,DRV578,749.5
TRP004273,MANDI-030,WH-East,16/01/2026 07:56,17/01/2026 03:44,,HR96CD5207,DRV246,1090.0
TRP003670,MANDI-002,WH-North,2026-05-25 00:09:42,,,PB56DF9939,DRV355,937.297380377722
TRP006567,MANDI-034,WH-West,12/01/2026 12:26,2026-01-13T10:20:01,21.9,HR63BC9185,DRV841,1200.9
TRP005801,MANDI-013,WH-North,18/05/2026 10:53,05-19-2026 10:47 AM,23.9,PB65BC1349,DRV522,1227.8
TRP002091,MANDI-019,WH-Central,17-Jan-2026 00:39:27,17-Jan-2026 13:57:27,13.3,RJ60CD3513,DRV418,567.5
TRP007098,MANDI-026,WH-South,23/03/2026 14:51,2026-03-23T20:45:43,5.9,HR97CD5970,DRV636,311.099130519054
TRP006172,MANDI-001,WH-Central,28/07/2026,2026-07-29 14:09:58,,PB34BC9214,,884.49752794633
TRP007522,MANDI-053,WH-South,04/02/2026 20:16,2026-02-05T08:46:16,12.5,PB16AB3524,DRV129,504.8
TRP000573,MANDI-010,WH-North,25-Jul-2026 21:58:11,,,DL94BC5192,DRV454,120.4
TRP007741,MANDI-013,WH-South,2026-06-27 12:52:58,06-27-2026 04:52 PM,4.0,DL36AB3618,DRV254,185.7
TRP009941,MANDI-050,WH-South,2026-04-13 13:03:31,14/04/2026 01:57,12.9,,DRV289,768.5
TRP004689,MANDI-012,WH-Central,15/04/2026 09:26,,5.6,UP46BC3739,DRV933,326.4
TRP009438,MANDI-011,WH-South,2026-04-21 12:28:42,2026-04-21T17:28:42,5.0,DL70BC3404,,211.59940860762399
TRP003063,MANDI-045,WH-Central,12/05/2026 05:11,12-May-2026 09:11:53,4.0,DL24BC4508,,196.5
TRP000598,MANDI-026,WH-South,25-Mar-2026 16:11:59,,13.6,HR79AB6348,,737.5
TRP006471,MANDI-013,WH-West,07-Jun-2026 20:48:28,08/06/2026 03:18,6.5,DL72BC7909,DRV627,
TRP007161,MANDI-023,WH-West,20-Jan-2026 17:32:23,2026-01-21 01:08:23,7.6,PB15CD9601,DRV462,
TRP006634,MANDI-016,WH-Central,04-15-2026 03:48 AM,15/04/2026 06:36,2.8,UP67DF9896,DRV527,162.4
TRP008828,MANDI-022,WH-West,21/04/2026 00:22,21/04/2026 10:52,10.5,PB41CD3887,DRV713,488.8
TRP007876,MANDI-018,WH-Central,22/03/2026 01:28,2026-03-22 06:40:24,5.2,UP14AB3943,DRV235,218.199390161548
TRP004725,MANDI-015,WH-West,04-13-2026 02:13 PM,04-14-2026 07:25 AM,17.2,DL99BC3413,DRV915,785.797803799012
TRP007346,MANDI-047,Export-Terminal,2026-07-05 21:03:15,2026-07-06 12:39:15,15.6,UP88CD7499,DRV126,670.2
TRP006305,MANDI-051,WH-South,01-18-2026 01:03 PM,2026-01-18T21:33:20,8.5,UP50CD7411,DRV825,
TRP000425,MANDI-034,WH-North,02-Sep-2026 06:12:27,2026-09-02T13:48:27,7.6,DL42AB9386,DRV455,402.09887618679403
TRP009817,MANDI-011,Export-Terminal,2026-08-04 17:06:11,08-05-2026 02:42 PM,21.6,,DRV153,1129.4
TRP009989,MANDI-011,WH-North,06-02-2026 12:37 AM,,4.4,RJ40AB7226,DRV218,
TRP004480,MANDI-026,WH-South,2026-01-24T02:47:06,2026-01-24 19:23:06,16.6,,DRV884,762.9
TRP004949,MANDI-054,WH-North,08-25-2026 07:00 AM,08-25-2026 12:00 PM,5.0,DL56BC6484,DRV774,251.099298210654
TRP005977,MANDI-027,WH-Central,2026-02-09 13:20:32,09-Feb-2026 22:08:32,8.8,RJ52CD1991,DRV899,503.3
TRP000371,MANDI-007,Export-Terminal,2026-08-22 06:36:30,22-Aug-2026 10:42:30,4.1,PB65DF3415,DRV478,232.1
TRP001939,MANDI-004,WH-North,13-Apr-2026 18:52:36,,15.6,,DRV158,
TRP002353,MANDI-015,WH-North,02-Apr-2026 01:38:47,2026-04-02 14:02:47,12.4,UP21BC2468,,638.2
TRP007128,MANDI-011,WH-North,2026-05-25 01:39:42,25/05/2026 17:39,16.0,DL27BC9855,DRV701,922.7974209031919
TRP001754,MANDI-008,WH-North,12-Apr-2026 19:06:20,12/04/2026 21:18,2.2,PB82BC1438,DRV603,110.99968977054002
TRP003671,MANDI-010,WH-South,22/01/2026 09:57,22/01/2026,13.0,UP60DF7042,DRV878,589.9
TRP007299,MANDI-025,WH-Central,2026-05-26 22:47:43,2026-05-27 03:17:43,4.5,UP49DF2012,DRV400,207.0
TRP003653,MANDI-045,Export-Terminal,2026-03-20 00:30:25,2026-03-20 07:42:25,,PB88CD6225,DRV661,396.9
TRP005202,MANDI-007,Export-Terminal,06-10-2026 09:52 PM,11/06/2026,12.2,HR41AB9097,DRV639,531.598514252424
TRP008377,MANDI-001,WH-South,2026-02-21 01:51:25,21/02/2026 13:45,11.9,PB69AB3871,DRV814,646.9
TRP002362,MANDI-027,WH-North,24/08/2026,25-Aug-2026 09:37:40,,HR75CD7722,DRV131,843.1
TRP004261,MANDI-004,WH-East,2026-06-26T04:11:32,26/06/2026 06:11,2.0,PB18DF8605,,119.0
TRP005433,MANDI-033,WH-West,2026-07-03T22:12:20,04/07/2026,,RJ61BC6149,DRV194,
TRP006286,MANDI-027,WH-Central,2026-08-04 20:02:01,05-Aug-2026 15:32:01,19.5,DL54CD3565,DRV344,
TRP004992,MANDI-032,WH-North,09-01-2026 01:29 AM,09-01-2026 12:29 PM,11.0,UP77DF9683,DRV379,496.1
TRP008223,MANDI-030,WH-Central,2026-08-19 03:31:32,19/08/2026 14:07,10.6,,DRV915,521.3
TRP009841,MANDI-048,WH-East,2026-08-25 06:25:38,26/08/2026,22.9,,DRV372,1337.49626187475
TRP003738,MANDI-007,WH-West,02-28-2026 09:12 PM,01/03/2026 01:24,4.2,UP62DF1663,DRV350,250.0
TRP008183,MANDI-021,WH-South,2026-08-03 17:26:13,,21.2,,DRV694,
TRP008085,MANDI-005,Export-Terminal,20-Aug-2026 21:23:47,21-Aug-2026 06:05:47,8.7,DL23CD5200,DRV567,350.8
TRP008903,MANDI-032,WH-South,01-Sep-2026 01:13:52,,23.8,UP30BC4408,DRV639,
TRP009287,MANDI-034,WH-East,2026-05-26T23:32:05,2026-05-27 23:32:05,24.0,PB14BC9131,DRV612,1203.8
TRP008656,MANDI-019,WH-South,2026-01-27 07:22:08,,22.8,PB62BC5087,DRV670,1018.8
TRP005592,MANDI-042,WH-East,2026-04-13 06:51:40,,4.1,UP34AB3187,DRV263,244.29931721570202
TRP001172,MANDI-017,WH-South,20/06/2026 17:23,06-21-2026 01:47 PM,,RJ34DF3602,DRV211,1163.1
TRP007371,MANDI-002,Export-Terminal,30-Apr-2026 13:23:07,2026-05-01 04:35:07,15.2,DL89AB3860,DRV233,
TRP007928,MANDI-042,WH-East,2026-02-27T15:45:39,27/02/2026,6.9,,DRV274,339.6
TRP008392,MANDI-036,WH-North,25-Jul-2026 01:39:46,25-Jul-2026 03:45:46,2.1,DL73DF2626,DRV498,
TRP008467,MANDI-044,WH-North,2026-01-31 22:14:04,,4.9,,DRV506,291.6
TRP001423,MANDI-042,WH-Central,2026-05-15T23:01:06,2026-05-16T22:49:06,23.8,PB62CD3936,DRV320,978.2
TRP006783,MANDI-049,WH-North,05-20-2026 09:54 PM,21/05/2026,11.1,PB14CD6876,DRV691,639.2
TRP009821,MANDI-030,WH-Central,05-08-2026 07:14 AM,08/05/2026 21:20,14.1,RJ33DF6417,DRV136,704.7
TRP009135,MANDI-038,WH-North,01-08-2026 06:25 PM,2026-01-09T17:43:22,23.3,DL62AB4917,,1078.1
TRP006107,MANDI-025,WH-West,08-16-2026 03:40 PM,16/08/2026 23:40,8.0,PB84CD3101,DRV864,331.6
TRP009724,MANDI-005,WH-East,08/05/2026 15:26,05-08-2026 08:02 PM,4.6,RJ86DF9365,DRV107,233.6
TRP008431,MANDI-024,WH-West,2026-05-05 21:38:37,,6.3,,DRV312,357.3
TRP006340,MANDI-002,WH-East,14-Jan-2026 05:48:36,,15.9,,DRV942,819.5
TRP007701,MANDI-044,WH-West,11/01/2026,12/01/2026 00:03,19.9,DL89BC8062,DRV532,
TRP009531,MANDI-029,WH-West,02/07/2026,03-Jul-2026 11:52:49,22.5,UP14CD2575,DRV970,1176.49671184721
TRP000875,MANDI-054,WH-South,2026-04-07 16:17:28,04-07-2026 06:29 PM,2.2,HR91AB3039,DRV506,107.99969815512
TRP002298,MANDI-056,WH-South,2026-03-23 14:02:32,24-Mar-2026 06:44:32,16.7,HR82CD9347,DRV548,1000.4972037425699
TRP009676,MANDI-032,WH-East,2026-07-24 16:46:31,24-Jul-2026 22:16:31,5.5,PB21BC5497,,255.899284795326
TRP002644,MANDI-056,WH-East,28/02/2026 21:01,2026-03-01 13:49:45,16.8,PB94AB9792,DRV144,
TRP005739,MANDI-011,WH-North,03/02/2026,04-Feb-2026 20:32:47,23.5,DL14DF6101,,1086.1
TRP001720,MANDI-028,WH-South,19/04/2026 19:41,20/04/2026 10:29,14.8,,DRV589,796.8977727760661
TRP005348,MANDI-041,WH-West,2026-01-04 22:46:02,2026-01-05 14:58:02,16.2,HR30AB6263,DRV854,733.6
TRP005933,MANDI-009,WH-North,2026-01-24T16:12:32,2026-01-25 01:00:32,8.8,PB65DF9117,,410.2
TRP000841,MANDI-014,WH-West,17-Mar-2026 13:58:54,18/03/2026 10:16,,,,1013.1
TRP002030,MANDI-036,Export-Terminal,26/04/2026 17:17,2026-04-27 01:17:49,8.0,RJ26AB2678,DRV753,403.5
TRP000582,MANDI-051,WH-East,09-Feb-2026 09:51:54,2026-02-10 09:45:54,23.9,UP78BC6330,DRV655,1279.3
TRP000205,MANDI-022,Export-Terminal,2026-06-14 09:51:06,14/06/2026 17:21,7.5,HR72CD3765,DRV734,434.6
TRP007897,MANDI-056,WH-North,2026-02-15 02:52:13,15/02/2026 09:58,7.1,HR19AB9993,DRV434,329.6
TRP001642,MANDI-046,WH-Central,2026-07-04 12:02:21,2026-07-05 07:02:21,19.0,,DRV543,894.5974997182441
TRP002015,MANDI-008,WH-West,15-Jul-2026 21:18:21,2026-07-16 19:24:21,22.1,UP49CD4915,DRV726,1299.9
TRP003254,MANDI-053,WH-West,2026-03-07T06:57:45,07/03/2026,15.2,DL57AB8604,DRV505,684.8
TRP008197,MANDI-027,WH-South,2026-06-22T02:08:51,22/06/2026 23:20,21.2,DL57AB4913,DRV853,939.1
TRP008016,MANDI-038,WH-West,2026-04-16T00:59:16,04-16-2026 09:35 AM,8.6,HR40CD6901,DRV511,511.89856931116594
TRP000906,MANDI-014,WH-Central,04/05/2026,,,PB93CD6866,DRV610,827.0
TRP000632,MANDI-039,WH-North,02-Mar-2026 07:19:47,2026-03-03T02:13:47,18.9,,DRV365,802.5
TRP007851,MANDI-029,WH-West,15/07/2026 15:36,16/07/2026,11.6,UP81CD6391,DRV174,584.0
TRP008683,MANDI-043,WH-South,20/07/2026 19:54,2026-07-21T02:06:49,6.2,RJ33DF5561,DRV164,284.8
TRP001975,MANDI-045,WH-South,2026-03-30T19:21:53,31-Mar-2026 11:51:53,16.5,DL90CD9220,DRV401,738.1979368343481
TRP000163,MANDI-038,WH-East,06/03/2026,06/03/2026 16:20,15.3,UP39BC5245,,903.8
TRP004999,MANDI-010,WH-East,2026-07-09 08:24:46,09/07/2026 17:12,8.8,HR47CD1800,DRV410,
TRP001244,MANDI-044,WH-East,2026-06-12 15:12:29,13-Jun-2026 10:42:29,19.5,RJ37BC9410,DRV872,
TRP009961,MANDI-050,Export-Terminal,30-Jul-2026 04:51:30,,3.5,UP50BC6482,DRV229,
TRP008310,MANDI-048,WH-Central,2026-01-27T06:56:10,2026-01-28 02:14:10,19.3,,DRV146,1075.6
TRP004714,MANDI-033,WH-North,13-Aug-2026 22:41:06,2026-08-14 12:29:06,13.8,HR27CD2051,DRV759,630.4
TRP000876,MANDI-002,WH-North,06-06-2026 07:01 PM,07/06/2026 16:19,21.3,HR37AB7294,DRV598,874.9975544974999
TRP001432,MANDI-032,WH-South,02-17-2026 06:50 AM,02-18-2026 06:02 AM,23.2,DL15AB2903,DRV756,1198.2
TRP009089,MANDI-057,WH-Central,24/05/2026,25/05/2026 17:20,19.3,RJ55CD2848,DRV878,794.3
TRP006869,MANDI-054,WH-West,25-Mar-2026 23:05:52,2026-03-26 12:59:52,13.9,DL65BC8551,DRV273,655.0
TRP004644,MANDI-004,WH-North,2026-07-18T23:47:51,2026-07-19 16:59:51,17.2,,DRV820,
TRP005081,MANDI-030,WH-Central,08-10-2026 12:38 AM,10-Aug-2026 14:26:52,13.8,,DRV380,
TRP005784,MANDI-001,WH-West,20/01/2026 04:04,21-Jan-2026 00:46:04,,DL89DF3238,DRV236,1085.5
TRP009555,MANDI-008,Export-Terminal,2026-04-09T22:26:29,2026-04-10 13:08:29,14.7,DL91DF5174,DRV839,856.5
TRP007711,MANDI-007,Export-Terminal,2026-08-02 16:46:47,,13.6,,DRV159,798.9
TRP007737,MANDI-045,WH-East,13/03/2026,2026-03-13T10:04:28,9.8,DL21CD7017,DRV725,569.3
TRP004284,MANDI-007,Export-Terminal,10/07/2026 19:30,07-11-2026 10:00 AM,14.5,DL21AB2173,DRV387,586.2
TRP007532,MANDI-006,WH-West,15/05/2026,2026-05-16T03:26:45,8.1,RJ32DF6059,DRV160,465.6
TRP008444,MANDI-056,WH-Central,2026-05-29 11:27:18,05-29-2026 05:27 PM,6.0,HR27BC4041,DRV385,270.2
TRP009994,MANDI-044,WH-East,05-26-2026 07:29 PM,27-May-2026 14:29:21,19.0,UP67CD7718,DRV278,943.1
TRP009815,MANDI-044,WH-East,06/08/2026 13:30,07/08/2026,22.5,UP91AB5026,DRV359,1252.1
TRP002857,MANDI-049,WH-South,17-May-2026 18:21:34,2026-05-18 06:15:34,,PB47CD5436,DRV605,579.6
TRP001862,MANDI-052,WH-South,05-15-2026 09:41 PM,16-May-2026 09:59:32,,RJ12BC7600,DRV343,713.0
TRP002660,MANDI-045,Export-Terminal,2026-04-04T09:53:18,04/04/2026 19:59,10.1,DL93CD5982,,476.698667690238
TRP003385,MANDI-038,WH-Central,2026-04-17 19:52:27,2026-04-18 13:52:27,18.0,RJ99CD4712,DRV393,756.3
TRP009947,MANDI-046,Export-Terminal,30/07/2026,07-31-2026 01:00 AM,3.6,DL21DF6038,,147.8
TRP009645,MANDI-053,WH-South,26/02/2026,,11.6,,DRV754,536.7
TRP008470,MANDI-046,WH-West,2026-02-09 20:16:40,,2.2,PB89DF5675,DRV258,
TRP009361,MANDI-048,WH-West,2026-08-03 03:20:28,2026-08-03 09:32:28,6.2,HR42AB5069,DRV722,347.99902738872
TRP007463,MANDI-034,WH-West,22/05/2026,22-May-2026 14:26:51,8.1,DL59DF9588,DRV660,481.298654833882
TRP006887,MANDI-046,WH-South,05-02-2026 12:25 PM,2026-05-02 23:07:11,10.7,PB78BC4525,DRV527,597.9
TRP004734,MANDI-010,WH-East,2026-06-02 02:37:15,06-03-2026 01:01 AM,22.4,RJ46AB1549,DRV672,1086.0
TRP003332,MANDI-019,WH-West,30-Jul-2026 05:10:25,07-31-2026 12:04 AM,18.9,RJ38AB6656,,836.99766070218
TRP009370,MANDI-045,WH-Central,25/05/2026 03:10,2026-05-25 05:34:05,,UP74BC4809,DRV382,110.4
TRP007750,MANDI-052,WH-West,23/05/2026,23/05/2026,3.0,HR20BC8369,DRV341,143.9
TRP008983,MANDI-049,WH-West,31/08/2026,2026-09-01 08:30:04,21.8,UP48BC7790,DRV722,1000.6
TRP006405,MANDI-034,WH-South,28/06/2026 08:04,28/06/2026,10.1,RJ14DF8652,DRV128,421.2
TRP008680,MANDI-046,WH-North,2026-05-26 15:34:13,27-May-2026 01:58:13,10.4,UP55AB4256,DRV544,605.298308271242
TRP009843,MANDI-033,WH-West,2026-05-29 15:12:11,30/05/2026 08:54,17.7,DL80DF9659,DRV552,
TRP007061,MANDI-056,WH-North,2026-06-14T14:26:40,15-Jun-2026 01:20:40,10.9,HR14AB4661,DRV526,502.6
TRP002097,MANDI-027,Export-Terminal,2026-06-11 08:29:34,2026-06-11 11:29:34,3.0,PB79AB7841,DRV646,
TRP002004,MANDI-025,WH-South,2026-06-21T10:13:10,21/06/2026 12:13,,UP56CD7849,DRV829,89.5
TRP008742,MANDI-033,WH-North,2026-05-01 18:42:08,2026-05-02T07:42:08,13.0,DL73BC2839,DRV142,541.5
TRP008000,MANDI-012,Export-Terminal,2026-07-31T11:11:37,,14.0,,,711.9
TRP009279,MANDI-040,WH-Central,2026-02-19 21:45:48,02-20-2026 10:57 AM,13.2,DL97DF2365,DRV925,683.6
TRP004677,MANDI-048,WH-North,15-Feb-2026 04:44:56,2026-02-15 21:26:56,16.7,UP21DF9367,,823.5
TRP008179,MANDI-023,WH-Central,24-Apr-2026 02:04:00,2026-04-24 17:46:00,,PB69CD7898,DRV677,653.898172441046
TRP005018,MANDI-048,WH-East,2026-01-26T10:50:35,27-Jan-2026 05:02:35,18.2,,DRV335,995.1
TRP007470,MANDI-033,WH-North,2026-01-20 23:01:14,2026-01-21 10:01:14,11.0,PB92BC5445,DRV421,456.1
TRP000547,MANDI-044,WH-West,2026-01-04 15:06:40,04/01/2026 20:48,5.7,DL51BC2072,DRV384,263.6
TRP001450,MANDI-029,WH-Central,24/04/2026,2026-04-25T00:06:52,19.6,,DRV352,826.6
TRP003987,MANDI-018,WH-East,01/04/2026 06:53,2026-04-01 12:29:23,5.6,,DRV629,285.0
TRP006901,MANDI-038,WH-Central,01/03/2026 03:16,01-Mar-2026 11:34:48,8.3,DL35BC4688,DRV869,396.5
TRP002611,MANDI-050,WH-East,02-Feb-2026 18:05:18,2026-02-03 01:17:18,,,DRV717,352.2
TRP001901,MANDI-036,WH-North,09-04-2026 08:32 PM,2026-09-05T07:20:26,10.8,HR52CD7195,DRV965,471.3
TRP008187,MANDI-043,WH-East,07-Feb-2026 14:55:07,2026-02-08T02:13:07,11.3,,DRV693,
TRP003921,MANDI-038,WH-West,2026-02-10 02:37:52,10/02/2026 14:19,11.7,RJ36DF1549,DRV147,689.3
TRP002758,MANDI-001,WH-Central,23-May-2026 21:42:13,24/05/2026,,RJ62AB5879,DRV193,371.5
TRP006125,MANDI-007,WH-North,26/03/2026 18:54,27/03/2026 01:06,6.2,,DRV658,250.1
TRP007798,MANDI-007,Export-Terminal,30-Aug-2026 07:23:06,2026-08-30T23:41:06,16.3,RJ78CD4219,DRV202,670.6
TRP006398,MANDI-046,WH-Central,2026-07-10T18:43:06,2026-07-11T10:49:06,16.1,PB32CD5777,DRV739,945.9
TRP009015,MANDI-009,WH-East,2026-07-01T21:21:57,,3.0,,DRV363,
TRP002098,MANDI-034,WH-South,19/07/2026 07:50,2026-07-20T07:08:43,,PB25DF6063,DRV620,1261.4
TRP005625,MANDI-008,Export-Terminal,30-Aug-2026 03:02:02,08-30-2026 06:26 PM,15.4,RJ77AB2100,DRV917,682.5
TRP003472,MANDI-034,Export-Terminal,2026-09-07T09:21:39,07/09/2026 14:33,5.2,UP29BC9724,DRV887,308.3
TRP002172,MANDI-017,Export-Terminal,04-14-2026 02:24 AM,2026-04-14 16:00:39,13.6,DL95BC4350,DRV142,660.9
TRP009602,MANDI-024,WH-Central,06-23-2026 12:22 AM,,,PB68DF8016,DRV666,1100.9
TRP009553,MANDI-013,WH-North,01-24-2026 07:50 PM,25-Jan-2026 08:44:29,,,DRV759,612.0
TRP002011,MANDI-057,WH-Central,03/05/2026 12:57,2026-05-03T23:03:28,10.1,,,421.6
TRP005704,MANDI-010,WH-South,01-31-2026 07:20 PM,01/02/2026 12:56,17.6,,DRV668,809.2
TRP001284,MANDI-017,WH-South,2026-08-27 23:18:03,,,DL46DF7178,DRV362,745.1
TRP009983,MANDI-025,Export-Terminal,2026-06-27T10:58:42,2026-06-27 17:16:42,6.3,HR54AB3385,DRV319,371.5
TRP001020,MANDI-033,WH-West,2026-08-07T04:01:00,2026-08-08 03:55:00,23.9,UP66DF3559,DRV899,1324.9
TRP002811,MANDI-053,WH-West,2026-03-12 04:52:26,2026-03-12 16:58:26,12.1,HR75DF9957,DRV260,504.4
TRP008979,MANDI-013,WH-East,24/04/2026,25-Apr-2026 17:53:30,17.9,HR76AB8508,DRV744,872.8
TRP001652,MANDI-047,WH-Central,2026-06-30T13:50:45,2026-07-01T09:44:45,19.9,RJ90DF8774,DRV935,1087.796959751292
TRP009998,MANDI-017,WH-Central,2026-09-04T23:45:00,05-Sep-2026 02:45:00,3.0,,DRV732,142.79960089399202
TRP001170,MANDI-023,WH-South,28-Apr-2026 09:09:55,2026-04-28 12:03:55,,DL37CD3435,DRV780,119.0
TRP006257,MANDI-012,Export-Terminal,2026-02-08T16:46:19,02-09-2026 08:10 AM,15.4,UP13BC9981,DRV145,681.3
TRP005470,MANDI-013,WH-South,18/02/2026 04:08,19/02/2026 03:50,23.7,UP64AB6562,DRV647,1153.4
TRP000868,MANDI-018,WH-West,01/07/2026 07:22,2026-07-01T09:52:24,2.5,PB32BC4920,,132.5
TRP005094,MANDI-040,WH-East,2026-03-25 13:00:12,,20.9,UP78CD6853,DRV964,1084.096970092274
TRP005434,MANDI-054,WH-East,01-14-2026 06:05 PM,15/01/2026,22.1,UP58DF7351,DRV948,1249.1
TRP000542,MANDI-025,WH-West,2026-09-07T04:22:29,,6.5,UP93DF9703,DRV805,298.6
TRP005382,MANDI-055,WH-Central,08/06/2026,06-08-2026 11:09 AM,5.2,HR81AB3126,DRV461,294.0
TRP006355,MANDI-050,Export-Terminal,06/06/2026,,10.2,DL86BC2979,DRV474,425.8
TRP009707,MANDI-032,Export-Terminal,04-Mar-2026 01:28:24,2026-03-04T10:52:24,9.4,DL50DF6919,,397.2
TRP003391,MANDI-014,Export-Terminal,2026-03-02 01:34:04,03-02-2026 06:22 PM,16.8,,DRV796,767.2
TRP008381,MANDI-031,WH-South,2026-06-22T02:58:42,22/06/2026,4.9,PB47AB9717,DRV342,209.1
TRP001618,MANDI-052,WH-Central,06/05/2026,2026-05-07 14:29:50,20.1,UP31AB8704,DRV977,901.0
TRP003960,MANDI-007,WH-Central,05-23-2026 02:48 AM,2026-05-23T20:12:50,17.4,UP15DF1304,DRV986,982.6
TRP006644,MANDI-028,WH-West,2026-02-18 17:50:35,19/02/2026 03:26,9.6,DL30CD8394,,560.6
TRP006842,MANDI-018,WH-North,06/02/2026,2026-02-06 20:03:36,19.4,RJ90BC7798,DRV412,983.0
TRP008632,MANDI-003,WH-Central,25/01/2026,2026-01-25 20:48:07,11.9,HR80DF5264,,636.1
TRP003587,MANDI-021,WH-South,05-Aug-2026 18:10:50,08-06-2026 05:58 AM,11.8,UP11BC2834,DRV823,620.5
TRP008419,MANDI-029,WH-Central,02-09-2026 06:23 PM,09/02/2026 22:35,4.2,DL36CD6863,DRV883,188.3
TRP002564,MANDI-021,WH-West,09-02-2026 06:17 PM,2026-09-02 20:41:39,2.4,HR33CD5772,DRV402,102.99971212942
TRP005037,MANDI-027,WH-South,04-23-2026 12:08 AM,04-23-2026 07:14 PM,19.1,DL70AB6616,DRV935,786.7
TRP001081,MANDI-025,WH-North,06-04-2026 08:35 PM,2026-06-05T06:23:05,9.8,PB19CD2968,DRV399,520.49854527537
TRP005892,MANDI-040,WH-Central,2026-09-03 05:39:05,03-Sep-2026 16:21:05,10.7,RJ37DF7081,DRV749,562.3
TRP004967,MANDI-001,Export-Terminal,2026-06-12T04:18:25,12/06/2026,5.8,RJ39AB3158,DRV448,327.6
TRP002024,MANDI-032,WH-East,12/04/2026 21:53,2026-04-13 04:11:51,6.3,HR15AB9419,DRV130,330.1
TRP009350,MANDI-020,Export-Terminal,2026-04-19 16:10:17,04-20-2026 12:10 AM,8.0,HR45CD6929,DRV247,422.5
TRP007910,MANDI-019,WH-South,2026-02-01 11:05:37,2026-02-01T17:05:37,6.0,HR63BC9407,DRV319,264.2
TRP009068,MANDI-038,Export-Terminal,2026-04-21T03:22:58,21/04/2026 12:40,9.3,RJ28DF5145,DRV550,464.29870234650195
TRP007322,MANDI-011,WH-North,2026-07-24T12:02:08,24/07/2026 22:50,10.8,UP69AB1422,DRV757,572.9
TRP000227,MANDI-006,WH-West,2026-01-06 21:18:34,2026-01-07 09:06:34,11.8,,DRV679,607.798301284092
TRP001014,MANDI-055,WH-West,04/04/2026,04-04-2026 05:33 AM,4.1,UP62AB2635,DRV575,231.7
TRP001930,MANDI-033,WH-North,26-Jun-2026 21:07:16,27/06/2026 05:55,,UP28AB9098,DRV852,481.6
TRP005252,MANDI-031,Export-Terminal,15-Jun-2026 23:57:49,2026-06-16T16:27:49,16.5,DL94AB3033,DRV288,807.49774315055
TRP002180,MANDI-026,WH-East,03/04/2026 11:34,03/04/2026 15:52,4.3,HR12AB4822,DRV101,
TRP000698,MANDI-047,Export-Terminal,2026-02-21 20:39:09,2026-02-22 09:33:09,12.9,UP64CD7470,DRV708,691.7
TRP001125,MANDI-042,WH-South,12/01/2026 13:22,13-Jan-2026 10:22:49,21.0,DL54BC9729,,897.8
TRP007379,MANDI-047,WH-North,19/04/2026 10:18,2026-04-19 16:18:22,6.0,HR42BC3949,DRV574,255.2
TRP009768,MANDI-038,WH-South,29-Jan-2026 13:41:56,,15.2,DL28AB9114,DRV456,777.9
TRP005111,MANDI-017,WH-West,01/02/2026 00:42,2026-02-01 11:48:19,11.1,RJ49BC1480,DRV114,530.0
TRP007903,MANDI-001,WH-Central,21-Jul-2026 04:33:12,21-Jul-2026 16:57:12,12.4,RJ16BC2390,DRV713,
TRP001779,MANDI-018,WH-West,09/07/2026 22:14,10/07/2026 07:20,9.1,RJ56DF8897,DRV648,446.7
TRP008319,MANDI-047,WH-South,2026-06-26 18:38:42,2026-06-26 23:20:42,,HR90CD5658,DRV961,267.7
TRP002635,MANDI-049,Export-Terminal,2026-08-08T14:18:41,,16.0,DL35BC1836,DRV428,954.49733230613
TRP007545,MANDI-037,WH-North,2026-07-27T17:05:37,28-Jul-2026 08:47:37,15.7,PB71DF4050,DRV279,
TRP007605,MANDI-031,WH-East,2026-04-24T10:31:15,2026-04-25 05:25:15,18.9,RJ49CD6541,DRV679,
TRP003490,MANDI-054,WH-East,2026-05-12 21:49:43,,8.4,HR34BC4978,DRV771,469.19868865168803
TRP001038,MANDI-055,WH-South,27-Jan-2026 09:15:52,2026-01-28 03:21:52,18.1,PB69CD7419,DRV741,1064.49702487153
TRP008521,MANDI-049,WH-East,03-20-2026 12:18 AM,,3.3,HR61BC9202,DRV829,143.0
TRP002650,MANDI-012,WH-East,2026-08-08 09:18:28,2026-08-08 15:00:28,5.7,HR41AB1420,DRV879,250.3
TRP002980,MANDI-047,WH-Central,29/04/2026 04:01,2026-04-29 12:01:47,8.0,DL36CD8345,DRV165,457.8
TRP002548,MANDI-056,WH-West,2026-05-19T13:49:04,2026-05-20 04:25:04,14.6,RJ33DF5415,DRV719,854.0
TRP005133,MANDI-038,Export-Terminal,06-20-2026 01:43 PM,20/06/2026,8.0,HR79BC6348,,397.39888932263597
TRP002160,MANDI-042,WH-West,25/07/2026,26-Jul-2026 08:46:39,18.8,HR52CD7181,DRV148,923.9
TRP006446,MANDI-013,WH-East,2026-09-02 19:53:56,2026-09-03T10:29:56,14.6,HR78DF7485,DRV571,858.1
TRP003968,MANDI-042,WH-West,22-Mar-2026 09:58:33,22/03/2026 22:52,12.9,HR59CD3940,DRV992,756.897884570466
TRP001429,MANDI-014,Export-Terminal,04-10-2026 10:35 PM,11/04/2026,4.3,,,188.6
TRP008757,MANDI-021,WH-Central,2026-04-10T00:58:17,2026-04-10T23:58:17,23.0,HR76BC6357,DRV590,1208.3
TRP002521,MANDI-026,WH-Central,2026-04-18 21:57:04,,8.6,,DRV483,360.9
TRP008034,MANDI-039,WH-Central,03-17-2026 03:47 PM,2026-03-17 21:59:31,6.2,DL42BC6469,DRV180,290.3
TRP008980,MANDI-031,WH-North,17/04/2026 02:01,04-17-2026 04:55 PM,14.9,,DRV983,645.7
TRP002361,MANDI-045,WH-North,2026-04-18T22:33:15,04-19-2026 03:03 AM,4.5,PB18AB8135,,194.19945723818802
TRP000449,MANDI-052,WH-Central,2026-08-04 05:39:33,05/08/2026,21.5,DL36CD8850,DRV104,873.8
TRP008827,MANDI-023,Export-Terminal,13/08/2026 14:02,2026-08-14T13:14:44,23.2,,DRV369,1117.6
TRP005996,MANDI-014,WH-North,2026-01-30T09:27:51,31/01/2026,22.8,HR47DF1070,DRV350,1088.9
TRP008371,MANDI-029,Export-Terminal,2026-09-09 23:13:52,10/09/2026,12.2,HR62DF3508,DRV162,575.7
TRP003728,MANDI-042,WH-North,04-16-2026 10:53 PM,2026-04-17 13:17:21,14.4,UP38AB7137,,705.6
TRP007354,MANDI-020,WH-South,01-10-2026 05:16 PM,11-Jan-2026 07:58:55,14.7,HR19CD5935,DRV552,
TRP006280,MANDI-034,WH-West,12-Apr-2026 23:39:54,04-13-2026 08:27 PM,20.8,UP28AB9114,DRV309,1092.0
TRP009303,MANDI-015,WH-West,04-06-2026 05:33 AM,06/04/2026,9.9,DL93DF1766,DRV982,514.0
TRP007296,MANDI-052,Export-Terminal,06/07/2026 04:16,07-06-2026 10:04 AM,5.8,DL72DF8527,DRV639,300.79915930611196
TRP006252,MANDI-003,WH-East,2026-02-09T16:09:45,2026-02-10 14:27:45,22.3,PB30CD3030,DRV157,1012.5
TRP005927,MANDI-012,WH-North,09/07/2026 04:25,2026-07-10T02:37:20,22.2,HR76BC3302,DRV116,923.1
TRP002461,MANDI-051,WH-Central,2026-02-13 09:52:58,14-Feb-2026 05:46:58,19.9,PB41DF5106,DRV993,826.7
TRP000023,MANDI-022,Export-Terminal,28/08/2026 17:59,2026-08-29T06:47:30,12.8,RJ72AB3993,DRV798,625.9
TRP002067,MANDI-022,WH-East,17/03/2026 15:12,18-Mar-2026 03:24:54,12.2,,DRV174,669.7
TRP001654,MANDI-036,WH-Central,24-Feb-2026 05:26:40,24-Feb-2026 20:20:40,14.9,UP99AB3674,DRV348,645.6
TRP001377,MANDI-010,WH-Central,2026-07-06T09:31:28,,21.6,PB62DF6339,DRV731,1070.49700810237
TRP001725,MANDI-051,WH-West,2026-08-05T18:36:46,06-Aug-2026 17:48:46,23.2,PB53DF6801,DRV657,1233.4
TRP003755,MANDI-015,Export-Terminal,24/07/2026 19:10,,11.2,,DRV313,484.9
TRP004184,MANDI-032,WH-Central,2026-05-27T08:05:20,27/05/2026,15.1,RJ21CD9681,,604.3
TRP004083,MANDI-024,Export-Terminal,30-Mar-2026 21:46:39,2026-03-31 03:10:39,5.4,HR66CD9016,,
TRP006580,MANDI-031,Export-Terminal,01-30-2026 04:27 AM,30/01/2026 18:09,13.7,UP87DF9518,DRV270,
TRP004559,MANDI-034,WH-South,07/05/2026 14:54,08/05/2026 09:12,18.3,,DRV404,1051.6
TRP003538,MANDI-053,Export-Terminal,02-10-2026 10:09 PM,2026-02-11T13:57:48,15.8,DL60AB2259,,886.697521797638
TRP007004,MANDI-057,Export-Terminal,2026-09-07 14:49:38,2026-09-07T22:13:38,7.4,UP69BC3291,DRV446,419.2
TRP009848,MANDI-007,WH-West,06/07/2026 08:04,06/07/2026 23:46,,PB76BC5585,DRV639,896.7
TRP000647,MANDI-037,WH-South,2026-08-13 22:11:14,14/08/2026 18:59,20.8,RJ21CD8257,DRV284,1232.2
TRP006382,MANDI-047,WH-North,27-Jan-2026 17:47:43,01-28-2026 07:17 AM,13.5,HR53AB1547,DRV407,745.197917270328
TRP007528,MANDI-027,WH-East,01/09/2026 12:35,02-Sep-2026 12:23:51,23.8,UP46DF8518,DRV207,1363.1
TRP003146,MANDI-036,WH-East,2026-06-11T07:40:10,06-12-2026 12:46 AM,17.1,UP74CD9506,DRV272,720.1
TRP007166,MANDI-018,WH-East,20/04/2026 11:17,20-Apr-2026 13:35:26,2.3,DL45AB4525,,92.3
TRP009330,MANDI-008,WH-West,2026-08-01T18:16:26,,4.0,,DRV841,223.8
TRP007698,MANDI-012,WH-South,2026-04-30T15:31:34,30/04/2026 22:25,6.9,PB28BC2783,DRV925,310.5
TRP009782,MANDI-028,WH-East,2026-03-21T11:05:48,2026-03-22 02:11:48,15.1,UP78BC7812,DRV428,681.1
TRP004876,MANDI-056,WH-North,02-Aug-2026 19:26:50,02/08/2026,4.0,HR58DF5348,,181.2
TRP008941,MANDI-013,WH-West,08/07/2026,2026-07-08 20:24:07,17.0,PB31BC2250,DRV220,781.7
TRP005342,MANDI-032,WH-East,07/09/2026,08/09/2026 01:50,3.6,DL80BC4618,DRV704,
TRP007032,MANDI-020,WH-East,28/02/2026 22:35,01/03/2026,16.4,,DRV189,814.097724704474
TRP002161,MANDI-017,WH-South,12/06/2026 12:07,13-Jun-2026 03:37:04,15.5,HR76DF1079,DRV331,
TRP000686,MANDI-016,WH-South,03-Apr-2026 14:46:20,04/04/2026,18.0,HR14CD8036,,1039.797093904572
TRP002462,MANDI-030,WH-South,05-03-2026 03:19 PM,05-03-2026 09:25 PM,,PB17AB3344,DRV382,362.3
TRP007129,MANDI-046,Export-Terminal,02/05/2026,2026-05-03 05:52:48,6.3,,DRV443,356.3
TRP006268,MANDI-011,WH-North,2026-04-26T21:00:24,27/04/2026 09:36,12.6,UP46AB6544,DRV373,740.9979290087399
TRP004942,MANDI-011,WH-North,2026-02-12 21:24:21,13/02/2026 19:24,22.0,HR29CD9363,DRV122,1144.6
TRP005947,MANDI-016,WH-Central,2026-01-22 03:45:00,,11.7,UP68DF2788,DRV300,580.8
TRP004584,MANDI-053,WH-West,27-Apr-2026 14:06:52,2026-04-27 17:06:52,3.0,RJ43DF7922,DRV123,134.7
TRP005785,MANDI-043,Export-Terminal,04-15-2026 04:55 PM,,5.4,PB43DF3005,,275.4
TRP007570,MANDI-015,WH-South,03-06-2026 05:51 AM,,17.3,RJ52BC4049,DRV673,750.6
TRP000522,MANDI-053,WH-South,16-Jul-2026 20:02:03,17/07/2026 06:56,,DL23DF9228,,
TRP003984,MANDI-021,WH-East,17/04/2026,,9.7,RJ70BC3537,DRV935,393.09890134053404
TRP009943,MANDI-032,WH-Central,14/08/2026,2026-08-15 01:42:05,,RJ78CD3659,DRV679,488.5
TRP000781,MANDI-013,Export-Terminal,2026-08-15 20:07:14,16-Aug-2026 07:25:14,,DL55BC1482,DRV909,500.098602290514
TRP008564,MANDI-056,WH-West,05-30-2026 04:30 PM,05-31-2026 03:12 AM,,,DRV363,610.2
TRP005608,MANDI-032,WH-North,21-Feb-2026 10:26:44,2026-02-21T20:26:44,10.0,DL88AB1727,DRV275,
TRP005979,MANDI-038,WH-South,27/07/2026,28/07/2026 00:18,8.6,UP97BC9560,DRV500,
TRP003748,MANDI-006,Export-Terminal,2026-02-20 16:03:23,21-Feb-2026 13:27:23,21.4,PB54CD5053,DRV716,901.6
TRP002197,MANDI-033,Export-Terminal,21/05/2026,05-21-2026 04:48 PM,11.9,,DRV866,656.6
TRP005267,MANDI-011,WH-Central,04-16-2026 01:01 PM,04-16-2026 03:43 PM,2.7,DL27CD4962,,141.6
TRP004286,MANDI-052,WH-South,08/07/2026,09/07/2026 11:24,15.8,RJ54CD1824,DRV687,746.0
TRP006980,MANDI-002,WH-South,09/08/2026 23:36,,20.7,HR50DF7280,DRV804,1099.996925654
TRP001828,MANDI-054,Export-Terminal,2026-07-28 20:25:41,29/07/2026 10:01,,DL21DF5088,DRV180,717.2
TRP001189,MANDI-005,WH-East,26/03/2026 03:56,26-Mar-2026 14:50:44,10.9,RJ93DF9913,DRV138,487.0
TRP002377,MANDI-049,WH-South,21/07/2026 02:27,21/07/2026,,UP24AB5000,DRV169,1068.4
TRP003840,MANDI-004,Export-Terminal,28/03/2026,28-Mar-2026 17:54:05,,UP47AB6192,,192.0
TRP001247,MANDI-028,WH-North,2026-01-03 21:20:09,04/01/2026 19:44,22.4,PB41DF3429,DRV864,1264.7
TRP007505,MANDI-033,Export-Terminal,26/08/2026 07:58,26/08/2026,6.3,RJ57DF9819,DRV201,359.898994129886
TRP006512,MANDI-021,WH-North,11/03/2026,11/03/2026,14.0,PB46BC8311,,724.0
TRP005440,MANDI-028,WH-South,2026-07-10T02:29:59,10/07/2026 12:53,10.4,UP67DF9359,DRV159,546.6
TRP009614,MANDI-038,WH-South,08/08/2026 17:16,2026-08-08 19:52:32,2.6,HR27BC3593,DRV739,147.0
TRP005511,MANDI-037,WH-South,04-03-2026 01:35 PM,03-Apr-2026 22:35:03,9.0,PB72CD1182,DRV669,537.0
TRP005331,MANDI-043,WH-West,2026-01-21 19:19:38,2026-01-22 11:19:38,16.0,PB95DF7510,DRV278,876.6
TRP004532,MANDI-009,WH-South,2026-02-08T16:51:51,08-Feb-2026 20:51:51,4.0,HR71BC8270,DRV489,218.4
TRP000366,MANDI-046,Export-Terminal,2026-08-04 19:00:13,,21.7,,DRV774,1149.1
TRP003313,MANDI-003,WH-North,05-11-2026 05:26 PM,2026-05-12 15:38:53,22.2,,DRV403,1207.2966257655219
TRP000148,MANDI-037,Export-Terminal,10/02/2026 15:33,11-Feb-2026 06:09:16,14.6,UP68BC9093,DRV261,788.197797091348
TRP001669,MANDI-021,WH-Central,2026-04-23T15:46:47,23/04/2026,4.2,PB53DF3715,DRV633,227.5
TRP009202,MANDI-039,WH-South,2026-07-11 23:38:28,,5.0,DL96DF4204,DRV987,252.8
TRP007651,MANDI-023,WH-West,22-Apr-2026 05:02:07,22/04/2026 07:38,2.6,DL43CD4471,DRV947,
TRP007789,MANDI-045,WH-North,2026-03-24T00:41:38,2026-03-24 16:41:38,,UP92AB6289,DRV971,938.3
TRP003457,MANDI-055,WH-North,21/08/2026 19:39,2026-08-22T14:15:29,18.6,RJ75DF7177,DRV136,1002.99719675542
TRP003272,MANDI-043,WH-South,09/01/2026 04:06,2026-01-09 16:30:23,12.4,RJ44BC2002,DRV816,677.298107041322
TRP004941,MANDI-024,WH-North,18/01/2026 07:26,2026-01-19 04:56:31,21.5,,DRV951,
TRP006231,MANDI-020,WH-North,08/06/2026 22:07,09-Jun-2026 20:55:42,22.8,,,1291.3
TRP009265,MANDI-031,WH-Central,2026-04-05T09:47:48,2026-04-05 21:35:48,11.8,,DRV205,
TRP008450,MANDI-053,Export-Terminal,05-Aug-2026 12:55:42,08-06-2026 08:37 AM,19.7,DL10AB7087,DRV696,869.3
TRP003927,MANDI-044,Export-Terminal,30-Aug-2026 13:39:37,30/08/2026 16:09,2.5,DL53CD4188,,111.5
TRP008889,MANDI-048,WH-Central,2026-02-04 21:57:27,,14.8,UP63DF4402,DRV734,761.6
TRP008081,MANDI-027,WH-South,2026-01-08 15:54:55,09-Jan-2026 15:30:55,23.6,DL84BC6541,DRV278,1413.5
TRP000079,MANDI-023,WH-West,28/07/2026,2026-07-28 22:33:52,21.5,HR60AB1135,DRV850,1212.3
TRP007089,MANDI-037,WH-West,12/06/2026,12/06/2026 23:25,19.8,DL94BC7994,DRV540,
TRP002248,MANDI-045,WH-East,2026-05-19T17:52:53,20/05/2026,18.9,HR20CD6946,DRV739,911.7
TRP008798,MANDI-043,WH-South,25-Jan-2026 01:01:49,25/01/2026,22.3,,DRV512,1000.2
TRP004774,MANDI-036,WH-East,2026-02-14 15:04:22,15/02/2026 10:58,19.9,RJ23AB3423,DRV785,814.49772358653
TRP007452,MANDI-009,Export-Terminal,10/08/2026 02:22,10/08/2026,8.2,DL97DF4694,DRV267,396.198892676468
TRP002280,MANDI-005,WH-West,08-06-2026 12:22 AM,,20.7,,,856.2
TRP008124,MANDI-019,WH-West,19/01/2026,2026-01-20 08:59:02,12.2,UP49BC1167,DRV212,651.49817914871
TRP003898,MANDI-056,WH-West,15/07/2026 16:13,,,DL24CD2488,DRV466,304.3
TRP007178,MANDI-056,Export-Terminal,27-Jan-2026 15:00:41,01-28-2026 12:48 AM,9.8,PB58CD6718,DRV185,392.7
TRP009831,MANDI-054,WH-Central,05/06/2026 03:46,2026-06-05T08:10:39,4.4,HR93BC9854,,221.29938149748202
TRP003632,MANDI-001,Export-Terminal,04-Apr-2026 20:38:22,05/04/2026,15.5,DL87DF8179,DRV958,785.6
TRP008971,MANDI-002,WH-Central,02-16-2026 03:53 PM,17-Feb-2026 06:11:57,14.3,,DRV810,632.2
TRP006273,MANDI-005,WH-West,05/03/2026,06-Mar-2026 10:22:31,20.0,,DRV383,1108.5
TRP000393,MANDI-041,WH-West,2026-01-04 12:42:14,04/01/2026 21:24,8.7,DL15DF2199,DRV819,511.8
TRP003192,MANDI-056,WH-Central,08/06/2026 06:44,08/06/2026 16:08,,RJ81CD2283,DRV246,513.6
TRP000017,MANDI-002,Export-Terminal,12-Jul-2026 15:43:05,13/07/2026 14:43,23.0,HR47CD6280,DRV334,1379.0
TRP004201,MANDI-007,WH-West,20-Jul-2026 09:10:04,2026-07-21T03:40:04,18.5,RJ45DF4677,DRV252,888.6
TRP002673,MANDI-009,WH-East,2026-03-10T11:23:05,10/03/2026 18:59,7.6,RJ77CD4950,DRV956,374.1
TRP006165,MANDI-010,WH-Central,2026-06-23 09:45:37,23/06/2026 23:03,13.3,,DRV201,607.1
TRP003494,MANDI-038,WH-West,05-15-2026 11:16 AM,2026-05-15 21:40:01,10.4,PB80CD5597,DRV665,560.7
TRP007395,MANDI-036,WH-North,2026-01-30T16:02:17,2026-01-31T08:02:17,16.0,DL69DF4608,DRV389,778.3
TRP004840,MANDI-019,Export-Terminal,23-Jan-2026 20:47:48,01-24-2026 01:29 PM,16.7,PB41BC5554,DRV108,694.9
TRP000594,MANDI-020,WH-South,31/08/2026 17:30,09-01-2026 02:00 PM,20.5,PB51CD1186,DRV185,995.1
TRP009687,MANDI-001,WH-East,06-Apr-2026 04:12:25,06/04/2026 10:48,6.6,DL76DF6023,,315.8
TRP005828,MANDI-047,WH-South,02/08/2026 17:46,02-Aug-2026 21:58:02,4.2,,,249.4
TRP007962,MANDI-021,WH-Central,2026-07-13T04:21:19,,3.2,UP53CD3625,DRV351,129.99963666820003
TRP005888,MANDI-018,WH-West,2026-06-05T16:21:29,2026-06-06 08:33:29,16.2,UP49AB2378,DRV617,
TRP002356,MANDI-053,WH-West,2026-08-09 22:38:30,10/08/2026 11:50,13.2,DL52AB6830,DRV930,605.6983071532981
TRP006037,MANDI-055,WH-North,05/09/2026 20:54,06/09/2026 02:12,5.3,PB50CD2070,DRV113,229.199359418088
TRP004799,MANDI-045,WH-Central,2026-06-12T11:03:19,06-13-2026 02:27 AM,15.4,HR76DF2706,DRV404,908.8
TRP008993,MANDI-045,WH-East,08-10-2026 05:22 PM,,19.2,RJ19CD1916,DRV131,865.3
TRP004593,MANDI-031,WH-East,08-Jun-2026 04:31:19,2026-06-08T21:01:19,16.5,RJ80CD5351,DRV612,820.6
TRP000164,MANDI-048,Export-Terminal,2026-08-29 09:07:09,29-Aug-2026 15:43:09,6.6,PB96AB9004,DRV399,281.6
TRP009632,MANDI-051,Export-Terminal,2026-08-03T16:13:29,2026-08-04T06:07:29,13.9,RJ31CD1073,DRV205,805.1
TRP009811,MANDI-044,WH-Central,08-23-2026 12:01 PM,08-24-2026 07:01 AM,19.0,,,828.5
TRP008895,MANDI-040,WH-Central,01-Jun-2026 03:31:30,06-02-2026 12:01 AM,20.5,RJ77BC8905,DRV117,1197.9
TRP007381,MANDI-002,WH-South,2026-01-14T12:44:07,2026-01-15 06:44:07,18.0,UP50BC8694,,873.7
TRP006357,MANDI-045,WH-East,02-Apr-2026 17:17:15,,23.2,DL94AB2788,,
TRP005543,MANDI-029,WH-North,2026-03-03T13:03:27,04/03/2026 05:15,,,,926.2
TRP006008,MANDI-029,Export-Terminal,2026-03-10T00:38:50,2026-03-10 08:56:50,8.3,UP34AB9780,DRV387,342.6
TRP007994,MANDI-033,Export-Terminal,13/03/2026 20:40,14/03/2026 15:22,18.7,DL47BC9825,DRV453,761.9
TRP007639,MANDI-027,Export-Terminal,09/09/2026,2026-09-10 11:33:43,22.7,PB65AB6443,DRV907,1273.6
TRP006794,MANDI-031,WH-West,31/01/2026 13:27,01-Feb-2026 07:45:48,18.3,HR84AB8046,DRV638,987.5
TRP007759,MANDI-049,WH-South,27/04/2026 09:44,27/04/2026 19:56,10.2,HR41BC3942,DRV874,
TRP004838,MANDI-014,WH-East,2026-08-25 02:36:21,2026-08-25T06:24:21,3.8,DL89DF6998,DRV160,
TRP002294,MANDI-006,WH-Central,20-Aug-2026 19:17:10,20-Aug-2026 23:47:10,4.5,RJ51AB5617,DRV307,
TRP006549,MANDI-031,Export-Terminal,05/05/2026 19:18,06/05/2026 01:54,6.6,UP60CD2310,,274.799231972472
TRP007899,MANDI-013,WH-South,2026-08-21T09:23:39,2026-08-21 20:41:39,,PB98CD2483,DRV146,520.6
TRP004482,MANDI-018,Export-Terminal,2026-03-05 07:45:27,06/03/2026 05:33,21.8,UP72DF2065,DRV135,
TRP003717,MANDI-044,WH-Central,2026-07-13T14:23:12,14/07/2026 04:47,14.4,PB76BC8696,DRV241,612.8
TRP006141,MANDI-029,WH-North,2026-04-27T06:41:32,2026-04-28T00:17:32,,UP21BC2919,DRV407,805.8
TRP001550,MANDI-048,WH-North,2026-07-08 08:04:18,08-Jul-2026 14:58:18,6.9,,DRV167,297.9
TRP002045,MANDI-019,WH-Central,2026-02-20 22:00:01,21/02/2026 21:48,23.8,UP28BC7636,,1248.4
TRP000768,MANDI-044,WH-East,20/03/2026,2026-03-21T02:26:53,13.3,PB14BC1498,DRV456,639.7
TRP005694,MANDI-001,WH-East,14/06/2026 16:11,,16.6,PB14BC7321,DRV550,684.3
TRP007871,MANDI-030,WH-North,18/01/2026,,11.9,UP58BC6298,DRV759,709.3
TRP007858,MANDI-019,WH-South,2026-01-23 15:19:27,01-23-2026 11:13 PM,7.9,PB26BC1511,DRV625,329.8
TRP003303,MANDI-029,WH-Central,2026-04-17 01:16:07,2026-04-17T15:22:07,14.1,RJ18BC5288,DRV863,
TRP004518,MANDI-026,WH-North,2026-07-27T06:56:56,2026-07-27T14:44:56,7.8,PB13AB1322,DRV138,382.0989320839941
TRP009442,MANDI-011,WH-North,20/07/2026 07:19,20-Jul-2026 19:25:04,12.1,DL47AB4796,DRV664,621.298263553482
TRP003293,MANDI-018,WH-South,2026-06-29 06:46:53,2026-06-29 16:28:53,9.7,DL70DF9251,DRV972,401.4
TRP001404,MANDI-034,WH-South,18/02/2026,19/02/2026,,HR99BC2336,DRV161,995.8
TRP001383,MANDI-050,WH-North,04-13-2026 06:00 AM,2026-04-13T20:30:19,14.5,RJ32DF7834,DRV753,590.99834823774
TRP006929,MANDI-044,WH-North,16-Jan-2026 07:42:14,2026-01-16T12:18:14,4.6,,DRV184,244.6
TRP005672,MANDI-056,WH-North,2026-04-19T06:00:50,19/04/2026,3.4,UP52CD2585,DRV494,
TRP001639,MANDI-010,WH-South,07/03/2026 15:41,03-08-2026 05:47 AM,14.1,HR42CD2190,DRV946,693.6
TRP006908,MANDI-026,Export-Terminal,2026-01-23 18:39:58,24/01/2026 10:21,15.7,RJ76CD4009,DRV535,830.49767886877
TRP006407,MANDI-006,WH-North,27/03/2026,,22.3,DL58DF1488,,1218.8
TRP001180,MANDI-054,WH-North,25/02/2026 21:03,2026-02-26 19:57:30,22.9,HR57DF4111,DRV816,994.097221629674
TRP005449,MANDI-056,WH-Central,2026-06-11 15:02:53,12/06/2026,21.8,UP82DF7822,DRV895,1069.5
TRP005079,MANDI-010,WH-West,2026-03-04T04:05:21,2026-03-04 18:29:21,14.4,HR31AB7047,,690.7
TRP005176,MANDI-048,Export-Terminal,01-19-2026 10:35 PM,,13.3,UP27AB6231,DRV514,762.697868360278
TRP000690,MANDI-007,Export-Terminal,24-Jan-2026 00:42:50,24-Jan-2026 21:30:50,20.8,RJ99CD3567,DRV602,1212.2
TRP009210,MANDI-001,WH-West,2026-06-17 03:04:15,17/06/2026 20:16,17.2,RJ43BC2131,DRV776,823.8
TRP006526,MANDI-026,WH-West,29-May-2026 21:54:02,30/05/2026,12.0,,,690.1980709876281
TRP009784,MANDI-051,WH-East,21/08/2026,2026-08-22 01:31:43,11.3,PB10DF4182,DRV183,627.2
TRP006489,MANDI-054,WH-South,05-17-2026 05:09 AM,2026-05-17T19:09:34,14.0,UP81DF2725,,679.6
TRP007155,MANDI-011,WH-North,2026-02-26 21:03:33,02-27-2026 04:15 AM,7.2,HR40AB7998,,418.3
TRP008759,MANDI-030,Export-Terminal,07-31-2026 03:12 AM,07-31-2026 05:30 PM,14.3,HR74AB7214,DRV599,716.3
TRP006611,MANDI-020,WH-West,15/04/2026 18:41,2026-04-16 14:41:05,20.0,HR40CD5096,DRV424,1100.5
TRP008913,MANDI-045,Export-Terminal,21-Jan-2026 06:13:44,21/01/2026 15:49,9.6,HR17CD3015,DRV366,
TRP004350,MANDI-016,WH-South,04-03-2026 02:07 PM,03-Apr-2026 21:55:25,7.8,PB77AB7180,DRV418,461.9
TRP001885,MANDI-055,WH-North,2026-08-15 05:43:04,16-Aug-2026 04:25:04,22.7,PB55DF5777,DRV617,
TRP008987,MANDI-021,WH-North,29/03/2026 12:15,29-Mar-2026 19:09:23,6.9,RJ23CD1193,DRV561,282.2
TRP002495,MANDI-011,WH-North,14-Feb-2026 06:34:54,15/02/2026,18.9,RJ25BC1166,DRV314,850.0
TRP005948,MANDI-044,WH-Central,2026-07-26 07:54:01,26-Jul-2026 20:48:01,12.9,RJ60DF1835,DRV297,698.7
TRP003037,MANDI-030,WH-East,2026-03-06 11:13:18,,11.6,,DRV779,468.5
TRP005778,MANDI-031,WH-East,2026-09-07 03:04:49,,8.8,DL74DF8721,DRV800,523.8
TRP000846,MANDI-056,WH-West,2026-07-23 03:41:25,07-23-2026 11:23 PM,19.7,UP27DF1617,DRV880,1043.6
TRP007968,MANDI-037,WH-North,29/08/2026,08-30-2026 05:28 PM,20.0,HR94CD2514,DRV872,1063.9
TRP008822,MANDI-052,WH-West,2026-08-03 23:52:42,2026-08-04T04:52:42,5.0,RJ62DF1982,DRV861,238.6
TRP007341,MANDI-003,WH-West,2026-04-29T15:45:57,2026-04-30 08:39:57,16.9,HR63AB6180,DRV154,1009.4
TRP009371,MANDI-050,WH-East,2026-03-23 16:00:12,24/03/2026,23.7,UP39CD5722,DRV189,1236.7
TRP009075,MANDI-018,WH-South,04/06/2026,05/06/2026,11.3,HR74BC7875,DRV963,
TRP007138,MANDI-030,WH-North,2026-03-06T06:11:07,03-06-2026 11:17 PM,17.1,PB31BC3051,DRV203,1002.4
TRP002965,MANDI-046,Export-Terminal,08-Jul-2026 11:50:53,,6.7,UP81DF9038,,326.299088037182
TRP002530,MANDI-008,WH-East,2026-02-21T08:51:23,,13.5,PB59AB1872,DRV190,777.1
TRP005773,MANDI-051,Export-Terminal,14/02/2026 05:55,14/02/2026 18:49,12.9,,DRV945,738.8
TRP001049,MANDI-053,WH-Central,2026-08-15 18:37:12,16/08/2026 04:13,9.6,,DRV696,557.2
TRP007046,MANDI-019,WH-East,01/03/2026,2026-03-01 12:08:27,,RJ70CD7844,DRV257,698.1
TRP001961,MANDI-044,WH-Central,03-Apr-2026 02:01:54,03/04/2026 14:43,,PB79AB9692,DRV449,740.3
TRP002531,MANDI-008,Export-Terminal,16-Jul-2026 09:31:54,07-17-2026 08:07 AM,22.6,PB43BC7505,DRV847,1055.0
TRP008430,MANDI-007,WH-East,2026-03-09 00:09:23,03-09-2026 02:15 AM,2.1,PB73DF8615,DRV299,92.699740916478
TRP004918,MANDI-051,WH-North,19/07/2026 23:35,20/07/2026,,RJ10DF6926,DRV322,571.898401619566
TRP005902,MANDI-009,WH-South,06-Mar-2026 11:21:52,03-07-2026 05:15 AM,17.9,,DRV483,849.3
TRP008287,MANDI-001,WH-North,2026-06-17 22:32:53,18/06/2026 15:44,17.2,PB33AB8740,DRV444,
TRP004260,MANDI-055,Export-Terminal,2026-03-27T21:12:52,2026-03-28 20:42:52,23.5,DL13DF9939,,1084.3
TRP005657,MANDI-010,WH-North,04-Apr-2026 12:53:15,2026-04-05 04:59:15,16.1,,DRV942,743.7
TRP006098,MANDI-044,WH-West,22/08/2026 21:53,08-23-2026 03:17 PM,,RJ24BC5571,DRV200,
TRP005908,MANDI-009,WH-West,04-04-2026 07:46 PM,04/04/2026 22:34,2.8,,,143.3
TRP007374,MANDI-021,WH-South,25-Jul-2026 03:17:47,2026-07-25T19:11:47,,DL78CD2900,DRV940,670.3
TRP002979,MANDI-012,WH-South,17-Jun-2026 18:21:36,2026-06-18 06:51:36,,,DRV193,711.9
TRP009219,MANDI-030,WH-West,12/07/2026,13/07/2026 03:46,21.5,DL91CD5026,,899.8
TRP009673,MANDI-020,WH-East,2026-08-02 18:39:36,08-02-2026 09:39 PM,3.0,DL10CD8128,DRV961,154.199569032588
TRP006722,MANDI-037,WH-Central,2026-04-01T20:22:27,2026-04-02T04:16:27,7.9,RJ59BC2200,DRV955,378.89894102754596
TRP007843,MANDI-055,WH-South,14/03/2026 23:17,15/03/2026,,UP18AB7938,DRV204,740.9
TRP008265,MANDI-018,WH-South,2026-08-07 08:49:15,07/08/2026,9.4,DL47CD6042,DRV385,518.2
TRP009119,MANDI-051,WH-East,2026-09-01 18:35:42,01/09/2026 20:47,2.2,UP80BC6712,DRV475,110.7
TRP003139,MANDI-028,WH-South,2026-09-08 10:48:44,09-Sep-2026 02:36:44,15.8,HR24BC9889,DRV132,898.7
TRP008326,MANDI-009,WH-North,03-May-2026 07:12:45,04/05/2026,,,DRV445,1126.1
TRP007754,MANDI-020,WH-West,02-21-2026 07:43 AM,2026-02-21 19:43:41,12.0,UP54DF3863,DRV130,506.69858384443796
TRP001827,MANDI-012,Export-Terminal,21-Mar-2026 13:38:11,2026-03-22T09:56:11,20.3,PB51BC7522,DRV798,1185.1
TRP005549,MANDI-001,WH-South,2026-02-15T22:22:36,16-Feb-2026 20:04:36,21.7,RJ74DF2019,,1079.8
TRP000561,MANDI-049,WH-South,2026-02-01 03:15:15,,7.8,UP37CD2873,DRV763,325.4
TRP009162,MANDI-031,WH-North,15/01/2026 14:15,01-15-2026 05:33 PM,3.3,UP90AB9579,,
TRP008436,MANDI-003,WH-South,10/08/2026,2026-08-11 23:37:32,23.9,PB70BC2844,DRV468,1333.1
TRP005436,MANDI-040,WH-North,2026-01-04 00:26:21,01-04-2026 10:38 PM,22.2,UP82AB9045,DRV560,952.6
TRP004438,MANDI-035,WH-East,27/05/2026 01:41,2026-05-27T21:17:35,19.6,UP70DF5617,DRV995,
TRP001443,MANDI-026,WH-South,2026-04-14T14:33:41,2026-04-14 18:15:41,3.7,,DRV260,170.3
TRP008454,MANDI-025,WH-Central,27-Jan-2026 20:04:42,28/01/2026,22.9,,DRV736,1319.9
TRP004407,MANDI-031,WH-South,2026-03-27 01:39:08,28/03/2026,,HR88AB9086,,1412.3
TRP009914,MANDI-043,Export-Terminal,2026-09-05 18:43:32,06/09/2026 04:19,9.6,,DRV384,560.99843208354
TRP001690,MANDI-049,WH-Central,02-Aug-2026 14:14:06,2026-08-03 03:32:06,13.3,RJ44BC9103,DRV584,707.1
TRP007229,MANDI-014,WH-North,08/06/2026,2026-06-09 08:34:02,22.1,PB70BC2731,DRV858,1202.2
TRP009357,MANDI-013,WH-East,03-30-2026 06:51 PM,,17.7,,DRV771,935.7
TRP005963,MANDI-022,WH-North,15/08/2026 19:38,16-Aug-2026 19:14:56,23.6,DL54BC9804,DRV675,1032.2
TRP002497,MANDI-026,WH-West,2026-04-30 09:37:14,30/04/2026 19:37,10.0,PB25DF2607,DRV520,
TRP008531,MANDI-044,WH-Central,2026-06-10T01:09:15,10/06/2026 18:57,,DL69BC6181,DRV493,810.4
TRP000341,MANDI-031,WH-South,2026-03-10T13:43:38,03-10-2026 04:55 PM,3.2,UP77BC3632,DRV965,157.799558971092
TRP002409,MANDI-039,WH-North,06-27-2026 09:56 PM,28/06/2026,16.7,PB95DF1053,DRV226,687.9
TRP008693,MANDI-035,WH-Central,01/01/2026 01:10,2026-01-01 16:58:40,,PB71CD1350,,914.3
TRP005783,MANDI-018,WH-Central,2026-06-15T23:04:39,16/06/2026,5.9,,DRV665,345.399034655356
TRP004577,MANDI-013,Export-Terminal,2026-06-15 14:15:33,16/06/2026,16.8,HR90DF7402,DRV583,1000.7
TRP003726,MANDI-014,WH-North,06/07/2026 04:25,2026-07-06 08:01:36,3.6,,DRV796,176.7
TRP002786,MANDI-033,WH-Central,03/03/2026 21:54,,5.5,UP85CD6458,DRV205,301.1
TRP001013,MANDI-042,WH-South,04-Feb-2026 21:19:00,2026-02-05 05:37:00,8.3,RJ77CD4907,DRV387,464.9
TRP005281,MANDI-042,WH-West,24-Jan-2026 20:02:48,2026-01-25T09:38:48,13.6,RJ92AB3628,DRV179,
TRP004896,MANDI-055,WH-West,2026-02-11 03:05:07,11-Feb-2026 17:47:07,14.7,DL80CD9686,,811.7
TRP007122,MANDI-025,WH-South,21/08/2026 07:49,22-Aug-2026 03:37:53,19.8,HR75CD5561,DRV404,809.8
TRP006550,MANDI-032,WH-South,2026-07-06 21:44:34,07/07/2026 20:20,22.6,DL89BC6231,DRV349,1186.5
TRP004038,MANDI-028,WH-South,03/09/2026 23:12,04/09/2026 03:30,4.3,UP74BC8246,,211.4
TRP000149,MANDI-053,WH-South,2026-06-09 03:31:53,09/06/2026 09:49,6.3,,DRV767,335.4
TRP000286,MANDI-049,WH-East,2026-03-05T10:44:41,2026-03-05T22:32:41,11.8,PB68DF1657,DRV352,608.5
TRP006631,MANDI-046,WH-West,01-26-2026 09:09 AM,27/01/2026 04:15,19.1,PB61DF1670,DRV635,
TRP008745,MANDI-047,WH-West,21/05/2026 05:22,21/05/2026 10:40,5.3,,DRV406,296.09917244195407
TRP006771,MANDI-028,WH-East,25/08/2026 08:19,,15.5,,,816.3
TRP004444,MANDI-017,WH-North,05/04/2026 02:05,05/04/2026,3.5,HR57CD6784,DRV955,157.1
TRP007447,MANDI-034,WH-East,2026-06-15 15:36:47,06-16-2026 10:54 AM,19.3,DL42BC3909,DRV443,1108.3
TRP000237,MANDI-040,WH-Central,11/08/2026 13:59,2026-08-12 13:35:07,23.6,,DRV264,1272.1
TRP009971,MANDI-051,WH-Central,13/03/2026,03-13-2026 06:09 PM,14.2,HR89BC1097,DRV394,576.898387645266
TRP007124,MANDI-017,WH-North,12/05/2026 20:35,05-13-2026 10:05 AM,13.5,DL60BC5399,DRV238,585.6983630504981
TRP008691,MANDI-039,Export-Terminal,10-Apr-2026 06:17:58,10-Apr-2026 14:17:58,8.0,PB48AB5968,DRV956,361.3
TRP003084,MANDI-049,WH-West,08/04/2026 15:52,09/04/2026,,UP48BC4843,DRV236,1145.8967973699262
TRP000633,MANDI-001,WH-Central,18-Feb-2026 11:13:22,2026-02-18 20:13:22,,UP24DF5476,DRV473,435.398783117956
TRP006814,MANDI-053,WH-North,30/05/2026 13:54,2026-05-30 19:00:47,5.1,DL19AB8443,DRV141,213.6
TRP002494,MANDI-057,WH-Central,01/08/2026 05:24,01/08/2026 16:12,10.8,PB83DF8215,DRV774,571.7
TRP002666,MANDI-028,Export-Terminal,07-23-2026 02:36 PM,,11.0,,DRV259,647.298190887122
TRP008832,MANDI-052,WH-Central,14/05/2026,15-May-2026 00:14:32,,RJ89BC4414,DRV708,1010.7
TRP008760,MANDI-005,WH-South,10-Mar-2026 18:14:07,03-11-2026 02:20 AM,8.1,UP80CD8303,,363.9
TRP009916,MANDI-057,Export-Terminal,05/04/2026 08:47,2026-04-06 05:05:17,20.3,DL24BC1552,DRV378,1046.5
TRP004212,MANDI-004,WH-South,19/06/2026,2026-06-20 04:01:18,,DL24BC4859,DRV718,737.9
TRP003875,MANDI-040,WH-South,17/05/2026 16:07,05-17-2026 10:07 PM,6.0,PB88DF3910,,285.5
TRP002818,MANDI-008,WH-South,2026-01-09T05:06:30,09/01/2026,13.9,RJ29DF4581,,715.7
TRP008601,MANDI-028,WH-Central,2026-06-03 15:17:24,2026-06-04 06:41:24,15.4,RJ70CD7568,,620.8
TRP000519,MANDI-040,WH-South,06-25-2026 09:20 AM,26/06/2026,18.8,RJ15DF1359,DRV555,1043.2
TRP009343,MANDI-004,WH-North,04-26-2026 02:37 PM,2026-04-27 04:13:07,,RJ78DF6777,DRV357,700.4
TRP007427,MANDI-001,WH-North,2026-07-10 21:27:16,07-11-2026 04:03 AM,6.6,DL71CD1631,DRV229,374.798952486472
TRP008949,MANDI-048,WH-Central,2026-06-25T20:00:12,2026-06-25T22:12:12,2.2,PB24CD7299,DRV964,112.3
TRP008812,MANDI-056,WH-Central,06/02/2026 21:17,07/02/2026 01:41,4.4,DL67CD3719,DRV701,208.5
TRP009569,MANDI-044,Export-Terminal,21/01/2026,22-Jan-2026 05:53:44,14.1,PB20BC8108,DRV105,705.0
TRP001736,MANDI-032,WH-East,06-14-2026 07:00 AM,14/06/2026 12:06,,DL53CD3718,DRV324,232.7
TRP007398,MANDI-007,WH-South,03-06-2026 04:45 PM,2026-03-07T13:51:45,21.1,,DRV742,898.0
TRP004256,MANDI-014,WH-West,2026-07-22 09:20:28,23/07/2026 06:32,21.2,PB29CD6571,DRV212,1254.396494127616
TRP008621,MANDI-023,Export-Terminal,2026-05-19 18:17:32,2026-05-20T18:17:32,24.0,RJ31DF7797,DRV533,1177.8
TRP002476,MANDI-056,WH-Central,2026-03-02 18:05:43,2026-03-02T20:35:43,2.5,DL41AB3629,DRV305,
TRP001254,MANDI-041,WH-South,2026-08-01 08:26:46,,18.2,,,1013.2
TRP003714,MANDI-045,Export-Terminal,21/01/2026 23:36,22/01/2026 05:00,5.4,RJ80AB2912,DRV958,235.7
TRP009341,MANDI-043,WH-Central,2026-03-22 01:14:13,2026-03-22 07:44:13,6.5,PB85BC4007,DRV211,313.5
TRP001805,MANDI-022,WH-Central,31/07/2026,2026-08-01T02:54:50,17.3,UP54DF2553,DRV956,947.7
TRP000708,MANDI-015,WH-East,29/07/2026 06:10,2026-07-29T19:10:58,13.0,UP88DF4081,DRV463,684.2
TRP009561,MANDI-005,Export-Terminal,21-Jan-2026 20:40:37,22/01/2026 08:28,11.8,RJ31CD2080,DRV297,578.8
TRP005190,MANDI-046,WH-Central,29/08/2026 21:20,,9.1,DL36BC4451,DRV657,373.4
TRP005473,MANDI-031,WH-North,23-Jan-2026 04:11:51,01-23-2026 07:47 PM,15.6,RJ83CD4866,DRV217,
TRP000073,MANDI-038,WH-West,2026-01-19 13:29:02,2026-01-19 15:53:02,,RJ60AB5280,DRV544,120.8
TRP007844,MANDI-054,WH-East,08/01/2026 23:06,,,PB33BC3219,DRV150,924.0
TRP005102,MANDI-011,WH-East,2026-07-18T16:26:16,19/07/2026,18.7,PB40BC5920,DRV607,1022.1
TRP006765,MANDI-021,Export-Terminal,2026-04-06T12:26:23,07/04/2026 09:26,21.0,PB99CD1499,DRV390,1157.8
TRP001126,MANDI-041,WH-West,2026-07-01 15:04:54,02/07/2026,17.4,,DRV758,942.1
TRP001242,MANDI-007,Export-Terminal,14/03/2026,14-Mar-2026 23:31:06,2.9,DL58DF1302,DRV499,165.8
TRP008586,MANDI-004,WH-South,2026-08-07 05:36:59,,8.3,DL72AB5501,DRV315,422.2
TRP002350,MANDI-012,WH-West,04-Feb-2026 03:47:09,2026-02-04T18:59:09,15.2,RJ19CD1036,DRV668,650.3
TRP006603,MANDI-017,WH-West,2026-01-15 01:03:30,16/01/2026 00:09,23.1,HR11BC3887,,
TRP006781,MANDI-008,WH-Central,16/01/2026 12:41,16/01/2026,5.7,HR49CD5605,DRV513,303.4
TRP004359,MANDI-040,WH-Central,2026-05-27 01:22:43,,17.7,,DRV783,826.6
TRP001344,MANDI-010,WH-South,2026-03-25T00:34:31,2026-03-25 03:22:31,2.8,PB47DF2754,DRV472,129.8
TRP004399,MANDI-015,Export-Terminal,2026-05-12 04:48:54,2026-05-12 20:36:54,15.8,PB18CD3167,DRV822,634.6
TRP009028,MANDI-026,WH-South,17/04/2026 15:15,2026-04-18 12:09:26,20.9,RJ16CD3877,,1171.6
TRP009960,MANDI-052,WH-North,2026-02-05 00:07:28,2026-02-05 23:19:28,23.2,UP31AB7026,DRV569,1178.9
TRP006653,MANDI-006,WH-East,2026-02-02 18:06:30,02-03-2026 12:06 PM,18.0,HR83CD1398,DRV783,845.2
TRP001101,MANDI-047,WH-West,2026-04-20T08:06:59,20/04/2026 19:24,11.3,,DRV997,452.5
TRP007328,MANDI-020,WH-East,2026-07-04T15:41:50,05/07/2026 00:59,,PB18DF9604,DRV757,532.9
TRP007623,MANDI-003,WH-Central,2026-07-25 13:10:53,07-25-2026 09:40 PM,8.5,HR54AB7393,DRV367,481.5
TRP000988,MANDI-054,WH-East,2026-08-06T19:16:03,07-Aug-2026 13:40:03,18.4,,,813.4
TRP002853,MANDI-020,WH-North,2026-08-09T06:00:49,2026-08-09T17:54:49,11.9,DL95CD4454,DRV335,
TRP000631,MANDI-032,WH-Central,2026-02-28 19:13:59,28/02/2026,3.2,HR11AB7542,DRV216,129.2
TRP001250,MANDI-019,Export-Terminal,05-28-2026 11:59 AM,05-28-2026 06:17 PM,,UP65CD7318,,363.2
TRP003180,MANDI-053,WH-Central,28/07/2026 18:33,2026-07-29 12:21:44,17.8,UP64CD6007,DRV410,784.2
TRP000483,MANDI-016,WH-South,18/02/2026,2026-02-19 07:13:54,10.1,PB43CD3684,DRV899,549.5
TRP003041,MANDI-025,WH-South,2026-06-04T15:02:21,06-04-2026 05:32 PM,2.5,DL58CD9178,DRV781,123.0
TRP005011,MANDI-024,WH-Central,25/01/2026 14:31,25/01/2026,2.5,RJ83AB9232,,147.9
TRP009078,MANDI-009,WH-North,2026-08-30T03:17:53,2026-08-30T09:35:53,6.3,,DRV113,273.6
TRP007001,MANDI-041,WH-Central,2026-05-03T01:02:25,2026-05-03T15:20:25,14.3,DL68DF3907,DRV365,727.7
TRP003274,MANDI-031,WH-North,28/08/2026 12:41,2026-08-29 01:47:37,13.1,HR23CD9224,DRV857,735.9
TRP007228,MANDI-015,WH-North,27-Feb-2026 04:46:58,2026-02-27T15:10:58,10.4,HR74CD8251,DRV702,524.698533536958
TRP003684,MANDI-056,WH-South,05-07-2026 09:39 PM,08/05/2026 11:27,13.8,PB64DF7151,DRV838,693.7980609261319
TRP006675,MANDI-015,WH-Central,2026-07-11T13:22:32,11/07/2026 18:46,5.4,PB96BC5632,DRV229,
TRP006808,MANDI-021,Export-Terminal,2026-06-25T04:05:44,25-Jun-2026 10:35:44,6.5,DL50DF5638,DRV508,316.7
TRP003400,MANDI-018,WH-East,08/06/2026 17:41,08/06/2026 22:53,5.2,DL84AB7135,DRV554,262.6
TRP001317,MANDI-012,WH-Central,10-Aug-2026 01:39:18,10-Aug-2026 20:15:18,18.6,PB99CD4923,DRV707,
TRP003226,MANDI-033,WH-West,2026-02-09T22:40:10,02-10-2026 12:10 PM,,RJ91DF3037,DRV559,761.5
TRP001073,MANDI-051,WH-West,01/04/2026 23:20,2026-04-02T20:08:12,20.8,DL95DF1940,DRV123,
TRP004816,MANDI-022,Export-Terminal,07/08/2026 19:02,08-08-2026 02:08 PM,19.1,DL83BC5018,DRV115,976.9
TRP008794,MANDI-012,WH-North,2026-03-01 14:30:51,01-Mar-2026 23:18:51,8.8,UP62CD8682,DRV576,386.2
TRP005753,MANDI-001,WH-West,2026-01-03 00:19:24,03/01/2026 17:01,16.7,DL21BC9959,DRV363,755.5
TRP009512,MANDI-028,WH-West,17/08/2026,18/08/2026 04:21,7.6,RJ68AB4542,,434.7
TRP004617,MANDI-023,WH-West,25/04/2026,2026-04-26 15:44:09,21.3,DL94AB8064,DRV379,1191.5
TRP003098,MANDI-036,WH-South,2026-02-08 05:59:27,09/02/2026 04:41,22.7,PB55BC7644,DRV969,950.6
TRP006870,MANDI-024,WH-North,02/04/2026 02:15,02/04/2026 23:45,21.5,HR28AB3312,DRV269,1179.1
TRP001301,MANDI-057,WH-East,16/06/2026 22:03,2026-06-17 20:21:24,22.3,RJ54DF1411,DRV222,1131.4
TRP007286,MANDI-010,WH-North,2026-04-19 10:38:07,19-Apr-2026 16:20:07,5.7,PB12CD3224,,235.8
TRP006285,MANDI-022,Export-Terminal,2026-06-13T15:37:01,06-14-2026 03:25 AM,11.8,DL81BC6438,DRV829,547.7
TRP005496,MANDI-037,WH-West,2026-03-26 16:54:15,2026-03-27T12:24:15,19.5,,DRV699,1038.1
TRP005292,MANDI-022,WH-South,2026-03-01 09:11:14,,20.2,,DRV770,1182.5
TRP001799,MANDI-036,WH-West,14/07/2026 07:33,,5.4,,DRV616,311.8
TRP005204,MANDI-001,WH-East,2026-02-19 07:20:59,,3.7,PB48BC5319,,168.8
TRP008228,MANDI-025,WH-North,16/02/2026 21:36,17/02/2026,8.5,UP93AB5788,DRV138,413.3
TRP005048,MANDI-037,WH-West,09/02/2026 15:36,2026-02-09T21:30:37,5.9,,,
TRP006442,MANDI-015,WH-North,17/04/2026 18:24,2026-04-18 16:42:20,22.3,UP52BC2862,DRV871,1022.2
TRP008106,MANDI-006,WH-East,2026-01-08 13:39:52,09/01/2026,23.3,PB17DF2683,DRV647,1155.3
TRP002360,MANDI-020,Export-Terminal,06/09/2026 02:23,06/09/2026 19:59,17.6,DL99DF2134,DRV566,704.6
TRP009754,MANDI-056,WH-West,07/01/2026 09:12,08-Jan-2026 06:00:49,20.8,RJ99CD1117,DRV338,896.6
TRP003655,MANDI-005,WH-North,2026-02-05 02:30:56,2026-02-05 19:36:56,17.1,DL43AB1513,DRV677,
TRP007053,MANDI-046,WH-North,07-02-2026 07:42 AM,2026-07-02T11:48:41,4.1,UP30CD6915,,211.3
TRP001287,MANDI-054,WH-South,08/08/2026 15:57,08-09-2026 02:51 PM,22.9,,DRV110,1138.7
TRP009492,MANDI-057,WH-South,2026-01-20T21:18:10,2026-01-21 18:00:10,20.7,PB89BC8267,DRV818,1202.8
TRP004446,MANDI-004,WH-West,2026-08-16 13:24:11,17/08/2026,18.2,DL70BC1625,DRV966,1039.0
TRP002138,MANDI-007,Export-Terminal,04-Apr-2026 23:59:02,2026-04-05T22:59:02,23.0,HR22AB8327,DRV975,
TRP006788,MANDI-019,WH-East,10/01/2026 14:17,2026-01-10 18:35:15,,,,174.9995108995
TRP000120,MANDI-023,WH-South,15/02/2026,2026-02-15 19:14:00,18.0,PB72CD4744,DRV212,745.2979169908419
TRP008850,MANDI-044,WH-East,2026-08-27 08:28:44,27-Aug-2026 18:16:44,9.8,PB50CD1857,DRV894,419.3
TRP009329,MANDI-004,WH-South,22-Aug-2026 05:34:12,,5.9,PB72BC9320,DRV574,315.7
TRP006895,MANDI-042,Export-Terminal,11-Mar-2026 10:17:49,11-Mar-2026 23:59:49,13.7,DL51BC6947,,597.1983309096082
TRP009526,MANDI-024,WH-East,31-May-2026 08:58:57,31/05/2026,9.9,DL80CD6610,DRV229,559.5
TRP008565,MANDI-026,Export-Terminal,18/01/2026,2026-01-18 13:04:39,5.5,DL38BC4844,DRV125,276.3
TRP007152,MANDI-040,WH-West,2026-09-02T15:16:47,03/09/2026,10.6,UP11CD4549,DRV321,633.1
TRP000964,MANDI-050,WH-East,2026-09-09 01:34:48,09/09/2026 12:40,11.1,,DRV824,622.0
TRP006013,MANDI-006,WH-South,22/06/2026 21:46,23/06/2026 17:10,19.4,UP88DF7568,DRV562,1154.9
TRP004883,MANDI-057,WH-North,2026-03-12 08:23:38,12/03/2026 15:53,7.5,UP30BC2231,DRV955,415.5
TRP000141,MANDI-013,WH-East,22-Mar-2026 03:45:19,03-22-2026 07:45 AM,4.0,UP80CD6664,DRV592,184.0
TRP009396,MANDI-015,WH-West,2026-08-14 00:28:15,2026-08-14 08:58:15,8.5,DL50DF5936,DRV659,366.3
TRP006937,MANDI-035,WH-South,09/07/2026 17:53,2026-07-10 07:17:05,13.4,PB93AB5757,DRV913,802.597756845364
TRP006543,MANDI-031,Export-Terminal,13/08/2026 14:22,14-Aug-2026 03:10:27,12.8,RJ43AB4289,DRV942,598.9
TRP005244,MANDI-027,WH-Central,2026-01-03T06:09:32,,15.4,RJ63AB1050,DRV125,795.897775570926
TRP004432,MANDI-001,WH-Central,2026-09-04 08:52:34,2026-09-04 17:28:34,8.6,RJ44AB9404,,414.2
TRP000407,MANDI-022,WH-Central,21/01/2026 23:42,01-22-2026 09:36 PM,21.9,HR80CD2113,DRV133,901.5
TRP008213,MANDI-003,WH-South,2026-08-28 20:21:59,2026-08-28 22:39:59,2.3,PB44CD5888,DRV684,134.5
TRP008710,MANDI-039,WH-Central,2026-07-08T02:08:01,2026-07-08T07:14:01,5.1,PB99AB2044,DRV194,260.7
TRP008974,MANDI-042,WH-Central,2026-07-11 21:51:24,2026-07-12 12:15:24,14.4,PB89AB9028,,
TRP008235,MANDI-009,WH-West,2026-05-01 01:11:07,2026-05-01 23:11:07,22.0,,DRV489,1192.3
TRP004400,MANDI-019,WH-Central,2026-05-27T01:13:57,2026-05-27T14:49:57,13.6,DL20BC3306,DRV255,705.8
TRP005253,MANDI-052,WH-East,2026-07-18 10:07:48,19/07/2026 03:19,17.2,UP25BC8531,DRV137,982.5
TRP000012,MANDI-054,WH-West,05-Jun-2026 21:52:15,06-06-2026 12:22 PM,14.5,HR90BC5255,DRV137,854.2
TRP004761,MANDI-054,WH-South,2026-03-29 20:04:08,,11.6,RJ60DF5026,DRV384,635.4
TRP001178,MANDI-040,Export-Terminal,05/07/2026,05-Jul-2026 21:27:34,14.9,DL46DF5019,DRV200,632.4
TRP002864,MANDI-019,WH-South,2026-08-12 12:08:07,2026-08-12 19:56:07,7.8,UP68BC2847,DRV502,312.7
TRP006472,MANDI-054,Export-Terminal,21/08/2026 19:29,08-22-2026 05:29 AM,,RJ52BC6166,,441.5
TRP006229,MANDI-030,WH-North,03/04/2026 18:07,04-Apr-2026 02:01:32,7.9,,DRV342,435.7
TRP002990,MANDI-030,Export-Terminal,2026-08-20 20:20:36,21-Aug-2026 04:50:36,8.5,PB67CD3234,DRV999,469.19868865168803
TRP007118,MANDI-007,WH-West,08-May-2026 12:37:13,2026-05-09T00:43:13,12.1,DL18CD5341,DRV137,572.9
TRP007011,MANDI-001,WH-East,2026-03-14 13:06:47,2026-03-15 00:00:47,10.9,PB66BC1888,DRV951,
TRP008901,MANDI-014,Export-Terminal,17/07/2026,17/07/2026 17:31,9.8,,DRV408,559.8
TRP001441,MANDI-022,WH-Central,25/05/2026 00:29,2026-05-25T23:35:49,23.1,HR50AB5527,,1271.596446056024
TRP009418,MANDI-043,WH-North,26/08/2026 10:30,2026-08-27 09:30:51,23.0,PB55AB8232,DRV806,924.2
TRP002876,MANDI-021,WH-Central,2026-08-22 02:00:26,2026-08-22T12:36:26,,RJ93BC4499,DRV201,562.5
TRP009463,MANDI-026,WH-West,07-Sep-2026 00:50:20,07/09/2026 03:02,2.2,,DRV153,114.199680826988
TRP009143,MANDI-018,Export-Terminal,2026-04-23 17:16:41,04-24-2026 07:34 AM,14.3,PB69AB7520,,739.1
TRP007233,MANDI-030,Export-Terminal,2026-07-18 14:04:49,19/07/2026 07:16,17.2,,DRV143,820.3
TRP003727,MANDI-051,WH-North,14/07/2026 22:20,15/07/2026 05:26,7.1,UP75AB8154,DRV748,320.0
TRP002773,MANDI-015,WH-East,08-31-2026 04:35 PM,01/09/2026,15.5,UP92CD1555,DRV576,866.5
TRP000455,MANDI-049,WH-South,2026-03-23 16:43:01,2026-03-24 04:19:01,11.6,HR35CD7169,DRV695,537.6
TRP008190,MANDI-021,WH-East,21/04/2026 17:59,22/04/2026 09:47,15.8,UP61BC1379,DRV996,822.2
TRP001368,MANDI-016,WH-West,10-Jan-2026 08:11:13,10/01/2026 20:35,12.4,UP32CD2011,DRV187,566.798415873352
TRP003713,MANDI-041,WH-West,01-07-2026 04:38 AM,07/01/2026,8.7,RJ11CD5871,DRV749,
TRP001510,MANDI-043,WH-East,2026-05-22T20:54:47,23/05/2026 11:00,14.1,,DRV149,722.8
TRP001389,MANDI-014,Export-Terminal,07-15-2026 06:15 AM,,10.2,RJ81CD1526,,446.198752933468
TRP001001,MANDI-012,Export-Terminal,22/06/2026 19:49,2026-06-22 23:37:38,3.8,PB98CD7050,,200.09944074851398
TRP007762,MANDI-057,WH-North,11-Jan-2026 07:08:36,11-Jan-2026 18:14:36,11.1,UP14CD6348,DRV633,542.0
TRP003554,MANDI-049,WH-South,2026-03-28T03:53:12,2026-03-28T11:59:12,8.1,DL45CD1114,DRV277,377.7
TRP004115,MANDI-022,Export-Terminal,27/02/2026 04:04,02-27-2026 09:34 PM,17.5,HR87AB9215,DRV963,833.3976707636759
TRP001668,MANDI-011,WH-South,09-May-2026 11:52:23,2026-05-09T14:52:23,,RJ53CD2057,DRV774,136.3
TRP003174,MANDI-040,WH-North,20/06/2026 03:38,20-Jun-2026 22:44:27,19.1,PB32CD8066,DRV507,805.9
TRP009771,MANDI-016,WH-South,24-Mar-2026 17:14:05,24/03/2026 20:50,3.6,HR54AB8289,DRV816,215.2
TRP000489,MANDI-009,Export-Terminal,18-Jul-2026 07:12:49,,13.7,UP30AB3401,DRV742,663.4
TRP003231,MANDI-035,WH-East,13/02/2026 08:32,14/02/2026 04:26,19.9,,DRV590,938.5973767444041
TRP003829,MANDI-039,WH-West,2026-01-21 16:32:37,2026-01-22T13:02:37,20.5,UP73DF2495,DRV639,890.9975097797401
TRP008999,MANDI-047,WH-North,2026-06-24 14:01:00,25-Jun-2026 07:01:00,17.0,,,993.9
TRP005209,MANDI-008,Export-Terminal,2026-03-12T14:25:37,13-Mar-2026 08:25:37,18.0,UP73BC2541,DRV862,936.3
TRP007849,MANDI-044,Export-Terminal,2026-03-24T14:20:42,25/03/2026 06:08,15.8,UP85BC8330,DRV695,899.8
TRP005705,MANDI-053,WH-Central,2026-07-27 06:43:14,27-Jul-2026 17:25:14,10.7,,DRV651,
TRP008244,MANDI-007,WH-East,05-24-2026 11:55 PM,,20.5,UP15AB3005,DRV332,1084.9969675769
TRP008134,MANDI-006,Export-Terminal,25-Jan-2026 18:31:51,2026-01-26 15:43:51,21.2,,DRV896,885.99752375404
TRP000704,MANDI-027,Export-Terminal,08-11-2026 01:25 AM,,22.3,PB10AB9688,DRV689,1045.6
TRP005106,MANDI-019,WH-Central,26-May-2026 09:36:42,2026-05-27 07:18:42,21.7,HR82CD8156,DRV522,1111.6
TRP009252,MANDI-033,WH-South,2026-03-01 23:52:08,2026-03-02T03:04:08,3.2,,DRV615,165.5
TRP003292,MANDI-009,WH-South,11/07/2026,,13.3,RJ71CD1996,DRV529,592.9
TRP008126,MANDI-036,Export-Terminal,06/03/2026 08:09,2026-03-06 17:33:29,9.4,DL65DF7416,DRV177,521.9
TRP007052,MANDI-043,WH-Central,29/04/2026 05:16,2026-04-30T02:58:32,21.7,PB63DF8462,,878.5
TRP009385,MANDI-034,WH-North,26/05/2026 20:39,2026-05-27 14:51:50,18.2,HR37CD5863,DRV174,1028.9
TRP004910,MANDI-037,WH-East,2026-05-17T07:29:00,,17.4,DL22DF5575,DRV884,705.7
TRP004441,MANDI-049,WH-West,2026-06-10 06:49:36,2026-06-10 11:19:36,4.5,PB39BC9451,DRV278,
TRP000987,MANDI-014,WH-West,17/08/2026,18-Aug-2026 18:18:47,20.5,PB59AB8110,DRV492,1052.5
TRP009607,MANDI-011,WH-North,12-Jun-2026 16:15:40,13/06/2026,13.1,UP70CD8316,DRV871,756.0
TRP009426,MANDI-001,Export-Terminal,2026-05-31 01:12:29,2026-05-31 16:18:29,15.1,RJ77BC6272,,795.9
TRP007706,MANDI-011,WH-East,13/04/2026,13/04/2026 19:07,13.4,UP24DF6320,,629.1
TRP006258,MANDI-027,WH-East,17/01/2026 15:23,2026-01-18T02:11:43,10.8,PB38DF2768,DRV923,580.5
TRP006090,MANDI-027,WH-North,2026-02-17 03:49:19,02-17-2026 07:31 PM,15.7,,DRV551,881.4
TRP005239,MANDI-023,WH-East,2026-06-06 14:47:39,07/06/2026,10.0,DL62BC2338,DRV926,481.1
TRP001199,MANDI-056,WH-North,2026-09-06T01:28:32,09-06-2026 05:16 PM,15.8,UP44CD9807,DRV506,874.8
TRP009434,MANDI-044,WH-North,02/05/2026 23:35,03-May-2026 08:29:36,8.9,DL25DF9302,DRV440,387.9
TRP007520,MANDI-011,Export-Terminal,2026-05-20 12:43:19,2026-05-20 22:37:19,9.9,PB10BC2855,DRV634,474.4
TRP006813,MANDI-038,WH-South,04/01/2026 17:38,2026-01-04T20:26:38,2.8,,DRV566,162.5
TRP008321,MANDI-053,WH-East,01/07/2026 16:35,2026-07-02 04:11:37,11.6,PB12DF2208,DRV735,
TRP007176,MANDI-008,WH-North,05-27-2026 08:09 PM,2026-05-28T11:45:58,15.6,DL45AB3627,DRV440,917.3
TRP004471,MANDI-015,WH-East,2026-07-13 14:11:23,13-Jul-2026 17:23:23,3.2,,DRV966,
TRP000892,MANDI-035,WH-South,27/02/2026,28/02/2026 11:49,23.2,,DRV502,1256.5
TRP001970,MANDI-011,Export-Terminal,2026-08-25T04:12:38,25/08/2026 13:12,9.0,DL59AB6701,DRV974,473.798675795332
TRP005758,MANDI-057,WH-South,2026-07-06T01:04:43,06-Jul-2026 23:58:43,22.9,RJ11CD1308,,1272.1
TRP006528,MANDI-027,WH-Central,2026-01-12T19:36:48,13/01/2026 16:12,,RJ76AB8135,DRV562,877.2
TRP006295,MANDI-028,WH-West,2026-03-19T16:27:00,19/03/2026,4.6,DL90CD8784,DRV558,
TRP007596,MANDI-048,WH-East,2026-01-02 23:50:35,2026-01-03T13:14:35,13.4,,DRV970,654.2
TRP003250,MANDI-040,WH-Central,30-Jun-2026 23:10:03,01/07/2026 17:22,18.2,HR52BC2523,DRV926,728.6979633855182
TRP006571,MANDI-039,Export-Terminal,2026-07-08T07:22:17,09/07/2026 01:16,17.9,RJ89CD4209,DRV632,738.2
TRP006639,MANDI-024,WH-South,06-22-2026 05:38 PM,2026-06-23 00:08:39,,UP77AB4730,DRV224,387.0
TRP007352,MANDI-026,WH-Central,16/03/2026 04:11,2026-03-17T00:29:44,20.3,DL80BC2715,DRV736,853.8
TRP009540,MANDI-012,Export-Terminal,14/07/2026,2026-07-15 19:39:27,,PB56CD5811,DRV800,1142.4
TRP007474,MANDI-011,WH-South,2026-05-22 22:43:16,2026-05-23 21:55:16,23.2,HR38CD5272,,
TRP009575,MANDI-002,WH-West,2026-07-24 17:09:15,2026-07-25 03:15:15,10.1,DL78AB8814,DRV766,496.8
TRP009022,MANDI-034,WH-West,10-Aug-2026 06:59:43,08-10-2026 07:17 PM,12.3,HR16CD6184,DRV196,530.5
TRP001240,MANDI-040,WH-South,07-May-2026 08:27:36,07-May-2026 23:45:36,15.3,DL31DF1986,DRV794,640.298210451142
TRP002290,MANDI-026,WH-West,07/04/2026 20:47,04-07-2026 10:59 PM,,UP75BC1843,DRV230,127.2
TRP002741,MANDI-033,Export-Terminal,02/08/2026 09:31,2026-08-02T19:43:47,10.2,UP23DF1823,DRV262,
TRP008468,MANDI-009,WH-West,2026-03-18T00:43:08,2026-03-18 14:55:08,14.2,PB33CD6962,DRV570,630.3
TRP004586,MANDI-044,WH-South,2026-03-27 03:53:47,03-27-2026 11:11 AM,7.3,UP44DF9548,DRV603,348.9
TRP001230,MANDI-014,WH-West,03/08/2026,,8.2,PB20BC4893,,461.1
TRP006981,MANDI-001,WH-Central,2026-03-06 01:47:25,03-06-2026 10:29 PM,20.7,UP75AB6809,DRV627,875.9
TRP005179,MANDI-051,WH-Central,2026-05-02 21:41:21,05-03-2026 10:35 AM,12.9,HR26CD6171,DRV227,532.1
TRP004294,MANDI-026,WH-North,04-24-2026 11:43 PM,2026-04-25 14:55:04,15.2,DL75CD7169,DRV923,
TRP001059,MANDI-035,WH-West,2026-08-02 23:03:58,2026-08-03T20:57:58,21.9,UP14BC6660,DRV130,974.0
TRP006263,MANDI-045,WH-North,07-05-2026 01:06 PM,05/07/2026 18:06,5.0,HR55CD4426,DRV305,
TRP000282,MANDI-037,WH-East,14/05/2026,2026-05-15 07:01:59,23.4,HR44BC5325,DRV632,1138.7
TRP000969,MANDI-039,WH-South,11-Apr-2026 18:41:53,2026-04-12T01:29:53,,,DRV361,311.4
TRP003954,MANDI-023,WH-West,2026-05-10T14:27:36,11-May-2026 00:51:36,10.4,DL97AB7303,DRV659,
TRP001940,MANDI-049,WH-South,2026-08-01T04:54:41,2026-08-01 19:42:41,14.8,HR32DF8046,,802.697756565878
TRP008800,MANDI-049,WH-South,2026-05-07 16:28:29,05-08-2026 05:28 AM,13.0,HR46DF7753,DRV152,602.2
TRP001275,MANDI-018,WH-East,2026-01-10 05:29:18,10/01/2026 20:23,,DL37BC4298,DRV382,647.0
TRP000620,MANDI-052,WH-Central,25/06/2026 01:30,25/06/2026 05:00,3.5,,DRV300,208.4
TRP008843,MANDI-038,WH-North,06-02-2026 08:56 AM,02/06/2026 17:38,8.7,HR40BC7404,DRV176,374.5
TRP001743,MANDI-015,WH-North,11-Feb-2026 07:46:29,02-11-2026 11:34 AM,3.8,RJ84DF2905,DRV315,
TRP001391,MANDI-056,WH-Central,2026-08-24T23:29:22,25/08/2026 13:47,,DL83DF2992,DRV491,803.6
TRP002204,MANDI-020,WH-West,30/06/2026,2026-07-01 13:32:07,14.2,HR38CD4307,DRV556,827.7
TRP003569,MANDI-027,WH-North,16-Feb-2026 14:02:20,17/02/2026 01:26,11.4,PB67DF4249,DRV464,670.3
TRP006117,MANDI-045,WH-Central,2026-04-16T15:03:08,17/04/2026,13.8,HR76CD8183,DRV922,584.1
TRP002026,MANDI-030,WH-Central,2026-05-30 12:11:11,2026-05-30 18:47:11,,PB85CD1500,DRV362,341.4
TRP006053,MANDI-045,WH-Central,01/01/2026 04:54,01/01/2026 20:30,,RJ30DF1077,DRV753,768.0
TRP003179,MANDI-057,WH-Central,2026-03-18T13:00:55,2026-03-18 15:06:55,2.1,,DRV808,124.1
TRP003193,MANDI-045,WH-South,2026-08-10 05:57:56,2026-08-10 15:21:56,9.4,PB44AB8313,DRV605,481.9
TRP006100,MANDI-054,WH-East,11-Mar-2026 06:42:49,12/03/2026 05:18,22.6,,DRV867,1211.8
TRP007030,MANDI-049,WH-North,12-Mar-2026 20:50:46,2026-03-13 05:02:46,8.2,,DRV171,455.6
TRP000576,MANDI-003,WH-North,05-31-2026 05:22 PM,01/06/2026,11.2,UP53BC9419,DRV747,536.2
TRP006657,MANDI-008,WH-North,2026-08-31T04:24:43,,,HR80AB8559,DRV311,715.5
TRP007116,MANDI-007,WH-Central,2026-04-14 20:45:31,,22.7,,DRV779,
TRP009158,MANDI-019,WH-West,2026-07-08 02:00:44,07-08-2026 11:24 AM,9.4,DL81BC2091,,479.2
TRP006277,MANDI-056,WH-Central,14-Feb-2026 00:35:09,14/02/2026 16:17,15.7,,DRV818,
TRP009347,MANDI-004,Export-Terminal,2026-08-02T03:51:50,2026-08-02T09:51:50,6.0,PB12AB6760,DRV966,314.3
TRP005898,MANDI-004,WH-West,01-10-2026 07:54 AM,2026-01-10 19:54:49,12.0,HR44DF6702,DRV739,580.0
TRP005725,MANDI-049,WH-South,2026-01-27 14:01:04,2026-01-28 04:49:04,,UP53CD9762,DRV794,625.8
TRP000270,MANDI-025,WH-West,2026-08-16 13:31:35,2026-08-17 10:55:35,21.4,DL94AB7292,DRV614,1077.4
TRP000630,MANDI-051,Export-Terminal,22/01/2026 13:59,23/01/2026,11.0,,,648.2
TRP003082,MANDI-046,WH-North,13/02/2026 03:59,13/02/2026,7.1,UP40BC3139,DRV446,317.0
TRP003467,MANDI-028,WH-South,2026-04-21T00:35:53,2026-04-21 17:53:53,17.3,,DRV192,922.4
TRP006431,MANDI-002,Export-Terminal,2026-02-07T08:57:44,07/02/2026 22:27,13.5,PB11CD7759,DRV848,
TRP009685,MANDI-045,WH-North,27/06/2026 04:43,06-27-2026 12:19 PM,7.6,DL76AB9539,DRV470,360.3
TRP007063,MANDI-038,WH-West,2026-05-15 13:12:32,2026-05-16 10:36:32,21.4,,DRV584,911.2
TRP004050,MANDI-041,WH-Central,09-04-2026 09:30 AM,2026-09-05T08:18:51,22.8,,DRV209,1126.5
TRP005544,MANDI-036,WH-North,05/05/2026,2026-05-05 21:14:49,11.2,HR85AB5574,DRV203,460.9
TRP004357,MANDI-007,WH-East,2026-02-15 03:08:17,2026-02-15T13:56:17,10.8,HR92BC3644,DRV445,521.7
TRP002114,MANDI-033,WH-Central,2026-07-12 10:55:56,,,DL32DF4043,,834.3
TRP008220,MANDI-029,WH-West,03/08/2026 09:37,04/08/2026 01:49,16.2,HR70AB4762,DRV782,716.9
TRP003217,MANDI-049,WH-Central,04-11-2026 09:46 AM,2026-04-12 02:04:20,16.3,DL61AB3956,DRV302,785.797803799012
TRP003815,MANDI-049,WH-Central,2026-02-24 10:36:58,2026-02-25T01:48:58,15.2,RJ90DF9359,DRV928,622.3
TRP008322,MANDI-032,WH-West,31/07/2026 01:03,31/07/2026 03:09,,UP63DF7034,DRV266,124.3
TRP008935,MANDI-054,WH-North,06/09/2026 14:13,09-07-2026 10:31 AM,20.3,PB93BC9564,DRV758,1117.5
TRP002279,MANDI-046,WH-Central,2026-08-14 21:00:51,15/08/2026,4.5,RJ37DF5507,,212.0
TRP004600,MANDI-033,WH-East,26-Jun-2026 12:09:20,27-Jun-2026 09:03:20,20.9,RJ39CD6005,DRV142,1133.4
TRP000014,MANDI-013,WH-West,06-15-2026 10:15 PM,2026-06-16 11:33:40,13.3,PB72BC7175,DRV857,767.597854665464
TRP009596,MANDI-051,Export-Terminal,19/01/2026,,20.0,PB44AB2636,DRV448,1169.3
TRP001526,MANDI-007,Export-Terminal,01-06-2026 03:08 AM,2026-01-06 20:32:54,17.4,,DRV198,697.6980500261781
TRP002366,MANDI-011,WH-South,26/05/2026 19:44,27/05/2026 11:08,15.4,HR49CD7921,DRV864,721.7
TRP004649,MANDI-041,WH-West,12-May-2026 05:04:52,05-12-2026 08:40 AM,3.6,UP18DF4783,DRV251,
TRP000375,MANDI-012,WH-South,2026-05-25 11:37:06,05-25-2026 04:55 PM,5.3,UP98DF3136,DRV731,302.6
TRP008861,MANDI-022,WH-East,07-06-2026 07:59 AM,2026-07-07T01:17:26,17.3,RJ77BC4092,,941.1
TRP006478,MANDI-055,WH-North,08/07/2026 00:51,08/07/2026,7.0,,,355.7
TRP000526,MANDI-016,WH-Central,25-Aug-2026 00:08:04,2026-08-25T22:26:04,22.3,DL93CD7133,DRV808,
TRP006896,MANDI-030,WH-North,09-Mar-2026 10:48:22,10/03/2026 01:42,14.9,DL36CD4171,DRV749,779.8
TRP003592,MANDI-046,WH-East,2026-08-30 23:49:21,2026-08-31 19:01:21,19.2,RJ70BC3532,DRV706,
TRP007905,MANDI-013,Export-Terminal,2026-01-11 07:42:48,11/01/2026 17:06,9.4,RJ95BC1353,DRV239,385.7
TRP002959,MANDI-015,WH-Central,24/06/2026 03:52,24/06/2026 23:40,19.8,HR61CD8181,,1056.797046391952
TRP000530,MANDI-030,WH-Central,30/05/2026,31/05/2026 03:22,8.6,RJ53CD5979,DRV890,459.0
TRP003715,MANDI-050,WH-West,07-30-2026 02:01 PM,30/07/2026 19:55,5.9,UP53AB6664,,293.8
TRP004733,MANDI-008,WH-North,07-01-2026 08:25 AM,2026-07-02T05:49:28,21.4,DL32BC7682,DRV842,949.2
TRP001395,MANDI-036,WH-East,03-20-2026 03:37 PM,21/03/2026 06:31,14.9,,DRV498,806.6
TRP005632,MANDI-029,WH-West,07-13-2026 06:44 PM,2026-07-13T21:56:09,3.2,UP81DF2536,,185.6
TRP006564,MANDI-015,WH-North,2026-05-02 04:24:02,,20.1,UP69DF8786,DRV749,896.4
TRP004704,MANDI-054,WH-South,2026-04-21T17:43:20,22-Apr-2026 04:31:20,10.8,RJ93CD7324,DRV649,499.7
TRP001713,MANDI-011,WH-South,25-Mar-2026 23:20:45,,2.9,HR75AB4590,DRV464,162.4
TRP007888,MANDI-044,Export-Terminal,05-13-2026 07:42 AM,13/05/2026 20:30,12.8,RJ78AB7905,DRV191,747.7
TRP000956,MANDI-032,WH-West,2026-08-03 06:19:03,03-Aug-2026 08:43:03,2.4,PB29BC6836,DRV418,116.9
TRP006676,MANDI-034,Export-Terminal,04-30-2026 02:09 PM,2026-05-01T04:33:48,14.4,DL70BC9338,DRV919,
TRP003454,MANDI-040,WH-North,2026-05-28 18:57:54,29-May-2026 16:21:54,21.4,,DRV211,958.2
TRP008596,MANDI-055,WH-North,2026-08-05T03:04:05,05/08/2026 06:46,3.7,UP25CD5249,DRV726,156.5
TRP002072,MANDI-011,WH-South,2026-05-08T23:22:05,,6.5,RJ14AB7652,DRV501,270.0
TRP009150,MANDI-017,WH-East,2026-03-22 22:38:37,2026-03-23T03:44:37,5.1,RJ86DF7847,DRV573,
TRP000159,MANDI-031,WH-North,2026-05-27 14:17:43,27/05/2026 18:47,4.5,PB74AB1133,DRV297,194.4
TRP007006,MANDI-055,WH-North,2026-05-22 00:16:00,05-22-2026 07:46 AM,7.5,RJ33AB1205,DRV401,412.9
TRP000353,MANDI-045,WH-Central,2026-02-23 14:33:33,2026-02-24 12:45:33,22.2,UP86AB1472,DRV240,1042.1
TRP006079,MANDI-051,WH-South,24/02/2026 07:12,2026-02-25T03:24:15,20.2,,DRV507,871.5
TRP006237,MANDI-036,Export-Terminal,05-30-2026 12:29 AM,2026-05-30 11:17:19,10.8,,DRV911,507.2
TRP002921,MANDI-037,Export-Terminal,05/04/2026 12:08,2026-04-05 14:08:48,2.0,PB15DF6477,DRV892,104.5
TRP008504,MANDI-056,WH-East,09-Jan-2026 04:56:27,09-Jan-2026 16:26:27,11.5,UP60DF5230,DRV715,644.7
TRP004645,MANDI-057,Export-Terminal,18/04/2026 12:21,04-19-2026 12:45 AM,12.4,UP30AB2006,DRV867,
TRP000662,MANDI-002,Export-Terminal,2026-04-22T04:50:46,,19.4,,DRV740,956.3
TRP007058,MANDI-021,WH-West,2026-08-25T16:05:27,2026-08-26 01:05:27,9.0,,DRV946,505.7
TRP003666,MANDI-054,WH-North,20-Aug-2026 07:39:25,2026-08-20 10:15:25,,DL30DF7387,DRV324,143.2
TRP007980,MANDI-009,WH-East,30-Apr-2026 12:15:57,04-30-2026 02:27 PM,2.2,DL80DF2084,DRV895,89.2
TRP000307,MANDI-031,WH-East,2026-01-30 16:53:02,01-31-2026 10:59 AM,18.1,HR40BC1762,DRV130,856.9
TRP004791,MANDI-050,WH-West,2026-02-28 13:37:18,03-01-2026 01:37 AM,12.0,HR10AB5313,DRV367,686.5
TRP002357,MANDI-005,WH-West,2026-03-24T18:00:55,2026-03-25T13:30:55,,UP36AB8329,DRV182,1166.4
TRP001928,MANDI-011,WH-South,2026-04-03 12:37:28,04-Apr-2026 10:43:28,22.1,PB69CD8996,DRV751,1027.0
TRP009705,MANDI-046,WH-East,07-13-2026 07:27 AM,13-Jul-2026 23:51:51,,UP94AB3612,DRV720,782.8
TRP003428,MANDI-037,WH-Central,2026-08-22 15:00:14,23/08/2026,12.0,UP17DF1641,DRV955,508.49857881369
TRP003639,MANDI-025,WH-Central,2026-06-09 12:13:27,2026-06-09 19:49:27,7.6,UP13DF1071,DRV301,453.9
TRP001267,MANDI-032,WH-North,02-16-2026 11:02 PM,17-Feb-2026 21:02:47,22.0,PB88BC1867,DRV643,969.7
TRP001561,MANDI-024,WH-Central,2026-08-19 11:03:40,08-20-2026 09:09 AM,22.1,UP97AB7474,,1142.2
TRP007180,MANDI-053,WH-North,07-25-2026 03:00 AM,25/07/2026 22:06,,HR71CD5125,DRV804,983.6
TRP004110,MANDI-050,WH-East,08/01/2026,09/01/2026,21.0,RJ35BC8830,DRV838,1207.1
TRP007868,MANDI-048,WH-South,27/01/2026 13:23,27-Jan-2026 21:23:47,8.0,HR34DF9182,DRV769,360.8
TRP004905,MANDI-031,WH-North,21/07/2026 21:08,2026-07-22 04:20:40,7.2,UP96BC6961,,312.5
TRP007295,MANDI-005,WH-South,09-May-2026 15:49:49,,23.5,HR65CD4694,,952.9973364984199
TRP000515,MANDI-054,WH-North,02-14-2026 06:45 PM,2026-02-14 22:09:51,3.4,,DRV509,142.9
TRP000895,MANDI-020,WH-Central,24-Jul-2026 12:13:23,,5.5,DL51CD5092,DRV803,277.8
TRP008602,MANDI-036,WH-North,11/04/2026 07:38,04-12-2026 03:02 AM,19.4,UP41BC8597,,1019.6971500812581
TRP000022,MANDI-037,WH-East,2026-06-23T11:12:34,2026-06-24T08:42:34,21.5,PB34DF2418,DRV490,944.4
TRP000900,MANDI-042,WH-South,05/09/2026,05/09/2026 23:35,18.2,PB32AB8021,DRV498,794.1
TRP000208,MANDI-019,WH-West,17-Aug-2026 00:56:00,2026-08-17 14:26:00,13.5,HR96BC2156,,713.5
TRP000459,MANDI-018,WH-East,2026-08-13T08:46:34,2026-08-14 08:22:34,23.6,,DRV165,1335.7
TRP002431,MANDI-009,WH-East,04-01-2026 12:04 PM,02/04/2026 01:10,13.1,HR34CD1037,,549.7
TRP008443,MANDI-053,WH-South,08/02/2026 09:16,2026-02-09T04:22:19,19.1,PB46AB1616,DRV426,894.2
TRP003390,MANDI-028,Export-Terminal,2026-03-08T19:31:06,2026-03-09 07:07:06,11.6,DL28CD9556,DRV678,556.8
TRP003912,MANDI-003,Export-Terminal,04-Mar-2026 13:00:07,2026-03-04T23:30:07,,,DRV733,445.798754051412
TRP005384,MANDI-055,WH-North,11-Jun-2026 19:47:56,2026-06-11 22:23:56,2.6,,DRV560,114.1
TRP000553,MANDI-032,WH-Central,10-Apr-2026 16:26:14,11/04/2026 15:32,23.1,,DRV400,1136.0
TRP003145,MANDI-021,WH-North,28/02/2026 14:25,2026-02-28 21:19:31,6.9,DL91DF9547,DRV562,401.9
TRP006918,MANDI-026,WH-South,02/04/2026 06:25,02/04/2026 12:55,,HR23DF7511,DRV993,269.7
TRP002057,MANDI-012,Export-Terminal,2026-02-28 23:22:05,2026-03-01T20:04:05,20.7,PB59DF2758,DRV106,
TRP001926,MANDI-054,WH-South,2026-02-14T09:32:27,2026-02-14 19:50:27,10.3,PB22AB7726,DRV707,511.1
TRP000635,MANDI-045,WH-East,20/08/2026 08:22,20-Aug-2026 18:46:36,10.4,UP90DF8767,DRV494,418.99882895366
TRP006083,MANDI-021,WH-North,03-30-2026 12:22 PM,31/03/2026 05:04,16.7,,DRV384,727.9
TRP008509,MANDI-042,WH-East,06/02/2026,02-06-2026 09:31 PM,8.1,UP19AB7526,DRV175,410.198853548428
TRP009641,MANDI-008,WH-South,02-Aug-2026 15:10:37,08-03-2026 02:04 PM,22.9,HR17DF8770,DRV245,1073.7
TRP002754,MANDI-032,WH-East,2026-05-04T19:20:34,05/05/2026,23.6,HR23DF5452,DRV203,966.99729737038
TRP008620,MANDI-022,WH-West,2026-03-11 01:39:31,03-11-2026 09:51 PM,20.2,DL52CD2777,,
TRP000106,MANDI-006,WH-South,31/03/2026 18:40,01-Apr-2026 18:34:27,23.9,PB45CD8037,DRV869,1398.5960911088039
TRP003042,MANDI-015,WH-Central,2026-04-18 07:36:31,18/04/2026 11:24,3.8,PB90AB4120,DRV539,181.7
TRP001710,MANDI-002,WH-South,2026-02-15 13:29:52,16-Feb-2026 06:35:52,17.1,HR42BC7724,DRV653,929.097403295574
TRP000090,MANDI-036,WH-East,2026-01-02 14:07:24,02-Jan-2026 17:13:24,3.1,PB17BC1200,DRV730,149.8
TRP007015,MANDI-040,Export-Terminal,10/03/2026 18:16,2026-03-11T02:16:41,8.0,DL16CD1684,DRV250,354.9
TRP003175,MANDI-042,Export-Terminal,17/04/2026,04-18-2026 07:01 AM,11.4,PB14BC8617,DRV402,630.7
TRP000918,MANDI-005,WH-North,2026-05-11T10:06:34,12/05/2026,17.2,DL19BC8452,DRV469,796.7977730555519
TRP007834,MANDI-011,WH-East,31/01/2026 03:40,31-Jan-2026 15:04:49,11.4,RJ69BC8507,DRV618,626.3
TRP006733,MANDI-026,Export-Terminal,28-Jul-2026 02:24:44,28/07/2026 05:06,2.7,HR50AB2305,DRV737,149.9
TRP001950,MANDI-011,WH-East,27/08/2026 10:54,27/08/2026 17:54,7.0,HR25BC4676,DRV594,375.398950809556
TRP006369,MANDI-017,WH-West,17/06/2026,2026-06-18T09:37:09,16.0,PB63DF9557,DRV499,857.4
TRP000002,MANDI-053,WH-West,2026-04-21 22:15:40,2026-04-22 11:51:40,13.6,RJ83BC6190,DRV817,671.1
TRP008033,MANDI-057,WH-West,07-Mar-2026 04:10:15,,10.1,UP21CD3483,,516.9
TRP006048,MANDI-003,WH-Central,03-Jan-2026 04:01:09,03/01/2026,12.8,PB22BC9889,,740.297930965142
TRP002721,MANDI-022,WH-North,2026-07-02T17:51:46,02-Jul-2026 22:45:46,4.9,,DRV839,219.2
TRP008784,MANDI-019,WH-Central,02-Jan-2026 06:21:40,02/01/2026 17:09,10.8,UP40BC8949,DRV637,
TRP009203,MANDI-024,WH-North,17/03/2026,17/03/2026 21:33,14.6,RJ23DF2371,DRV993,684.0
TRP003118,MANDI-009,WH-West,2026-04-04 17:00:45,2026-04-05T07:18:45,14.3,UP49AB1832,DRV604,815.5
TRP009844,MANDI-016,WH-North,06/09/2026,07/09/2026,9.9,RJ98DF5838,DRV242,416.6
TRP003763,MANDI-002,WH-South,2026-03-10 05:05:49,10-Mar-2026 12:53:49,7.8,HR32AB9783,DRV565,446.9
TRP000214,MANDI-044,WH-East,2026-05-11T18:52:58,11-May-2026 23:22:58,4.5,PB81AB6865,DRV932,191.0
TRP000779,MANDI-015,WH-South,16-Jul-2026 20:26:38,2026-07-17 02:44:38,6.3,UP38BC2099,,349.9
TRP003497,MANDI-045,WH-East,21-Aug-2026 16:12:43,22-Aug-2026 02:42:43,10.5,RJ67AB2751,DRV557,
TRP009173,MANDI-016,WH-West,07-16-2026 06:33 PM,16-Jul-2026 21:45:48,3.2,HR60CD6603,DRV300,162.799544996792
TRP002044,MANDI-018,WH-East,2026-08-24T04:35:51,,11.5,DL18CD7744,DRV101,561.0
TRP005421,MANDI-041,WH-Central,2026-02-25 01:20:30,25/02/2026,11.3,DL99AB9594,DRV809,611.0
TRP006155,MANDI-044,WH-East,13/01/2026 11:53,,5.9,UP80AB1207,,295.6
TRP008358,MANDI-006,WH-East,2026-02-01 05:33:29,2026-02-01T21:33:29,16.0,RJ71CD1037,DRV711,932.7973929545919
TRP009057,MANDI-027,WH-South,2026-05-18T16:05:27,05-18-2026 07:23 PM,3.3,HR29BC4838,,192.9
TRP008466,MANDI-040,WH-North,2026-02-16 10:26:55,16/02/2026,11.7,RJ59AB6345,,
TRP004168,MANDI-002,WH-North,2026-01-10T04:59:04,2026-01-10T14:23:04,9.4,DL20CD2240,DRV782,539.3
TRP003789,MANDI-051,WH-East,21/08/2026 09:00,2026-08-21 15:36:58,6.6,PB97AB6616,DRV695,
TRP008587,MANDI-041,WH-West,29-Aug-2026 04:54:55,2026-08-29T16:12:55,11.3,HR98BC2706,DRV479,521.2
TRP000584,MANDI-008,WH-North,2026-04-03T16:32:47,,22.5,PB73CD1896,DRV880,1145.9967970904402
TRP008482,MANDI-022,Export-Terminal,2026-05-23 05:07:06,05-23-2026 11:37 PM,18.5,RJ41BC5862,DRV670,
TRP008795,MANDI-056,WH-North,16/06/2026 15:41,,15.1,UP98CD2323,DRV156,611.0
TRP000117,MANDI-051,WH-South,2026-01-02 13:16:51,03/01/2026 12:34,23.3,HR57CD5729,DRV465,1256.1
TRP006645,MANDI-002,WH-South,25-Apr-2026 00:47:18,2026-04-25 15:41:18,14.9,UP88DF6910,DRV347,869.7
TRP009397,MANDI-057,WH-Central,02-Jul-2026 17:44:39,2026-07-03 02:50:39,9.1,HR44BC6350,DRV732,
TRP006952,MANDI-021,WH-North,07-30-2026 06:36 AM,2026-07-30T17:42:54,11.1,RJ76AB2058,DRV279,
TRP009321,MANDI-054,WH-North,2026-05-12 18:43:52,2026-05-13 02:55:52,8.2,HR29CD3512,DRV781,462.298707936222
TRP008713,MANDI-050,WH-East,18/05/2026 07:04,05-19-2026 06:04 AM,23.0,UP98BC7364,DRV530,1202.7
TRP001764,MANDI-048,WH-South,05-28-2026 12:59 PM,05-29-2026 06:23 AM,17.4,HR76BC9631,DRV250,837.6
TRP001876,MANDI-028,WH-North,2026-03-14T07:08:34,03-14-2026 03:44 PM,8.6,DL60AB3203,DRV817,477.5
TRP003225,MANDI-046,WH-South,16/08/2026,08-17-2026 02:43 AM,18.6,PB67DF6280,DRV162,943.8
TRP000527,MANDI-005,WH-Central,2026-02-17 04:09:54,17/02/2026 14:03,9.9,PB29CD8655,DRV475,469.7
TRP007726,MANDI-020,WH-South,2026-04-06 01:27:43,2026-04-06 12:33:43,11.1,HR74DF2577,DRV501,
TRP002947,MANDI-013,WH-North,2026-09-02T12:36:13,2026-09-03 03:00:13,14.4,DL34BC6100,DRV636,780.2
TRP004474,MANDI-056,WH-Central,15-Aug-2026 03:49:17,15-Aug-2026 11:43:17,7.9,DL85CD6813,DRV110,409.0
TRP005656,MANDI-034,WH-Central,2026-05-21 11:26:15,2026-05-22 08:26:15,21.0,RJ84DF9274,DRV373,1146.8
TRP008885,MANDI-038,WH-East,12-May-2026 17:27:24,13/05/2026 02:03,8.6,,DRV507,447.1
TRP006060,MANDI-053,WH-South,04/09/2026 22:59,,6.4,DL65BC9582,DRV577,375.7
TRP000960,MANDI-016,WH-West,2026-08-19T09:46:41,2026-08-20 04:58:41,19.2,,DRV790,1015.8
TRP006343,MANDI-017,WH-South,2026-08-31 00:37:31,31/08/2026 05:55,5.3,DL96DF7884,,263.9
TRP003634,MANDI-023,WH-South,08-23-2026 08:21 AM,,3.7,UP52AB3640,,153.399571268476
TRP001051,MANDI-040,WH-North,22/04/2026 20:57,04-23-2026 12:33 AM,3.6,PB10BC5308,DRV699,158.6
TRP008783,MANDI-002,WH-South,01/05/2026 12:56,2026-05-01 15:50:34,2.9,PB70AB4335,DRV358,148.4
TRP008712,MANDI-008,Export-Terminal,15-Feb-2026 18:30:37,2026-02-15 22:36:37,4.1,RJ33CD1157,DRV949,221.2
TRP003381,MANDI-032,WH-Central,11/02/2026 17:39,11/02/2026,,,,329.4
TRP003677,MANDI-018,WH-East,21/08/2026,2026-08-21 16:59:15,7.5,RJ47AB9466,DRV399,420.1
TRP005777,MANDI-025,WH-Central,06-14-2026 02:39 PM,2026-06-15T02:45:59,12.1,DL72CD3774,DRV852,596.3
TRP009409,MANDI-053,Export-Terminal,05-09-2026 10:33 AM,2026-05-09 21:27:22,10.9,DL74AB9813,,473.198677472248
TRP006574,MANDI-051,Export-Terminal,2026-07-12 00:30:38,2026-07-12T07:00:38,6.5,PB46BC2340,DRV883,
TRP005180,MANDI-012,WH-East,2026-06-25 14:42:28,,16.3,HR14DF9230,,835.8
TRP001608,MANDI-040,WH-Central,11-Apr-2026 17:11:07,12-Apr-2026 11:35:07,18.4,UP21CD7194,DRV400,872.9
TRP003611,MANDI-010,WH-South,2026-01-17 10:39:27,18-Jan-2026 08:21:27,21.7,DL59CD4352,DRV574,
TRP007549,MANDI-019,WH-Central,29/01/2026,01-30-2026 02:07 AM,18.8,,DRV960,1026.5
TRP006636,MANDI-040,WH-Central,05-02-2026 09:48 AM,05-02-2026 01:18 PM,,HR96BC3229,DRV677,190.3
TRP002046,MANDI-038,WH-East,09/06/2026 09:48,2026-06-09T23:48:43,14.0,,DRV812,825.3
TRP000792,MANDI-013,WH-West,07-14-2026 05:02 AM,14/07/2026 15:26,10.4,HR47DF9880,DRV330,555.2
TRP003057,MANDI-010,WH-West,2026-03-18 04:20:04,03-18-2026 09:50 AM,5.5,UP75CD4114,DRV610,323.4
TRP001981,MANDI-055,Export-Terminal,07-10-2026 12:45 PM,11/07/2026 11:03,22.3,UP28DF3985,DRV524,1009.2
TRP003599,MANDI-050,Export-Terminal,2026-05-02 11:05:49,2026-05-02 13:11:49,2.1,PB28AB8528,,87.8
TRP000934,MANDI-046,WH-East,2026-04-16T23:40:28,17/04/2026 13:40,14.0,HR67BC6004,DRV492,770.7
TRP007425,MANDI-032,WH-South,2026-03-24 14:18:44,2026-03-25 05:06:44,14.8,DL76BC6161,DRV647,596.298333424982
TRP005627,MANDI-007,WH-North,31/08/2026 00:15,08-31-2026 09:57 AM,9.7,RJ71AB1952,DRV519,410.8
TRP001683,MANDI-042,WH-North,2026-08-12 00:28:17,2026-08-12T03:34:17,3.1,HR36CD9333,DRV155,149.0
TRP004180,MANDI-048,WH-East,31/05/2026,2026-05-31 21:38:50,20.3,PB62BC6093,,1186.2
TRP006447,MANDI-045,WH-North,2026-06-07 00:33:31,07/06/2026 16:21,15.8,HR15DF6735,DRV907,882.9
TRP004117,MANDI-015,WH-North,02-Jul-2026 23:29:09,2026-07-03T05:47:09,6.3,HR53BC6727,DRV392,298.4
TRP000989,MANDI-027,WH-West,2026-08-29 16:57:38,2026-08-30 05:57:38,,PB94DF7643,DRV235,586.298361373582
TRP002897,MANDI-044,WH-East,2026-03-17 11:33:43,2026-03-17T22:45:43,11.2,,DRV412,653.9
TRP003779,MANDI-032,WH-Central,01/01/2026 06:32,01/01/2026 13:32,,PB83CD6562,DRV307,
TRP005659,MANDI-051,WH-East,21/06/2026 12:44,22/06/2026 10:50,22.1,RJ96BC7572,,1220.5
TRP003094,MANDI-014,WH-East,18-Feb-2026 05:29:17,,13.6,DL96CD2036,DRV126,571.0
TRP003156,MANDI-015,WH-North,2026-04-26 10:53:11,2026-04-26T21:29:11,10.6,RJ45CD1746,DRV721,581.9
TRP001824,MANDI-040,WH-West,16-Apr-2026 01:07:29,,15.2,RJ68DF9680,DRV794,809.7
TRP000440,MANDI-054,WH-North,01-22-2026 02:59 PM,2026-01-23 12:23:07,21.4,UP50AB4159,DRV162,1016.8
TRP001099,MANDI-033,WH-South,2026-01-25 23:17:02,26/01/2026 03:35,4.3,PB88BC5784,,204.4
TRP002845,MANDI-057,WH-West,06-24-2026 11:34 AM,24/06/2026,12.2,PB86BC3556,DRV576,502.2
TRP003343,MANDI-049,WH-West,02-14-2026 01:26 AM,,16.4,HR31CD8156,DRV568,707.2
TRP000039,MANDI-032,WH-South,16-Mar-2026 18:07:47,03-17-2026 05:01 AM,10.9,RJ32DF8089,,
TRP006541,MANDI-022,WH-East,08-07-2026 03:21 AM,07/08/2026 20:51,17.5,,DRV259,1041.49708915331
TRP004614,MANDI-054,WH-North,2026-02-16 20:27:14,,9.7,UP62AB1484,,479.9
TRP008708,MANDI-045,WH-West,21/01/2026 19:35,22/01/2026 13:17,,HR59AB2470,DRV766,713.098006985334
TRP003357,MANDI-026,Export-Terminal,2026-03-12 09:07:33,2026-03-13 03:19:33,18.2,HR70CD6995,DRV702,864.4
TRP007814,MANDI-044,WH-West,17-Aug-2026 09:00:26,,11.9,,,639.3
TRP008221,MANDI-015,WH-North,2026-03-08 14:02:55,03-09-2026 10:20 AM,20.3,,DRV855,959.0973194497741
TRP009598,MANDI-005,WH-East,06/06/2026 16:06,07/06/2026 13:06,21.0,UP78BC8576,DRV548,894.797499159272
TRP002429,MANDI-045,WH-North,2026-04-15 22:40:07,2026-04-16T17:22:07,18.7,PB84DF2897,DRV860,
TRP005044,MANDI-002,WH-South,2026-01-05 15:49:06,06/01/2026,22.8,HR27CD3484,DRV226,1163.796747341932
TRP005347,MANDI-045,WH-North,06/07/2026 04:52,,15.1,,DRV351,865.5
TRP004812,MANDI-015,WH-Central,20/01/2026 22:54,2026-01-21T01:54:10,3.0,RJ66DF5230,,137.5
TRP008477,MANDI-007,WH-South,10/07/2026,2026-07-11 18:55:51,19.2,PB16DF9077,DRV274,930.8
TRP000687,MANDI-015,WH-West,02-Apr-2026 22:32:35,03-Apr-2026 14:50:35,16.3,DL90AB7687,DRV795,659.8
TRP004800,MANDI-051,Export-Terminal,2026-08-15T10:40:34,08-16-2026 03:46 AM,17.1,HR13CD5309,DRV603,835.6976643354981
TRP007438,MANDI-026,WH-North,2026-09-05 04:35:34,2026-09-05 17:53:34,13.3,UP80DF3781,DRV663,574.7
TRP002354,MANDI-005,WH-Central,24/03/2026 03:08,2026-03-24T10:20:51,7.2,PB30BC9332,DRV309,296.3
TRP006354,MANDI-038,WH-South,2026-06-07T02:45:00,07/06/2026 18:09,15.4,DL88BC5291,DRV953,898.7974879798319
TRP004570,MANDI-049,WH-South,18-Mar-2026 20:10:15,18/03/2026,3.3,HR21CD1508,DRV292,174.2
TRP008214,MANDI-008,WH-West,01-04-2026 06:06 PM,2026-01-04 23:18:57,,PB26DF2538,DRV439,235.5
TRP002753,MANDI-011,WH-Central,17/02/2026 22:06,2026-02-18T19:54:56,21.8,UP66AB1225,DRV768,
TRP008074,MANDI-050,WH-West,2026-03-28T04:17:04,28-Mar-2026 10:29:04,6.2,RJ77DF6276,,329.7
TRP001041,MANDI-037,WH-South,16/04/2026 01:55,16/04/2026 18:13,16.3,UP85CD5902,DRV878,665.4
TRP007492,MANDI-028,WH-Central,26-Apr-2026 22:48:33,2026-04-27T13:24:33,14.6,UP75BC2111,DRV339,808.9
TRP001266,MANDI-048,WH-West,2026-05-31 05:56:16,01-Jun-2026 00:32:16,18.6,UP20AB5636,DRV161,950.3
TRP009636,MANDI-022,WH-East,23/03/2026,,,DL33CD6999,DRV394,1208.2
TRP007060,MANDI-036,WH-South,13/07/2026 12:07,2026-07-14 04:37:26,16.5,UP45AB1335,DRV486,857.99760201012
TRP000278,MANDI-002,Export-Terminal,2026-08-26 10:29:08,27/08/2026 00:35,14.1,DL65AB4381,DRV951,730.2
TRP005085,MANDI-007,WH-East,23-May-2026 19:09:56,24-May-2026 03:45:56,8.6,,DRV192,415.4
TRP002383,MANDI-045,WH-Central,16/04/2026 09:37,04-16-2026 01:43 PM,4.1,PB58BC1979,,
TRP000572,MANDI-032,WH-West,24-Jan-2026 23:23:42,01-25-2026 01:47 PM,14.4,UP75CD7829,,
TRP001436,MANDI-012,WH-Central,14-Apr-2026 05:08:32,,16.1,,,648.2
TRP005353,MANDI-017,WH-North,2026-03-15 01:39:32,15/03/2026 04:15,2.6,UP89CD5366,DRV899,120.99966182194
TRP005446,MANDI-030,WH-East,07-Jul-2026 12:25:39,07-07-2026 07:43 PM,7.3,DL62AB4833,,292.49918250344996
TRP001008,MANDI-016,WH-North,10/01/2026 23:59,11-Jan-2026 10:05:12,10.1,RJ46CD7524,DRV675,458.2
TRP004544,MANDI-017,WH-East,2026-06-30 04:37:45,01/07/2026 02:43,,PB11BC1408,DRV369,885.8
TRP009172,MANDI-025,WH-East,14-Apr-2026 16:48:39,2026-04-15T12:06:39,19.3,UP61BC2562,DRV121,1149.3
TRP002065,MANDI-045,Export-Terminal,14/08/2026 20:58,15/08/2026,22.6,UP96CD8873,DRV859,918.6
TRP001137,MANDI-046,WH-Central,21/06/2026 06:50,2026-06-21 15:02:31,8.2,PB42AB8180,DRV507,394.6
TRP005344,MANDI-032,WH-East,06-09-2026 12:44 AM,2026-06-09 15:14:51,,PB80CD2710,DRV848,591.598346560824
TRP000295,MANDI-001,WH-Central,2026-01-11 21:12:53,,4.0,RJ17BC5709,DRV274,228.5
TRP008781,MANDI-037,WH-North,2026-04-23T01:35:43,2026-04-24 01:29:43,23.9,UP60DF9428,DRV907,
TRP002404,MANDI-047,WH-West,17/03/2026,,14.5,PB95BC3690,DRV627,587.4
TRP003999,MANDI-045,WH-South,2026-03-10 00:43:08,03-10-2026 05:07 PM,16.4,HR69CD4034,DRV291,980.4
TRP003742,MANDI-016,Export-Terminal,04-Feb-2026 17:06:03,02-04-2026 09:42 PM,,,DRV924,245.0
TRP009593,MANDI-016,WH-South,2026-01-29 17:56:52,01-30-2026 10:50 AM,16.9,PB66AB4050,DRV345,771.5
TRP002720,MANDI-052,WH-South,05-08-2026 06:27 AM,,16.5,DL97AB9403,DRV607,822.0
TRP009570,MANDI-049,WH-West,06-Apr-2026 01:36:35,2026-04-06T17:48:35,16.2,RJ97CD6293,DRV641,700.3
TRP005151,MANDI-047,WH-South,08/01/2026 16:30,08-Jan-2026 21:00:26,4.5,RJ33DF1788,DRV811,231.99935159248
TRP002809,MANDI-045,WH-South,01-12-2026 07:56 PM,2026-01-12 23:38:49,3.7,DL89BC8942,DRV862,
TRP000557,MANDI-044,WH-East,09-05-2026 10:40 AM,,12.3,DL18AB4065,DRV184,499.9
TRP009286,MANDI-035,Export-Terminal,14-May-2026 22:19:57,,13.0,UP36AB8661,,690.2
TRP004796,MANDI-047,WH-West,2026-04-27 13:06:52,2026-04-28 02:42:52,13.6,,DRV646,552.7
TRP002470,MANDI-055,WH-West,07/03/2026,2026-03-08 15:43:13,21.0,PB62AB3281,DRV754,873.0
TRP003739,MANDI-028,WH-North,05-23-2026 05:55 AM,2026-05-24 01:49:06,19.9,RJ54AB3596,DRV316,799.2
TRP004287,MANDI-023,WH-North,03-27-2026 05:16 AM,2026-03-27T13:34:37,8.3,HR47DF7858,,470.6
TRP002605,MANDI-054,Export-Terminal,2026-04-11 21:25:21,2026-04-12 21:01:21,23.6,RJ96AB6368,DRV706,1181.3
TRP000363,MANDI-044,WH-North,01/02/2026 05:10,,17.4,,DRV657,916.1
TRP006925,MANDI-011,WH-East,01/01/2026,2026-01-02T02:55:40,16.2,UP35AB9533,DRV861,749.9
TRP001705,MANDI-044,WH-West,03/07/2026 16:04,07-04-2026 04:10 AM,,RJ90AB6937,DRV491,625.798250976612
TRP002140,MANDI-027,WH-East,2026-01-30T07:48:48,2026-01-31 00:12:48,16.4,UP44DF6237,DRV643,878.297545274462
TRP003240,MANDI-022,WH-South,2026-03-12 18:04:11,03-12-2026 11:34 PM,5.5,PB59DF9146,DRV357,323.599095583304
TRP002384,MANDI-051,WH-East,08-02-2026 03:12 PM,08-03-2026 02:36 PM,23.4,RJ20DF4032,DRV976,1185.8
TRP007315,MANDI-041,WH-South,18/01/2026,2026-01-18 21:56:46,12.0,UP50DF8692,,577.698385409378
TRP004312,MANDI-056,Export-Terminal,15/04/2026,16/04/2026,20.0,PB98CD5143,DRV740,835.797664056012
TRP001313,MANDI-029,WH-West,10/07/2026,2026-07-11T07:39:44,19.4,RJ48DF6595,DRV872,824.8976945199861
TRP003931,MANDI-040,WH-Central,2026-08-27 01:27:43,,23.6,UP66AB3562,DRV853,1323.896299884846
TRP006184,MANDI-025,WH-North,2026-05-08 16:40:53,09/05/2026 02:22,9.7,UP52CD9770,DRV789,393.2
TRP001592,MANDI-041,WH-East,2026-05-07T11:12:46,2026-05-08T10:06:46,22.9,UP61AB6131,DRV309,1147.8
TRP009938,MANDI-053,WH-East,07/05/2026 05:27,2026-05-07 17:27:01,12.0,,DRV911,715.9
TRP002163,MANDI-001,WH-Central,2026-06-29 10:27:51,,20.8,HR21BC3248,DRV532,1188.1
TRP002397,MANDI-042,WH-West,02/07/2026,03/07/2026 02:48,11.0,HR72DF3272,,458.7
TRP000318,MANDI-042,WH-East,2026-01-08 08:22:48,2026-01-08 11:04:48,2.7,HR99AB9638,DRV840,141.8
TRP005234,MANDI-043,WH-West,2026-03-25 15:42:46,26-Mar-2026 13:54:46,22.2,RJ36DF3463,DRV318,1086.9
TRP005069,MANDI-007,WH-South,04-01-2026 12:37 AM,01-Apr-2026 16:25:24,15.8,PB34AB5834,DRV765,821.797703184052
TRP004037,MANDI-024,WH-West,09-03-2026 02:49 AM,2026-09-03T10:25:18,7.6,,DRV968,357.3
TRP008988,MANDI-005,WH-East,2026-01-02T18:39:34,03/01/2026,15.0,HR23AB6771,DRV724,712.7
TRP003021,MANDI-036,Export-Terminal,2026-08-12 05:34:07,13/08/2026 00:28,18.9,UP91BC4747,DRV829,937.9
TRP008229,MANDI-034,WH-North,20/02/2026 19:18,21-Feb-2026 14:48:02,19.5,HR12AB3116,DRV525,940.7
TRP005296,MANDI-017,WH-West,02-17-2026 09:55 PM,2026-02-18T21:37:23,,DL46CD7660,DRV634,1081.8
TRP003973,MANDI-002,Export-Terminal,2026-09-09T01:43:23,09-09-2026 10:37 AM,8.9,UP83AB1519,DRV681,376.8
TRP005371,MANDI-045,Export-Terminal,2026-06-13T18:51:46,06-14-2026 12:51 AM,6.0,,DRV532,271.0
TRP004134,MANDI-049,WH-South,06/06/2026,,7.3,HR75DF5919,DRV258,348.7
TRP000975,MANDI-017,WH-West,04-07-2026 08:22 AM,2026-04-07 18:16:04,9.9,PB18CD9635,DRV790,551.398458914196
TRP007292,MANDI-036,WH-North,2026-03-24 10:58:23,24-Mar-2026 20:52:23,9.9,PB91AB9732,DRV819,436.3
TRP000955,MANDI-042,Export-Terminal,04/04/2026,05-Apr-2026 06:24:01,16.2,DL46BC9541,,949.097347398374
TRP009680,MANDI-030,WH-East,04-22-2026 01:36 PM,2026-04-22 21:48:15,8.2,RJ92BC5144,DRV893,336.8
TRP005017,MANDI-036,WH-Central,2026-02-22T10:58:42,2026-02-22 23:52:42,,RJ59BC9412,DRV933,581.8
TRP002345,MANDI-050,WH-West,01/04/2026 03:39,02-Apr-2026 01:09:00,21.5,DL66DF5329,DRV327,
TRP007491,MANDI-038,WH-North,2026-05-15T10:30:23,2026-05-15 22:30:23,,,,503.0
TRP001641,MANDI-009,WH-West,2026-02-15T14:17:58,,10.0,UP47DF2598,DRV523,432.898790105106
TRP001291,MANDI-047,Export-Terminal,2026-06-01T12:13:36,2026-06-02 05:13:36,17.0,RJ50CD2106,DRV242,687.1
TRP001381,MANDI-020,WH-Central,2026-05-23T14:02:02,24-May-2026 05:38:02,,DL35CD5468,DRV403,884.49752794633
TRP001934,MANDI-023,WH-South,26-Jan-2026 15:47:35,2026-01-27T12:59:35,,UP25DF9813,DRV695,1001.4
TRP004676,MANDI-046,Export-Terminal,2026-02-02 11:34:04,03/02/2026,13.8,HR35DF1642,DRV875,667.9
TRP000893,MANDI-023,WH-East,2026-04-27T01:51:55,27-Apr-2026 08:27:55,6.6,UP71DF2502,DRV329,291.0
TRP007288,MANDI-001,Export-Terminal,2026-07-06 13:20:59,07-07-2026 05:08 AM,15.8,UP12CD6559,DRV546,895.0
TRP004877,MANDI-026,WH-East,13-Jul-2026 22:34:45,2026-07-14T22:04:45,23.5,UP91DF6723,DRV247,1336.9
TRP007907,MANDI-046,WH-West,07/04/2026 07:39,04-07-2026 09:27 PM,13.8,,DRV149,775.5
TRP008195,MANDI-034,Export-Terminal,08/06/2026 16:19,2026-06-09T16:01:48,,HR99BC4362,DRV195,1036.8
TRP009753,MANDI-016,WH-Central,2026-04-13T07:53:08,14/04/2026 03:17,19.4,,DRV690,885.6
TRP009042,MANDI-050,WH-North,14/01/2026 15:12,2026-01-14 18:18:34,3.1,HR20DF9346,DRV796,137.6
TRP002467,MANDI-001,Export-Terminal,2026-05-16T22:21:24,2026-05-17T06:27:24,8.1,HR31BC8266,DRV628,346.0
TRP007658,MANDI-050,Export-Terminal,19-Aug-2026 15:13:46,20-Aug-2026 03:43:46,12.5,HR95DF7050,DRV401,712.198009500708
TRP001914,MANDI-002,WH-North,04-08-2026 04:51 AM,09/04/2026 02:45,21.9,RJ11DF3735,DRV233,989.197235324488
TRP002737,MANDI-049,WH-West,12/01/2026 08:51,01-12-2026 02:39 PM,5.8,HR31AB9280,,256.2
TRP000727,MANDI-040,WH-Central,01-05-2026 12:47 PM,01-06-2026 11:29 AM,22.7,DL82BC7927,DRV562,1038.3
TRP007215,MANDI-015,WH-South,2026-06-10T03:44:29,2026-06-10 17:38:29,13.9,,DRV982,742.5
TRP008246,MANDI-027,WH-South,05/04/2026 02:41,04-05-2026 01:17 PM,10.6,,DRV504,579.8
TRP001797,MANDI-023,Export-Terminal,04-16-2026 09:54 AM,17-Apr-2026 09:54:08,,PB92BC9017,DRV218,968.697292619118
TRP003846,MANDI-019,WH-East,2026-01-15 05:41:57,2026-01-15 19:05:57,13.4,UP88BC6283,DRV397,561.8
TRP006403,MANDI-038,WH-West,2026-08-08 21:14:48,2026-08-09 19:56:48,22.7,HR94AB4130,,1140.3
TRP000937,MANDI-053,WH-East,24-Jul-2026 15:02:14,2026-07-25T09:56:14,18.9,RJ61AB6282,DRV499,1064.0970259894739
TRP002266,MANDI-020,WH-East,28/07/2026,2026-07-29 15:35:25,16.7,,,783.7
TRP000825,MANDI-006,WH-West,06-May-2026 08:19:14,2026-05-07T00:55:14,16.6,HR27BC5490,DRV166,
TRP007275,MANDI-019,WH-Central,04-15-2026 04:08 PM,04-15-2026 06:44 PM,2.6,UP70AB7125,DRV778,132.4
TRP001390,MANDI-006,WH-East,2026-07-27 11:32:42,2026-07-28 10:56:42,23.4,HR74AB1162,DRV181,1081.3
TRP003565,MANDI-034,WH-East,13/06/2026 10:22,2026-06-14T01:52:47,15.5,PB80CD9317,DRV551,671.8981221335661
TRP005430,MANDI-047,WH-Central,08/08/2026 22:56,2026-08-09T01:26:45,2.5,UP26CD6937,,119.0
TRP007828,MANDI-046,WH-Central,2026-07-22T19:40:03,2026-07-23 02:28:03,6.8,DL52AB1442,,399.4
TRP005691,MANDI-025,WH-South,2026-05-15 15:09:16,16/05/2026 05:21,14.2,DL15BC5808,DRV539,595.4
TRP007879,MANDI-036,WH-North,07-Aug-2026 19:28:19,2026-08-08 15:46:19,20.3,DL29CD3345,DRV746,822.2
TRP001869,MANDI-041,Export-Terminal,2026-05-06 19:45:06,07/05/2026 01:51,6.1,DL60BC2196,DRV981,263.7
TRP008203,MANDI-024,WH-East,19-Jun-2026 13:02:34,2026-06-20 05:02:34,16.0,PB50AB1436,DRV189,
TRP007487,MANDI-030,WH-East,2026-07-22 02:40:09,22/07/2026 09:10,6.5,RJ65AB9748,,
TRP000807,MANDI-011,WH-East,16-May-2026 22:54:21,2026-05-17 12:48:21,13.9,HR58AB8258,DRV820,586.6
TRP004806,MANDI-004,Export-Terminal,2026-06-28 20:11:56,,18.1,UP62BC7885,DRV311,794.2
TRP009519,MANDI-002,WH-Central,2026-06-03 08:58:49,06-04-2026 12:34 AM,15.6,RJ63BC9778,DRV999,730.5
TRP007512,MANDI-050,WH-Central,07-May-2026 07:31:07,2026-05-07T21:07:07,13.6,PB22AB8471,DRV801,661.5
TRP008057,MANDI-017,WH-East,08-20-2026 06:45 PM,21/08/2026,12.1,DL73CD4825,DRV516,640.5
TRP004495,MANDI-013,WH-Central,2026-03-07T13:12:56,03-08-2026 11:12 AM,22.0,,DRV725,1313.196329789848
TRP002633,MANDI-049,WH-East,2026-04-11T03:28:02,2026-04-12 02:22:02,22.9,PB53BC9884,DRV146,1119.7
TRP009259,MANDI-054,WH-South,11/07/2026 12:59,2026-07-11 23:41:41,,RJ66DF8051,DRV228,525.7
TRP008897,MANDI-038,WH-Central,09/04/2026 22:17,2026-04-10 05:11:57,6.9,HR93AB8683,DRV803,281.3
TRP008624,MANDI-039,WH-North,06-10-2026 12:00 AM,10/06/2026 03:36,3.6,HR47AB5537,DRV652,
TRP007833,MANDI-045,WH-North,07/02/2026,02-08-2026 04:08 PM,22.9,DL60CD5754,,945.4
TRP004389,MANDI-012,Export-Terminal,2026-02-28T20:05:26,2026-03-01T10:29:26,14.4,UP67DF4326,DRV600,716.697996923838
TRP000146,MANDI-027,WH-North,19/02/2026,19/02/2026 22:56,7.7,UP52CD3091,DRV905,320.6
TRP006468,MANDI-017,WH-South,2026-03-15 18:40:11,16-Mar-2026 08:34:11,13.9,UP99DF7927,DRV572,749.5
TRP002034,MANDI-011,WH-Central,03-Jan-2026 12:15:14,,8.7,DL38AB4096,,517.8
TRP005971,MANDI-027,WH-West,2026-02-01T16:32:30,02/02/2026 08:14,15.7,RJ23CD8545,DRV751,768.2
TRP001166,MANDI-041,WH-Central,2026-09-05 20:13:26,2026-09-06 15:25:26,19.2,RJ73DF5472,DRV710,1097.596932361664
TRP002051,MANDI-038,WH-North,2026-04-05T04:47:40,04-05-2026 05:59 PM,13.2,PB63BC6428,,
TRP003761,MANDI-005,WH-Central,2026-04-25T08:17:57,25-Apr-2026 18:47:57,10.5,RJ37CD1565,DRV920,560.7
TRP004436,MANDI-029,WH-North,22/01/2026 07:04,2026-01-22 12:04:33,5.0,,DRV168,234.4
TRP003431,MANDI-027,WH-North,2026-07-15 09:09:10,16-Jul-2026 02:33:10,17.4,UP87DF2443,DRV328,946.2
TRP008191,MANDI-023,WH-North,16-Jul-2026 08:40:41,16/07/2026 12:58,4.3,DL18CD4928,,250.399300167056
TRP009106,MANDI-033,Export-Terminal,2026-02-01 04:54:13,02/02/2026,21.6,PB95CD4023,,1241.3
TRP007070,MANDI-043,WH-West,09/01/2026 20:03,2026-01-10T07:15:00,,DL34CD8886,,558.99843767326
TRP004362,MANDI-046,WH-West,08-08-2026 11:47 AM,09/08/2026,22.2,DL80CD1405,DRV767,1284.5
TRP001772,MANDI-032,Export-Terminal,11/04/2026 08:00,12-Apr-2026 05:18:23,21.3,DL18CD3882,DRV956,924.0
TRP003512,MANDI-010,Export-Terminal,2026-03-01 13:31:10,2026-03-02T00:49:10,11.3,HR84BC1121,DRV138,649.8
TRP000272,MANDI-047,WH-East,2026-04-06T04:10:04,2026-04-07T01:10:04,21.0,RJ35CD4030,,1225.5965746195839
TRP008437,MANDI-006,Export-Terminal,2026-03-30 17:38:44,03-31-2026 04:02 PM,22.4,DL14BC1037,DRV166,908.7
TRP002033,MANDI-003,WH-Central,2026-05-12 17:53:16,13-May-2026 08:11:16,14.3,DL25BC7134,DRV257,857.6
TRP009006,MANDI-050,WH-Central,2026-04-25T17:43:29,04-26-2026 02:07 AM,8.4,UP37DF7529,DRV526,433.5
TRP004994,MANDI-007,WH-South,2026-05-27 02:31:11,2026-05-27 09:37:11,7.1,RJ42CD2186,DRV671,398.4
TRP003811,MANDI-014,WH-North,2026-06-18 22:23:02,2026-06-19T04:35:02,6.2,HR63CD4968,DRV493,287.8
TRP004347,MANDI-004,WH-South,2026-06-21 22:55:01,22/06/2026,10.5,RJ19AB8525,,509.298576577802
TRP000546,MANDI-014,WH-East,23/06/2026,2026-06-24T00:12:32,13.1,PB17AB6000,DRV691,574.5
TRP003242,MANDI-003,WH-North,26/07/2026,26/07/2026,,RJ15BC3237,DRV169,561.7
TRP008931,MANDI-029,WH-South,2026-01-11 09:55:42,2026-01-12 00:19:42,14.4,RJ51DF8306,DRV971,699.2
TRP008503,MANDI-057,WH-West,04-30-2026 05:41 PM,01-May-2026 06:29:30,12.8,RJ30AB8660,DRV164,611.7
TRP006596,MANDI-043,Export-Terminal,31/03/2026 00:28,31/03/2026 12:16,11.8,,,637.4
TRP007565,MANDI-043,WH-North,04/07/2026 18:07,2026-07-05T08:01:11,13.9,RJ35AB8836,,576.0
TRP000921,MANDI-017,WH-East,09-Jun-2026 12:20:27,,20.0,PB16CD3497,DRV148,825.8
TRP009484,MANDI-052,WH-North,2026-09-05 16:43:38,06/09/2026,12.2,PB93CD6277,,647.6
TRP006641,MANDI-031,WH-Central,17/03/2026 14:37,18/03/2026 03:31,12.9,UP14AB1162,DRV306,746.8
TRP007695,MANDI-032,WH-West,06/07/2026 02:36,07-Jul-2026 01:00:57,22.4,RJ94AB2033,,925.3
TRP008231,MANDI-053,WH-North,2026-04-03 20:36:13,2026-04-04 19:12:13,22.6,HR94DF9074,DRV388,1280.99641978434
TRP007127,MANDI-049,WH-West,02-08-2026 05:10 AM,2026-02-09T04:58:05,23.8,UP80AB2660,DRV798,1003.6
TRP004279,MANDI-046,Export-Terminal,05-29-2026 08:36 AM,05-29-2026 06:06 PM,9.5,,DRV384,477.8
TRP002984,MANDI-022,WH-South,2026-05-11 03:43:17,11/05/2026,12.6,HR74CD7515,DRV716,548.1
TRP000131,MANDI-018,Export-Terminal,2026-03-20T14:08:34,2026-03-21 03:20:34,13.2,PB11BC7253,DRV741,759.9
TRP007981,MANDI-032,WH-North,24/05/2026,05-24-2026 09:34 PM,10.4,HR51DF5308,DRV913,456.7
TRP002668,MANDI-021,WH-North,12/07/2026 13:01,12-Jul-2026 18:43:31,5.7,HR90BC7463,,257.8
TRP007139,MANDI-044,WH-East,2026-04-24T19:10:04,25/04/2026,5.9,DL55DF3792,DRV941,263.0
TRP003224,MANDI-027,WH-South,2026-01-30 04:15:57,2026-01-30 11:27:57,7.2,PB62CD4414,DRV615,338.5
TRP007694,MANDI-019,Export-Terminal,08-20-2026 01:15 PM,,21.6,HR80AB2060,DRV290,1167.1
TRP005393,MANDI-005,WH-West,09-Jul-2026 12:05:41,2026-07-10 03:23:41,15.3,PB40BC6665,,704.898029903186
TRP000615,MANDI-026,WH-Central,2026-02-10T12:29:21,11/02/2026,17.7,PB79AB1093,DRV421,776.4
TRP006164,MANDI-025,WH-South,2026-07-10 11:00:09,2026-07-11 02:24:09,15.4,DL47BC3888,DRV785,635.4
TRP001467,MANDI-040,WH-West,2026-03-12 02:52:01,03-12-2026 08:28 AM,5.6,HR61DF5265,DRV226,
TRP004498,MANDI-026,WH-West,24/04/2026 12:37,25/04/2026 10:25,21.8,DL12DF8282,DRV350,915.8
TRP003043,MANDI-046,WH-North,2026-02-12 15:27:51,02-13-2026 12:45 AM,9.3,DL86CD9898,DRV107,
TRP002420,MANDI-046,WH-East,2026-02-17T03:59:55,02-17-2026 03:17 PM,,DL81CD5571,DRV297,469.8
TRP005086,MANDI-022,WH-West,05-17-2026 01:47 PM,17-May-2026 19:05:34,5.3,DL81BC9032,DRV622,223.799374510332
TRP003295,MANDI-011,WH-South,06-15-2026 09:38 PM,16-Jun-2026 18:14:14,20.6,,DRV132,894.8
TRP006738,MANDI-041,WH-Central,16/07/2026,17-Jul-2026 12:22:06,12.9,RJ65AB3602,DRV638,531.098515649854
TRP001501,MANDI-050,WH-West,04-Apr-2026 15:26:48,04-Apr-2026 19:38:48,4.2,UP97DF3106,DRV529,199.0
TRP009019,MANDI-037,WH-Central,29/04/2026,2026-04-29 18:59:57,,HR95AB4925,DRV861,352.4
TRP001522,MANDI-051,WH-North,02/04/2026 00:31,02/04/2026 22:07,21.6,RJ29CD9393,DRV727,926.7
TRP009483,MANDI-047,WH-West,10/04/2026 04:58,10/04/2026 19:22,,,,761.897870596166
TRP004233,MANDI-050,WH-South,2026-08-12 09:31:07,2026-08-13 07:43:07,22.2,HR31AB7101,DRV178,1032.5
TRP007687,MANDI-018,WH-Central,2026-05-19 12:44:21,2026-05-20 00:56:21,,PB10DF7818,DRV187,624.1
TRP008821,MANDI-043,Export-Terminal,24/07/2026,,8.7,RJ70BC9768,DRV419,392.7
TRP004431,MANDI-053,WH-South,04/08/2026 04:10,2026-08-04 16:58:01,12.8,,,614.6
TRP000391,MANDI-003,WH-Central,23/07/2026 23:29,24/07/2026 09:47,10.3,UP95AB3207,DRV906,445.1
TRP009421,MANDI-043,WH-North,11/04/2026 09:33,11/04/2026,,UP30BC8611,DRV111,344.5
TRP007125,MANDI-041,WH-South,2026-07-06 09:32:11,,15.0,HR45CD8256,DRV683,618.9
TRP005914,MANDI-053,WH-West,05-01-2026 03:36 PM,02-May-2026 12:54:31,,RJ26BC4368,DRV803,993.9
TRP008593,MANDI-006,WH-South,2026-05-19T05:07:34,19/05/2026 23:31,18.4,DL56AB7620,DRV676,1030.9
TRP004807,MANDI-013,WH-Central,2026-02-03T23:51:55,04-Feb-2026 15:15:55,15.4,PB72BC8077,DRV662,794.1
TRP009315,MANDI-010,WH-North,19-Jun-2026 00:06:48,2026-06-19T19:24:48,19.3,,DRV845,971.4972847935101
TRP008239,MANDI-029,WH-South,05-19-2026 09:51 AM,20/05/2026,17.8,DL35CD2163,DRV345,803.7
TRP008045,MANDI-037,Export-Terminal,02-11-2026 07:40 AM,2026-02-11T14:40:30,7.0,UP84DF5154,DRV152,289.9
TRP007059,MANDI-038,WH-East,2026-02-05T18:44:55,,11.5,,DRV564,498.5
TRP003994,MANDI-034,WH-South,2026-08-09 03:48:50,,23.3,RJ17BC6560,,1171.2
TRP009933,MANDI-031,Export-Terminal,2026-07-20 00:17:23,20-Jul-2026 23:17:23,23.0,UP78DF1408,DRV718,1099.3
TRP006610,MANDI-043,WH-West,01/04/2026,04-02-2026 01:00 PM,20.3,,DRV509,931.5973963084241
TRP005320,MANDI-017,WH-Central,2026-09-03 22:03:00,04/09/2026,10.2,PB12DF9181,DRV590,591.6
TRP004382,MANDI-025,WH-Central,01-05-2026 11:26 PM,2026-01-06 18:32:40,19.1,DL21CD9302,DRV105,768.4
TRP007120,MANDI-049,WH-South,2026-07-19T11:03:56,2026-07-20T03:09:56,16.1,UP68CD7532,DRV391,762.4
TRP002422,MANDI-036,WH-Central,19/05/2026,20-May-2026 01:44:28,8.3,UP72CD3634,DRV941,
TRP005605,MANDI-031,WH-North,31/03/2026 20:57,01/04/2026,22.5,,DRV776,1254.6
TRP001751,MANDI-042,WH-South,20/05/2026 18:53,,18.6,RJ82DF2307,DRV441,
TRP009379,MANDI-056,WH-North,01-Sep-2026 14:50:53,01/09/2026,7.8,HR69BC1965,DRV919,
TRP001863,MANDI-044,WH-East,2026-01-06 09:27:01,07-Jan-2026 05:51:01,20.4,HR64AB6632,DRV790,
TRP000339,MANDI-049,WH-North,2026-07-06T14:56:54,07/07/2026,15.2,DL73BC1032,DRV989,803.9
TRP008408,MANDI-019,WH-Central,17/01/2026 14:54,18/01/2026 11:54,21.0,,DRV335,1025.7
TRP001342,MANDI-001,WH-West,05/02/2026,2026-02-06 14:54:57,18.1,HR74CD4103,DRV294,750.6
TRP003791,MANDI-034,WH-South,18/01/2026,19-Jan-2026 03:42:21,17.0,,DRV823,824.9
TRP007983,MANDI-030,WH-North,06-07-2026 04:19 AM,07-Jun-2026 15:49:54,11.5,PB86AB3195,DRV857,536.3
TRP003641,MANDI-047,Export-Terminal,2026-05-17 17:04:18,18/05/2026 13:04,20.0,PB24AB8810,DRV537,
TRP000330,MANDI-039,WH-South,29/05/2026 08:06,30/05/2026,21.5,RJ36DF5259,,1199.8
TRP009462,MANDI-013,WH-South,07-19-2026 01:19 PM,19-Jul-2026 23:01:53,,HR32BC3883,DRV237,495.2
TRP003005,MANDI-028,WH-Central,2026-02-20T14:48:24,21-Feb-2026 05:06:24,14.3,PB70DF4458,DRV944,769.5
TRP006961,MANDI-052,Export-Terminal,2026-01-09T21:09:15,10-Jan-2026 05:15:15,8.1,PB91BC5992,DRV691,359.69899468885797
TRP004091,MANDI-002,WH-East,2026-01-19 20:43:05,01-20-2026 07:01 AM,10.3,,DRV860,549.4
TRP002323,MANDI-043,WH-South,19/02/2026 06:17,2026-02-19 21:11:49,14.9,PB25AB3335,DRV840,700.5
TRP006668,MANDI-028,WH-South,04-23-2026 02:20 PM,24-Apr-2026 04:02:57,13.7,HR70BC7979,DRV765,
TRP007010,MANDI-002,WH-West,2026-05-05T06:28:35,,22.2,,DRV803,1006.99718557598
TRP004198,MANDI-018,WH-East,24/04/2026 03:36,24/04/2026 19:48,16.2,UP89DF6823,DRV862,660.0
TRP003550,MANDI-009,WH-West,17-Jun-2026 15:46:55,18/06/2026,16.9,PB91DF5342,DRV224,913.6
TRP008364,MANDI-002,WH-West,2026-05-11 19:38:21,12-May-2026 16:08:21,20.5,PB98DF4227,DRV711,
TRP004204,MANDI-049,WH-East,21/04/2026 12:07,21-Apr-2026 17:25:44,5.3,PB60BC7709,DRV249,
TRP009684,MANDI-043,Export-Terminal,2026-04-21 00:09:56,21/04/2026 12:15,12.1,PB71BC2188,DRV486,574.9
TRP009297,MANDI-022,WH-East,2026-09-09T06:10:55,2026-09-09T13:46:55,,,DRV573,343.3
TRP006186,MANDI-042,WH-East,10-Jul-2026 11:09:13,2026-07-11 00:21:13,13.2,,DRV863,641.8
TRP001640,MANDI-007,WH-Central,2026-06-17T14:01:12,17/06/2026 19:01,5.0,RJ32DF3176,DRV820,220.1
TRP009131,MANDI-050,WH-South,2026-01-04 19:13:05,2026-01-05 00:13:05,5.0,DL69BC8184,DRV560,275.7
TRP000061,MANDI-020,WH-Central,2026-05-07T14:38:16,08/05/2026,11.7,,DRV249,586.3
TRP001241,MANDI-001,Export-Terminal,20/08/2026 05:59,20/08/2026 20:17,14.3,UP14CD6873,DRV207,792.0
TRP005761,MANDI-023,WH-West,25/08/2026 13:04,,4.5,,DRV348,232.1
TRP005137,MANDI-014,WH-West,24/01/2026 12:26,2026-01-25 01:08:44,12.7,,,659.3
TRP002344,MANDI-019,WH-East,2026-06-28T16:27:01,29/06/2026,18.5,RJ62CD3817,DRV848,870.9975656769401
TRP002121,MANDI-045,WH-Central,2026-08-05 21:09:10,08-06-2026 04:51 PM,19.7,PB15AB8357,DRV374,891.4
TRP001525,MANDI-021,WH-East,08/08/2026 13:23,,23.6,HR90CD1540,,1036.1971039660682
TRP007618,MANDI-024,WH-Central,2026-02-23 03:27:07,24-Feb-2026 02:21:07,22.9,RJ94DF7506,DRV611,1282.1
TRP000154,MANDI-055,WH-East,2026-02-21T19:40:12,2026-02-22 09:46:12,14.1,HR36AB1625,DRV899,815.5977205121841
TRP000482,MANDI-030,WH-East,08/07/2026 15:06,,23.6,HR63BC9783,,1322.296304356622
TRP006123,MANDI-049,WH-West,2026-05-04 18:25:07,2026-05-05T00:19:07,5.9,DL80CD7863,DRV174,326.79908663975203
TRP007675,MANDI-009,WH-North,02-18-2026 06:06 PM,2026-02-19 04:42:37,10.6,UP48DF5397,DRV298,604.9
TRP007102,MANDI-003,WH-North,22/07/2026 22:10,23/07/2026 17:58,19.8,DL58BC2195,DRV940,1120.1
TRP001763,MANDI-053,WH-North,2026-06-01T07:47:52,01/06/2026 16:17,8.5,PB50AB2414,DRV865,432.99878982562
TRP008943,MANDI-028,WH-Central,03-20-2026 08:30 AM,2026-03-20 23:24:31,14.9,HR83BC7257,DRV424,879.2975424796019
TRP007716,MANDI-022,WH-South,2026-04-01T07:50:16,2026-04-01T16:56:16,9.1,PB26DF4768,DRV204,438.3
TRP009481,MANDI-017,WH-Central,06/01/2026,06-Jan-2026 23:02:09,14.3,,DRV483,
TRP007480,MANDI-020,WH-North,28-Jun-2026 06:42:45,2026-06-28 17:48:45,11.1,PB24DF1279,,516.7
TRP006213,MANDI-016,WH-North,06-27-2026 01:31 AM,27/06/2026 09:07,7.6,RJ70BC4322,DRV692,422.49881917165
TRP004854,MANDI-042,Export-Terminal,18-Feb-2026 15:00:19,18-Feb-2026 17:30:19,2.5,UP29BC2879,,110.5
TRP002712,MANDI-033,WH-East,08-04-2026 12:59 AM,2026-08-04T14:59:06,,RJ67DF4205,DRV544,747.797910003692
TRP006767,MANDI-005,WH-North,08-Mar-2026 16:23:36,09-Mar-2026 03:23:36,11.0,PB27BC7637,DRV409,527.8
TRP004151,MANDI-022,WH-Central,2026-01-31T10:28:26,2026-02-01T01:58:26,15.5,RJ96AB2018,DRV322,831.0
TRP001334,MANDI-013,WH-Central,2026-05-21 13:02:19,22/05/2026 11:50,22.8,,DRV285,1253.49649664299
TRP008379,MANDI-040,WH-East,01-16-2026 09:29 PM,,4.1,PB88DF4834,DRV256,
TRP003502,MANDI-032,WH-Central,30/04/2026 12:44,01/05/2026,21.3,DL21BC9993,DRV903,1207.1
TRP003788,MANDI-017,WH-East,08-25-2026 11:11 AM,26/08/2026,19.6,,DRV423,1075.7
TRP009487,MANDI-003,WH-East,07-25-2026 08:46 AM,25-Jul-2026 16:52:19,8.1,,DRV760,466.2
TRP003851,MANDI-047,WH-West,30/05/2026 00:41,05-30-2026 04:53 PM,16.2,DL17BC2850,,857.4
TRP008341,MANDI-036,WH-North,17/05/2026 01:45,05-17-2026 04:27 PM,14.7,HR52AB5393,DRV630,731.7
TRP004125,MANDI-041,WH-North,2026-08-11 11:50:48,,7.5,HR42DF9381,DRV462,334.8
TRP009325,MANDI-044,WH-Central,02-Jan-2026 04:26:09,01-02-2026 09:50 PM,17.4,,DRV356,969.1
TRP004789,MANDI-007,WH-South,08-06-2026 07:38 PM,2026-08-07 08:20:18,12.7,UP14CD7643,DRV470,543.9
TRP002867,MANDI-053,WH-East,04-12-2026 01:42 AM,2026-04-12 11:36:48,9.9,PB49AB4171,DRV460,456.3
TRP001387,MANDI-016,WH-South,31/05/2026 10:26,05-31-2026 10:14 PM,11.8,,DRV564,491.3
TRP005942,MANDI-051,Export-Terminal,2026-01-06 00:48:07,2026-01-06 23:12:07,22.4,PB42BC1294,,1334.0
TRP003068,MANDI-047,WH-Central,02-12-2026 12:59 PM,13-Feb-2026 02:35:51,13.6,,DRV297,560.0
TRP009422,MANDI-009,WH-North,06-Apr-2026 08:11:47,2026-04-06 14:23:47,6.2,PB57DF1726,,348.2
TRP003630,MANDI-026,WH-West,2026-07-13T20:23:45,,19.9,UP28BC1893,DRV397,852.2
TRP009834,MANDI-056,WH-South,08/05/2026 13:27,09/05/2026 05:09,15.7,DL19DF8137,DRV443,
TRP009310,MANDI-008,WH-North,04-07-2026 07:39 AM,2026-04-08T02:03:29,18.4,PB49DF4829,DRV605,948.9
TRP003029,MANDI-007,WH-North,2026-05-27 17:11:58,2026-05-28T12:29:58,19.3,HR52AB4891,DRV432,917.4
TRP002970,MANDI-004,WH-East,2026-03-24 20:50:28,25/03/2026,3.6,RJ96CD6149,DRV705,194.2
TRP008647,MANDI-017,WH-East,11/02/2026 23:49,2026-02-12 06:07:15,6.3,UP77AB6667,DRV918,367.3
TRP006137,MANDI-051,WH-Central,2026-05-28 16:46:04,2026-05-29T06:28:04,13.7,UP98CD5852,DRV460,704.098032139074
TRP008802,MANDI-043,WH-West,02/07/2026 09:18,2026-07-02 16:06:22,6.8,RJ42BC7974,DRV936,281.4
TRP004264,MANDI-016,WH-East,03-10-2026 01:31 AM,10/03/2026 16:13,14.7,PB95DF1558,DRV341,740.5
TRP000646,MANDI-056,WH-South,03-08-2026 09:28 PM,09-Mar-2026 03:22:05,5.9,PB24CD5493,DRV973,321.5
TRP000036,MANDI-042,WH-Central,08-13-2026 06:21 AM,14/08/2026,19.7,RJ52CD3274,DRV103,1070.7
TRP002075,MANDI-049,WH-West,17/08/2026 05:03,08-17-2026 09:15 AM,4.2,,DRV947,210.399411961456
TRP000342,MANDI-017,WH-Central,2026-07-03 23:08:24,2026-07-04 22:50:24,,PB80AB7311,DRV580,1115.0
TRP008042,MANDI-014,Export-Terminal,2026-01-31 06:28:00,31/01/2026 11:34,5.1,DL96DF8414,DRV850,221.6
TRP001623,MANDI-055,WH-South,16-Jul-2026 18:02:08,17/07/2026 05:50,,DL51DF1149,DRV557,
TRP007142,MANDI-026,WH-North,06/08/2026,07-Aug-2026 04:12:28,12.3,DL27DF7491,DRV314,545.4
TRP005797,MANDI-030,WH-Central,2026-04-05 02:54:59,2026-04-05T11:06:59,,HR21AB9414,DRV131,385.4
TRP007185,MANDI-023,WH-East,2026-08-25T21:30:17,2026-08-26T18:24:17,20.9,DL64BC6910,,864.5
TRP008233,MANDI-043,Export-Terminal,04/07/2026 14:39,,4.9,UP26BC5058,,283.0
TRP005476,MANDI-021,Export-Terminal,2026-08-08T12:46:00,2026-08-08T21:16:00,8.5,PB64AB7413,DRV565,434.7
TRP009623,MANDI-008,WH-West,30/03/2026,31/03/2026 01:57,7.9,PB60BC7348,DRV394,404.8
TRP000075,MANDI-022,WH-Central,2026-03-02 13:24:07,2026-03-03 06:36:07,17.2,HR99AB6586,DRV207,908.4
TRP004424,MANDI-023,Export-Terminal,2026-04-27T22:02:19,2026-04-28 19:50:19,21.8,DL80AB8515,DRV942,958.3
TRP008634,MANDI-040,Export-Terminal,2026-04-29T19:16:56,30/04/2026 13:46,18.5,DL11BC4626,DRV896,756.6
TRP009600,MANDI-050,Export-Terminal,2026-03-19T14:24:34,20-Mar-2026 11:06:34,20.7,HR55AB1889,,1030.5
TRP002052,MANDI-018,WH-Central,2026-06-26T01:04:33,26-Jun-2026 22:16:33,21.2,UP55BC4076,,1048.99706819186
TRP002542,MANDI-036,WH-East,2026-08-23T06:13:58,24/08/2026,19.2,PB10BC6551,DRV543,913.9974454979599
TRP001302,MANDI-014,WH-North,2026-07-08 21:00:23,09/07/2026 04:30,7.5,PB11DF3051,DRV493,318.49910983709003
TRP005878,MANDI-036,WH-East,2026-01-08 18:04:19,09/01/2026 15:46,21.7,RJ82BC7888,DRV299,
TRP007369,MANDI-057,WH-West,24/03/2026,2026-03-24 17:10:53,7.5,,DRV633,414.1
TRP001305,MANDI-045,Export-Terminal,04/03/2026 16:22,05/03/2026,,UP34BC8841,,886.4
TRP008429,MANDI-044,Export-Terminal,24/07/2026 15:29,2026-07-25T05:11:37,13.7,UP91DF3209,DRV850,698.7
TRP009458,MANDI-022,WH-Central,2026-07-29 17:12:59,,18.5,RJ23BC9119,DRV624,1021.3
TRP002600,MANDI-005,WH-East,30/01/2026 09:24,31/01/2026 09:00,23.6,HR29DF6968,DRV280,1022.597141976164
TRP002574,MANDI-023,Export-Terminal,22/06/2026,23-Jun-2026 13:32:57,21.0,UP75CD4197,,912.9974482928201
TRP003187,MANDI-018,WH-Central,2026-01-09 11:11:32,09/01/2026,9.0,UP14CD5954,DRV728,386.4
TRP002769,MANDI-047,WH-South,12-Mar-2026 00:36:09,12/03/2026 11:48,11.2,UP19CD9191,,455.5
TRP004832,MANDI-011,WH-North,05-May-2026 21:25:45,05-06-2026 10:19 AM,12.9,PB65AB2156,DRV814,729.2
TRP004224,MANDI-049,WH-South,11-Aug-2026 14:19:57,12-Aug-2026 03:25:57,13.1,PB67CD9469,DRV625,665.5
TRP000252,MANDI-047,WH-East,01/03/2026 13:58,01-Mar-2026 21:22:36,7.4,PB31AB3254,DRV278,306.0
TRP002107,MANDI-051,WH-North,05-15-2026 05:03 PM,16-May-2026 02:21:27,9.3,UP67AB8210,DRV111,405.7
TRP002680,MANDI-039,Export-Terminal,2026-02-23 10:25:10,02-23-2026 01:19 PM,2.9,HR46BC1042,,172.0
TRP001388,MANDI-005,WH-North,2026-07-21T06:43:09,21/07/2026 11:49,5.1,UP93DF4388,DRV513,250.9
TRP009292,MANDI-034,WH-East,2026-05-08 18:20:59,09/05/2026 07:20,13.0,DL89CD4970,DRV437,765.897859416726
TRP003466,MANDI-031,WH-North,08-24-2026 09:58 PM,2026-08-25 08:52:52,10.9,,DRV696,
TRP007084,MANDI-025,WH-North,2026-07-19 04:46:39,19-Jul-2026 23:52:39,19.1,PB37CD7159,DRV834,973.0
TRP001280,MANDI-050,WH-East,01/06/2026 04:34,06-01-2026 07:40 AM,3.1,,DRV893,177.2
TRP000805,MANDI-015,WH-North,2026-01-27 08:34:41,28/01/2026 04:52,20.3,UP31BC9259,DRV153,
TRP001556,MANDI-048,WH-West,18-Mar-2026 02:14:25,03-18-2026 08:02 AM,5.8,UP73CD3978,DRV207,295.7
TRP009865,MANDI-028,WH-East,13-Jan-2026 15:33:03,,22.0,RJ72DF1365,DRV897,903.7
TRP004567,MANDI-021,Export-Terminal,2026-07-27 20:20:11,28-Jul-2026 07:14:11,10.9,UP39DF4085,DRV622,558.798438232232
TRP009656,MANDI-018,WH-South,21/03/2026 01:49,21/03/2026,,PB67BC5837,DRV891,
TRP004842,MANDI-037,WH-South,12/03/2026 04:39,03-12-2026 08:45 AM,4.1,UP71AB1263,DRV472,205.2
TRP003595,MANDI-006,Export-Terminal,2026-03-20 07:18:00,,3.1,HR96DF7044,DRV142,130.9
TRP006036,MANDI-052,WH-South,2026-01-27 16:14:35,28-Jan-2026 04:08:35,11.9,UP13BC5533,DRV156,490.798628282712
TRP006853,MANDI-044,Export-Terminal,03-07-2026 12:23 PM,2026-03-08 02:41:08,14.3,PB67CD5993,DRV393,
TRP008706,MANDI-026,WH-Central,08/01/2026 09:56,2026-01-09 06:44:09,20.8,RJ84DF5101,DRV761,1050.0
TRP004178,MANDI-038,WH-South,08-Aug-2026 13:55:10,2026-08-09 04:01:10,14.1,HR50AB1844,,
TRP001309,MANDI-042,WH-South,2026-07-22 04:54:12,2026-07-23 02:42:12,,HR51CD7112,DRV364,
TRP009107,MANDI-038,WH-East,2026-05-13 18:03:18,05-14-2026 04:45 PM,22.7,RJ50DF4866,DRV659,
TRP003453,MANDI-012,WH-Central,26/05/2026 15:06,2026-05-27 12:06:26,,DL54DF1590,DRV681,994.8
TRP003696,MANDI-048,Export-Terminal,25/06/2026 04:46,2026-06-26 00:58:36,20.2,PB84BC9250,DRV660,844.9976383433
TRP004243,MANDI-025,WH-Central,17/04/2026 03:35,17/04/2026 22:59,19.4,RJ49BC3522,DRV693,946.99735326758
TRP002199,MANDI-006,WH-East,09-Aug-2026 08:52:15,,,RJ13DF7925,DRV879,625.9
TRP008967,MANDI-020,WH-South,2026-04-22T16:04:33,04-23-2026 01:46 PM,21.7,,,1194.9966601423
TRP004426,MANDI-017,Export-Terminal,2026-06-05T06:35:11,2026-06-06T00:47:11,18.2,PB22CD6237,DRV182,
TRP006151,MANDI-025,WH-Central,2026-06-01T17:23:59,02/06/2026 08:59,15.6,HR43AB4478,DRV858,658.7
TRP000944,MANDI-009,WH-North,03/01/2026 10:47,2026-01-04T02:59:32,16.2,RJ94DF2738,DRV997,786.6
TRP000823,MANDI-041,WH-South,03/08/2026 10:30,03/08/2026 20:30,10.0,DL25AB2253,DRV359,591.4
TRP005006,MANDI-040,WH-Central,2026-07-31 05:36:29,2026-08-01T01:24:29,19.8,UP77CD8610,DRV654,946.9
TRP006613,MANDI-002,WH-Central,2026-04-26 21:42:18,2026-04-27T01:24:18,3.7,UP84AB4092,DRV533,187.1
TRP008357,MANDI-033,WH-Central,13/08/2026 19:07,14/08/2026 04:07,9.0,,DRV763,463.7
TRP005620,MANDI-024,WH-West,2026-08-03 04:05:28,2026-08-03 18:23:28,14.3,,DRV379,690.7
TRP004548,MANDI-022,WH-Central,25/06/2026,,,HR69DF9921,DRV194,
TRP002539,MANDI-053,WH-North,2026-07-31 01:54:24,31-Jul-2026 11:54:24,10.0,PB10DF2817,DRV433,484.5
TRP005208,MANDI-031,WH-East,05-28-2026 03:58 PM,2026-05-28T19:04:52,3.1,DL49DF2321,DRV987,155.7
TRP009894,MANDI-022,WH-South,2026-06-21T15:16:36,21/06/2026,3.3,DL44AB9765,DRV217,168.2
TRP009373,MANDI-022,Export-Terminal,13/03/2026,14-Mar-2026 17:13:04,,PB74BC8209,DRV441,803.4
TRP003055,MANDI-034,Export-Terminal,2026-01-03 01:27:04,01-04-2026 01:21 AM,23.9,RJ91BC6196,DRV497,
TRP003676,MANDI-057,WH-North,03-26-2026 04:03 PM,27-Mar-2026 10:03:11,18.0,UP94BC1032,DRV607,736.7
TRP007777,MANDI-021,WH-Central,23/03/2026 23:53,24-Mar-2026 09:41:03,9.8,UP92CD1941,DRV457,570.0
TRP007219,MANDI-057,WH-Central,24/03/2026 03:29,2026-03-24 16:47:32,13.3,HR67AB9385,DRV549,610.1
TRP006723,MANDI-021,Export-Terminal,2026-08-27 21:15:57,28-Aug-2026 05:15:57,8.0,HR39CD4721,DRV213,329.8
TRP003301,MANDI-052,WH-West,2026-09-01T15:58:54,09-02-2026 06:10 AM,14.2,UP90DF8599,DRV938,
TRP003311,MANDI-011,WH-East,04/04/2026,05-Apr-2026 20:23:06,22.8,PB77AB9414,DRV335,
TRP007222,MANDI-040,WH-Central,22-Mar-2026 21:58:41,23/03/2026,23.2,PB90AB4803,DRV244,
TRP008520,MANDI-007,WH-Central,2026-09-09T15:39:35,2026-09-10 15:33:35,23.9,,DRV758,1005.99718837084
TRP005955,MANDI-001,WH-North,2026-07-08 14:22:39,07-09-2026 09:10 AM,18.8,DL93DF7516,DRV403,1121.0
TRP000833,MANDI-035,WH-West,2026-06-22T03:44:51,06-22-2026 06:50 PM,15.1,PB80DF8156,DRV338,905.3
TRP003463,MANDI-021,WH-South,2026-06-18T18:50:25,2026-06-19T12:14:25,17.4,HR14AB5973,DRV485,773.6
TRP007644,MANDI-011,WH-East,2026-03-01T07:35:27,01/03/2026 16:35,9.0,RJ79AB7057,,459.9
TRP000055,MANDI-024,Export-Terminal,06-10-2026 11:57 PM,2026-06-11T18:27:19,18.5,RJ98BC3357,DRV594,
TRP003452,MANDI-005,Export-Terminal,08/09/2026 19:11,09-09-2026 08:17 AM,13.1,HR46AB1097,DRV169,738.0
TRP006306,MANDI-022,WH-Central,21-Apr-2026 15:56:38,04-22-2026 11:56 AM,20.0,RJ19CD3350,,894.7
TRP001482,MANDI-041,WH-Central,2026-06-30T08:58:48,06-30-2026 11:52 PM,,PB34BC9798,DRV608,626.4
TRP004874,MANDI-053,WH-West,2026-06-16 19:52:32,17/06/2026 12:10,16.3,RJ86DF8555,DRV440,829.9976802662
TRP008039,MANDI-029,WH-South,05-05-2026 02:53 PM,2026-05-05 17:35:20,2.7,PB45BC9932,DRV854,112.6
TRP003336,MANDI-050,WH-East,07/03/2026 00:42,03-07-2026 07:42 PM,19.0,HR81DF1291,DRV629,804.1
TRP006017,MANDI-052,WH-East,18-Aug-2026 05:48:12,19-Aug-2026 05:18:12,23.5,RJ78CD6195,DRV237,1082.4
TRP004927,MANDI-055,WH-Central,06/03/2026,2026-03-07 05:38:41,19.6,RJ84AB4169,DRV443,1159.5
TRP009139,MANDI-004,WH-West,06-08-2026 12:12 AM,08/06/2026 04:06,3.9,DL86CD9878,DRV762,176.299507266182
TRP005798,MANDI-048,WH-Central,2026-03-01 11:35:39,2026-03-01 17:05:39,5.5,,DRV198,228.9
TRP001248,MANDI-029,WH-South,06/08/2026 00:51,2026-08-06 22:39:09,,HR49DF9523,DRV507,1018.2
TRP005084,MANDI-034,WH-South,01/09/2026 14:52,2026-09-02 06:46:05,15.9,UP73BC2193,DRV596,767.8
TRP006646,MANDI-026,Export-Terminal,2026-02-18 11:29:26,,4.1,DL48AB6461,DRV605,
TRP005491,MANDI-052,WH-East,13-Jan-2026 07:20:57,13/01/2026 18:38,,HR88CD1677,DRV776,619.0
TRP000769,MANDI-021,WH-West,11/08/2026,12-Aug-2026 11:51:40,15.1,RJ21DF6834,,724.6
TRP002066,MANDI-025,WH-South,2026-02-15T18:09:18,16/02/2026 13:15,19.1,,DRV572,973.9972778063601
TRP009879,MANDI-024,WH-Central,2026-02-09 15:02:36,10/02/2026 06:56,15.9,UP38DF8852,DRV151,847.1
TRP007312,MANDI-041,WH-North,2026-05-09T09:13:23,05-09-2026 04:13 PM,7.0,DL82BC4929,DRV334,322.199099496108
TRP008478,MANDI-056,WH-South,2026-08-03 14:54:35,04/08/2026 01:48,10.9,HR67BC5973,DRV773,604.398310786616
TRP004525,MANDI-018,WH-North,2026-05-17 22:13:12,2026-05-18 17:43:12,19.5,HR82CD9358,DRV800,797.3
TRP002718,MANDI-024,WH-North,2026-06-03 15:50:56,04/06/2026 01:14,9.4,,DRV817,455.0
TRP002080,MANDI-020,WH-North,02/08/2026,2026-08-03 01:50:08,,UP74BC6839,DRV711,323.2
TRP008915,MANDI-043,WH-West,01-27-2026 10:29 PM,2026-01-28T10:41:05,12.2,,DRV119,641.0
TRP000952,MANDI-012,Export-Terminal,27-Jul-2026 13:50:03,07-27-2026 10:14 PM,8.4,UP27BC3964,,500.2
TRP008059,MANDI-048,WH-North,2026-09-07 08:46:04,2026-09-08T04:04:04,19.3,UP60AB8673,,970.4
TRP002483,MANDI-011,WH-East,2026-05-06T05:44:49,07/05/2026,20.1,RJ83BC3529,DRV670,914.4
TRP009182,MANDI-037,WH-Central,23/03/2026 05:32,23/03/2026 17:32,12.0,,DRV211,559.9984348784
TRP001760,MANDI-014,WH-West,07-11-2026 08:06 AM,2026-07-12T05:30:02,21.4,PB36BC7809,DRV793,907.1
TRP004423,MANDI-015,WH-South,2026-04-02 17:39:31,02/04/2026 21:27,3.8,RJ74CD6512,DRV535,215.8
TRP006705,MANDI-037,WH-South,2026-05-29 09:19:44,29/05/2026 20:25,11.1,RJ45CD8361,DRV810,489.7
TRP005183,MANDI-040,WH-East,03-Sep-2026 20:30:13,,21.4,DL88AB5779,,1120.5
TRP008534,MANDI-002,WH-West,2026-09-02T11:20:02,,22.9,HR43AB1956,DRV115,1216.3
TRP003702,MANDI-011,Export-Terminal,2026-07-15 20:06:56,2026-07-16T15:12:56,,UP54DF7000,DRV207,816.8
TRP004244,MANDI-016,WH-East,03-28-2026 11:58 PM,2026-03-29T05:52:56,5.9,,DRV443,351.799016768252
TRP000689,MANDI-031,WH-Central,2026-03-04 08:20:36,05/03/2026,16.9,HR27BC1222,DRV551,
TRP003433,MANDI-052,WH-West,25/08/2026,2026-08-26T13:08:13,16.7,,DRV560,826.7
TRP004945,MANDI-054,WH-North,22/05/2026 14:50,,18.6,PB48DF7787,DRV759,1110.0
TRP000967,MANDI-012,WH-North,18-Jun-2026 09:48:36,2026-06-18T19:48:36,10.0,UP60AB2751,,561.8
TRP009863,MANDI-012,WH-North,03-Aug-2026 16:02:54,,3.4,UP80CD2567,DRV413,164.2
TRP002714,MANDI-016,WH-North,08/05/2026,2026-05-08 18:03:58,11.8,UP82CD6911,DRV840,592.2
TRP004758,MANDI-029,WH-South,01-10-2026 07:26 AM,10/01/2026 15:08,,RJ43CD5389,DRV168,387.1
TRP009927,MANDI-024,Export-Terminal,2026-09-07T09:30:37,08/09/2026,21.0,DL12AB9446,DRV306,1170.6
TRP006321,MANDI-051,WH-North,2026-05-23T17:03:54,2026-05-24 12:45:54,,HR48AB7742,DRV501,1055.49705002527
TRP005976,MANDI-032,WH-Central,2026-06-09T15:21:17,,,UP40DF8713,DRV575,1075.2
TRP003573,MANDI-032,WH-East,2026-06-30T00:29:57,,13.8,RJ12AB4982,,681.398095582396
TRP005300,MANDI-026,Export-Terminal,04-12-2026 01:25 PM,13-Apr-2026 03:43:54,,UP98CD4158,DRV931,774.5
TRP001991,MANDI-019,WH-South,2026-04-17 08:24:14,2026-04-17 22:36:14,14.2,DL43DF4964,DRV948,642.1
TRP001206,MANDI-027,WH-Central,03-07-2026 04:14 AM,07/03/2026 20:08,15.9,DL39DF7082,DRV895,750.8
TRP004972,MANDI-018,WH-South,2026-03-10 16:55:13,2026-03-10 22:37:13,5.7,,DRV455,
TRP008710,MANDI-039,WH-Central,2026-07-08T02:08:01,2026-07-08T07:14:01,5.1,PB99AB2044,DRV194,260.7
TRP006784,MANDI-044,Export-Terminal,08/04/2026 22:01,2026-04-09T01:01:11,,DL84BC7568,DRV418,137.799614868292
TRP003601,MANDI-026,WH-East,21/04/2026 19:10,22/04/2026 06:04,10.9,UP71DF2880,DRV952,563.4
TRP006491,MANDI-019,WH-West,2026-07-13 06:40:42,2026-07-13 21:52:42,15.2,DL18BC1502,DRV484,870.5
TRP008610,MANDI-015,Export-Terminal,2026-08-25T15:39:54,2026-08-26T11:51:54,,DL41CD5308,DRV444,1130.8
TRP000796,MANDI-025,WH-Central,15/05/2026,2026-05-16 14:04:00,20.4,DL68DF4952,DRV718,969.3
TRP008071,MANDI-052,WH-South,18/01/2026 17:37,2026-01-19 07:55:19,,DL79CD4751,DRV326,734.4
TRP008578,MANDI-057,WH-East,2026-07-22 16:38:30,,22.5,HR29DF2004,DRV410,1186.49668389861
TRP007974,MANDI-010,WH-West,2026-03-22 18:16:50,03-23-2026 05:52 PM,,HR42BC9652,DRV198,1050.897062881626
TRP001626,MANDI-033,Export-Terminal,2026-01-07 12:36:10,2026-01-08 12:24:10,23.8,PB21BC6163,DRV659,1338.6
TRP000537,MANDI-031,Export-Terminal,21/07/2026,22/07/2026 09:14,12.7,,DRV202,624.698254050958
TRP008767,MANDI-052,WH-South,2026-06-14 08:21:58,,8.3,,DRV387,354.6
TRP007971,MANDI-021,Export-Terminal,2026-08-19 12:23:22,08-20-2026 01:41 AM,13.3,UP14DF6961,,
TRP004213,MANDI-039,WH-Central,2026-08-10T10:50:23,2026-08-10 14:08:23,3.3,UP68AB5304,DRV983,181.299493291882
TRP006457,MANDI-018,WH-Central,16-Feb-2026 09:43:59,02-17-2026 02:55 AM,17.2,RJ20CD4873,DRV981,951.197341529168
TRP003508,MANDI-034,WH-South,27/03/2026 09:46,2026-03-28 07:28:02,21.7,UP99CD6478,DRV773,1135.596826156984
TRP008394,MANDI-015,WH-East,09/04/2026 16:23,2026-04-10T01:47:07,9.4,RJ95DF3526,DRV943,498.8
TRP007113,MANDI-002,WH-South,2026-02-26T15:47:40,2026-02-26 18:35:40,2.8,RJ46CD1444,,125.4
TRP002709,MANDI-013,WH-West,19-Jan-2026 23:41:48,2026-01-20T23:17:48,23.6,HR28AB9522,DRV899,
TRP005032,MANDI-027,Export-Terminal,2026-03-30T21:02:18,03-31-2026 04:50 PM,19.8,,DRV856,
TRP006515,MANDI-048,WH-South,19-Feb-2026 00:30:22,2026-02-19T20:48:22,20.3,DL19BC9476,DRV865,1192.3
TRP004663,MANDI-049,WH-Central,02-14-2026 01:35 AM,2026-02-15 01:17:28,23.7,RJ36CD4962,DRV496,1336.5
TRP004022,MANDI-040,WH-South,20/04/2026,,3.9,UP18CD9322,DRV121,
TRP001855,MANDI-045,WH-East,2026-02-03T14:07:08,2026-02-04 02:13:08,12.1,DL31BC1645,DRV845,611.1
TRP009801,MANDI-022,WH-East,05-07-2026 06:07 AM,2026-05-07 14:43:34,,,,391.9
TRP002873,MANDI-021,WH-East,2026-03-03 05:15:32,03/03/2026 07:27,2.2,UP12CD1991,DRV254,
TRP003031,MANDI-033,WH-East,09-Jun-2026 16:50:32,,7.8,UP94DF7165,DRV888,363.698983509418
TRP001646,MANDI-026,WH-East,17-Jan-2026 21:08:39,2026-01-18T05:02:39,,HR67AB9114,,467.3
TRP003418,MANDI-028,WH-South,11/03/2026 10:36,2026-03-11 18:30:33,7.9,RJ19BC8359,,329.399079373116
TRP003477,MANDI-024,WH-South,03-04-2026 06:26 PM,05/03/2026 03:44,9.3,UP75AB7734,DRV569,538.0
TRP009934,MANDI-025,WH-Central,24-May-2026 21:37:04,2026-05-25T06:55:04,9.3,UP50AB7889,,403.7
TRP001793,MANDI-011,WH-North,24/07/2026 07:14,25-Jul-2026 03:50:39,20.6,HR14BC3331,DRV598,1016.097160142754
TRP003798,MANDI-043,WH-Central,23/03/2026 04:58,2026-03-23T07:52:39,2.9,PB15BC6433,DRV695,118.1
TRP003369,MANDI-020,WH-Central,2026-04-29 04:54:37,04-29-2026 12:36 PM,7.7,,DRV778,415.8
TRP007197,MANDI-018,WH-West,21/04/2026 16:47,2026-04-22T15:29:10,,UP81CD2507,,949.2
TRP008848,MANDI-010,Export-Terminal,04-28-2026 04:55 PM,2026-04-29 07:13:15,14.3,,DRV266,755.6
TRP005110,MANDI-035,Export-Terminal,2026-02-28T11:01:43,28/02/2026,2.5,PB60AB9601,DRV145,146.6
TRP006025,MANDI-010,WH-West,2026-07-07T23:17:38,2026-07-08T12:35:38,13.3,,DRV433,554.6
TRP008796,MANDI-010,WH-Central,2026-08-14 21:24:11,15/08/2026,18.5,DL83AB7429,DRV741,766.6
TRP009665,MANDI-029,WH-West,21-Jan-2026 17:25:07,01-22-2026 12:31 AM,7.1,DL33AB6763,,317.1
TRP000127,MANDI-027,WH-West,2026-04-11 14:44:40,04-12-2026 06:14 AM,15.5,,DRV372,766.5
TRP005960,MANDI-046,WH-East,02-01-2026 06:59 AM,2026-02-02 05:05:38,,,DRV498,974.9
TRP003877,MANDI-028,Export-Terminal,22/05/2026,23/05/2026 12:00,23.6,HR77AB9486,DRV616,
TRP004452,MANDI-022,WH-Central,2026-04-19T08:41:51,19-Apr-2026 23:23:51,14.7,RJ73DF5713,DRV940,699.6
TRP007148,MANDI-018,WH-South,2026-01-04 12:05:56,2026-01-05 02:05:56,14.0,HR19BC7788,,661.6
TRP003532,MANDI-054,WH-West,2026-03-14T06:30:24,2026-03-15 03:00:24,20.5,PB34CD1567,,1033.8
TRP000828,MANDI-057,Export-Terminal,14-Apr-2026 22:44:09,15/04/2026 21:32,22.8,RJ88AB2948,DRV638,1319.296312741202
TRP007791,MANDI-007,WH-North,05-09-2026 08:21 AM,2026-05-10T00:57:25,16.6,HR82DF4993,DRV307,742.797923977992
TRP000985,MANDI-034,WH-Central,2026-03-18T16:09:53,2026-03-18 23:33:53,7.4,RJ40BC8366,,359.9989938504
TRP007784,MANDI-031,WH-North,22/08/2026 19:58,23/08/2026 06:52,10.9,RJ29CD7220,DRV256,581.7
TRP002444,MANDI-038,WH-Central,04-10-2026 05:36 PM,11/04/2026 05:48,,HR73AB2729,DRV416,703.6
TRP008555,MANDI-052,WH-South,05/04/2026,04-06-2026 06:27 PM,20.2,HR42BC4702,DRV831,942.0
TRP000346,MANDI-012,WH-Central,13/05/2026 08:36,2026-05-13 19:24:41,10.8,HR48AB6208,DRV444,563.698424537418
TRP000815,MANDI-043,WH-South,2026-05-13 13:16:22,13/05/2026,2.6,UP39BC6439,DRV635,150.6
TRP006167,MANDI-046,WH-South,2026-03-13 11:43:47,13/03/2026 18:43,7.0,PB74DF3881,DRV106,319.2
TRP005780,MANDI-011,WH-Central,04-01-2026 05:02 PM,02/04/2026 16:56,23.9,RJ70DF3855,DRV625,
TRP002117,MANDI-025,WH-West,12/05/2026 02:56,2026-05-12 10:50:04,,,DRV980,435.0
TRP000794,MANDI-050,WH-South,2026-08-26 12:33:06,26-Aug-2026 21:15:06,8.7,UP95BC3436,,398.49888624829
TRP006899,MANDI-017,WH-South,2026-01-30T21:09:33,01-31-2026 07:51 PM,22.7,PB46CD6601,DRV366,1096.3
TRP002675,MANDI-008,WH-North,04-09-2026 04:08 PM,10/04/2026 03:50,11.7,RJ20BC1372,DRV903,578.5
TRP000095,MANDI-044,WH-East,02/09/2026 04:06,03-Sep-2026 01:06:09,21.0,PB33BC7431,DRV347,1110.8
TRP004226,MANDI-010,WH-East,2026-07-20 20:54:38,21-Jul-2026 20:24:38,23.5,,DRV487,1282.2
TRP003757,MANDI-010,Export-Terminal,2026-05-31T01:30:36,,14.9,HR65BC9668,DRV282,842.697644771478
TRP002892,MANDI-046,Export-Terminal,2026-06-23T13:05:52,2026-06-23 20:53:52,7.8,DL60CD2292,DRV209,452.0
TRP002372,MANDI-057,WH-East,05/03/2026 17:43,2026-03-06T04:01:14,10.3,PB47CD3224,DRV352,466.7
TRP009762,MANDI-003,WH-North,2026-08-13T17:41:49,14-Aug-2026 03:47:49,10.1,PB17CD3995,DRV235,553.1984538834481
TRP003229,MANDI-023,WH-North,19/06/2026,2026-06-19 13:16:52,9.0,,DRV351,504.5
TRP007864,MANDI-012,Export-Terminal,13/07/2026 12:25,07-14-2026 12:43 AM,12.3,DL98DF7929,,617.8
TRP006360,MANDI-023,WH-West,19-Jul-2026 19:10:54,20/07/2026,17.0,PB80DF7657,DRV957,747.9
TRP009566,MANDI-038,Export-Terminal,2026-09-02 04:29:07,02-Sep-2026 09:23:07,4.9,PB97CD3714,DRV257,258.5
TRP007327,MANDI-018,WH-West,08-14-2026 03:08 AM,14/08/2026,11.6,UP66BC2613,DRV174,670.9
TRP006029,MANDI-029,WH-North,2026-04-14T15:31:29,2026-04-15T08:19:29,16.8,PB62AB5379,DRV704,949.0
TRP001866,MANDI-047,WH-South,26-Jul-2026 03:08:25,26-Jul-2026 21:08:25,,DL31CD9351,,900.4
TRP004613,MANDI-050,WH-North,2026-09-02T19:05:28,09-02-2026 09:11 PM,2.1,UP45AB8925,DRV427,100.1
TRP002646,MANDI-004,WH-South,02-26-2026 02:04 PM,2026-02-27 03:04:33,13.0,,DRV984,620.698265230398
TRP002244,MANDI-046,WH-South,2026-09-01T07:36:53,,,HR44AB9934,DRV435,711.9
TRP005374,MANDI-050,WH-Central,03-13-2026 02:42 AM,2026-03-13 06:06:33,3.4,UP27AB3110,DRV545,167.2
TRP002337,MANDI-025,WH-South,23/07/2026 03:49,23-Jul-2026 07:31:50,3.7,,DRV515,
TRP000951,MANDI-049,WH-East,14-Jan-2026 22:19:46,15/01/2026,,DL15CD3130,,805.4
TRP001121,MANDI-002,WH-North,2026-04-22 07:54:30,2026-04-22 21:30:30,,RJ74CD7572,DRV533,581.2
TRP002205,MANDI-039,WH-North,20-Apr-2026 22:01:23,21-Apr-2026 03:43:23,5.7,PB32CD9431,DRV665,228.6
TRP000420,MANDI-042,WH-North,2026-08-11 09:58:01,08-11-2026 02:40 PM,4.7,UP27DF7278,DRV695,276.4
TRP000923,MANDI-043,WH-North,2026-07-07 15:26:05,08-Jul-2026 02:50:05,11.4,HR23DF5486,DRV411,661.99814980268
TRP008670,MANDI-045,WH-South,2026-07-19 12:50:12,2026-07-20T10:20:12,21.5,UP31CD1967,DRV516,936.3
TRP005409,MANDI-046,Export-Terminal,2026-03-02T20:00:19,2026-03-03T08:06:19,12.1,DL61CD3780,,655.8
TRP005789,MANDI-009,WH-East,04-01-2026 01:47 PM,,15.5,UP30BC7005,DRV405,683.6
TRP005743,MANDI-040,WH-East,05-May-2026 01:12:35,05/05/2026 10:06,8.9,DL50BC4187,DRV730,396.3
TRP007668,MANDI-030,WH-Central,2026-08-18 19:20:58,2026-08-19 11:44:58,16.4,RJ62CD9643,DRV993,960.49731553697
TRP005568,MANDI-025,WH-Central,14/04/2026,,15.3,HR75AB4912,DRV659,821.8
TRP008136,MANDI-051,WH-Central,2026-07-20 18:54:32,2026-07-21 05:30:32,10.6,PB45CD9780,DRV230,
TRP001203,MANDI-026,Export-Terminal,2026-02-25T13:48:40,26-Feb-2026 04:42:40,14.9,RJ65CD3537,,707.5
TRP005766,MANDI-006,Export-Terminal,2026-08-24T10:52:57,24/08/2026,13.0,DL24BC3155,DRV991,725.9
TRP008390,MANDI-055,WH-West,03-07-2026 09:39 PM,03-08-2026 07:03 PM,21.4,PB34BC8622,,1180.9
TRP001971,MANDI-019,WH-East,04-Mar-2026 06:40:26,04-Mar-2026 16:28:26,9.8,HR33CD8791,DRV564,506.1
TRP004019,MANDI-026,WH-North,17/06/2026 07:52,,23.4,,DRV219,
TRP003688,MANDI-011,Export-Terminal,06/08/2026 02:46,08-06-2026 11:52 PM,21.1,DL18BC4221,DRV554,970.5
TRP001998,MANDI-019,WH-West,04/07/2026 01:43,05/07/2026 01:31,23.8,,,1415.1
TRP004034,MANDI-026,WH-Central,2026-03-12 13:23:23,2026-03-12T23:23:23,10.0,RJ81BC7427,DRV790,
TRP001249,MANDI-025,WH-West,2026-02-01 07:37:48,01-Feb-2026 16:07:48,8.5,PB67BC2607,DRV349,
TRP002193,MANDI-046,Export-Terminal,2026-03-27 13:26:23,2026-03-27T23:26:23,,DL46DF8846,,463.6
TRP002713,MANDI-009,WH-Central,03-Jun-2026 11:36:10,03/06/2026 18:18,6.7,HR51BC5684,DRV269,313.1
TRP009185,MANDI-026,WH-North,15/02/2026 23:10,2026-02-16 08:28:24,9.3,HR27CD3112,DRV499,531.198515370368
TRP002191,MANDI-056,WH-Central,2026-05-09T14:51:33,10/05/2026 13:09,22.3,DL66AB9137,DRV334,1179.5
TRP004671,MANDI-007,WH-South,11-Aug-2026 11:29:48,,18.0,DL46AB6578,,1073.8969985998463
TRP005143,MANDI-053,WH-East,31/05/2026 18:04,06-01-2026 02:34 AM,8.5,PB85DF2638,DRV362,
TRP005985,MANDI-056,WH-Central,30/06/2026 15:49,,20.8,HR21BC5635,DRV365,942.0
TRP006566,MANDI-010,WH-North,2026-06-05 09:27:44,06-06-2026 12:21 AM,14.9,PB79BC4017,DRV250,705.8
TRP007805,MANDI-055,WH-West,07-31-2026 09:58 PM,2026-08-01 17:22:35,19.4,HR60AB2252,DRV633,
TRP006944,MANDI-015,WH-North,13/02/2026 01:47,13/02/2026 12:17,10.5,UP66DF4496,DRV175,571.3
TRP002137,MANDI-048,WH-West,04-11-2026 06:28 PM,2026-04-12 12:04:02,17.6,UP85BC7343,DRV400,1034.8
TRP001066,MANDI-028,WH-East,2026-03-06T09:45:27,03-07-2026 08:33 AM,,HR35AB5493,DRV420,
TRP000601,MANDI-038,WH-North,08-03-2026 07:58 AM,08-04-2026 02:46 AM,,UP17BC6460,DRV354,838.4
TRP004228,MANDI-042,WH-North,2026-07-30 12:14:08,31/07/2026 09:26,21.2,RJ76AB8359,DRV939,989.2972350450019
TRP007578,MANDI-044,Export-Terminal,01-12-2026 08:39 PM,,7.9,DL11AB7055,,453.7
TRP000078,MANDI-018,WH-South,2026-07-21 05:17:10,21/07/2026 15:23,,,DRV945,529.0985212395741
TRP007547,MANDI-026,WH-East,13-Jan-2026 06:06:50,13/01/2026 21:06,15.0,PB11BC6565,,693.9
TRP002899,MANDI-052,WH-North,23-Jan-2026 11:03:26,23/01/2026 14:15,3.2,UP86CD4320,DRV178,
TRP004821,MANDI-037,WH-North,2026-06-11T15:33:38,2026-06-11 19:21:38,3.8,DL20DF8272,DRV784,195.3
TRP009675,MANDI-020,Export-Terminal,2026-04-16T09:34:19,16/04/2026 21:04,11.5,HR28BC1004,DRV812,540.298489937142
TRP006414,MANDI-029,WH-East,23/01/2026 04:13,24/01/2026,22.2,,DRV410,1176.2
TRP009445,MANDI-051,WH-Central,2026-03-14T20:39:21,15/03/2026,,PB85DF3449,DRV335,290.59918781368407
TRP009065,MANDI-013,WH-West,04/05/2026,05/05/2026 04:40,7.1,RJ83BC8906,,314.9
TRP008008,MANDI-012,WH-West,02-Jan-2026 21:38:52,2026-01-03T02:32:52,4.9,PB17DF9526,DRV788,249.7
TRP005469,MANDI-024,WH-North,11/04/2026 17:36,12/04/2026 08:00,14.4,DL72DF9162,,589.7
TRP005952,MANDI-037,WH-West,07/02/2026 17:19,2026-02-08T11:01:32,17.7,UP20DF7332,DRV378,1016.5
TRP003392,MANDI-051,WH-North,28/04/2026 04:08,2026-04-29 00:38:56,20.5,RJ21CD3792,DRV461,1185.3
TRP005416,MANDI-052,WH-West,02-11-2026 07:04 PM,02-12-2026 02:58 PM,19.9,RJ81CD1269,DRV442,962.4
TRP002561,MANDI-041,WH-West,06-Apr-2026 09:45:09,04-06-2026 07:09 PM,9.4,HR37CD4154,DRV325,550.0
TRP008163,MANDI-025,WH-West,14-Apr-2026 10:04:37,2026-04-15 00:34:37,14.5,UP88DF5358,DRV221,737.4
TRP002636,MANDI-021,WH-South,07-15-2026 07:49 PM,16/07/2026,13.7,UP80BC9630,DRV203,758.0
TRP005257,MANDI-048,WH-East,12-May-2026 18:11:16,,20.4,RJ28BC9581,DRV894,1111.2
TRP003531,MANDI-039,WH-East,05/03/2026 21:30,2026-03-06 16:54:56,19.4,PB51CD7739,DRV991,851.1
TRP008568,MANDI-003,Export-Terminal,02/09/2026 11:37,03/09/2026 02:07,14.5,DL20CD1334,DRV143,607.9
TRP001909,MANDI-044,WH-South,2026-02-01 12:14:56,2026-02-02 01:44:56,13.5,,DRV717,775.4
TRP000236,MANDI-040,WH-South,2026-05-03T14:36:47,05-04-2026 01:18 AM,10.7,HR60BC9657,DRV898,554.7
TRP001605,MANDI-029,WH-East,2026-02-03 13:27:45,03-Feb-2026 19:51:45,6.4,,DRV750,356.799002793952
TRP007985,MANDI-030,WH-South,29-Jun-2026 00:21:10,2026-06-29T13:15:10,12.9,HR96DF1436,DRV267,739.3
TRP009311,MANDI-021,WH-East,2026-01-26 07:27:55,,2.7,UP89DF5238,DRV630,126.099647568154
TRP003491,MANDI-055,WH-South,11-Aug-2026 18:53:03,12/08/2026 16:29,21.6,,DRV520,1085.5
TRP001995,MANDI-011,WH-Central,2026-07-12T18:10:29,13-Jul-2026 02:34:29,8.4,DL15CD8545,DRV911,359.3
TRP002825,MANDI-054,WH-Central,2026-06-23T15:25:29,2026-06-23T21:07:29,5.7,DL85BC9092,DRV133,263.9
TRP009656,MANDI-018,WH-South,21/03/2026 01:49,21/03/2026,,PB67BC5837,DRV891,
TRP001343,MANDI-043,WH-East,24/04/2026 17:26,2026-04-24T23:02:45,5.6,PB31AB2507,DRV868,306.49914337541
TRP008513,MANDI-026,Export-Terminal,16-Feb-2026 07:14:24,2026-02-17 05:08:24,21.9,,DRV946,1279.0
TRP001620,MANDI-032,WH-South,11-May-2026 13:15:07,11/05/2026,2.1,UP12BC6068,,101.4
TRP005288,MANDI-004,WH-South,24-Jul-2026 06:55:39,24/07/2026 22:31,,DL29DF2770,,647.7
TRP002061,MANDI-025,WH-South,29-Mar-2026 03:45:57,2026-03-29 18:57:57,15.2,DL85CD6479,DRV590,
TRP000389,MANDI-027,WH-North,2026-03-19T12:11:01,20/03/2026,12.6,DL15CD1670,DRV783,629.0
TRP002220,MANDI-007,WH-Central,2026-07-22 01:09:29,22-Jul-2026 18:15:29,17.1,RJ60AB5174,DRV287,733.7
TRP006039,MANDI-026,Export-Terminal,22-Jan-2026 22:39:28,2026-01-23 15:21:28,16.7,RJ85CD8203,DRV941,910.8
TRP000261,MANDI-052,WH-West,19-Jul-2026 03:09:05,19/07/2026 07:33,4.4,RJ67BC2843,DRV166,223.5
TRP009739,MANDI-025,Export-Terminal,2026-08-27 16:52:14,2026-08-28 08:16:14,15.4,DL60DF5571,DRV711,733.6
TRP009094,MANDI-012,Export-Terminal,2026-07-25 10:48:42,2026-07-26 08:30:42,21.7,PB34CD2525,,1120.3
TRP003745,MANDI-049,WH-East,2026-05-31 04:15:15,2026-05-31 19:33:15,15.3,RJ32DF7563,DRV764,787.7
TRP002027,MANDI-023,WH-Central,18/07/2026,19-Jul-2026 06:20:07,16.2,,,785.1
TRP006989,MANDI-038,WH-North,19/08/2026 04:17,19/08/2026 17:53,13.6,RJ14AB8469,DRV149,562.198428729708
TRP004235,MANDI-030,WH-East,03/01/2026 23:34,04/01/2026 16:28,16.9,RJ10CD3560,,800.4
TRP001918,MANDI-008,Export-Terminal,2026-04-13T23:11:56,2026-04-14 09:23:56,10.2,DL80BC8111,DRV697,416.4
TRP001829,MANDI-040,Export-Terminal,29/08/2026 19:43,2026-08-30T11:43:36,16.0,DL94DF3313,DRV992,
TRP006234,MANDI-057,Export-Terminal,08/02/2026 19:11,09-Feb-2026 05:29:59,10.3,RJ72AB1067,DRV420,541.5
TRP009706,MANDI-026,WH-Central,2026-01-04 05:02:01,2026-01-04T08:14:01,3.2,DL34BC1940,DRV275,152.1
TRP006284,MANDI-010,WH-South,16-Aug-2026 15:01:28,17-Aug-2026 02:01:28,11.0,DL66DF5855,DRV361,449.1
TRP004209,MANDI-033,WH-Central,05/06/2026,,7.0,PB98DF6723,DRV818,381.6
TRP000225,MANDI-021,WH-Central,2026-02-17 15:29:01,,17.0,,DRV936,785.4
TRP008916,MANDI-042,WH-Central,2026-03-15T15:38:37,2026-03-16 01:50:37,,,DRV622,578.1
TRP009334,MANDI-030,WH-East,06/03/2026 06:30,03-06-2026 07:48 PM,13.3,RJ30CD3438,DRV892,763.9
TRP006470,MANDI-036,WH-South,2026-08-04T08:22:02,2026-08-04T19:22:02,11.0,PB98DF5223,DRV951,485.4
TRP009789,MANDI-038,WH-East,2026-01-21 06:16:33,2026-01-21 12:16:33,6.0,HR99CD2191,DRV400,296.5
TRP000847,MANDI-016,WH-East,2026-06-21 19:50:56,22-Jun-2026 13:50:56,18.0,PB88CD2003,DRV915,898.9
TRP004290,MANDI-010,Export-Terminal,24/02/2026 16:48,2026-02-25T01:36:57,8.8,DL60DF8184,DRV487,
TRP005561,MANDI-014,WH-North,26/06/2026 14:05,27/06/2026 11:35,21.5,UP63AB8853,DRV959,1139.5
TRP002552,MANDI-007,Export-Terminal,2026-01-10 22:01:15,2026-01-11 05:19:15,7.3,HR68DF7791,DRV326,435.4
TRP000118,MANDI-008,WH-North,07/02/2026 06:04,07/02/2026 12:34,6.5,DL82DF2485,,321.6
TRP008838,MANDI-032,WH-Central,2026-02-15T01:50:32,15/02/2026,10.3,RJ46BC7864,DRV300,562.7
TRP005967,MANDI-026,WH-South,04-16-2026 08:53 AM,2026-04-17 03:05:53,18.2,PB85BC8405,DRV178,1039.3
TRP008196,MANDI-054,Export-Terminal,2026-06-13 18:57:15,,18.1,DL92BC6627,DRV228,1049.5
TRP008660,MANDI-028,Export-Terminal,20/07/2026 08:25,20-Jul-2026 16:19:22,7.9,PB37DF2068,DRV104,425.6
TRP007490,MANDI-042,WH-Central,2026-02-13T11:59:23,2026-02-14T04:29:23,16.5,UP77DF1972,DRV643,840.3
TRP000006,MANDI-025,WH-North,30/04/2026 19:52,,3.6,,DRV134,170.2
TRP005343,MANDI-019,WH-South,2026-06-27T18:27:26,06-27-2026 11:39 PM,5.2,PB32BC8514,DRV617,303.0
TRP009112,MANDI-045,WH-West,20/03/2026 15:10,,4.4,UP28DF3268,DRV955,202.5
TRP004325,MANDI-011,Export-Terminal,19/01/2026 03:16,19/01/2026 20:52,17.6,UP88AB4225,DRV686,704.3
TRP001064,MANDI-004,WH-Central,2026-01-31 17:18:17,01-Feb-2026 16:36:17,23.3,HR26DF3402,DRV219,1361.6
TRP002591,MANDI-009,WH-South,2026-05-12 15:35:38,2026-05-13 09:17:38,17.7,DL98BC8643,DRV336,711.49801145711
TRP008435,MANDI-001,WH-South,2026-02-08T04:27:54,2026-02-08 08:45:54,4.3,HR61BC5392,,208.8
TRP009353,MANDI-031,WH-East,14/05/2026,2026-05-15T01:50:44,3.9,PB66DF6014,DRV274,156.6
TRP003736,MANDI-039,WH-North,09/08/2026,,3.0,UP51CD9931,DRV980,162.4
TRP003518,MANDI-042,WH-North,2026-08-20 19:56:21,2026-08-21 09:14:21,13.3,RJ70AB1911,DRV501,672.3
TRP006987,MANDI-002,WH-South,2026-05-09T02:40:15,05-09-2026 03:40 PM,13.0,PB74CD2728,DRV226,586.1
TRP006768,MANDI-022,WH-North,2026-05-30T20:23:42,2026-05-31 01:11:42,,,,216.6
TRP005623,MANDI-037,WH-North,2026-04-01 19:21:25,2026-04-02 01:51:25,6.5,HR53AB7959,,
TRP001606,MANDI-018,Export-Terminal,2026-07-31 14:56:17,08-01-2026 02:50 AM,11.9,HR82DF4087,DRV967,513.1
TRP001734,MANDI-051,WH-South,04-02-2026 12:57 AM,2026-04-02 16:15:30,15.3,,DRV886,748.4
TRP009715,MANDI-043,WH-North,22-Jan-2026 13:46:27,2026-01-22T22:34:27,8.8,HR60CD9214,DRV847,379.8
TRP009505,MANDI-024,Export-Terminal,19-Mar-2026 08:10:48,2026-03-19 14:04:48,5.9,RJ69BC8951,DRV113,319.7
TRP003813,MANDI-015,WH-South,2026-08-14 04:59:26,2026-08-15 01:17:26,20.3,DL68CD7225,,907.3
TRP007488,MANDI-045,WH-North,2026-08-16T22:34:27,08-17-2026 05:40 PM,19.1,RJ56AB5017,DRV175,917.5
TRP001762,MANDI-001,WH-South,27-Mar-2026 06:27:38,2026-03-27 18:15:38,11.8,HR80BC2600,DRV780,497.9
TRP005402,MANDI-013,WH-West,24-Feb-2026 10:19:21,,11.3,PB23AB2367,DRV750,495.49861514687007
TRP002740,MANDI-011,WH-East,2026-07-22T14:32:31,23-Jul-2026 09:08:31,18.6,HR88DF9219,DRV997,1095.396938510356
TRP002473,MANDI-004,Export-Terminal,23-Apr-2026 16:53:52,04-23-2026 06:59 PM,2.1,DL65AB7447,DRV422,96.5
TRP006739,MANDI-019,WH-North,17/04/2026 01:43,17-Apr-2026 05:31:14,3.8,,DRV265,167.0
TRP006892,MANDI-035,WH-East,09/07/2026 06:27,09/07/2026,6.6,,DRV521,344.5
TRP007944,MANDI-055,WH-West,2026-06-16 06:30:13,16/06/2026,9.7,RJ32AB9627,DRV687,
TRP004207,MANDI-006,WH-East,25-Jun-2026 09:10:12,26-Jun-2026 02:40:12,17.5,HR41CD9880,DRV548,816.7
TRP006372,MANDI-041,WH-West,04-06-2026 05:18 AM,06/04/2026 18:18,13.0,RJ65CD6764,DRV757,705.3
TRP009362,MANDI-007,WH-South,2026-07-13 02:30:00,07-13-2026 10:12 AM,7.7,PB81DF8391,DRV681,440.298769423142
TRP000233,MANDI-055,WH-Central,07-08-2026 10:49 PM,09/07/2026 18:01,19.2,DL44BC3798,DRV114,1046.1
TRP008259,MANDI-052,WH-North,08-26-2026 03:21 PM,27/08/2026,10.0,,DRV883,587.7
TRP007562,MANDI-045,WH-East,2026-06-12T09:05:37,12-Jun-2026 17:47:37,,HR64AB7174,DRV973,406.2
TRP006169,MANDI-006,Export-Terminal,12-Jul-2026 03:49:01,12/07/2026,3.1,RJ39CD1593,DRV130,177.6
TRP003597,MANDI-012,WH-South,2026-06-29T04:18:10,29-Jun-2026 19:24:10,15.1,UP10AB4091,,710.9
TRP006289,MANDI-051,WH-East,16/01/2026,2026-01-16 15:53:04,4.4,DL86DF1840,DRV521,201.4
TRP004633,MANDI-051,WH-North,16-Feb-2026 09:58:55,2026-02-16 21:16:55,,UP42BC4459,DRV231,557.7
TRP000126,MANDI-045,WH-Central,2026-08-26 22:52:10,27/08/2026,9.9,DL71AB2316,DRV979,448.2
TRP007642,MANDI-053,WH-East,01-16-2026 08:25 AM,2026-01-16T21:01:51,12.6,PB68CD1879,,634.3
TRP006230,MANDI-041,WH-East,2026-06-15T00:08:21,2026-06-15T21:14:21,21.1,UP64CD4669,DRV671,850.0976240895142
TRP001297,MANDI-001,Export-Terminal,17/01/2026,17/01/2026,10.6,RJ24AB8339,DRV694,441.0
TRP001977,MANDI-028,WH-Central,09/07/2026 22:30,2026-07-10 12:36:45,14.1,PB16DF1340,DRV140,743.3
TRP009859,MANDI-007,WH-East,20/03/2026 02:48,2026-03-20 22:00:38,19.2,UP44AB8741,DRV239,905.3
TRP009813,MANDI-046,WH-East,05/03/2026 21:20,06-Mar-2026 02:14:00,4.9,,DRV593,254.9992873107
TRP005751,MANDI-043,WH-East,01-Mar-2026 08:14:20,03-01-2026 04:08 PM,7.9,RJ72AB7619,DRV341,412.4
TRP008153,MANDI-029,WH-East,01-Jul-2026 16:21:25,02/07/2026 12:51,20.5,HR65CD5889,DRV662,1066.8
TRP003087,MANDI-001,WH-Central,2026-06-25T21:08:21,26/06/2026 04:44,7.6,HR18CD2700,DRV823,353.099013134934
TRP009647,MANDI-024,Export-Terminal,2026-05-12T18:24:34,13/05/2026 10:30,16.1,,DRV962,741.0
TRP006883,MANDI-044,WH-Central,21/08/2026,22/08/2026 04:59,5.5,RJ22CD1745,DRV709,312.4
TRP009679,MANDI-043,WH-East,18-Jan-2026 17:24:12,2026-01-18T20:24:12,,DL86CD9248,DRV878,131.2
TRP007674,MANDI-001,WH-East,30/03/2026 16:42,2026-03-31 15:30:30,22.8,UP78AB4456,DRV570,1226.1
TRP003346,MANDI-031,WH-Central,2026-01-27 05:19:01,28-Jan-2026 02:49:01,21.5,,DRV331,896.1
TRP008173,MANDI-019,WH-East,2026-02-14T02:57:20,2026-02-14 16:45:20,13.8,UP58CD7706,DRV397,601.8
TRP009797,MANDI-005,WH-West,2026-05-03 19:39:53,04/05/2026,13.0,DL38CD3384,,624.3
TRP005871,MANDI-015,WH-East,2026-02-10 09:40:34,02-11-2026 01:40 AM,16.0,RJ14BC1620,,738.4
TRP006507,MANDI-015,WH-West,01/04/2026 02:48,2026-04-01 23:48:20,21.0,,DRV702,1123.6
TRP002798,MANDI-040,WH-South,2026-04-04T06:29:52,2026-04-05 06:23:52,23.9,RJ45AB8114,DRV910,1012.7
TRP000919,MANDI-011,WH-West,2026-07-07T05:37:56,2026-07-07 20:01:56,14.4,UP36AB7434,DRV545,728.5
TRP001647,MANDI-050,WH-Central,15/01/2026 04:32,15/01/2026 19:56,15.4,PB40DF7644,DRV156,670.9
TRP005123,MANDI-033,Export-Terminal,07-Jan-2026 08:39:54,08-Jan-2026 00:03:54,15.4,HR32AB4084,DRV974,697.8
TRP005127,MANDI-001,WH-West,2026-06-20 02:06:46,20-Jun-2026 19:18:46,17.2,RJ35BC2554,DRV696,867.6
TRP004622,MANDI-046,WH-North,2026-06-11 13:40:18,11/06/2026 22:46,9.1,,DRV704,513.4
TRP006810,MANDI-056,WH-South,18/03/2026,19/03/2026 06:36,10.6,HR62DF2635,DRV999,
TRP000365,MANDI-016,WH-East,24-Feb-2026 08:46:51,25/02/2026 03:58,19.2,RJ75DF8081,DRV197,1041.7
TRP002126,MANDI-048,WH-West,02-26-2026 08:37 AM,02-26-2026 11:49 PM,15.2,HR99DF9798,DRV730,688.4
TRP008151,MANDI-057,WH-South,11-Jul-2026 19:20:44,07-12-2026 03:20 AM,8.0,PB60CD2936,,
TRP008718,MANDI-015,WH-East,04-03-2026 12:35 AM,03/04/2026 06:05,5.5,PB67AB1919,DRV872,297.099169647094
TRP000056,MANDI-022,WH-North,2026-07-04T13:53:17,2026-07-05 10:23:17,20.5,RJ84CD4226,DRV542,895.1
TRP000639,MANDI-013,WH-West,10/01/2026 04:38,01-10-2026 07:50 AM,3.2,HR40AB5649,,145.1
TRP000303,MANDI-038,WH-East,08-May-2026 13:58:37,09/05/2026 13:28,23.5,UP43BC5919,DRV361,1264.2
TRP005812,MANDI-046,WH-East,06/04/2026 06:53,06/04/2026,17.1,PB61CD6576,,751.7
TRP001277,MANDI-009,WH-Central,2026-05-12T23:25:26,,23.8,RJ30AB3957,DRV960,1332.3
TRP004433,MANDI-050,WH-West,15/01/2026,15/01/2026,12.8,DL82CD8849,DRV928,623.3
TRP003645,MANDI-042,WH-South,02-Jul-2026 02:20:38,07-02-2026 05:56 AM,3.6,RJ93CD8534,DRV379,185.29948211244198
TRP004144,MANDI-054,Export-Terminal,2026-03-17 17:48:33,18/03/2026,18.4,PB97CD6371,DRV270,831.7
TRP002879,MANDI-002,WH-West,2026-05-30 21:52:42,2026-05-31T02:34:42,4.7,,DRV978,198.5
TRP006494,MANDI-026,Export-Terminal,17/06/2026 02:12,17/06/2026 21:42,19.5,HR26AB9617,DRV648,1166.5
TRP005241,MANDI-010,WH-South,2026-05-23 11:50:18,2026-05-24T02:08:18,14.3,RJ17CD5892,,824.1
TRP009783,MANDI-045,WH-East,16/06/2026 02:31,16/06/2026 17:01,14.5,HR65AB2500,DRV138,792.7
TRP006938,MANDI-042,WH-North,04/08/2026 00:40,04-Aug-2026 06:22:38,5.7,PB11BC7579,,265.9
TRP007241,MANDI-043,WH-North,2026-06-05T17:01:23,06/06/2026 04:01,11.0,HR92CD5410,DRV242,
TRP002594,MANDI-015,WH-South,16/03/2026 02:10,16-Mar-2026 20:22:54,18.2,PB68CD4171,,1048.1
TRP002394,MANDI-025,WH-South,2026-03-02 23:36:27,03-Mar-2026 02:12:27,2.6,,DRV417,146.4
TRP000524,MANDI-041,Export-Terminal,07-03-2026 05:19 PM,2026-07-04 03:25:36,10.1,,,585.9
TRP006377,MANDI-041,WH-West,2026-06-01T05:25:36,01/06/2026,15.8,RJ59CD2399,,905.2
TRP006982,MANDI-002,WH-South,18-Jun-2026 02:31:38,18/06/2026 12:37,10.1,HR36BC5683,DRV431,
TRP006678,MANDI-039,WH-North,2026-09-04 19:24:26,09-05-2026 04:12 AM,,PB37AB4068,DRV215,498.9
TRP003901,MANDI-052,WH-Central,06-04-2026 02:42 PM,2026-06-05 01:54:36,11.2,,DRV847,547.0
TRP002250,MANDI-021,WH-Central,2026-02-03 15:46:08,2026-02-04 09:28:08,17.7,PB67AB8204,,775.5
TRP005586,MANDI-044,Export-Terminal,06-20-2026 09:56 PM,,15.0,PB53DF4684,DRV729,735.8
TRP009734,MANDI-049,Export-Terminal,2026-03-15T15:38:58,2026-03-16 14:02:58,22.4,HR25BC1141,DRV795,1243.9
TRP007957,MANDI-053,Export-Terminal,01-28-2026 07:19 AM,2026-01-28T14:01:04,6.7,HR53DF9148,DRV269,335.2
TRP007571,MANDI-037,Export-Terminal,2026-07-25 08:03:38,2026-07-26 07:21:38,23.3,RJ19BC3593,DRV673,978.5
TRP006778,MANDI-048,WH-East,20/01/2026,20/01/2026 23:28,13.5,RJ79AB6808,,553.1
TRP000672,MANDI-020,WH-East,2026-03-08 09:53:10,08-Mar-2026 15:47:10,5.9,,DRV281,276.6
TRP004189,MANDI-041,WH-South,2026-03-27T21:31:42,2026-03-28T16:55:42,19.4,RJ48CD8104,DRV963,1101.8
TRP000667,MANDI-051,WH-Central,2026-03-02T00:40:42,,22.9,DL47BC1621,DRV834,1008.6
TRP003267,MANDI-015,WH-North,23/08/2026 02:17,23/08/2026 04:59,2.7,PB32CD3756,DRV368,
TRP001888,MANDI-011,WH-East,22/06/2026 15:41,22-Jun-2026 22:05:13,6.4,HR95CD7950,DRV911,315.8
TRP008473,MANDI-044,WH-North,2026-08-16 19:44:58,17/08/2026 15:14,19.5,,DRV276,925.0
TRP009092,MANDI-001,WH-North,10/08/2026 02:52,2026-08-10T20:58:16,,UP69BC7773,DRV215,783.2
TRP007688,MANDI-016,WH-North,2026-04-06 08:15:08,2026-04-07 04:33:08,20.3,,DRV131,
TRP006032,MANDI-057,WH-North,13-Aug-2026 19:13:15,,23.7,,DRV531,1361.0
TRP006091,MANDI-046,WH-South,2026-03-02 23:37:16,03-03-2026 10:01 AM,10.4,PB95BC5696,DRV321,448.0987476232341
TRP006239,MANDI-002,WH-North,2026-06-10T15:38:11,10/06/2026 23:08,7.5,DL93BC1902,DRV541,427.6
TRP007351,MANDI-005,WH-East,11/02/2026,2026-02-11 19:48:07,9.9,UP80DF8998,DRV402,501.4
TRP007831,MANDI-033,WH-Central,02-06-2026 07:38 AM,02-06-2026 10:56 PM,15.3,UP55CD1677,,891.6
TRP000761,MANDI-017,WH-North,02-25-2026 03:18 AM,25-Feb-2026 23:36:04,20.3,DL43DF6223,DRV696,903.4
TRP006255,MANDI-034,WH-East,25-Jun-2026 01:02:46,25/06/2026,18.1,,DRV511,801.9
TRP001907,MANDI-005,Export-Terminal,2026-01-05 05:13:39,05/01/2026 15:01,9.8,RJ15DF1316,,554.598449970644
TRP003819,MANDI-039,WH-North,05-04-2026 03:23 AM,2026-05-04T12:11:01,8.8,RJ86AB7870,DRV377,494.398618221216
TRP006270,MANDI-020,WH-Central,08/04/2026,2026-04-08T14:57:56,2.8,RJ31CD2144,DRV571,114.9
TRP004301,MANDI-047,WH-West,25/06/2026 14:52,26-Jun-2026 03:16:12,,DL21CD8515,DRV259,703.5
TRP005570,MANDI-001,WH-North,20/02/2026 00:40,02-20-2026 03:52 AM,3.2,RJ16CD7152,DRV149,134.2
TRP007942,MANDI-038,Export-Terminal,2026-03-26T22:55:23,03-27-2026 11:49 AM,12.9,UP77AB3272,DRV824,588.8983541069459
TRP004165,MANDI-016,WH-South,11-Apr-2026 05:40:16,04-11-2026 12:28 PM,6.8,HR98DF4406,,
TRP005972,MANDI-057,WH-South,08-Jan-2026 06:20:43,2026-01-08T15:38:43,9.3,RJ55CD8697,DRV627,498.7
TRP003580,MANDI-031,Export-Terminal,06/06/2026 06:25,07-Jun-2026 04:01:21,21.6,DL80BC9968,,
TRP002833,MANDI-035,WH-South,2026-06-08 20:33:27,09/06/2026 16:57,,UP97AB7451,DRV464,876.7
TRP005450,MANDI-038,WH-East,25-Feb-2026 13:11:51,26/02/2026,23.3,DL26BC4241,DRV586,
TRP003473,MANDI-026,WH-Central,2026-09-08 18:39:37,,17.7,,,1052.5
TRP006328,MANDI-025,WH-Central,25-Jul-2026 12:30:39,2026-07-25 22:12:39,9.7,RJ84BC8057,DRV357,457.9
TRP000138,MANDI-017,WH-West,03-21-2026 07:22 AM,21/03/2026 09:52,2.5,DL86BC9789,DRV974,
TRP007044,MANDI-052,Export-Terminal,05-26-2026 08:58 AM,26-May-2026 17:34:42,8.6,,DRV257,385.9
TRP004893,MANDI-047,WH-East,2026-01-22 21:10:18,2026-01-23T09:34:18,12.4,HR33AB9340,DRV886,532.5
TRP002181,MANDI-054,WH-Central,01/02/2026,02-Feb-2026 05:08:07,19.2,,DRV239,
TRP007731,MANDI-010,WH-North,2026-03-11 03:49:03,2026-03-11 13:25:03,9.6,RJ16BC5216,DRV222,502.39859586233604
TRP003178,MANDI-010,WH-South,2026-08-14 07:31:05,08-14-2026 08:01 PM,12.5,DL12AB7225,DRV976,548.9
TRP004855,MANDI-013,WH-South,21/03/2026 01:36,21/03/2026 21:06,19.5,RJ97BC2497,DRV888,921.597424257024
TRP004638,MANDI-043,WH-East,24-May-2026 03:36:04,2026-05-24T23:30:04,19.9,,DRV264,1025.7
TRP005116,MANDI-028,Export-Terminal,18-Mar-2026 02:54:00,03-18-2026 02:12 PM,11.3,,DRV701,
TRP009674,MANDI-012,WH-North,2026-02-25T10:46:10,2026-02-25T19:46:10,9.0,DL60AB4995,DRV136,487.9
TRP007649,MANDI-025,WH-Central,18/08/2026 13:33,19/08/2026 07:27,17.9,RJ35CD9700,DRV546,997.8
TRP004262,MANDI-040,WH-North,19-May-2026 07:00:12,19-May-2026 18:06:12,,DL93BC8752,DRV644,664.898141697586
TRP001332,MANDI-039,WH-East,2026-06-28 23:37:19,29-Jun-2026 22:55:19,23.3,RJ40CD4303,DRV256,1293.3963851280762
TRP007003,MANDI-032,WH-East,2026-04-28T07:27:18,2026-04-28T23:15:18,15.8,HR61CD9876,DRV463,824.9
TRP009551,MANDI-049,WH-South,03/08/2026 04:42,,22.3,DL32DF9108,DRV198,1248.2
TRP006942,MANDI-033,WH-West,18-Mar-2026 12:46:59,19/03/2026,18.8,PB61CD7309,DRV932,1069.49701089723
TRP008018,MANDI-056,WH-North,06-Feb-2026 14:54:07,07/02/2026 07:36,16.7,,DRV338,998.1
TRP006242,MANDI-038,Export-Terminal,2026-04-23T07:54:12,23/04/2026 13:36,5.7,PB16CD3181,DRV808,242.5
TRP009522,MANDI-044,WH-Central,15-Jul-2026 23:46:04,16/07/2026,12.9,HR57BC6096,DRV713,
TRP003838,MANDI-037,WH-North,2026-03-12T04:56:37,13/03/2026,22.8,DL34DF4645,DRV838,1238.7
TRP006882,MANDI-021,WH-South,2026-05-13T11:10:03,2026-05-13 19:04:03,7.9,,DRV508,348.5
TRP004531,MANDI-006,WH-West,04-05-2026 08:19 AM,06/04/2026 00:19,16.0,,DRV497,661.6
TRP004674,MANDI-045,WH-North,21-Jul-2026 04:08:42,22-Jul-2026 01:02:42,,DL90DF9078,DRV428,901.1
TRP006997,MANDI-045,WH-South,2026-03-14 16:57:41,03-14-2026 10:51 PM,5.9,DL94AB8579,DRV734,309.19913582928797
TRP001253,MANDI-027,WH-South,01-09-2026 12:42 AM,09/01/2026 05:30,,,DRV901,207.099421184494
TRP003375,MANDI-052,Export-Terminal,30/05/2026 18:15,2026-05-31 08:39:14,14.4,DL76CD2523,DRV193,642.0
TRP002815,MANDI-049,Export-Terminal,01-12-2026 09:41 AM,12-Jan-2026 15:41:55,6.0,DL17CD5272,DRV422,250.799299049112
TRP004720,MANDI-037,WH-North,2026-05-16T06:08:47,2026-05-17T03:02:47,20.9,HR34AB7217,DRV438,1013.7
TRP006545,MANDI-038,Export-Terminal,04-30-2026 03:01 PM,01-May-2026 07:13:52,16.2,DL47CD7130,DRV825,857.0
TRP004859,MANDI-005,WH-South,03-09-2026 05:59 AM,2026-03-10 04:05:02,22.1,,,
TRP007902,MANDI-044,WH-West,06-30-2026 02:27 PM,30/06/2026,6.7,RJ78AB3085,DRV295,332.9
TRP008581,MANDI-039,WH-Central,2026-08-14 07:10:13,14/08/2026 22:34,15.4,UP41AB1791,DRV712,652.898175235906
TRP008428,MANDI-042,Export-Terminal,20/06/2026,20-Jun-2026 16:05:25,4.8,UP82CD2224,DRV107,274.0
TRP001078,MANDI-024,Export-Terminal,2026-04-30 14:49:05,05-01-2026 06:19 AM,15.5,PB67BC5050,DRV882,884.5
TRP004364,MANDI-055,WH-Central,2026-04-15 16:12:24,16/04/2026 08:06,15.9,,DRV391,858.7
TRP000771,MANDI-048,WH-Central,2026-06-22T23:21:31,23-Jun-2026 12:15:31,12.9,UP61BC1748,DRV752,592.7
TRP008866,MANDI-038,WH-West,26/08/2026,2026-08-27 00:41:49,5.6,,DRV161,320.59910396788405
TRP000250,MANDI-011,WH-Central,04/07/2026 21:13,05/07/2026,9.9,HR49DF9976,DRV832,510.7
TRP007240,MANDI-046,WH-East,01/08/2026,02/08/2026,13.3,PB83CD7762,DRV441,579.5
TRP003420,MANDI-005,WH-East,04/06/2026,05/06/2026 09:46,17.3,DL77CD7077,DRV749,978.5
TRP004977,MANDI-014,WH-South,12/01/2026 07:43,2026-01-12 11:07:24,3.4,DL11DF7663,DRV864,140.6
TRP004545,MANDI-015,WH-South,05/08/2026 09:35,08-05-2026 03:05 PM,5.5,UP40AB3229,DRV534,256.1
TRP005566,MANDI-009,WH-North,2026-04-27T22:57:18,28/04/2026 13:27,14.5,,,658.8
TRP007940,MANDI-006,WH-East,21/04/2026 05:18,2026-04-21 18:12:55,12.9,UP74DF7066,,732.597952485564
TRP000717,MANDI-049,WH-North,2026-08-04 03:50:45,2026-08-04 15:20:45,11.5,DL68DF5064,DRV229,636.5
TRP005548,MANDI-038,WH-East,10/08/2026,08-11-2026 06:34 AM,12.6,,DRV186,524.8
TRP002049,MANDI-051,WH-South,20/01/2026,,,PB87BC7051,DRV447,
TRP005998,MANDI-041,WH-West,06/05/2026,05-07-2026 04:28 AM,,HR44DF2761,DRV265,735.6
TRP006601,MANDI-002,WH-North,02-Aug-2026 00:52:31,08-02-2026 10:28 PM,21.6,,DRV227,1288.396399102376
TRP007246,MANDI-050,WH-South,2026-01-19 17:52:22,20/01/2026 14:28,20.6,RJ15CD1835,DRV380,1074.7969960844719
TRP004179,MANDI-053,WH-Central,2026-04-11 09:08:31,2026-04-11T16:26:31,7.3,RJ51BC3434,DRV931,345.49903437587
TRP004810,MANDI-045,WH-North,07-22-2026 09:22 PM,2026-07-23 05:40:37,8.3,RJ52DF1364,DRV415,441.3
TRP009861,MANDI-004,WH-Central,18-Feb-2026 17:20:13,19-Feb-2026 11:32:13,,,DRV866,959.7
TRP007141,MANDI-011,Export-Terminal,16/04/2026,17/04/2026,,UP56CD9646,DRV631,352.8
TRP007191,MANDI-003,Export-Terminal,27-Apr-2026 22:35:43,28/04/2026 10:23,11.8,UP62AB7207,DRV366,671.0
TRP001461,MANDI-052,WH-West,16-Apr-2026 03:22:19,2026-04-16 11:58:19,8.6,RJ54AB2226,DRV583,
TRP005990,MANDI-004,WH-Central,2026-06-01T12:23:05,01/06/2026 23:59,11.6,UP64BC3502,DRV905,629.0
TRP002001,MANDI-004,WH-Central,15-May-2026 22:27:08,16/05/2026,23.2,PB86BC3664,DRV283,965.5
TRP008176,MANDI-019,WH-South,17-Apr-2026 09:58:21,18-Apr-2026 04:58:21,19.0,HR57CD6679,DRV976,1024.397136945416
TRP000405,MANDI-034,WH-East,2026-08-29T14:31:01,29/08/2026 17:31,3.0,UP67CD9582,DRV657,128.1
TRP000385,MANDI-017,WH-West,04-02-2026 03:37 AM,,17.0,,DRV557,682.3
TRP009826,MANDI-032,WH-East,02-Feb-2026 04:38:33,03-Feb-2026 00:38:33,20.0,,DRV908,888.9
TRP009866,MANDI-046,WH-North,2026-03-25 04:22:58,03-25-2026 09:52 AM,5.5,DL19CD1429,DRV667,239.4
TRP001634,MANDI-013,WH-East,15/06/2026,2026-06-15T16:35:59,2.2,HR49AB1397,DRV666,105.2
TRP009937,MANDI-039,WH-North,2026-03-29T20:17:52,03-30-2026 02:11 AM,5.9,HR87AB4932,DRV397,274.9
TRP004785,MANDI-031,WH-Central,2026-06-21 08:36:41,2026-06-21T23:42:41,15.1,UP89DF1368,DRV200,668.2
TRP009835,MANDI-044,WH-South,22/02/2026 06:12,2026-02-22 11:36:37,5.4,HR80DF1923,DRV848,322.8
TRP006971,MANDI-037,WH-Central,01/01/2026 03:58,01/01/2026 23:52,19.9,HR52CD6646,,997.5972118476641
TRP003926,MANDI-035,Export-Terminal,2026-03-20 16:27:48,2026-03-21T15:51:48,,HR70AB2974,,1178.2
TRP004159,MANDI-040,Export-Terminal,2026-05-05 23:40:47,2026-05-06 12:52:47,13.2,DL89CD6086,DRV949,536.5
TRP007450,MANDI-035,WH-South,08/06/2026 07:15,09/06/2026 01:27,,UP86AB3583,DRV289,732.597952485564
TRP008416,MANDI-032,WH-Central,2026-08-26T18:47:40,08-27-2026 01:05 PM,18.3,RJ89DF3832,,1001.3
TRP002194,MANDI-016,WH-West,06-19-2026 11:18 PM,2026-06-20 22:42:31,,,DRV684,1189.7
TRP001016,MANDI-029,WH-North,06-13-2026 10:22 AM,2026-06-14 05:52:09,19.5,,DRV489,851.097621294654
TRP005125,MANDI-019,WH-South,2026-06-11T11:57:41,12/06/2026 07:27,19.5,HR84DF2625,DRV162,1082.49697456405
TRP007419,MANDI-023,WH-South,24/03/2026 10:18,2026-03-25T04:00:19,17.7,RJ46BC6799,DRV174,764.7
TRP007410,MANDI-012,WH-South,09-Aug-2026 09:56:37,2026-08-09 15:02:37,5.1,,DRV269,296.3
TRP008990,MANDI-023,WH-West,20/06/2026,2026-06-20 20:42:38,12.3,PB26CD4586,DRV905,568.9
TRP002872,MANDI-016,WH-West,2026-03-24 08:46:55,25-Mar-2026 03:34:55,18.8,UP69AB4217,DRV748,790.8
TRP000010,MANDI-056,Export-Terminal,05-02-2026 07:23 AM,2026-05-02 15:23:24,8.0,RJ74CD5670,,378.3
TRP001839,MANDI-018,Export-Terminal,06/09/2026,2026-09-06 16:51:40,8.6,PB98CD7164,DRV563,372.69895835567803
TRP004805,MANDI-010,WH-North,2026-07-11 17:49:10,07-12-2026 03:13 PM,21.4,HR69BC4444,DRV838,983.1
TRP000256,MANDI-024,WH-Central,2026-03-03T13:41:28,04/03/2026 08:23,18.7,,DRV313,1061.7
TRP007027,MANDI-005,Export-Terminal,2026-02-13 00:22:08,13/02/2026 06:22,,,DRV581,273.5
TRP005714,MANDI-052,WH-Central,12-May-2026 10:02:34,2026-05-13 04:02:34,,UP35DF4187,DRV468,885.0
TRP003325,MANDI-034,WH-East,2026-08-15T09:22:07,,19.8,UP20CD6627,DRV358,806.6
TRP007715,MANDI-018,WH-West,04-07-2026 12:09 PM,04-07-2026 04:51 PM,,RJ51DF2685,,225.9
TRP001582,MANDI-013,WH-South,2026-08-08 16:24:59,09-Aug-2026 09:00:59,16.6,DL90DF6659,DRV309,780.5
TRP000925,MANDI-016,WH-North,30/08/2026,30/08/2026 16:45,9.0,UP23BC3579,DRV535,
TRP002780,MANDI-036,WH-West,05/01/2026 11:01,2026-01-06 01:13:35,,RJ70AB5937,DRV858,835.1
TRP007892,MANDI-051,WH-North,2026-05-16T10:35:31,2026-05-16T18:05:31,7.5,PB93DF4386,DRV776,415.7
TRP006133,MANDI-023,Export-Terminal,28/05/2026,28-May-2026 17:16:38,4.1,HR77BC5269,DRV378,229.1
TRP005321,MANDI-041,WH-West,2026-08-30 15:12:04,2026-08-30 20:48:04,5.6,,DRV865,280.8
TRP007313,MANDI-023,WH-West,2026-01-27T21:36:13,28-Jan-2026 17:18:13,19.7,UP37AB6445,,842.3
TRP007103,MANDI-001,WH-East,2026-08-27 08:11:08,27-Aug-2026 15:53:08,7.7,DL89BC2002,DRV639,431.8
TRP006043,MANDI-052,Export-Terminal,02-02-2026 09:25 AM,02/02/2026 19:37,10.2,RJ33BC7402,DRV817,484.698645331358
TRP003776,MANDI-035,WH-West,07-08-2026 01:56 PM,2026-07-09T00:26:35,10.5,,DRV236,542.3
TRP004836,MANDI-052,WH-South,08/03/2026 10:13,,17.6,RJ95DF9356,DRV480,825.3
TRP004965,MANDI-033,WH-North,2026-02-20 10:45:21,2026-02-20 19:21:21,8.6,PB75BC7252,DRV865,437.4
TRP000540,MANDI-038,WH-North,16-Mar-2026 10:06:56,17/03/2026,18.6,HR35CD4187,DRV136,750.6
TRP007484,MANDI-040,WH-South,05/07/2026 16:41,2026-07-06T14:35:50,21.9,UP81BC6231,DRV678,1166.3
TRP002746,MANDI-028,Export-Terminal,08/04/2026 14:31,09/04/2026,15.6,,DRV160,886.4
TRP003720,MANDI-030,WH-West,2026-05-04 08:56:19,05-May-2026 03:08:19,18.2,PB12AB1860,DRV195,761.9
TRP006820,MANDI-055,WH-West,2026-04-27T03:54:29,2026-04-28 00:24:29,20.5,UP22CD9825,DRV945,
TRP009338,MANDI-012,WH-East,05-11-2026 02:31 AM,11/05/2026,4.1,PB93CD8240,DRV733,181.699492173938
TRP004469,MANDI-038,WH-South,04/03/2026,04-Mar-2026 22:26:35,8.9,DL98DF9890,DRV759,523.8
TRP000668,MANDI-021,WH-East,24/04/2026 00:03,2026-04-24 20:45:39,20.7,PB86AB7120,DRV366,1152.2
TRP007576,MANDI-043,Export-Terminal,2026-06-09T01:41:44,09/06/2026 07:29,5.8,UP99BC4856,DRV256,341.599045275824
TRP008550,MANDI-032,WH-North,2026-01-16T12:00:16,01-17-2026 12:42 AM,12.7,DL33DF2517,DRV247,568.6
TRP005064,MANDI-055,WH-West,2026-02-22 01:04:50,22/02/2026 13:10,12.1,HR10CD1592,DRV775,486.4
TRP001354,MANDI-023,WH-South,01/05/2026 15:46,,17.2,HR20AB8054,DRV632,921.0
TRP007115,MANDI-007,WH-West,05-16-2026 11:27 PM,17-May-2026 15:45:46,,UP22BC6213,DRV887,929.8
TRP000736,MANDI-042,WH-East,02/03/2026 21:23,03/03/2026 11:17,13.9,PB57CD6077,,704.7980301826719
TRP008663,MANDI-027,WH-South,2026-07-09T22:40:40,2026-07-10 02:46:40,4.1,UP20DF1566,DRV502,221.69938037953796
TRP002704,MANDI-052,Export-Terminal,02-May-2026 17:12:47,03-May-2026 03:12:47,10.0,HR88AB4149,DRV734,570.1
TRP003331,MANDI-038,Export-Terminal,2026-02-08 07:44:26,2026-02-08T16:32:26,8.8,DL27CD9503,DRV641,455.6
TRP008054,MANDI-051,Export-Terminal,13-Feb-2026 07:42:24,02-13-2026 03:12 PM,7.5,RJ97DF9844,DRV989,321.0
TRP009589,MANDI-050,WH-South,23/01/2026 03:56,2026-01-23 10:38:08,6.7,UP97DF7791,DRV545,326.1
TRP003585,MANDI-022,WH-South,07-Jul-2026 09:49:28,07/07/2026,2.8,RJ33CD8732,DRV446,122.6
TRP009819,MANDI-011,Export-Terminal,2026-02-27 15:07:06,2026-02-28 05:01:06,13.9,RJ48CD1762,,567.99841251952
TRP005646,MANDI-012,Export-Terminal,18/07/2026 00:42,2026-07-18T21:12:06,20.5,DL22BC9986,DRV979,919.6
TRP003377,MANDI-049,Export-Terminal,2026-08-12 11:25:22,13-Aug-2026 01:43:22,14.3,PB95DF4718,DRV745,704.9980296237
TRP001257,MANDI-051,WH-South,21-Jun-2026 05:15:58,2026-06-22 04:21:58,23.1,,DRV194,969.5
TRP006191,MANDI-026,WH-North,01-30-2026 04:24 AM,2026-01-30 11:48:57,7.4,HR76CD2570,DRV860,344.0
TRP009443,MANDI-020,Export-Terminal,2026-08-13T00:55:49,13/08/2026 07:49,6.9,UP90DF4693,DRV973,393.6
TRP005349,MANDI-049,WH-North,03-Jun-2026 04:22:01,,23.8,UP62CD5070,,1275.2
TRP004176,MANDI-013,WH-North,2026-02-27T19:35:30,27/02/2026 22:11,2.6,RJ40CD1030,,132.6
TRP004911,MANDI-024,WH-South,2026-02-02 11:33:47,03-Feb-2026 04:21:47,16.8,HR93CD1721,DRV324,878.2
TRP001853,MANDI-009,WH-Central,2026-04-26T15:23:34,04-27-2026 08:11 AM,16.8,UP58BC4314,DRV362,784.197808270788
TRP006317,MANDI-049,Export-Terminal,2026-04-07 22:29:07,08/04/2026 13:53,15.4,HR94DF3087,DRV699,
TRP003016,MANDI-047,Export-Terminal,2026-04-24T08:37:17,2026-04-24 14:43:17,6.1,DL46AB1020,,284.6
TRP002106,MANDI-006,WH-North,17/04/2026 04:30,2026-04-17T10:30:07,6.0,DL53BC4403,DRV812,257.3
TRP000134,MANDI-040,WH-West,2026-09-04 06:00:19,,22.7,HR49CD1351,DRV418,1077.4
TRP005030,MANDI-050,WH-West,05/06/2026 17:21,06-06-2026 01:57 PM,20.6,HR60BC6497,DRV857,1141.8
TRP000929,MANDI-055,WH-Central,2026-03-12T02:09:37,,18.8,HR81BC6916,DRV207,839.9976523176
TRP000824,MANDI-051,WH-East,2026-01-21T13:16:09,21-Jan-2026 18:04:09,4.8,DL27DF3143,DRV557,227.4
TRP007577,MANDI-024,WH-North,03-Jan-2026 03:19:43,03-Jan-2026 20:55:43,17.6,PB12DF7674,DRV811,986.1
TRP001532,MANDI-052,WH-East,11-Apr-2026 18:02:40,2026-04-12T15:32:40,,DL11BC1269,DRV666,1095.49693823087
TRP001215,MANDI-015,WH-West,03-07-2026 01:38 PM,07/03/2026 16:14,2.6,PB53AB8214,DRV960,144.599595863244
TRP000505,MANDI-039,WH-East,2026-03-31T14:19:34,31/03/2026 18:31,4.2,PB42BC6793,DRV687,203.5
TRP006531,MANDI-010,WH-Central,01/02/2026 07:58,01/02/2026,15.6,UP66CD5070,DRV971,831.0
TRP003073,MANDI-049,WH-West,2026-01-07 07:49:37,2026-01-07T15:43:37,7.9,RJ84BC8855,,440.2
TRP009577,MANDI-006,WH-Central,01/09/2026 00:24,2026-09-01 21:06:12,20.7,RJ45DF9109,DRV141,1021.5
TRP009087,MANDI-027,WH-Central,2026-06-16 13:52:21,16/06/2026,5.2,UP73AB4557,DRV592,
TRP008648,MANDI-037,WH-Central,22-May-2026 14:04:10,,15.6,HR57CD5580,DRV459,913.9974454979599
TRP006620,MANDI-030,WH-East,17/06/2026,,13.7,PB79CD1013,DRV989,
TRP009274,MANDI-032,WH-East,10-Jan-2026 12:28:11,10-Jan-2026 21:52:11,9.4,PB92BC9508,DRV243,558.7
TRP003710,MANDI-006,WH-North,2026-01-16 08:10:02,17/01/2026 02:04,17.9,,DRV338,993.6
TRP009967,MANDI-023,WH-West,11/02/2026,,10.4,HR97DF8898,DRV578,588.798354386432
TRP004850,MANDI-004,WH-North,2026-05-09T20:37:04,05-10-2026 06:37 PM,22.0,UP77BC2667,DRV148,1140.8
TRP004749,MANDI-041,WH-North,02/02/2026 12:57,03-Feb-2026 03:57:08,15.0,,,753.3
TRP004269,MANDI-016,WH-East,16-Apr-2026 19:11:34,2026-04-17T04:05:34,8.9,RJ31CD9403,,419.9988261588
TRP008538,MANDI-026,Export-Terminal,03-09-2026 12:50 AM,09/03/2026,20.5,PB94AB8896,DRV881,1164.5
TRP008906,MANDI-037,WH-West,08-20-2026 12:49 AM,2026-08-20 07:43:35,6.9,RJ26CD8338,DRV648,
TRP004187,MANDI-025,WH-Central,21/01/2026,2026-01-22 20:18:36,21.3,HR37AB2850,,1176.4
TRP005302,MANDI-044,WH-Central,2026-01-01 11:18:49,01/01/2026 16:06,4.8,,DRV286,
TRP002924,MANDI-016,Export-Terminal,2026-06-04 19:49:09,,17.2,DL64BC7886,DRV335,947.2
TRP006589,MANDI-030,WH-Central,22-Jul-2026 16:49:14,07-23-2026 05:01 AM,12.2,RJ28CD5912,DRV421,581.098375906854
TRP001811,MANDI-036,WH-West,2026-07-26T01:15:04,2026-07-26 13:21:04,12.1,DL99CD6476,DRV665,702.1
TRP003487,MANDI-009,WH-East,2026-06-16T18:30:48,17/06/2026 03:12,8.7,UP91DF8502,DRV252,486.0
TRP007420,MANDI-056,WH-West,03/06/2026,06-04-2026 01:54 AM,8.5,PB98DF8419,DRV276,
TRP003142,MANDI-046,Export-Terminal,24/02/2026 03:33,02-25-2026 01:51 AM,22.3,,DRV747,1020.9
TRP009348,MANDI-034,WH-South,03-05-2026 03:39 AM,2026-03-05T19:03:22,15.4,HR64DF1007,DRV720,899.5
TRP001325,MANDI-020,WH-South,01-10-2026 03:08 PM,2026-01-11T01:38:30,10.5,RJ89BC2528,DRV400,
TRP004313,MANDI-031,Export-Terminal,04/09/2026 13:53,09-04-2026 09:11 PM,7.3,HR87CD8116,DRV257,379.4
TRP007495,MANDI-024,WH-Central,22/01/2026 08:07,,9.5,HR41DF9551,DRV236,395.6
TRP008703,MANDI-055,WH-South,2026-07-18 03:52:26,2026-07-18 19:40:26,15.8,HR27CD5998,DRV143,849.1
TRP008692,MANDI-017,WH-West,25-Jan-2026 16:37:55,2026-01-26 13:19:55,20.7,RJ62AB4581,DRV902,
TRP009882,MANDI-017,WH-East,11/05/2026 15:12,2026-05-12 12:18:01,21.1,DL84DF3889,DRV562,1123.9
TRP009581,MANDI-020,WH-Central,14/01/2026 10:36,14/01/2026 18:42,8.1,RJ59AB4180,DRV299,479.4
TRP005542,MANDI-021,WH-South,2026-07-24 22:50:30,25/07/2026 12:44,13.9,UP92BC3002,DRV998,654.3
TRP006173,MANDI-017,WH-East,05-Jun-2026 03:23:04,2026-06-06 00:17:04,,DL73AB2798,DRV902,928.9
TRP001541,MANDI-031,WH-Central,2026-05-18 21:49:17,2026-05-19T02:49:17,5.0,DL79DF3926,DRV335,229.1
TRP009410,MANDI-054,WH-North,01/05/2026 01:03,2026-05-01 20:03:31,19.0,HR98DF5813,,939.7
TRP002682,MANDI-052,WH-West,08/06/2026,09/06/2026 09:23,10.6,PB46DF9891,DRV413,615.5
TRP001594,MANDI-010,Export-Terminal,21-Jun-2026 06:48:24,2026-06-21 21:24:24,14.6,PB44CD5185,DRV896,796.3
TRP006314,MANDI-013,WH-West,2026-08-05 05:53:19,06/08/2026,22.4,,DRV599,1011.4
TRP001192,MANDI-034,WH-West,05-Jan-2026 13:32:06,06/01/2026 11:20,21.8,,,1131.0
TRP005294,MANDI-046,Export-Terminal,27/06/2026,06-27-2026 05:28 AM,3.7,RJ54BC9879,DRV129,177.1
TRP001543,MANDI-052,WH-Central,04-25-2026 11:41 PM,2026-04-26 16:05:57,16.4,,DRV390,868.5
TRP007057,MANDI-009,WH-East,2026-06-16 11:40:16,2026-06-17 09:28:16,21.8,PB84DF6134,DRV765,917.4
TRP002540,MANDI-016,WH-West,12/05/2026 18:41,,22.6,DL32DF5214,DRV485,924.5
TRP000954,MANDI-025,WH-East,08-04-2026 07:56 PM,05/08/2026 06:32,10.6,RJ52AB7177,DRV311,536.8
TRP007242,MANDI-035,WH-South,2026-01-11T20:14:06,2026-01-12 07:50:06,11.6,HR29CD8663,DRV590,
TRP006732,MANDI-014,Export-Terminal,2026-09-09 04:40:04,10/09/2026 01:04,20.4,RJ64BC5288,DRV407,1172.896721908706
TRP004847,MANDI-046,Export-Terminal,26/07/2026 09:10,26-Jul-2026 22:22:48,13.2,PB32AB8795,DRV500,700.098043318514
TRP006802,MANDI-054,WH-South,27/06/2026 09:21,2026-06-27 18:57:14,9.6,DL64DF8623,DRV134,390.9
TRP008011,MANDI-027,WH-West,15/03/2026,2026-03-15 17:48:14,14.5,PB35BC5704,DRV261,816.3
TRP004331,MANDI-036,WH-East,03-Jan-2026 11:17:08,03-Jan-2026 13:29:08,2.2,HR56AB6587,DRV208,125.0
TRP008925,MANDI-035,WH-East,07/02/2026,07/02/2026 10:17,2.7,DL26BC3135,,137.2
TRP005335,MANDI-030,WH-East,2026-02-21 00:27:09,02-21-2026 03:03 PM,14.6,DL94AB5393,DRV863,735.7
TRP007331,MANDI-012,WH-East,2026-03-06T02:43:45,06/03/2026 15:49,13.1,DL93DF8197,DRV319,778.7
TRP009349,MANDI-054,WH-South,02/02/2026 22:22,2026-02-03 12:10:31,13.8,PB46AB3737,DRV315,
TRP004730,MANDI-013,Export-Terminal,2026-05-26T04:43:33,2026-05-26T15:49:33,11.1,HR30AB7405,DRV194,513.7985640009321
TRP006542,MANDI-003,Export-Terminal,01-30-2026 09:54 AM,31-Jan-2026 07:24:41,21.5,RJ81CD5503,DRV374,1177.4
TRP005306,MANDI-054,WH-North,19/03/2026 01:31,19/03/2026 21:13,19.7,DL28BC2168,,857.0
TRP005162,MANDI-035,WH-Central,25/07/2026 22:49,26/07/2026 18:01,19.2,HR37BC5275,DRV744,810.2
TRP007861,MANDI-024,WH-West,09/07/2026 13:01,10-Jul-2026 07:25:24,18.4,PB98BC3443,DRV744,1096.2
TRP002157,MANDI-028,WH-Central,2026-08-27T01:26:49,27/08/2026 05:44,4.3,PB86BC1283,DRV450,248.0
TRP001063,MANDI-024,Export-Terminal,09/06/2026 01:26,,9.2,DL44DF7809,DRV628,380.9
TRP001168,MANDI-024,WH-West,2026-07-12 12:24:36,2026-07-12T18:00:36,5.6,HR32BC4704,DRV903,295.4
TRP003637,MANDI-044,Export-Terminal,05/01/2026 03:35,2026-01-05T14:17:19,10.7,UP68CD3513,DRV215,616.3
TRP007652,MANDI-007,WH-East,2026-01-20 05:53:50,,13.7,,DRV682,679.2
TRP005589,MANDI-046,WH-East,20-Jun-2026 02:26:56,20-Jun-2026 15:32:56,13.1,PB64DF2966,DRV961,
TRP007193,MANDI-033,WH-North,2026-04-11T08:35:06,12-Apr-2026 01:47:06,17.2,RJ63BC7138,DRV654,924.4
TRP004492,MANDI-016,WH-North,15-Aug-2026 13:59:44,16/08/2026 11:11,21.2,HR53DF4679,,956.7
TRP007267,MANDI-018,WH-East,05-Mar-2026 03:56:38,05/03/2026 18:26,14.5,UP56BC7316,DRV197,593.0
TRP004981,MANDI-041,WH-Central,2026-03-19T01:57:09,2026-03-19 11:27:09,9.5,RJ54AB2452,DRV464,536.1
TRP008336,MANDI-049,WH-South,29/01/2026,29/01/2026 13:16,8.2,,DRV151,
TRP006005,MANDI-036,WH-Central,2026-06-22 09:00:24,06-22-2026 06:36 PM,,UP99BC5132,DRV873,417.098834263894
TRP004947,MANDI-016,WH-South,2026-06-07 13:13:30,,12.8,UP46CD1599,DRV293,699.4
TRP002783,MANDI-007,WH-East,2026-04-17T13:53:05,2026-04-18 00:59:05,11.1,UP42CD7397,DRV137,547.2
TRP000718,MANDI-055,Export-Terminal,21/03/2026 12:10,2026-03-22 03:40:16,15.5,HR29AB6129,DRV633,775.797831747612
TRP002503,MANDI-010,WH-Central,04-08-2026 09:55 PM,09/04/2026 19:37,,DL94CD8108,DRV127,1093.4
TRP004361,MANDI-024,WH-North,2026-05-14 03:07:46,14-May-2026 11:13:46,8.1,PB60CD9323,DRV727,461.8
TRP004172,MANDI-040,WH-North,12/04/2026,13/04/2026 20:21,23.5,,DRV819,1025.8
TRP008083,MANDI-022,WH-Central,02/01/2026 09:46,01-03-2026 04:52 AM,,HR99DF5377,DRV376,1136.3
TRP006006,MANDI-053,WH-Central,08/01/2026 03:57,2026-01-08 08:33:42,4.6,RJ76BC8914,,245.4
TRP000396,MANDI-022,WH-Central,01-15-2026 09:38 PM,16-Jan-2026 10:20:59,12.7,RJ11AB5371,,693.4
TRP007187,MANDI-032,WH-West,31-Mar-2026 01:22:38,2026-03-31 11:22:38,10.0,PB15DF9986,DRV749,467.5
TRP005184,MANDI-052,WH-West,2026-04-23T14:38:05,04-24-2026 03:08 AM,12.5,HR80BC7479,DRV597,643.8
TRP004493,MANDI-004,WH-Central,17/06/2026 01:03,2026-06-17 06:57:13,,PB87DF4399,DRV670,264.0
TRP001366,MANDI-013,WH-North,06-22-2026 11:35 PM,2026-06-23 16:53:28,17.3,,DRV513,1020.9
TRP009906,MANDI-051,WH-Central,2026-08-19T01:04:06,08-19-2026 03:10 PM,14.1,,DRV488,819.0
TRP008788,MANDI-006,WH-South,23/07/2026 16:38,07-24-2026 06:02 AM,13.4,UP98BC9366,DRV278,694.5
TRP005918,MANDI-001,WH-North,02-03-2026 01:10 AM,2026-02-03 22:10:11,21.0,HR80CD9654,DRV363,1257.0
TRP004969,MANDI-033,WH-West,03/01/2026,2026-01-04T16:00:47,,RJ17DF4589,,860.797594184512
TRP002915,MANDI-002,WH-West,17-Mar-2026 11:07:07,2026-03-17 13:49:07,2.7,HR10AB9385,DRV364,
TRP005645,MANDI-049,WH-Central,02/05/2026,2026-05-02 20:22:00,3.5,HR75AB1312,DRV140,209.9
TRP003767,MANDI-041,WH-Central,2026-05-15 12:25:51,16/05/2026 09:49,21.4,UP29BC2408,DRV330,1039.4
TRP003441,MANDI-025,WH-East,2026-06-29 09:03:16,30/06/2026 07:57,22.9,,DRV260,
TRP007358,MANDI-020,WH-West,2026-04-27 15:42:09,2026-04-28T14:42:09,23.0,RJ50AB6892,,1312.096332864194
TRP006807,MANDI-007,WH-Central,2026-05-12T05:57:04,,7.4,DL35BC4238,DRV426,332.0
TRP009880,MANDI-055,WH-Central,17-Jan-2026 07:31:25,01-18-2026 06:43 AM,23.2,UP11AB8870,DRV514,1218.9
TRP002144,MANDI-049,Export-Terminal,2026-08-16 15:05:03,08-17-2026 01:47 PM,22.7,DL56BC7107,,1285.0
TRP005105,MANDI-043,WH-East,2026-04-15 08:33:33,2026-04-15T18:09:33,9.6,UP78CD5319,DRV699,386.9
TRP005074,MANDI-048,Export-Terminal,2026-04-26T12:19:40,2026-04-26 18:19:40,6.0,HR60BC2640,,319.9991056448
TRP001572,MANDI-046,WH-North,24/05/2026 12:49,2026-05-24 18:07:03,5.3,UP30AB1514,DRV803,301.5
TRP004080,MANDI-008,WH-Central,2026-08-26 11:30:36,2026-08-27 06:00:36,18.5,HR61BC1502,DRV712,744.49791922673
TRP001123,MANDI-039,Export-Terminal,2026-05-14T07:38:29,2026-05-14 14:44:29,7.1,PB80AB7557,,362.4
TRP002787,MANDI-029,WH-Central,2026-08-21 20:52:45,2026-08-22 05:10:45,8.3,RJ87AB7709,DRV772,336.3
TRP002968,MANDI-045,WH-North,2026-04-25T11:25:49,25/04/2026 19:43,,,DRV579,
TRP002505,MANDI-020,WH-South,13/06/2026,13-Jun-2026 18:43:40,7.8,UP82AB7106,DRV635,456.1
TRP005989,MANDI-003,WH-North,2026-03-24 05:16:16,2026-03-24 15:46:16,10.5,,DRV589,592.0
TRP008868,MANDI-040,Export-Terminal,04-Apr-2026 02:57:25,04-04-2026 07:03 AM,4.1,RJ30AB6262,DRV689,243.4
TRP007165,MANDI-033,WH-Central,09/09/2026 19:43,2026-09-10T10:19:16,14.6,UP73AB5826,DRV877,716.5
TRP000729,MANDI-046,WH-South,01/08/2026,02/08/2026 06:12,6.6,DL89DF8263,DRV213,373.7
TRP007588,MANDI-031,WH-North,15/02/2026 20:09,2026-02-16T07:21:57,,RJ59AB2120,DRV937,456.4
TRP007544,MANDI-019,WH-South,09-May-2026 05:14:19,2026-05-10 01:32:19,20.3,PB30AB5531,DRV299,1171.6
TRP000413,MANDI-054,WH-East,2026-02-20 06:50:40,20/02/2026 17:08,10.3,RJ51CD4082,DRV358,
TRP009709,MANDI-032,WH-North,08-Aug-2026 10:47:50,2026-08-09 04:29:50,17.7,,DRV103,1032.6
TRP005746,MANDI-044,WH-South,2026-02-18T19:00:49,,,HR83CD2489,DRV732,854.6
TRP007669,MANDI-020,WH-West,2026-05-10 21:44:06,2026-05-11T00:08:06,2.4,UP78CD8741,DRV900,
TRP000826,MANDI-042,WH-West,01-01-2026 05:21 PM,2026-01-02 07:45:42,,DL26DF7892,DRV660,625.798250976612
TRP003268,MANDI-007,WH-South,03/02/2026,2026-02-04 00:31:18,4.0,RJ58DF9674,DRV177,164.599539966044
TRP003975,MANDI-013,WH-South,12-Jan-2026 02:35:55,12/01/2026 15:23,12.8,PB12CD5403,DRV992,603.2
TRP008809,MANDI-051,WH-West,2026-01-21 08:23:57,22-Jan-2026 05:59:57,21.6,,DRV816,1165.8
TRP008307,MANDI-020,WH-North,16/02/2026,2026-02-16 13:23:29,7.3,UP32DF2604,,341.6
TRP000418,MANDI-033,Export-Terminal,2026-01-16T05:03:51,2026-01-16T15:21:51,10.3,UP18CD3447,DRV884,558.4
TRP009818,MANDI-047,WH-South,05-20-2026 11:12 PM,21/05/2026 11:48,12.6,PB99CD4071,DRV622,514.0
TRP006749,MANDI-041,Export-Terminal,2026-03-15T22:50:09,,20.4,PB87CD1375,DRV168,
TRP008968,MANDI-049,Export-Terminal,07/04/2026 05:05,07/04/2026,7.8,,DRV790,394.9
TRP002083,MANDI-039,WH-East,26/02/2026,2026-02-26T06:47:00,6.5,,DRV182,311.1
TRP008946,MANDI-022,Export-Terminal,2026-06-03 18:49:21,2026-06-04T00:43:21,5.9,HR27AB5680,DRV282,
TRP003374,MANDI-034,WH-East,20/03/2026,2026-03-20 20:35:17,15.3,RJ35DF1682,,797.2
TRP005727,MANDI-037,WH-West,05-31-2026 02:37 AM,2026-05-31 23:25:37,20.8,RJ18AB8011,DRV694,1170.296729175342
TRP004108,MANDI-049,WH-West,28/03/2026 21:08,,20.5,HR52CD1728,DRV692,
TRP004381,MANDI-012,WH-North,07-11-2026 12:57 PM,2026-07-12 05:21:03,16.4,RJ60BC7785,DRV203,951.2
TRP007724,MANDI-013,WH-Central,2026-08-07 18:27:29,2026-08-08T10:39:29,16.2,RJ32AB8409,DRV144,904.6
TRP001067,MANDI-052,Export-Terminal,2026-05-31 07:33:02,01/06/2026,18.7,PB46BC6282,DRV755,838.2
TRP003914,MANDI-023,Export-Terminal,04-25-2026 09:05 PM,2026-04-26 01:41:35,4.6,DL79DF1871,DRV301,254.1
TRP005537,MANDI-040,WH-South,21-Jul-2026 06:50:38,21/07/2026 20:44,,HR81DF4757,DRV955,755.0
TRP008003,MANDI-031,WH-East,18-Apr-2026 02:31:25,18/04/2026 19:07,16.6,RJ14CD2359,,797.99776970172
TRP005388,MANDI-004,Export-Terminal,28/07/2026,,13.5,PB38AB5359,,788.4
TRP005733,MANDI-032,WH-West,2026-06-07T04:51:54,07/06/2026 08:45,3.9,DL30AB7156,DRV897,230.4
TRP002739,MANDI-009,WH-East,2026-06-02T17:37:14,,21.3,DL33CD6681,DRV485,953.1
TRP005053,MANDI-013,WH-West,11/04/2026 14:08,2026-04-11T22:50:29,8.7,,,422.0
TRP004001,MANDI-005,WH-West,2026-03-07 16:13:59,2026-03-08T11:55:59,19.7,,DRV495,1071.6970047485381
TRP009761,MANDI-001,WH-South,19/01/2026,2026-01-19T19:28:34,5.3,PB39AB5215,DRV728,226.9
TRP002428,MANDI-047,WH-West,22/06/2026,06-22-2026 07:06 PM,15.9,UP15BC7231,DRV579,914.7
TRP006834,MANDI-014,WH-South,25/01/2026 14:50,2026-01-26 03:56:09,13.1,,DRV108,737.5
TRP001688,MANDI-002,WH-Central,20/06/2026 23:59,21-Jun-2026 11:41:08,11.7,DL85BC9197,DRV112,523.3
TRP000852,MANDI-045,WH-East,22/01/2026,01-23-2026 08:43 AM,16.7,DL88CD7909,DRV780,860.1975958614281
TRP006304,MANDI-038,WH-West,08-29-2026 11:26 AM,2026-08-29T15:56:28,4.5,,DRV353,259.3
TRP009088,MANDI-009,WH-East,04-29-2026 04:06 AM,29/04/2026,13.9,,,610.7
TRP005879,MANDI-009,Export-Terminal,01-27-2026 02:04 PM,2026-01-28 06:46:35,16.7,RJ88DF1560,DRV234,909.6
TRP008528,MANDI-050,WH-Central,2026-06-20T16:31:44,2026-06-20T22:07:44,,PB28CD4196,,238.6
TRP002840,MANDI-046,WH-North,2026-07-22 19:20:45,2026-07-23 02:26:45,7.1,,DRV520,
TRP004612,MANDI-024,Export-Terminal,01-28-2026 01:05 AM,28-Jan-2026 17:59:13,16.9,,DRV436,957.8
TRP009541,MANDI-056,WH-West,2026-03-25 18:53:12,26-Mar-2026 08:23:12,13.5,DL46CD1175,DRV460,582.5
TRP009208,MANDI-010,WH-East,09/08/2026 01:18,2026-08-09 04:06:33,,,,131.4
TRP009824,MANDI-036,WH-East,2026-01-08 13:29:39,09-Jan-2026 01:59:39,,DL37CD3867,DRV332,553.9
TRP002490,MANDI-047,Export-Terminal,2026-02-10T10:43:30,11/02/2026,20.7,UP69DF3448,DRV624,976.4
TRP006906,MANDI-051,WH-West,05-04-2026 04:16 PM,05/05/2026 09:22,,UP32CD9221,DRV183,934.0
TRP007391,MANDI-051,WH-East,23/02/2026,24/02/2026 03:17,5.2,UP56BC8302,DRV170,222.79937730519202
TRP002850,MANDI-021,WH-Central,25-May-2026 17:05:21,26-May-2026 02:05:21,9.0,UP10AB8826,DRV897,404.89886836118603
TRP006666,MANDI-048,WH-North,30-Jul-2026 16:46:47,2026-07-31T05:58:47,,PB83BC3387,,616.0
TRP005882,MANDI-039,WH-West,08/05/2026 15:35,2026-05-09 07:05:32,15.5,UP99DF6437,DRV922,767.7
TRP004453,MANDI-016,WH-East,29/06/2026,29/06/2026 14:49,11.4,DL88CD1652,DRV580,610.99829234054
TRP009950,MANDI-029,WH-North,2026-04-17T19:36:59,18/04/2026 18:48,23.2,,DRV412,1060.0970371689139
TRP007422,MANDI-055,Export-Terminal,01/07/2026 23:23,2026-07-02T04:53:26,,,DRV778,263.19926439284797
TRP009828,MANDI-016,WH-Central,2026-04-21 13:58:19,2026-04-21 20:16:19,6.3,PB59BC3599,DRV860,255.19928675172798
TRP006485,MANDI-054,WH-South,06-28-2026 04:11 AM,2026-06-28T19:53:16,15.7,HR14DF3182,DRV654,871.1
TRP002480,MANDI-033,WH-North,2026-01-21T06:59:27,2026-01-21 20:11:27,13.2,RJ46AB9716,,681.0
TRP006618,MANDI-022,WH-South,07-28-2026 05:31 PM,29-Jul-2026 14:07:56,20.6,PB72AB3685,DRV406,1040.5
TRP002142,MANDI-006,WH-North,22-Apr-2026 14:33:15,2026-04-23T06:51:15,16.3,PB78AB5426,DRV549,968.7
TRP005189,MANDI-025,WH-North,2026-04-23T12:35:17,04-24-2026 04:47 AM,16.2,RJ44BC2651,DRV476,702.9
TRP009239,MANDI-029,WH-Central,29/07/2026 20:29,2026-07-30 13:47:41,,HR71DF5244,DRV762,1019.6
TRP002745,MANDI-039,WH-East,02/03/2026 20:17,2026-03-03 18:29:36,22.2,HR36CD2586,DRV381,1250.4
TRP007254,MANDI-009,WH-East,2026-08-10 10:47:10,2026-08-11 03:47:10,17.0,RJ50CD8323,,
TRP003507,MANDI-022,WH-North,19/06/2026 00:22,2026-06-19T02:52:54,2.5,RJ81BC4148,,113.5
TRP001680,MANDI-010,WH-East,2026-01-27T02:25:22,2026-01-27 05:37:22,3.2,RJ45CD6268,DRV530,143.5
TRP004250,MANDI-012,WH-West,06-24-2026 01:05 AM,2026-06-24 03:17:15,2.2,HR91AB9068,DRV412,127.1
TRP003148,MANDI-054,WH-West,09/03/2026 13:05,03-09-2026 04:11 PM,3.1,RJ24CD2233,DRV731,139.599609837544
TRP008131,MANDI-009,WH-Central,02/06/2026 20:59,03-Jun-2026 17:29:34,20.5,PB54DF6407,DRV820,
TRP007005,MANDI-044,WH-Central,06-28-2026 03:08 AM,,9.4,PB14AB6223,DRV360,489.7
TRP000581,MANDI-017,WH-South,04-Feb-2026 04:53:25,02-04-2026 01:35 PM,8.7,PB42DF4027,,510.9
TRP009663,MANDI-045,WH-West,07/04/2026 05:16,2026-04-07 12:34:49,7.3,HR14DF7678,DRV996,434.3
TRP004071,MANDI-033,WH-West,05-31-2026 08:13 PM,,5.0,DL39DF1331,DRV654,278.0
TRP003344,MANDI-046,Export-Terminal,09/02/2026 18:15,2026-02-10 02:33:12,8.3,DL53CD9527,,455.8
TRP007405,MANDI-016,WH-South,21/06/2026,06-21-2026 09:04 AM,3.3,,DRV998,196.599450530524
TRP003673,MANDI-024,WH-Central,2026-06-14 19:53:14,15/06/2026,19.3,HR62AB4206,DRV548,828.6
TRP000560,MANDI-027,WH-Central,2026-04-20 02:48:56,20-Apr-2026 13:48:56,11.0,PB44AB1799,,549.7
TRP005238,MANDI-021,WH-North,07/01/2026 22:05,2026-01-08 06:53:45,8.8,UP70DF3575,DRV328,520.2
TRP007806,MANDI-028,WH-South,2026-08-20 06:37:01,2026-08-20T15:13:01,8.6,RJ94DF9170,DRV887,
TRP000513,MANDI-048,WH-East,2026-05-14 23:27:23,15/05/2026,17.9,HR73AB1549,DRV929,1012.3
TRP001082,MANDI-052,Export-Terminal,26/08/2026 23:20,27/08/2026,2.9,,,171.3
TRP001665,MANDI-040,WH-East,2026-03-07T01:07:13,07-Mar-2026 23:31:13,22.4,PB26CD3561,DRV448,1065.7
TRP009205,MANDI-014,WH-North,21/06/2026 14:39,06-21-2026 10:39 PM,8.0,,DRV332,
TRP001932,MANDI-034,Export-Terminal,2026-03-05 00:37:47,2026-03-05 07:55:47,7.3,,DRV861,318.2
TRP003033,MANDI-017,WH-North,04/05/2026 18:40,05/05/2026 09:40,15.0,PB90BC1276,DRV637,718.2
TRP001151,MANDI-026,WH-North,2026-04-27T12:05:22,27-Apr-2026 15:47:22,3.7,DL12CD4357,DRV882,188.6
TRP002839,MANDI-055,WH-South,07/06/2026 23:08,08/06/2026 07:44,8.6,RJ52DF1082,DRV572,512.0
TRP005950,MANDI-022,WH-Central,2026-07-03 16:08:49,04/07/2026,20.4,,DRV388,841.9
TRP008309,MANDI-016,WH-Central,04-Jun-2026 21:52:15,,15.5,DL21DF1321,DRV588,
TRP008933,MANDI-002,Export-Terminal,2026-04-15 18:48:15,2026-04-16 01:18:15,6.5,HR88DF6867,DRV290,302.7
TRP004514,MANDI-041,WH-Central,06/01/2026,2026-01-06 20:50:28,13.7,PB21BC1105,DRV143,676.8
TRP005178,MANDI-006,WH-Central,2026-03-18T06:21:40,2026-03-19T06:15:40,23.9,,DRV332,1406.8
TRP000831,MANDI-001,WH-North,28-Aug-2026 12:44:03,2026-08-28T17:14:03,4.5,PB13BC8851,DRV871,236.0
TRP008312,MANDI-045,Export-Terminal,13/04/2026 14:38,13/04/2026 18:38,,DL15DF5257,DRV488,
TRP004753,MANDI-021,WH-East,05/08/2026 11:31,2026-08-05 20:13:04,,DL36BC2764,DRV610,401.6
TRP001348,MANDI-045,Export-Terminal,20/08/2026 15:34,2026-08-21 14:04:56,22.5,PB67BC1788,DRV765,1189.6
TRP002341,MANDI-025,WH-Central,2026-08-14 20:00:25,,9.2,HR30DF4006,DRV315,476.4
TRP000636,MANDI-025,WH-South,12/06/2026 11:15,06-12-2026 11:27 PM,12.2,PB49CD4870,DRV794,663.198146448848
TRP004466,MANDI-028,WH-West,05-10-2026 12:16 PM,05-11-2026 07:04 AM,18.8,DL18CD4093,DRV629,1113.5
TRP006800,MANDI-001,WH-Central,08-28-2026 10:42 PM,29/08/2026,15.3,,,647.6981897691779
TRP007988,MANDI-036,WH-North,09-06-2026 07:02 AM,06/09/2026,9.6,DL62AB4149,DRV701,535.8
TRP007080,MANDI-025,WH-West,2026-06-16 23:27:39,,23.4,RJ88BC9825,DRV921,1397.0
TRP006967,MANDI-016,Export-Terminal,18/02/2026 18:18,2026-02-18 21:24:47,3.1,PB12BC8271,,163.0
TRP004143,MANDI-017,WH-West,14-Jul-2026 14:25:21,,6.4,,DRV543,365.4
TRP007028,MANDI-051,WH-Central,2026-01-17T03:54:13,17-Jan-2026 10:42:13,,HR89AB6507,DRV229,
TRP009184,MANDI-037,WH-South,13/06/2026 02:29,2026-06-13T13:35:36,11.1,RJ58AB2736,DRV601,590.7
TRP000877,MANDI-047,WH-West,2026-04-15 16:47:58,2026-04-16 15:23:58,22.6,UP98BC6259,DRV173,987.7
TRP004870,MANDI-003,WH-North,07/04/2026,,9.2,,DRV467,498.59860648280403
TRP005316,MANDI-010,WH-South,2026-05-14T09:54:16,14-May-2026 13:48:16,3.9,,DRV183,
TRP005223,MANDI-048,WH-West,14/03/2026 17:26,15/03/2026 11:50,18.4,DL17CD1970,DRV659,
TRP000005,MANDI-007,WH-West,03-18-2026 09:09 PM,19/03/2026,8.1,,DRV864,347.3
TRP003052,MANDI-041,WH-Central,17/08/2026,,10.9,,DRV537,481.2
TRP005692,MANDI-016,WH-West,09-May-2026 07:53:11,2026-05-10T07:23:11,23.5,RJ14BC2493,DRV255,1004.9
TRP003125,MANDI-034,WH-West,17-May-2026 07:16:03,18/05/2026,,,DRV901,816.0
TRP002492,MANDI-050,WH-East,29/04/2026 18:16,30/04/2026 16:46,22.5,RJ29DF7370,DRV857,1299.6
TRP003855,MANDI-022,Export-Terminal,12-Jul-2026 11:58:06,12-Jul-2026 18:34:06,6.6,RJ40DF8404,DRV620,372.7
TRP004778,MANDI-028,WH-North,29/05/2026 07:19,,7.0,,DRV749,397.098890161094
TRP009908,MANDI-054,WH-North,2026-04-04 11:39:39,2026-04-05T02:51:39,15.2,HR96AB5087,DRV350,911.8
TRP007510,MANDI-024,WH-South,22/08/2026,2026-08-23 10:29:40,19.7,,DRV587,844.9
TRP006458,MANDI-035,WH-South,2026-07-03 19:48:05,2026-07-04T18:18:05,22.5,DL43CD1506,,1175.8
TRP006294,MANDI-003,WH-South,23-Jun-2026 22:54:27,24/06/2026 06:00,7.1,DL16AB6231,DRV647,284.4
TRP001149,MANDI-034,Export-Terminal,2026-06-23T14:28:20,24/06/2026,13.2,UP89CD4799,,
TRP000575,MANDI-034,WH-Central,29/08/2026,30/08/2026 10:11,17.2,,DRV507,860.6
TRP003770,MANDI-007,WH-Central,2026-04-10T11:31:44,,22.3,UP68AB3843,DRV491,1087.8
TRP004147,MANDI-056,WH-South,05-22-2026 01:00 PM,2026-05-23T00:54:18,11.9,UP64DF1048,DRV968,573.198397986248
TRP000854,MANDI-018,WH-West,03/08/2026 13:41,08-03-2026 07:53 PM,6.2,PB19DF1947,,304.8
TRP005920,MANDI-025,WH-West,2026-02-19 03:31:40,02-19-2026 08:13 AM,,DL97DF7158,DRV195,259.4
TRP009359,MANDI-009,WH-South,01/04/2026 21:56,02/04/2026 07:32,9.6,UP89AB5781,DRV511,477.49866545435003
TRP006615,MANDI-009,WH-North,06-16-2026 04:12 AM,16/06/2026,16.4,UP59DF1126,DRV622,749.9
TRP006003,MANDI-039,Export-Terminal,07-10-2026 05:43 AM,2026-07-10T20:07:17,,DL64BC8172,DRV159,783.4
TRP009164,MANDI-036,WH-Central,2026-01-23 15:34:47,24/01/2026 05:58,14.4,,,736.4
TRP004496,MANDI-017,WH-West,02-05-2026 03:38 AM,05/02/2026 12:02,8.4,UP79CD8242,DRV229,401.8
TRP008174,MANDI-024,WH-North,01-Apr-2026 11:17:45,2026-04-01T15:53:45,4.6,,DRV453,246.8
TRP006656,MANDI-018,WH-South,17/07/2026 17:58,2026-07-18 10:40:12,16.7,HR87AB4171,DRV708,783.4
TRP002369,MANDI-048,WH-North,2026-03-16 14:31:24,2026-03-17T11:07:24,20.6,,DRV520,
TRP004781,MANDI-032,WH-Central,01-Apr-2026 21:13:20,,14.9,HR11BC2092,DRV393,
TRP007993,MANDI-048,WH-South,2026-08-07T21:45:16,2026-08-08 08:45:16,11.0,,DRV174,577.0
TRP002951,MANDI-057,WH-North,05/08/2026,05-Aug-2026 06:19:00,4.6,PB22AB7596,DRV547,
TRP005626,MANDI-047,Export-Terminal,10-Jun-2026 21:22:57,11/06/2026 15:52,18.5,UP35DF1666,DRV905,1078.5
TRP006972,MANDI-010,WH-East,08/04/2026,2026-04-08T22:16:48,5.8,HR36AB9300,,
TRP008717,MANDI-026,WH-West,08/09/2026 01:13,,13.7,PB81AB9315,DRV908,798.8
TRP001842,MANDI-001,WH-West,09-Aug-2026 06:33:20,09-Aug-2026 10:45:20,4.2,HR72BC5643,DRV539,248.9
TRP005987,MANDI-014,WH-East,12/08/2026 13:13,2026-08-13 03:31:52,14.3,PB62BC2357,DRV119,684.3
TRP000538,MANDI-029,WH-East,2026-02-11T14:38:56,2026-02-11T20:26:56,5.8,DL21BC1339,DRV251,341.8
TRP002807,MANDI-056,WH-North,2026-07-27T09:33:43,27-Jul-2026 16:45:43,7.2,DL82CD7792,DRV172,288.0
TRP005802,MANDI-022,Export-Terminal,20-May-2026 05:44:52,2026-05-20T10:14:52,4.5,UP34DF7097,DRV271,195.0
TRP005597,MANDI-047,WH-Central,18-Mar-2026 21:26:41,19/03/2026 16:50,19.4,PB19DF4229,,782.49781302205
TRP007207,MANDI-039,WH-East,28-Jul-2026 05:58:51,2026-07-29 00:34:51,18.6,UP97AB9647,,1073.49699971779
TRP007344,MANDI-043,WH-East,2026-01-05 10:17:40,2026-01-05 18:35:40,8.3,DL78AB6456,DRV394,486.49864030060996
TRP007561,MANDI-054,WH-South,2026-04-27 09:14:46,27/04/2026 22:50,13.6,,DRV795,727.0
TRP008097,MANDI-046,WH-South,05-29-2026 12:36 PM,29/05/2026 15:36,3.0,DL80AB6078,DRV665,178.5
TRP000785,MANDI-026,WH-Central,2026-05-04T08:05:35,05-04-2026 06:17 PM,10.2,DL62DF3331,DRV803,540.5
TRP001410,MANDI-013,WH-Central,2026-06-06 07:56:39,,11.8,,DRV833,
TRP000155,MANDI-047,WH-West,19-Apr-2026 19:48:11,20/04/2026 03:30,7.7,UP40AB8786,DRV951,373.4
TRP007807,MANDI-014,WH-Central,13/01/2026 03:32,2026-01-13T11:32:05,8.0,RJ32BC8392,DRV529,422.1
TRP003010,MANDI-008,WH-West,13-Jun-2026 09:35:08,14/06/2026 05:53,20.3,UP57CD7522,DRV564,1076.4
TRP001687,MANDI-003,WH-North,25/08/2026 17:08,08-26-2026 12:32 AM,7.4,,DRV171,318.8
TRP004015,MANDI-036,WH-East,2026-06-18 12:09:09,18-Jun-2026 18:15:09,6.1,DL20CD2710,DRV632,350.7
TRP007456,MANDI-047,WH-South,26-Jul-2026 04:50:54,2026-07-26 14:08:54,,UP86CD2855,DRV248,458.9
TRP003864,MANDI-022,WH-East,03-27-2026 04:34 PM,28-Mar-2026 01:58:52,9.4,HR13CD5326,DRV476,402.0
TRP002734,MANDI-032,WH-North,08-09-2026 08:02 AM,09-Aug-2026 16:32:33,8.5,UP38CD8985,DRV421,408.5
TRP001896,MANDI-034,Export-Terminal,2026-04-20 08:38:05,2026-04-21T06:50:05,,,,1241.0
TRP005443,MANDI-057,WH-North,2026-02-12 08:06:44,2026-02-12T17:12:44,,DL89BC5241,DRV300,368.8
TRP000570,MANDI-053,WH-East,2026-02-22T05:43:59,,4.4,,DRV332,195.8
TRP006710,MANDI-057,Export-Terminal,12/07/2026 06:20,12/07/2026 13:32,7.2,PB41AB5538,,326.2
TRP005855,MANDI-025,WH-South,2026-01-23 13:16:26,2026-01-23 19:16:26,6.0,HR44DF8424,DRV233,349.6
TRP001817,MANDI-014,Export-Terminal,02-01-2026 01:49 PM,02-01-2026 08:19 PM,6.5,DL12DF8865,DRV781,
TRP008320,MANDI-051,WH-North,2026-04-17 13:38:04,18-Apr-2026 09:02:04,19.4,PB99DF8793,DRV311,980.5
TRP003395,MANDI-044,Export-Terminal,01-16-2026 04:27 AM,17-Jan-2026 00:21:36,19.9,UP16BC1086,DRV983,1119.796870315772
TRP003328,MANDI-008,WH-West,2026-04-13T16:52:14,2026-04-14 13:16:14,,,DRV208,948.2
TRP002459,MANDI-049,WH-West,2026-08-09 19:00:26,2026-08-10 08:18:26,13.3,PB68DF9709,DRV247,726.5
TRP006103,MANDI-016,WH-North,01-Apr-2026 15:52:04,04-02-2026 10:16 AM,18.4,UP60AB9278,DRV600,955.0
TRP002976,MANDI-023,Export-Terminal,2026-04-16T10:17:05,2026-04-16 19:47:05,9.5,DL72CD6141,DRV594,438.1
TRP000981,MANDI-051,WH-North,02-01-2026 02:47 AM,,11.1,PB64DF1831,DRV557,486.0
TRP000191,MANDI-001,WH-Central,2026-02-19T20:01:34,20/02/2026 12:31,16.5,PB85DF5201,DRV793,853.6
TRP009332,MANDI-044,WH-West,02-Feb-2026 22:45:33,2026-02-03 05:45:33,7.0,DL39AB4103,DRV656,404.49886947913
TRP005089,MANDI-025,WH-South,23/04/2026 19:41,,20.9,,DRV435,1097.9
TRP000700,MANDI-023,WH-Central,2026-01-04 00:10:45,04/01/2026 18:22,18.2,RJ36CD4313,DRV426,1032.4
TRP004748,MANDI-029,WH-East,2026-06-06T10:55:16,2026-06-06 23:55:16,13.0,UP17CD9370,DRV353,610.5
TRP000607,MANDI-011,Export-Terminal,2026-08-05T01:34:57,05/08/2026 23:10,21.6,UP22AB8855,DRV237,
TRP000302,MANDI-043,WH-West,08/08/2026 18:37,,4.7,PB70CD2189,DRV225,
TRP003421,MANDI-044,WH-North,2026-07-29 13:59:18,30/07/2026 05:41,15.7,HR15BC8895,DRV972,634.3
TRP004517,MANDI-022,WH-South,2026-01-13 21:47:13,14-Jan-2026 01:41:13,3.9,DL98DF6643,,
TRP001061,MANDI-037,WH-West,2026-09-08 18:28:32,08-Sep-2026 22:58:32,4.5,HR44BC7893,DRV465,239.1
TRP003445,MANDI-001,Export-Terminal,2026-07-15 20:16:43,15/07/2026,2.1,PB22AB6218,DRV318,116.1
TRP001070,MANDI-028,Export-Terminal,2026-05-17 19:34:48,2026-05-18 03:40:48,8.1,UP28CD8790,DRV596,442.0
TRP002206,MANDI-039,WH-South,22/02/2026 02:09,02-22-2026 01:15 PM,11.1,RJ25AB1826,DRV391,490.4
TRP009436,MANDI-041,WH-West,2026-02-25 08:35:17,2026-02-26T01:41:17,17.1,UP33AB4875,DRV276,879.9
TRP007340,MANDI-033,WH-West,2026-04-21T10:47:56,2026-04-21 14:35:56,3.8,HR47DF6366,DRV947,211.5
TRP008209,MANDI-031,WH-Central,30/08/2026 06:48,,11.1,UP57BC4086,DRV862,616.2
TRP007680,MANDI-029,Export-Terminal,09/05/2026 19:38,2026-05-09 22:02:05,2.4,PB23AB7697,,106.1
TRP004643,MANDI-055,WH-Central,2026-01-29 07:57:57,29-Jan-2026 10:15:57,2.3,DL72DF5866,DRV946,137.7
TRP007684,MANDI-042,WH-East,2026-01-18T01:19:17,2026-01-18T12:43:17,11.4,DL15CD1959,DRV687,542.1
TRP009008,MANDI-004,WH-North,2026-01-04 19:06:50,05/01/2026,9.2,DL67CD1742,DRV972,443.0
TRP007997,MANDI-057,WH-West,2026-05-01 05:34:21,2026-05-02T04:04:21,,PB49CD7583,,1278.3964270509762
TRP005601,MANDI-004,WH-North,2026-02-26T16:02:01,27-Feb-2026 07:14:01,,HR72BC4781,,737.6
TRP009152,MANDI-035,WH-North,2026-04-14 19:38:07,2026-04-15 00:56:07,5.3,HR60CD1017,DRV889,217.1
TRP007023,MANDI-037,WH-North,22/07/2026 07:05,,20.3,HR42BC9999,DRV793,1171.2
TRP004894,MANDI-018,WH-South,15/07/2026 14:26,,18.7,HR55DF7037,DRV202,1031.1971179403681
TRP000226,MANDI-021,WH-Central,2026-01-01 08:11:55,01-Jan-2026 20:17:55,12.1,PB42CD4926,DRV924,609.6
TRP003355,MANDI-050,WH-West,2026-01-30 02:40:45,2026-01-30T19:28:45,16.8,DL42AB9549,DRV854,876.4
TRP005896,MANDI-042,WH-West,03-14-2026 07:56 PM,15-Mar-2026 05:38:41,9.7,HR53AB5876,DRV584,
TRP008755,MANDI-012,WH-Central,02/06/2026 10:20,,20.5,DL13AB9531,DRV491,1029.1
TRP003437,MANDI-019,WH-West,2026-04-09T21:25:53,10/04/2026 03:55,,HR37DF1405,DRV168,372.2
TRP001694,MANDI-050,WH-East,2026-05-14T06:42:03,2026-05-15 01:06:03,18.4,,DRV351,839.7
TRP006894,MANDI-030,WH-Central,05-25-2026 10:12 AM,,,UP19CD8736,DRV226,399.4
TRP001046,MANDI-043,WH-North,03-Apr-2026 02:21:37,,13.8,PB15AB4112,DRV941,766.5
TRP003447,MANDI-028,Export-Terminal,2026-02-06T21:33:12,02-07-2026 03:57 PM,18.4,UP73DF1991,DRV839,950.9
TRP008051,MANDI-050,WH-East,2026-06-22T23:32:33,2026-06-23 16:26:33,16.9,RJ71CD5078,DRV433,918.7
TRP009147,MANDI-055,WH-South,2026-01-29 01:20:44,,13.0,RJ78CD1456,,757.9
TRP006267,MANDI-048,WH-West,04/03/2026,03-05-2026 06:31 AM,8.2,,DRV820,352.6
TRP004736,MANDI-013,WH-Central,03/07/2026 23:23,04/07/2026,3.2,DL30BC6196,DRV938,179.3
TRP004497,MANDI-026,WH-South,04-14-2026 02:59 AM,14/04/2026 21:23,18.4,PB37BC2124,,1024.1971375043881
TRP001219,MANDI-050,WH-North,23/08/2026,24/08/2026 02:59,18.6,UP84DF7025,DRV349,1101.4
TRP006016,MANDI-010,WH-Central,2026-03-29T15:18:34,29/03/2026,2.6,RJ55DF1615,DRV137,
TRP009720,MANDI-003,Export-Terminal,08-01-2026 12:41 AM,01/08/2026 11:53,11.2,UP71AB9499,DRV989,648.99818613586
TRP003988,MANDI-006,WH-Central,16-Jun-2026 00:46:32,16/06/2026 16:22,15.6,,,810.2
TRP004912,MANDI-042,Export-Terminal,02-18-2026 09:21 PM,02-19-2026 06:03 AM,8.7,UP50CD5554,DRV810,425.9
TRP009493,MANDI-030,WH-Central,08-04-2026 10:25 PM,05-Aug-2026 21:19:48,22.9,PB86AB6593,DRV644,1298.5
TRP004494,MANDI-007,WH-South,02/02/2026,03-Feb-2026 00:12:38,11.4,HR36BC6595,DRV238,516.5
TRP006945,MANDI-016,WH-Central,2026-03-22 11:39:11,2026-03-22 17:27:11,5.8,,DRV689,268.4
TRP005700,MANDI-054,WH-Central,2026-07-09T18:55:38,2026-07-09T23:55:38,5.0,PB36BC2367,DRV352,230.599355505284
TRP008353,MANDI-024,WH-East,2026-05-21 15:09:09,05-22-2026 10:33 AM,19.4,HR48DF6493,DRV171,1107.5
TRP000957,MANDI-029,WH-West,01-May-2026 05:59:57,2026-05-01T18:23:57,12.4,UP30DF3567,,724.8
TRP002870,MANDI-005,WH-Central,01-22-2026 04:54 PM,2026-01-23 01:00:05,8.1,,DRV430,409.0
TRP004434,MANDI-021,Export-Terminal,18/01/2026 06:14,18/01/2026,12.4,UP59CD6803,DRV772,616.6982764098381
TRP004974,MANDI-008,WH-North,05-06-2026 08:00 PM,2026-05-07T15:00:42,19.0,RJ42AB8559,DRV171,972.7
TRP002962,MANDI-002,WH-Central,29-Apr-2026 14:12:18,,4.8,DL58AB6625,DRV439,
TRP002201,MANDI-030,WH-South,2026-02-24 04:58:44,24/02/2026,14.2,PB99DF3357,,614.6982819995579
TRP000099,MANDI-043,WH-West,20/07/2026,2026-07-21 03:10:21,3.8,UP84CD9412,DRV393,185.0
TRP003411,MANDI-037,Export-Terminal,20/01/2026,21/01/2026,23.1,HR50DF9648,DRV581,1115.396882613156
TRP002558,MANDI-036,WH-West,03-15-2026 06:39 AM,03-16-2026 05:09 AM,22.5,UP92BC8841,DRV559,
TRP008446,MANDI-008,WH-South,04-07-2026 09:00 AM,04-08-2026 07:42 AM,22.7,RJ93BC5574,DRV987,1033.8
TRP004200,MANDI-027,WH-West,2026-07-12 05:49:42,12/07/2026,12.6,DL34DF2041,DRV517,664.7
TRP009638,MANDI-049,WH-North,08-26-2026 02:33 AM,26-Aug-2026 12:45:58,10.2,,DRV347,483.9
TRP005540,MANDI-008,WH-North,17/03/2026 08:16,2026-03-17T13:16:41,5.0,UP11DF9661,,273.5
TRP001649,MANDI-043,Export-Terminal,2026-06-06T13:08:30,2026-06-07T10:20:30,21.2,HR88BC3394,,1246.0
TRP009889,MANDI-045,Export-Terminal,2026-07-18T15:13:20,2026-07-18 17:55:20,2.7,UP74CD2906,DRV372,142.1
TRP006198,MANDI-018,WH-Central,01-02-2026 11:59 AM,02/01/2026 17:05,5.1,UP64CD8671,DRV467,278.299222190462
TRP006296,MANDI-002,WH-North,04/03/2026 13:15,,2.7,UP67CD1528,DRV357,143.1
TRP004500,MANDI-004,WH-South,07-04-2026 10:36 PM,,8.0,,DRV913,325.4
TRP001155,MANDI-020,WH-South,27/05/2026 00:14,2026-05-27 18:20:03,18.1,,DRV227,773.097839293734
TRP002256,MANDI-023,WH-South,31/08/2026 12:07,08-31-2026 06:37 PM,6.5,RJ51BC2969,DRV512,362.1
TRP009875,MANDI-015,WH-East,19-Apr-2026 14:12:17,20-Apr-2026 10:54:17,20.7,,DRV868,1173.7
TRP003171,MANDI-001,WH-North,17-Mar-2026 21:08:16,18/03/2026,17.5,DL35DF3203,DRV913,863.0
TRP007401,MANDI-039,WH-West,2026-06-17 23:58:14,06-18-2026 07:04 PM,19.1,,DRV608,1024.6971361069582
TRP007159,MANDI-039,WH-North,17-Feb-2026 01:00:50,17/02/2026 03:24,2.4,PB80BC9448,DRV840,136.99961710418
TRP003109,MANDI-047,WH-East,2026-04-04T18:40:06,05-Apr-2026 00:10:06,5.5,RJ16AB7420,DRV859,294.6
TRP004549,MANDI-009,WH-East,16/02/2026,02-16-2026 12:20 PM,,UP69AB8425,DRV964,568.5
TRP005424,MANDI-033,Export-Terminal,03-Jun-2026 01:44:27,03-Jun-2026 21:02:27,19.3,UP77BC5937,DRV600,932.0
TRP002050,MANDI-017,Export-Terminal,05-30-2026 08:15 AM,2026-05-30 19:03:07,10.8,RJ43BC3547,DRV418,632.0
TRP009209,MANDI-009,WH-Central,2026-05-03T13:22:37,2026-05-03 23:40:37,10.3,,DRV247,535.2
TRP008816,MANDI-051,WH-Central,11/06/2026 05:58,2026-06-11T10:52:15,4.9,HR54AB7993,DRV867,200.0
TRP002499,MANDI-033,Export-Terminal,06/01/2026 13:24,,4.8,UP63BC5210,,
TRP000263,MANDI-049,WH-North,11/03/2026,,5.2,,DRV142,230.399356064256
TRP004062,MANDI-052,WH-West,07-29-2026 10:03 AM,29/07/2026 21:33,11.5,PB19CD4062,DRV640,546.9
TRP005535,MANDI-056,WH-East,2026-02-12 19:18:46,2026-02-13 17:18:46,22.0,UP62AB1645,DRV197,1263.1964695328481
TRP006617,MANDI-029,WH-East,2026-03-18T10:51:37,19/03/2026 03:15,16.4,,,
TRP008121,MANDI-015,Export-Terminal,17/06/2026,17/06/2026 19:02,9.9,PB71CD4878,DRV618,525.4
TRP008156,MANDI-046,WH-North,09-02-2026 10:56 AM,03/09/2026 06:56,20.0,RJ45DF1156,DRV621,1167.8
TRP001803,MANDI-012,WH-Central,17/05/2026,05-17-2026 11:50 PM,4.6,DL13BC1403,DRV481,270.899242872426
TRP004737,MANDI-057,WH-West,06-19-2026 05:07 PM,20/06/2026 07:55,14.8,PB76CD6750,DRV781,858.99759921526
TRP002386,MANDI-048,WH-Central,06-Sep-2026 15:54:54,2026-09-07T03:48:54,11.9,PB32CD6897,DRV101,687.7
TRP006695,MANDI-016,WH-East,2026-04-22T15:21:07,23/04/2026 00:09,8.8,DL43BC6537,DRV383,472.6
TRP005760,MANDI-054,WH-North,2026-04-21T22:57:23,,19.0,,DRV303,1110.6
TRP001960,MANDI-054,WH-Central,07-02-2026 08:43 AM,2026-07-02 19:01:00,10.3,,DRV413,418.6
TRP002977,MANDI-034,WH-West,15-Mar-2026 16:43:41,03-16-2026 02:01 PM,21.3,HR37AB9201,,900.7
TRP008681,MANDI-037,WH-North,2026-04-13T13:05:34,14-Apr-2026 09:29:34,20.4,,DRV315,1147.9
TRP001844,MANDI-006,WH-East,03/01/2026 18:17,04/01/2026 06:11,,,,477.6
TRP001735,MANDI-046,WH-North,01-17-2026 02:46 PM,2026-01-18T11:10:27,20.4,RJ55CD9558,DRV317,1215.3
TRP002912,MANDI-026,Export-Terminal,2026-05-08 23:10:12,09/05/2026 07:34,8.4,HR29BC9555,DRV334,
TRP008339,MANDI-020,WH-Central,2026-02-19T05:49:11,20/02/2026,23.7,PB92BC4442,DRV273,1373.5
TRP001987,MANDI-006,WH-East,24/05/2026,2026-05-24 14:04:50,4.1,,,210.7
TRP009562,MANDI-030,WH-South,06-18-2026 10:32 AM,18-Jun-2026 18:08:59,7.6,HR36DF9687,DRV667,308.1
TRP006547,MANDI-006,WH-North,2026-03-21 10:39:19,22-Mar-2026 09:39:19,23.0,UP67BC1988,,1246.296516765982
TRP007099,MANDI-054,WH-South,09-07-2026 12:47 PM,2026-09-07T17:05:36,4.3,,DRV318,224.9
TRP002812,MANDI-030,WH-South,17/07/2026,2026-07-18 11:17:10,23.3,,DRV332,973.097280321734
TRP000660,MANDI-045,Export-Terminal,03-11-2026 09:24 AM,11-Mar-2026 16:24:29,7.0,DL29AB9402,,306.1
TRP009987,MANDI-033,WH-Central,2026-08-22T17:20:31,,22.5,,DRV804,1142.9
TRP002512,MANDI-007,WH-West,02/08/2026,2026-08-03 06:44:02,18.9,DL36DF8111,DRV619,1002.2
TRP004283,MANDI-026,WH-West,2026-05-18T14:44:34,2026-05-18T18:44:34,4.0,RJ73DF8675,DRV828,216.5
TRP009340,MANDI-012,WH-North,24-Jan-2026 05:28:52,2026-01-24 10:46:52,5.3,PB40CD2499,,286.9
TRP008801,MANDI-029,Export-Terminal,2026-05-19T10:09:38,05-19-2026 10:45 PM,12.6,RJ39CD6235,,623.1
TRP006288,MANDI-035,WH-South,17-Jul-2026 15:33:27,2026-07-18 02:39:27,11.1,PB87DF7839,DRV297,475.5
TRP001931,MANDI-046,WH-East,03/09/2026 19:31,04-Sep-2026 05:01:12,9.5,,DRV945,564.2
TRP007126,MANDI-047,WH-Central,26-Jul-2026 07:51:11,2026-07-27 05:27:11,21.6,RJ91DF6842,DRV406,
TRP000198,MANDI-003,WH-West,03-05-2026 11:05 AM,06/03/2026,17.2,UP56BC3284,DRV199,913.3
TRP007778,MANDI-009,WH-North,22/01/2026 20:32,,5.4,,DRV139,320.49910424737
TRP002932,MANDI-038,Export-Terminal,03/06/2026 15:06,06-04-2026 12:06 PM,21.0,UP96BC5447,DRV918,
TRP008005,MANDI-037,WH-East,08-Jul-2026 15:05:55,,23.1,HR93DF8007,DRV271,
TRP002328,MANDI-003,WH-West,03-12-2026 11:14 AM,2026-03-13 00:08:49,12.9,PB13BC5381,DRV452,663.098146728334
TRP004390,MANDI-035,WH-South,13/08/2026 00:44,13-Aug-2026 04:38:29,3.9,UP63CD6269,DRV423,186.9
TRP008959,MANDI-057,WH-Central,2026-05-05 19:38:40,06/05/2026 18:56,23.3,DL41DF1143,DRV313,1346.2
TRP004219,MANDI-032,WH-Central,13-Jan-2026 09:42:08,13/01/2026 14:48,5.1,DL12AB2734,DRV195,300.7
TRP000203,MANDI-039,WH-West,20/03/2026 21:56,21-Mar-2026 01:32:38,3.6,RJ63CD8125,DRV346,155.9
TRP003511,MANDI-055,Export-Terminal,2026-03-29 23:06:28,2026-03-30T01:54:28,2.8,UP15DF6268,DRV185,150.6
TRP004932,MANDI-021,WH-South,2026-07-22 07:37:51,,12.0,PB45CD9834,DRV922,
TRP005536,MANDI-014,WH-West,05/07/2026 15:41,05/07/2026,2.8,UP62CD6713,DRV114,125.6
TRP009926,MANDI-005,WH-South,10/06/2026 13:44,2026-06-11 07:44:07,18.0,HR65BC3133,DRV124,
TRP005792,MANDI-048,WH-South,01/03/2026 21:33,2026-03-01T23:45:20,2.2,RJ75DF7314,DRV726,118.1
TRP001708,MANDI-048,WH-East,01/05/2026 02:23,,16.8,RJ26DF8475,DRV136,965.0
TRP005173,MANDI-022,WH-North,29-Apr-2026 18:53:16,29/04/2026 23:05,4.2,DL23AB2365,DRV968,222.7
TRP005250,MANDI-009,WH-East,2026-04-08T14:47:01,08/04/2026 17:11,2.4,PB66DF7370,DRV492,139.9
TRP006529,MANDI-010,WH-East,21-Jan-2026 16:52:55,22/01/2026 12:40,19.8,DL71DF1635,DRV633,822.5
TRP007808,MANDI-039,WH-South,04-09-2026 08:51 PM,10/04/2026,9.1,UP43AB6033,DRV593,379.0
TRP005856,MANDI-057,Export-Terminal,2026-08-26 23:41:58,27/08/2026 14:29,14.8,DL26CD2309,DRV831,854.0
TRP008165,MANDI-039,Export-Terminal,19/08/2026 09:04,19/08/2026 11:28,2.4,RJ48CD7525,DRV164,105.7
TRP000855,MANDI-049,WH-West,14/08/2026 08:26,14/08/2026 21:02,12.6,PB54DF7318,DRV888,610.7
TRP004738,MANDI-010,Export-Terminal,2026-06-08 18:32:15,2026-06-08 22:32:15,4.0,DL15CD1216,DRV891,228.699360815518
TRP000699,MANDI-028,Export-Terminal,03-Aug-2026 20:26:50,2026-08-04 19:26:50,23.0,UP83CD8136,DRV707,1161.596753490624
TRP003697,MANDI-004,WH-East,18/03/2026 14:55,2026-03-19 01:01:06,10.1,HR42BC6841,DRV979,587.0
TRP001637,MANDI-044,WH-East,01/03/2026 10:44,02-Mar-2026 02:26:48,15.7,UP52DF9484,DRV372,900.1
TRP007281,MANDI-009,WH-East,2026-06-07T23:52:39,2026-06-08 06:22:39,,HR91DF7876,DRV190,382.49893096605
TRP007555,MANDI-038,Export-Terminal,18-Jul-2026 09:48:06,19/07/2026,17.7,RJ50BC2597,,712.2
TRP003582,MANDI-016,WH-West,2026-06-09 10:40:22,2026-06-10T08:58:22,22.3,UP68AB8994,DRV901,1294.5
TRP001292,MANDI-039,WH-West,16/05/2026 12:37,2026-05-16T21:31:52,8.9,,DRV746,470.2
TRP006586,MANDI-014,WH-West,15/06/2026 10:45,06-15-2026 09:03 PM,10.3,HR68CD9905,DRV409,558.9
TRP001854,MANDI-032,WH-West,18/08/2026,19-Aug-2026 02:07:48,15.0,HR34BC2730,DRV950,
TRP005233,MANDI-032,WH-North,18-Jan-2026 01:59:56,18/01/2026 06:41,4.7,HR42BC9527,DRV166,194.0
TRP003764,MANDI-018,WH-East,06-14-2026 10:04 PM,2026-06-15T12:22:50,14.3,RJ62BC9098,DRV248,685.198084961928
TRP003305,MANDI-050,WH-Central,06/03/2026 07:24,06/03/2026 20:06,12.7,UP28DF8225,DRV215,
TRP001496,MANDI-035,Export-Terminal,18-Jan-2026 04:51:48,18/01/2026 08:15,3.4,,DRV740,192.4
TRP007995,MANDI-007,WH-West,06-Mar-2026 14:14:33,07/03/2026 13:20,23.1,HR53AB7017,DRV471,924.5
TRP001999,MANDI-040,WH-North,2026-07-12 12:22:38,2026-07-12T18:46:38,6.4,UP21BC6290,,348.5
TRP000664,MANDI-020,WH-North,13/01/2026,14-Jan-2026 02:09:18,4.9,,DRV539,266.7
TRP003749,MANDI-053,WH-North,08-May-2026 00:12:46,08/05/2026 11:06,,PB12CD7308,DRV213,447.8
TRP004414,MANDI-023,WH-East,13-Jul-2026 22:14:43,14-Jul-2026 17:02:43,18.8,HR41DF9475,DRV876,1048.8
TRP005531,MANDI-047,WH-East,2026-01-10 01:48:39,2026-01-11T00:54:39,23.1,RJ26DF1393,,1197.2
TRP005576,MANDI-005,WH-South,04-01-2026 10:56 AM,02-Apr-2026 02:32:24,,UP60BC4483,DRV891,909.9
TRP008902,MANDI-044,WH-Central,14/06/2026 08:21,14/06/2026 10:33,2.2,DL23AB2625,DRV849,101.8
TRP007527,MANDI-008,WH-North,2026-03-18T09:08:32,18/03/2026 18:08,9.0,DL28AB7235,DRV775,529.2
TRP009475,MANDI-037,WH-Central,2026-08-08 12:39:37,09/08/2026,13.1,DL22CD2822,,529.8
TRP005865,MANDI-005,WH-North,02/01/2026,,9.3,DL45DF4861,DRV401,504.4
TRP006777,MANDI-050,Export-Terminal,2026-08-27T00:59:20,2026-08-27T21:59:20,21.0,RJ81CD7939,DRV565,963.3
TRP001307,MANDI-057,WH-North,2026-04-26T19:50:44,2026-04-27T04:14:44,8.4,PB40AB1001,,457.098722469494
TRP007393,MANDI-015,WH-Central,10/06/2026,11-Jun-2026 04:07:53,,DL65AB7081,DRV117,417.0
TRP005593,MANDI-040,WH-West,2026-05-15T13:55:11,,4.7,PB56CD3298,DRV596,276.2
TRP000959,MANDI-020,WH-South,06-15-2026 12:03 AM,15-Jun-2026 19:03:59,19.0,HR66AB8381,,776.4978297912099
TRP009722,MANDI-008,WH-North,26/05/2026 13:30,05-26-2026 09:48 PM,8.3,PB74DF3491,DRV113,388.4
TRP001664,MANDI-034,WH-South,04-18-2026 09:19 PM,,8.2,PB25DF8152,DRV263,331.2
TRP005451,MANDI-020,WH-East,2026-08-14T23:27:38,2026-08-15 02:09:38,2.7,UP68CD6382,DRV606,151.0
TRP001651,MANDI-054,WH-South,2026-05-11T16:08:09,05-11-2026 10:50 PM,,,DRV479,
TRP003542,MANDI-041,WH-South,2026-08-01 11:23:03,2026-08-01T20:29:03,9.1,HR94DF5513,DRV436,449.5
TRP003628,MANDI-027,WH-West,2026-01-03 09:36:00,2026-01-03 14:24:00,4.8,RJ61CD3556,DRV704,194.099457517674
TRP002694,MANDI-024,WH-East,2026-01-24T10:53:24,24/01/2026 14:29,,HR36DF3419,DRV114,206.7
TRP009790,MANDI-046,WH-West,19/04/2026,2026-04-20T12:02:26,19.9,DL68AB3888,,1136.396823921096
TRP005916,MANDI-017,WH-Central,25/01/2026 02:23,25-Jan-2026 10:23:09,8.0,PB75CD3625,DRV115,389.5
TRP003158,MANDI-048,WH-North,09/09/2026,2026-09-09T23:56:13,4.2,DL90BC5583,,174.6
TRP009915,MANDI-014,WH-Central,2026-01-24 07:28:04,,20.3,DL51AB1090,DRV842,931.397396867396
TRP006669,MANDI-057,WH-North,2026-04-13T15:15:06,04-14-2026 01:21 AM,10.1,UP85AB6339,,573.8
TRP001060,MANDI-046,WH-West,04-12-2026 08:47 AM,04-13-2026 06:11 AM,21.4,DL55AB6210,DRV253,860.7
TRP004637,MANDI-039,WH-South,2026-03-29 20:45:48,,14.3,UP17AB9562,,
TRP003243,MANDI-026,WH-North,07-16-2026 07:00 AM,16/07/2026 13:30,6.5,HR10AB2049,DRV752,336.1
TRP001679,MANDI-048,WH-North,23/04/2026 09:55,23/04/2026 23:25,13.5,RJ82AB8294,DRV416,625.8
TRP006893,MANDI-052,WH-South,20/07/2026 03:26,20/07/2026 20:32,17.1,PB55BC8931,DRV232,895.5
TRP006375,MANDI-039,WH-West,14-Mar-2026 06:29:31,14/03/2026,8.9,,DRV638,409.0
TRP007575,MANDI-044,WH-East,28-Apr-2026 22:45:29,,5.4,,DRV425,
TRP001758,MANDI-008,WH-East,2026-07-29 07:00:42,29/07/2026,10.9,,DRV144,522.4
TRP006020,MANDI-051,WH-Central,07-18-2026 05:54 AM,18/07/2026,5.5,UP48DF4589,DRV304,251.5
TRP005117,MANDI-036,WH-West,2026-05-26 04:24:37,,7.6,UP57CD1003,DRV499,
TRP008756,MANDI-043,WH-South,09-Feb-2026 06:17:23,09/02/2026,,UP52CD2725,DRV862,566.9
TRP007409,MANDI-031,WH-East,2026-06-20T00:15:50,2026-06-20 23:27:50,23.2,PB56BC3848,DRV670,1188.096679426834
TRP002791,MANDI-012,WH-South,01-07-2026 01:28 PM,2026-01-08 08:52:15,,HR54AB1983,DRV533,942.7
TRP000864,MANDI-053,WH-North,2026-08-25 23:22:00,08-26-2026 09:28 PM,22.1,UP55BC1222,DRV683,970.097288706314
TRP007859,MANDI-028,Export-Terminal,2026-01-01 00:33:17,01/01/2026 20:33,20.0,RJ74CD1619,DRV825,851.1
TRP001485,MANDI-028,WH-South,2026-03-26 14:11:53,2026-03-27 00:47:53,10.6,DL79AB7558,,
TRP007036,MANDI-011,WH-Central,2026-07-26 04:01:48,07-26-2026 07:49 AM,3.8,HR69CD3143,,227.1
TRP007722,MANDI-056,WH-West,30/08/2026 11:21,2026-08-31 04:57:16,17.6,PB34AB6235,DRV194,828.9
TRP005978,MANDI-037,WH-North,2026-02-18 10:20:11,2026-02-18 20:02:11,9.7,UP58CD6569,DRV146,485.8
TRP005135,MANDI-015,WH-West,2026-09-03 09:07:52,,12.6,HR20BC4598,,590.7983487967119
TRP000207,MANDI-004,WH-North,06/07/2026 15:23,2026-07-07 06:35:25,15.2,PB76CD8168,DRV193,624.9
TRP004489,MANDI-055,WH-East,2026-08-28T10:56:18,28-Aug-2026 16:02:18,5.1,RJ83DF2167,DRV290,280.199216880228
TRP006939,MANDI-020,WH-East,08-18-2026 05:02 AM,18-Aug-2026 12:32:58,7.5,UP62CD4096,DRV629,381.9
TRP009063,MANDI-048,WH-West,29-Jun-2026 10:41:34,30/06/2026 03:29,16.8,DL82DF2433,DRV216,727.9
TRP006911,MANDI-012,WH-North,05-29-2026 01:25 AM,29/05/2026 15:13,13.8,,DRV166,665.8
TRP000503,MANDI-033,WH-South,2026-07-22T07:43:21,22-Jul-2026 23:37:21,15.9,,DRV590,902.9
TRP007386,MANDI-045,WH-North,2026-05-11 19:43:11,2026-05-11T23:13:11,3.5,RJ30AB9658,,163.0
TRP001029,MANDI-039,WH-North,09/05/2026 14:57,,20.9,HR55CD5879,DRV606,847.8
TRP003841,MANDI-042,WH-West,2026-01-13 23:12:26,,8.8,RJ24AB2603,,494.0
TRP008111,MANDI-020,WH-Central,04-22-2026 02:09 AM,2026-04-22 19:15:16,,RJ70BC7985,,791.5
TRP005057,MANDI-027,WH-West,14-May-2026 23:04:02,05-15-2026 03:52 AM,4.8,RJ92CD9602,DRV885,279.79921799817197
TRP009763,MANDI-029,Export-Terminal,09-May-2026 15:03:40,10/05/2026,20.7,UP18DF3983,DRV133,834.0
TRP008155,MANDI-005,WH-West,01-08-2026 03:53 PM,09-Jan-2026 01:23:14,,UP39DF7798,,473.9
TRP002732,MANDI-032,WH-West,2026-06-12T07:03:03,12/06/2026 21:33,14.5,RJ26AB8306,,783.3
TRP008997,MANDI-050,WH-North,2026-04-29T14:25:38,30-Apr-2026 09:25:38,19.0,UP22AB1775,,871.9
TRP002455,MANDI-046,WH-South,2026-02-27 13:28:51,27/02/2026 20:04,6.6,RJ43DF9885,DRV399,354.0
TRP007216,MANDI-040,WH-West,2026-04-25 12:12:01,2026-04-26T02:00:01,13.8,DL56DF8245,DRV471,688.6980751799181
TRP003105,MANDI-030,WH-Central,2026-07-01 18:32:30,02-Jul-2026 15:02:30,20.5,HR21AB9463,DRV706,
TRP008393,MANDI-025,WH-Central,2026-08-12 13:43:39,2026-08-13 04:19:39,14.6,RJ74CD3316,DRV891,799.5
TRP006279,MANDI-043,WH-West,30/01/2026 23:50,2026-01-31T14:26:05,14.6,RJ14AB4145,DRV380,634.9
TRP003100,MANDI-046,WH-South,2026-05-23T21:43:32,24-May-2026 18:01:32,,,DRV567,
TRP006185,MANDI-023,WH-Central,18-Apr-2026 09:30:58,04-19-2026 08:24 AM,22.9,HR59DF4970,DRV889,1044.3970810482163
TRP003562,MANDI-036,WH-South,02-09-2026 07:06 AM,10/02/2026,17.5,RJ79BC3527,DRV608,1045.3
TRP005893,MANDI-049,WH-Central,2026-07-14 14:13:21,15-Jul-2026 06:01:21,15.8,PB85DF3964,DRV761,
TRP000392,MANDI-040,WH-North,07-20-2026 03:46 PM,21/07/2026,12.4,HR91AB3619,DRV141,703.1
TRP006737,MANDI-006,WH-Central,17-May-2026 12:58:30,2026-05-18 07:52:30,18.9,DL93DF5223,DRV646,1131.8
TRP005619,MANDI-020,WH-North,2026-04-13 04:14:10,13-Apr-2026 12:38:10,8.4,,DRV989,472.9
TRP005259,MANDI-042,WH-East,03/02/2026 09:53,03-Feb-2026 17:41:11,7.8,PB69CD7590,DRV107,325.3
TRP009688,MANDI-049,Export-Terminal,2026-01-15T14:46:00,15/01/2026 20:34,5.8,HR89AB1093,DRV234,281.4
TRP002696,MANDI-047,WH-East,19/01/2026,19/01/2026 11:26,5.6,PB58BC1436,DRV808,278.0
TRP002028,MANDI-021,WH-North,2026-05-28 10:56:39,2026-05-28 15:08:39,4.2,UP94DF7340,DRV740,225.6
TRP005464,MANDI-042,WH-West,25/05/2026 21:01,,5.3,,DRV652,282.3
TRP002569,MANDI-006,WH-South,03-16-2026 01:43 PM,2026-03-16 19:19:05,5.6,RJ39AB9239,DRV244,277.9
TRP008007,MANDI-001,Export-Terminal,19/01/2026,20-Jan-2026 01:31:45,,HR79BC2604,DRV548,180.9
TRP000065,MANDI-057,WH-West,01-03-2026 11:03 PM,2026-01-04T14:51:19,15.8,PB53DF8704,,
TRP002063,MANDI-030,WH-North,05/04/2026 22:50,2026-04-06 04:50:47,6.0,DL32AB8690,DRV679,275.2
TRP005277,MANDI-043,WH-East,2026-04-29 18:09:04,2026-04-30T00:33:04,6.4,DL84BC4706,DRV887,372.7
TRP007209,MANDI-047,WH-North,16/08/2026 02:56,16-Aug-2026 07:20:48,4.4,PB35DF8838,DRV370,196.9
TRP008685,MANDI-016,WH-East,06-05-2026 06:46 PM,06/06/2026 07:40,12.9,PB17CD2422,DRV499,576.8
TRP008572,MANDI-033,Export-Terminal,02/04/2026,04-03-2026 04:44 PM,24.0,RJ75BC1269,DRV804,1399.6
TRP006332,MANDI-041,WH-South,2026-07-03 16:51:41,07-04-2026 05:27 AM,12.6,UP13DF9507,,729.3
TRP004860,MANDI-025,WH-North,03-21-2026 03:25 PM,2026-03-22 06:49:27,15.4,DL93DF7903,DRV658,830.3
TRP004888,MANDI-050,WH-South,2026-08-06 21:15:09,08-06-2026 11:21 PM,2.1,HR42DF7013,,109.1
TRP009269,MANDI-047,Export-Terminal,2026-04-19 17:05:10,2026-04-20T16:59:10,23.9,DL67BC9131,DRV551,972.1
TRP000879,MANDI-037,WH-East,06/09/2026,2026-09-06 23:24:21,,PB39DF5095,DRV294,864.3
TRP008530,MANDI-041,Export-Terminal,08/02/2026,09/02/2026,14.7,RJ25CD7432,,746.8
TRP007917,MANDI-026,WH-South,2026-07-12T12:47:50,,13.7,HR79DF7950,DRV900,789.2
TRP006864,MANDI-006,WH-West,05-12-2026 12:42 AM,05-12-2026 07:00 AM,,PB32DF3376,DRV802,328.0
TRP007893,MANDI-024,WH-South,03-16-2026 04:03 PM,2026-03-17 02:51:40,10.8,HR13AB5960,DRV190,507.1
TRP006440,MANDI-034,WH-East,2026-04-21 08:45:23,04-21-2026 02:09 PM,5.4,RJ86AB1582,DRV356,302.7
TRP007870,MANDI-042,Export-Terminal,08-31-2026 02:04 PM,08-31-2026 10:04 PM,8.0,PB84BC1289,DRV361,331.4
TRP001017,MANDI-040,WH-Central,24/01/2026,2026-01-24 19:16:25,4.8,RJ93AB1136,,
TRP009468,MANDI-013,WH-North,05-24-2026 10:13 AM,2026-05-24 18:37:19,8.4,PB69CD8838,DRV329,337.7
TRP007630,MANDI-001,WH-Central,2026-08-19 19:06:14,20/08/2026,6.7,,DRV994,387.19891783020796
TRP000996,MANDI-035,WH-Central,30/08/2026 17:01,2026-08-30 20:07:44,3.1,DL11CD1416,DRV122,184.7
TRP006790,MANDI-057,Export-Terminal,23/03/2026 11:01,2026-03-24T08:43:06,21.7,DL18AB9148,DRV595,922.8
TRP004298,MANDI-039,WH-Central,2026-07-05T15:24:18,06/07/2026 04:30,13.1,UP94AB9283,DRV594,644.9981973153
TRP000162,MANDI-008,WH-Central,2026-08-30 07:03:56,2026-08-30 13:39:56,6.6,PB27CD3534,DRV728,281.2
TRP005676,MANDI-043,WH-North,2026-04-28 15:29:57,2026-04-29 09:53:57,,,DRV894,
TRP006874,MANDI-032,Export-Terminal,09-Mar-2026 09:21:54,2026-03-10T01:51:54,16.5,HR71CD3471,DRV640,956.5
TRP009693,MANDI-056,WH-South,02-03-2026 01:55 PM,02-04-2026 01:43 PM,23.8,UP88CD8207,DRV585,1028.1
TRP007990,MANDI-034,WH-North,2026-07-25 05:19:02,2026-07-25T10:13:02,4.9,PB98AB6001,DRV895,233.699346841218
TRP003844,MANDI-037,WH-West,17-May-2026 12:50:28,05-17-2026 08:50 PM,8.0,RJ85BC7858,DRV215,456.1
TRP001022,MANDI-020,WH-East,2026-08-21T04:18:57,21/08/2026 14:00,,HR11AB4223,DRV299,579.1
TRP003074,MANDI-057,WH-East,2026-09-05T12:18:40,2026-09-06 04:54:40,,HR81CD1718,DRV518,894.8
TRP007556,MANDI-035,WH-South,19/02/2026 23:55,,23.6,PB18AB4244,DRV757,1128.7
TRP003944,MANDI-011,WH-North,06/02/2026 16:54,2026-02-07 12:18:47,19.4,RJ28CD1845,DRV243,
TRP001586,MANDI-038,WH-East,2026-09-09 18:33:08,10/09/2026,16.1,UP37BC2962,DRV112,779.4
TRP001069,MANDI-016,Export-Terminal,08-22-2026 01:27 PM,2026-08-22 23:09:34,,HR76DF4131,DRV106,395.198895471328
TRP003153,MANDI-053,WH-South,2026-01-14 09:33:17,14/01/2026 20:33,11.0,,DRV729,496.4
TRP008227,MANDI-021,WH-South,2026-07-28T21:19:42,29-Jul-2026 21:01:42,23.7,UP88CD5423,DRV871,1099.4
TRP000776,MANDI-041,WH-South,18-May-2026 03:04:10,18/05/2026 10:04,7.0,DL98AB4284,DRV967,339.4
TRP009671,MANDI-008,WH-North,04/07/2026 12:35,2026-07-04T17:53:16,5.3,HR81AB6017,DRV904,261.6
TRP007100,MANDI-014,WH-South,25/02/2026 20:13,,7.1,PB61DF6236,,299.5
TRP005487,MANDI-021,WH-South,07/06/2026 22:03,2026-06-08 17:03:02,19.0,PB57DF2599,DRV831,1135.8968253185262
TRP006236,MANDI-022,WH-Central,08/07/2026 09:43,08/07/2026,2.7,DL99CD2865,DRV872,143.5
TRP009556,MANDI-041,WH-Central,06-12-2026 10:40 PM,13/06/2026,20.2,UP44CD8943,DRV960,
TRP007042,MANDI-037,WH-Central,07/01/2026 14:27,08/01/2026 13:51,23.4,DL86AB4829,DRV795,1175.696714083098
TRP002613,MANDI-043,WH-South,2026-03-12T03:14:21,12/03/2026 09:32,6.3,PB17CD5699,DRV223,257.0
TRP007514,MANDI-028,WH-West,2026-07-19 04:04:49,19/07/2026,15.9,HR38AB7014,DRV863,694.9
TRP006728,MANDI-023,WH-South,09-Sep-2026 19:09:48,09-Sep-2026 21:51:48,2.7,DL76DF7490,DRV128,130.4
TRP008434,MANDI-024,WH-South,05/04/2026 02:58,05/04/2026,14.1,DL36BC7708,DRV403,766.6
TRP006600,MANDI-017,WH-South,09/07/2026,07-09-2026 04:24 PM,13.4,,DRV557,
TRP008793,MANDI-036,Export-Terminal,06-08-2026 06:16 PM,,13.4,PB79BC1500,DRV307,602.3
TRP005394,MANDI-037,WH-Central,10/06/2026 00:08,10/06/2026,23.6,UP51AB5003,DRV222,1374.6
TRP008839,MANDI-022,WH-West,16-Feb-2026 04:43:02,17-Feb-2026 03:31:02,22.8,DL25BC8177,DRV628,966.2
TRP003891,MANDI-031,Export-Terminal,06-09-2026 07:08 AM,2026-06-10 00:56:30,17.8,DL89CD9393,DRV383,717.0
TRP003557,MANDI-042,WH-East,21/07/2026 14:37,2026-07-21 18:31:44,,UP23BC9503,,202.7
TRP001529,MANDI-035,Export-Terminal,2026-08-19T03:40:18,2026-08-19 08:46:18,5.1,UP90BC9977,,266.6
TRP001268,MANDI-005,WH-East,2026-06-20 13:35:17,21/06/2026,14.4,,DRV272,688.4
TRP007735,MANDI-010,WH-North,22/07/2026 23:04,07-23-2026 02:46 AM,3.7,DL74DF6333,DRV734,177.5
TRP001900,MANDI-055,WH-North,2026-08-12 08:42:04,08-12-2026 05:06 PM,8.4,HR91AB6830,DRV887,338.899052821946
TRP004659,MANDI-017,WH-Central,28-Mar-2026 23:47:09,29-Mar-2026 15:23:09,15.6,RJ75DF3172,DRV920,702.1
TRP003006,MANDI-011,WH-North,2026-03-10 12:02:19,03-10-2026 07:38 PM,7.6,HR54CD2684,DRV316,
TRP002735,MANDI-015,WH-South,2026-02-05T19:41:55,2026-02-06 12:59:55,17.3,PB46DF8719,DRV370,695.6
TRP000190,MANDI-034,WH-Central,28/01/2026,29/01/2026,21.8,HR33AB4579,DRV260,1060.0
TRP009999,MANDI-002,WH-East,18/03/2026 18:42,2026-03-19T16:24:58,,HR29AB1615,,1113.2
TRP009168,MANDI-050,WH-South,10/03/2026 16:50,2026-03-11 03:14:10,10.4,,DRV707,521.9
TRP002748,MANDI-049,WH-Central,13/06/2026,13/06/2026 23:52,20.1,PB25CD8204,DRV382,878.9
TRP002048,MANDI-045,WH-Central,19/06/2026 08:18,2026-06-19 12:06:57,3.8,HR99BC2821,DRV845,
TRP007850,MANDI-010,Export-Terminal,16/06/2026 00:10,2026-06-16 16:04:24,15.9,RJ54CD1353,DRV720,835.0
TRP002559,MANDI-027,WH-West,2026-06-12 05:48:03,2026-06-12 17:00:03,11.2,DL70AB3723,DRV460,670.5
TRP009275,MANDI-045,WH-West,06-15-2026 08:44 AM,16/06/2026 04:08,19.4,HR22AB5855,DRV974,906.2
TRP008667,MANDI-057,WH-South,03/09/2026 22:22,2026-09-04 08:04:42,9.7,RJ71DF8904,,477.7
TRP006397,MANDI-016,WH-South,09/02/2026 12:25,,14.0,DL29DF5371,DRV593,756.3
TRP003386,MANDI-017,WH-East,28/02/2026 05:21,28/02/2026,2.6,,DRV202,135.8
TRP004556,MANDI-051,Export-Terminal,2026-05-02T04:35:45,05-03-2026 01:53 AM,21.3,,DRV399,1263.4
TRP001185,MANDI-037,Export-Terminal,14/08/2026,14-Aug-2026 08:51:57,7.4,,DRV999,329.1
TRP006421,MANDI-028,Export-Terminal,13/08/2026 17:37,14/08/2026,14.5,PB19BC9879,DRV361,593.4
TRP005052,MANDI-022,WH-West,2026-03-16 05:45:16,16/03/2026 15:45,10.0,DL79BC4461,DRV941,425.3
TRP005312,MANDI-001,WH-Central,2026-05-28 14:20:08,2026-05-28 19:50:08,5.5,,DRV582,302.6
TRP002434,MANDI-013,WH-North,2026-07-07 15:18:14,07-08-2026 03:24 AM,12.1,RJ70BC9855,DRV355,645.6
TRP006950,MANDI-005,WH-West,2026-01-22 11:56:49,23-Jan-2026 03:44:49,15.8,PB76AB5820,DRV730,645.5
TRP000770,MANDI-013,WH-East,08-08-2026 01:53 AM,09/08/2026 01:47,23.9,DL36AB5759,,1301.7963616512518
TRP001686,MANDI-053,Export-Terminal,2026-01-08T19:15:09,09-Jan-2026 05:51:09,,,DRV511,446.8
TRP008323,MANDI-024,WH-West,2026-06-16T04:48:18,2026-06-16 23:06:18,18.3,HR36CD9096,DRV346,884.3
TRP005579,MANDI-049,WH-South,08-08-2026 12:06 PM,08-Aug-2026 20:48:48,8.7,RJ93DF9453,DRV935,446.398752374496
TRP004427,MANDI-034,WH-South,20/06/2026,21/06/2026,22.9,HR18BC2176,DRV739,1061.6
TRP000467,MANDI-052,WH-West,2026-03-20 20:56:06,21-Mar-2026 18:02:06,21.1,DL15CD6938,DRV377,1210.8
TRP006266,MANDI-048,WH-Central,2026-04-29T19:23:30,04-30-2026 07:47 AM,12.4,UP53AB5386,,515.9
TRP005735,MANDI-052,WH-West,2026-04-26 13:00:16,,5.2,RJ47AB4301,DRV263,257.9
TRP005192,MANDI-033,WH-North,24/07/2026 22:25,25/07/2026 02:31,4.1,,DRV426,207.4
TRP005391,MANDI-011,WH-East,30/06/2026,30/06/2026,,RJ23AB2562,,265.9
TRP000861,MANDI-043,WH-South,2026-05-28 16:49:38,2026-05-28 21:13:38,,DL30DF1431,DRV197,202.5
TRP007271,MANDI-019,WH-West,09-04-2026 03:37 PM,2026-09-05 00:01:21,8.4,PB38DF5215,DRV584,469.2
