record_id,date,mandi_id,district,crop_name,min_price,max_price,modal_price,msp
PR001650,2026-07-26,MANDI-005,,Cotton,6850.985817820893,7570.17,7210.58,6620.0
PR000246,2026-07-17,MANDI-028,Fatehabad,Cotton,6944.79,7654.18,0.7299,
PR010091,2026-09-01,MANDI-011,Jalandhar,Rice,0.1857,2013.18,1935.06,2183.0
PR000982,2026-05-24,MANDI-012,Ferozepur,Maize,1873.34,0.1986,0.193,0.209
PR001708,2026-08-18,MANDI-013,Karnal,Cotton,5878.62,6574.283051769212,6226.45,0.662
PR004312,2026-01-24,MANDI-001,Patiala,Cotton,,7324.58,,6620.0
PR000288,2026-08-08,MANDI-031,Hisar,Wheat,2270.14,2823.4429693584902,2546.79,2275.0
PR002536,2026-01-06,MANDI-036,Kurukshetra,Wheat,1961.63,0.234,2151.0,2275.0
PR009427,2026-08-12,MANDI-050,,Wheat,2277.53,2458.0,2367.64,2275.0
PR003418,2026-09-02,MANDI-011,Ambala,Sugarcane,3156.94,3890.02,,0.35
PR001250,2026-10-02,MANDI-002,Ambala,Maize,0.1866,2193.0,0.2029,0.209
PR008959,2026-06-24,MANDI-057,,Mustard,,0.685,0.629,0.565
PR004344,2026-04-14,MANDI-040,Amritsar,Rice,1989.0202736774606,2138.04,2063.53,2183.0
PR008040,2026-06-25,MANDI-053,Ludhiana,Wheat,2016.0,0.23,2158.4,0.2275
PR002773,2026-06-04,MANDI-050,Ambala,Sugarcane,3391.89,4215.91,3804.0,0.35
PR007582,2026-01-24,MANDI-043,Ferozepur,Rice,,2521.03,2303.861807881144,2183.0
PR001390,2026-06-17,MANDI-026,Patiala,Sugarcane,3661.39,4282.71,3972.05,0.35
PR011220,2026-01-17,MANDI-010,Bathinda,Cotton,6054.0,7147.5,0.6601,6620.0
PR008656,2026-03-26,MANDI-005,Patiala,Rice,2172.99,2312.15,,
PR000719,2026-04-29,,Kurukshetra,Maize,1878.0,2114.21,,2090.0
PR005849,2026-01-23,MANDI-016,Patiala,Cotton,0.6473,7364.56,6918.61,0.662
PR007394,2026-03-25,MANDI-024,Karnal,Sugarcane,3074.76,3382.79,0.3229,3500.0
PR004644,2026-05-25,MANDI-026,,Mustard,5725.0,6263.77,5994.455824860666,5650.0
PR002514,2026-07-21,MANDI-007,Hisar,Maize,1988.4744912268284,2299.86,2144.167343486675,2090.0
PR010213,2026-02-17,MANDI-043,Jalandhar,Wheat,0.1958,2157.0,2057.3,2275.0
PR011212,2026-05-31,MANDI-008,,Sugarcane,3280.592160219738,4064.73,3672.66,3500.0
PR011958,2026-02-04,,Bathinda,Wheat,2215.53,2450.04,2332.79,2275.0
PR002913,2026-08-08,MANDI-027,Sirsa,Mustard,5826.290509325942,6273.0,6049.51,5650.0
PR000358,2026-01-31,MANDI-030,Ludhiana,Maize,1867.38,,0.1949,2090.0
PR008575,2026-07-20,,Moga,Sugarcane,3509.61,0.4356,3932.8,
PR010458,2026-01-10,,Bathinda,Cotton,0.5627,6650.37,6138.929109845614,6620.0
PR000951,2026-06-25,MANDI-056,Hisar,Rice,2226.17,0.2525,0.2376,2183.0
PR002105,2026-01-20,MANDI-039,Kurukshetra,Cotton,6155.47,6702.0,6428.56,6620.0
PR007951,2026-02-01,MANDI-024,Kurukshetra,Maize,2174.42,2348.9471523051525,2262.0,
PR001266,2026-04-25,MANDI-019,Fatehabad,Sugarcane,0.35,0.4245,3873.0,3500.0
PR006089,2026-02-03,MANDI-046,Ferozepur,Mustard,5142.95,5632.66,5387.81,5650.0
PR010862,2026-02-11,MANDI-042,Ambala,Mustard,5493.827969524963,6761.44,6127.63,5650.0
PR011617,2026-03-18,MANDI-053,Bathinda,Maize,2009.38,2235.4,2122.39,
PR001291,2026-08-03,MANDI-046,Jalandhar,Rice,1867.54,2189.09,2028.32,0.2183
PR001377,2026-06-14,MANDI-007,,Rice,1970.8,2447.0,2209.0,
PR003954,2026-03-31,MANDI-017,Kurukshetra,Rice,1971.7,0.2237,2104.0,0.2183
PR003093,2026-05-20,MANDI-008,Ludhiana,Rice,1975.0,2358.74,2166.76,2183.0
PR000689,2026-02-04,MANDI-054,,Wheat,2293.99,2786.0,0.254,
PR002359,2026-04-09,MANDI-026,Hisar,Cotton,6497.0,7003.03,6749.79,6620.0
PR004233,2026-01-29,MANDI-049,,Rice,2082.58,,2270.31,2183.0
PR009368,2026-04-05,MANDI-014,Karnal,Cotton,6403.67,6871.07,6637.37,6620.0
PR005203,2026-03-29,MANDI-024,Ferozepur,Wheat,2124.53,2316.88,2220.7,2275.0
PR006235,2026-05-20,MANDI-006,Hisar,Cotton,,7062.16,6842.78,
PR011846,2026-09-05,MANDI-031,Ambala,Wheat,2076.39,2414.63,2245.51,
PR001340,2026-01-16,MANDI-007,Jalandhar,Rice,0.1857,2122.46,1989.82,2183.0
PR008186,2026-01-25,,Moga,Rice,2005.68,2112.51,2059.1,
PR007070,2026-09-05,MANDI-022,,Rice,2038.27,2509.7,2273.98,2183.0
PR004775,2026-02-23,,Jalandhar,Wheat,2097.0,0.2609,2353.0,2275.0
PR006448,2026-02-20,MANDI-035,Ludhiana,Maize,1881.78,2319.1,2100.44,
PR003034,2026-01-29,MANDI-055,Amritsar,Wheat,2375.39,0.2905,2640.12,2275.0
PR002947,2026-05-13,,Patiala,Cotton,6131.0,7320.96,6725.89,6620.0
PR002729,2026-02-03,MANDI-008,Karnal,Mustard,5787.16,6077.88,5932.52,5650.0
PR007737,2026-02-20,MANDI-012,Amritsar,Wheat,0.1964,2203.07,2083.63,2275.0
PR005676,2026-07-01,MANDI-007,Fatehabad,Maize,1976.82,0.2419,2197.94,2090.0
PR007093,2026-01-31,MANDI-051,,Rice,2285.36,2595.15,,2183.0
PR008805,2026-03-11,MANDI-046,Ludhiana,Mustard,4820.0,0.5699,5259.53,5650.0
PR005981,2026-07-23,MANDI-013,Kurukshetra,Wheat,2341.23,0.2517,2429.19,2275.0
PR000060,2026-05-14,,Ferozepur,Mustard,5811.32,6329.19,6070.26,5650.0
PR001371,2026-04-06,MANDI-030,Ferozepur,Cotton,0.566,6087.83,0.5874,6620.0
PR003239,2026-03-01,,Karnal,Rice,1872.0,2174.23,2023.3017368627486,2183.0
PR002056,2026-08-22,MANDI-009,Ferozepur,Rice,1908.1409099896425,2009.0,0.1958,
PR005252,2026-05-01,MANDI-032,Jalandhar,Wheat,2151.86,2675.13,2413.49,
PR009259,2026-06-01,MANDI-055,,Sugarcane,3152.0,0.3337,3244.6003698960367,0.35
PR002760,2026-02-15,MANDI-036,Karnal,Cotton,6302.29,7206.81,6754.55,6620.0
PR004003,2026-08-25,MANDI-029,Kurukshetra,Sugarcane,3083.37,0.3315,0.3199,0.35
PR008764,2026-05-31,MANDI-039,Fatehabad,Cotton,6311.65,6815.97,6563.81,
PR004575,2026-08-28,MANDI-040,Ferozepur,Rice,2184.65,2619.32,2401.982891153114,2183.0
PR001751,2026-07-19,MANDI-047,Ludhiana,Mustard,5637.61,,6334.03,
PR001077,2026-07-22,,Kurukshetra,Mustard,5178.312104348875,,5757.03,5650.0
PR005404,2026-01-22,MANDI-034,Sirsa,Maize,1786.3365949009074,1926.15,1856.24,2090.0
PR006339,2026-04-25,MANDI-051,Karnal,Cotton,6696.62,7530.0,7113.15,6620.0
PR009691,2026-05-11,MANDI-010,Fatehabad,Sugarcane,3201.15,3361.389536195206,3281.27,3500.0
PR010145,2026-02-02,MANDI-013,Kurukshetra,Wheat,2069.22,2309.0,2188.9685772991033,2275.0
PR001300,2026-08-02,MANDI-046,Patiala,Maize,1918.0,2158.02,2038.25,2090.0
PR007631,2026-03-02,MANDI-055,Bathinda,Wheat,2386.55,2953.19,2669.87,2275.0
PR000891,2026-07-17,MANDI-050,Amritsar,Sugarcane,3360.97,3721.24,3541.11,0.35
PR000564,2026-05-01,MANDI-039,Hisar,Sugarcane,3448.28,4181.0,3814.67,3500.0
PR000602,2026-05-29,MANDI-009,Ambala,Rice,1924.0,2048.1,1986.0,0.2183
PR010104,2026-06-29,MANDI-040,Karnal,Wheat,2287.5,2466.13,2376.82,2275.0
PR000234,2026-03-06,MANDI-046,Sirsa,Sugarcane,3421.0,0.3726,3573.51,3500.0
PR005480,2026-07-20,MANDI-050,Moga,Mustard,5592.07,6362.979993983251,5977.53,5650.0
PR010827,2026-06-25,MANDI-005,Fatehabad,Sugarcane,3119.64,3645.1,3382.37,3500.0
PR000661,2026-07-26,MANDI-029,Fatehabad,Rice,,2666.93,2401.0,2183.0
PR002565,2026-05-07,MANDI-043,Ludhiana,Maize,,2198.0,2022.0,2090.0
PR004659,2026-01-23,MANDI-010,Sirsa,Maize,1944.04,2211.0,2077.0,2090.0
PR008402,2026-06-16,MANDI-027,Fatehabad,Maize,1845.0,2143.52,1994.33,
PR007197,2026-05-04,MANDI-033,Ambala,Sugarcane,3653.020121077713,4059.89,0.3856,3500.0
PR000500,2026-04-02,MANDI-035,Moga,Rice,2181.045527366979,2399.84,2290.0,0.2183
PR002708,2026-08-17,MANDI-053,Sirsa,Cotton,6858.04,7844.4388757834595,7351.24,0.662
PR008975,2026-05-04,MANDI-046,Karnal,Wheat,2350.0,2685.0,2517.0,2275.0
PR007085,2026-11-03,MANDI-039,Ambala,Mustard,5727.0,0.6192,5959.0,5650.0
PR003234,2026-08-31,MANDI-010,Hisar,Mustard,0.5344,6188.0,0.5766,5650.0
PR010364,2026-06-29,MANDI-014,Fatehabad,Rice,1936.0,2035.72,,2183.0
PR003552,2026-05-18,,Karnal,Maize,1791.21,1980.88,1886.04,
PR003156,2026-07-28,MANDI-052,Bathinda,Maize,2067.21,0.2382,2224.78,2090.0
PR001607,2026-06-18,,Patiala,Mustard,5565.0,6412.727054232409,0.5989,
PR002564,2026-04-06,MANDI-010,Ambala,Maize,2121.78,0.2587,2354.0,2090.0
PR001680,2026-09-02,MANDI-038,Bathinda,Rice,2063.33,0.2387,2225.08,2183.0
PR004686,2026-04-30,MANDI-051,,Mustard,5523.1,6271.94,0.5898,
PR010671,2026-12-08,MANDI-036,Sirsa,Sugarcane,3521.0,3829.9,3675.0,3500.0
PR003180,2026-03-02,MANDI-057,Patiala,Rice,2102.2,2284.3,2193.25,2183.0
PR007921,2026-06-13,MANDI-057,Patiala,Wheat,2274.0,2519.92,2397.03,2275.0
PR009782,2026-03-30,MANDI-045,,Mustard,4983.72,6078.7,5531.21,5650.0
PR007375,2026-05-26,MANDI-007,Sirsa,Cotton,6948.75,0.7354,7151.48,6620.0
PR003698,2026-02-28,MANDI-003,Jalandhar,Maize,,2455.0,2321.22,2090.0
PR011382,2026-05-20,MANDI-047,Karnal,Maize,0.1923,2057.96,1990.53,2090.0
PR000927,2026-08-16,MANDI-042,Bathinda,Wheat,1971.5,2367.71,0.217,2275.0
PR011519,2026-03-27,MANDI-030,Jalandhar,Mustard,5653.22,6810.92,6232.0,5650.0
PR009637,2026-10-03,MANDI-056,Hisar,Mustard,5115.5,,0.5462,5650.0
PR001637,2026-04-23,MANDI-048,Ludhiana,Rice,2010.1534847915866,2209.05,2110.0,
PR004876,2026-08-12,,Fatehabad,Cotton,6345.534975638505,7199.0,6772.33,
PR001068,2026-02-27,MANDI-043,Moga,Rice,2093.86,2212.47,2153.17,2183.0
PR006220,2026-05-31,MANDI-021,Bathinda,Maize,1888.0,2027.39,1957.5956597046059,2090.0
PR008164,2026-04-16,,Hisar,Rice,2145.539983472816,2347.05,2246.3,2183.0
PR004486,2026-06-05,,Hisar,Maize,1887.5,2254.54,2071.0,2090.0
PR001657,2026-05-26,,Jalandhar,Sugarcane,3058.0,3448.7883456534482,3253.0,3500.0
PR000636,2026-07-30,MANDI-001,Jalandhar,Mustard,0.583,6522.04,6175.78,0.565
PR008714,2026-01-19,MANDI-044,Bathinda,Sugarcane,3275.4225337385774,3868.2,3572.0,3500.0
PR006554,2026-12-05,MANDI-019,Ferozepur,Wheat,2043.0,0.2169,2106.18,
PR007451,2026-05-06,MANDI-049,Hisar,Rice,2133.49,2430.74,2282.12,0.2183
PR004826,2026-02-27,MANDI-008,Moga,Mustard,5305.6683659374585,5842.61,5574.14,0.565
PR003124,2026-04-07,MANDI-002,Patiala,Cotton,6280.49,7576.15,6928.32,6620.0
PR007308,2026-06-15,MANDI-048,Jalandhar,Cotton,6414.53,7817.45,7115.99,
PR011358,2026-03-03,MANDI-027,Hisar,Wheat,1957.21,2120.7088850785995,2038.96,0.2275
PR002849,2026-02-19,MANDI-043,Jalandhar,Wheat,2108.38,2303.0,2205.49,
PR000278,2026-02-04,MANDI-002,,Maize,2028.0,0.242,2224.0,2090.0
PR010767,2026-01-26,MANDI-049,Patiala,Cotton,6176.37,7109.091862971616,6642.73,
PR009416,2026-05-06,,,Rice,1918.74,2304.0,0.2111,2183.0
PR006769,2026-08-02,,,Wheat,2047.45,2342.22,2195.0,2275.0
PR005062,2026-08-29,MANDI-057,Ferozepur,Sugarcane,3331.999425085686,3987.3206060919074,3659.66,
PR006581,2026-06-17,MANDI-012,Kurukshetra,Mustard,5447.43517291978,6539.0,,5650.0
PR003411,2026-07-25,MANDI-050,Bathinda,Mustard,5673.4,,6244.0,
PR001183,2026-06-28,MANDI-051,,Wheat,2311.342582562423,2580.92,2446.13,2275.0
PR003889,2026-05-29,,Sirsa,Cotton,0.6089,6442.05,6265.64,
PR006057,2026-03-28,,Ludhiana,Rice,1970.36,2238.5,0.2104,0.2183
PR010183,2026-01-13,MANDI-023,Kurukshetra,Maize,0.1863,2087.97,1975.71,0.209
PR000371,2026-08-07,MANDI-018,Fatehabad,Mustard,5054.0,5585.96,5320.06,5650.0
PR006590,2026-05-24,MANDI-035,Patiala,Wheat,2350.41,0.2731,2540.73,2275.0
PR010318,2026-02-15,MANDI-014,Amritsar,Sugarcane,0.3264,3445.4932241573993,0.3355,0.35
PR000090,2026-06-26,MANDI-040,Ambala,Maize,1881.8691227385789,,2003.89,2090.0
PR004915,2026-03-29,,Moga,Wheat,0.2155,,2340.1,0.2275
PR009953,2026-04-22,MANDI-028,Ambala,Rice,1901.88,2078.12,1990.0,2183.0
PR010106,2026-02-01,MANDI-042,Bathinda,Cotton,6136.0,6538.69,6337.33,
PR000014,2026-02-08,MANDI-028,Hisar,Wheat,2100.07,2375.64,2238.0,2275.0
PR000287,2026-04-13,MANDI-031,,Wheat,2103.01,2276.59,2189.8,2275.0
PR004723,2026-12-04,MANDI-020,Kurukshetra,Wheat,0.196,2441.0,2200.7,2275.0
PR000290,2026-08-07,MANDI-024,Bathinda,Sugarcane,3589.02,3950.83341499987,3769.93,3500.0
PR000885,2026-04-26,MANDI-016,Kurukshetra,Mustard,4928.43761867252,5446.76,0.5188,5650.0
PR006785,2026-07-31,MANDI-025,Karnal,Rice,0.2112,2555.56,0.2334,2183.0
PR011132,2026-03-30,MANDI-020,Sirsa,Sugarcane,3250.83,3969.99,0.361,3500.0
PR000072,2026-06-01,MANDI-047,Amritsar,Wheat,2020.69,,2160.48,2275.0
PR008759,2026-10-04,MANDI-042,Moga,Rice,1916.22,2381.0,2148.0,2183.0
PR002705,2026-06-11,,,Mustard,4886.19,5692.39,5289.29,
PR011585,2026-01-28,MANDI-016,Jalandhar,Sugarcane,3395.0,3710.84,3552.76,
PR001860,2026-04-18,,Sirsa,Sugarcane,3233.75,3496.33,0.3365,
PR001126,2026-03-20,MANDI-003,Amritsar,Rice,1889.99,2165.52,,2183.0
PR001877,2026-04-28,MANDI-038,Ludhiana,Cotton,6070.34,0.6646,6357.95,
PR004804,2026-08-10,MANDI-015,Fatehabad,Sugarcane,0.3036,3480.16,3257.9,3500.0
PR005224,2026-08-06,MANDI-019,Ludhiana,Cotton,5856.97,6404.1,6130.53,0.662
PR011327,2026-07-20,MANDI-020,Hisar,Mustard,0.5578,6771.16,6175.0,5650.0
PR003657,2026-07-06,MANDI-049,Moga,Mustard,5526.458101463893,6776.9,6151.677939662541,5650.0
PR004286,2026-02-13,MANDI-020,Sirsa,Mustard,4839.19,5232.752108331381,5036.0,0.565
PR009464,2026-05-12,MANDI-054,Sirsa,Mustard,,6269.21,5795.0,5650.0
PR009540,2026-08-17,MANDI-036,Ferozepur,Rice,2140.35,2314.92,,2183.0
PR008741,2026-05-28,,Hisar,Mustard,5551.23,6183.12,5867.18,5650.0
PR006103,2026-06-11,MANDI-032,Fatehabad,Mustard,4861.23,5327.596778987246,5094.0,5650.0
PR004446,2026-04-01,MANDI-012,Jalandhar,Wheat,2054.38,2163.73,2109.06,2275.0
PR008501,2026-06-21,MANDI-047,Ambala,Maize,2055.01,2496.0,,0.209
PR009136,2026-08-31,MANDI-005,Hisar,Mustard,5172.652159477422,0.563,5401.09,5650.0
PR006128,2026-08-22,MANDI-029,Bathinda,Sugarcane,3586.69,4146.78,0.3867,3500.0
PR003726,2026-03-16,MANDI-047,,Wheat,,2382.0,2300.9,0.2275
PR004026,2026-04-13,MANDI-002,Amritsar,Maize,2131.44,2417.37,2274.41,2090.0
PR006940,2026-07-15,,Sirsa,Wheat,2027.0,2491.3,2259.35,2275.0
PR005645,2026-05-03,MANDI-033,Bathinda,Sugarcane,3040.1534854977804,3610.64,3325.0,3500.0
PR000750,2026-03-08,MANDI-040,Ambala,Wheat,2215.18,2565.59,2390.0,2275.0
PR010477,2026-03-08,MANDI-013,Moga,Mustard,4997.0,,5469.33,
PR000039,2026-07-15,,,Maize,1962.5739438804824,2442.29,2202.4319069968533,0.209
PR011063,2026-09-05,MANDI-027,,Sugarcane,3640.7,0.3951,0.3796,3500.0
PR011564,2026-04-28,MANDI-053,Patiala,Sugarcane,3045.97,3222.0,3133.91,
PR007008,2026-08-04,MANDI-049,Fatehabad,Sugarcane,3369.49,4021.331053658642,3695.41,3500.0
PR003175,2026-04-14,,,Wheat,2064.0,2298.0486185914897,2180.934103947472,
PR006920,2026-04-27,MANDI-054,,Rice,2220.0,2582.38,2400.95,
PR004602,2026-01-03,MANDI-002,,Mustard,5771.242300224399,6931.516916716651,6351.38,0.565
PR002404,2026-05-27,MANDI-035,Patiala,Wheat,2377.0,2583.0,2479.89,
PR003530,2026-03-13,MANDI-050,Sirsa,Maize,1916.33,0.2164,2040.26,2090.0
PR000052,2026-06-14,MANDI-039,Hisar,Rice,1893.66,0.2329,2111.0,2183.0
PR004884,2026-05-11,MANDI-029,Ambala,Mustard,4883.77,5935.74,5409.76,0.565
PR004396,2026-03-20,MANDI-039,Jalandhar,Wheat,2316.1367012365836,0.2639,2477.74,2275.0
PR005356,2026-03-25,MANDI-029,Sirsa,Mustard,5367.63,6494.201218716404,0.5931,5650.0
PR008385,2026-03-05,MANDI-007,Fatehabad,Cotton,0.6143,6676.52,6409.956297337709,
PR001049,2026-02-28,MANDI-018,Moga,Sugarcane,3544.39,4305.27,3924.83,0.35
PR001227,2026-05-28,MANDI-049,Ludhiana,Rice,0.2223,2360.0,2291.15,2183.0
PR002021,2026-02-15,MANDI-053,Kurukshetra,Sugarcane,2975.02,3540.228356606027,3257.62,3500.0
PR002840,2026-08-07,MANDI-055,Jalandhar,Rice,1909.34,2007.0,1958.1,
PR001582,2026-09-07,MANDI-020,Ambala,Mustard,,6323.0,6051.36,0.565
PR007108,2026-08-13,MANDI-037,,Sugarcane,0.3272,3501.56,3386.98,3500.0
PR002341,2026-01-12,MANDI-053,Karnal,Wheat,2267.0,2644.35,2455.58,2275.0
PR005608,2026-02-06,,Bathinda,Sugarcane,3229.0,3715.85,3473.0,3500.0
PR001136,2026-04-18,MANDI-038,Ferozepur,Rice,2102.32,2442.07,2272.196527136316,2183.0
PR009689,2026-02-09,MANDI-048,Karnal,Wheat,0.2164,2591.0,,2275.0
PR002408,2026-02-22,MANDI-047,Ambala,Rice,2208.44,2509.35,2358.9,
PR004924,2026-03-13,MANDI-054,Bathinda,Wheat,,2411.0,2322.27,2275.0
PR003193,2026-03-30,MANDI-010,,Cotton,6317.87239055306,6975.84,6646.85,6620.0
PR005567,2026-01-07,MANDI-026,Ferozepur,Cotton,5830.38,0.6868,6349.04,
PR002815,2026-08-19,MANDI-030,,Mustard,5403.91,6606.69,6005.3,
PR000950,2026-08-20,MANDI-032,Patiala,Mustard,5880.31,6824.33,6352.32,5650.0
PR004751,2026-02-17,MANDI-028,Ambala,Mustard,4874.0,5365.0,5119.29,5650.0
PR008389,2026-07-08,MANDI-024,Amritsar,Sugarcane,3647.18,3970.64,3808.91,3500.0
PR008760,2026-05-07,MANDI-001,,Rice,1878.64,0.2162,2020.53,
PR011074,2026-07-29,MANDI-020,Fatehabad,Maize,2194.053527943877,2537.0,2365.44,2090.0
PR005674,2026-04-15,MANDI-008,Moga,Maize,1979.96,2214.64,2097.3,2090.0
PR005008,2026-01-31,MANDI-018,Amritsar,Wheat,2010.881479567271,2355.0,2183.0,
PR011356,2026-03-18,MANDI-043,Hisar,Maize,1954.52,0.2366,2160.21,2090.0
PR002972,2026-09-01,MANDI-022,Moga,Mustard,5071.97,,0.5639,5650.0
PR010128,2026-08-12,MANDI-028,Jalandhar,Sugarcane,3371.0,4039.65,3705.46,
PR011087,2026-05-18,MANDI-007,Hisar,Cotton,6778.52,,7571.13,6620.0
PR004868,2026-05-02,,Ludhiana,Mustard,0.5002,6193.71,5598.01,5650.0
PR008792,2026-02-08,MANDI-054,Karnal,Wheat,2009.0,2222.62,0.2116,
PR007739,2026-01-31,MANDI-014,Bathinda,Rice,,2361.8612565831104,2127.9743581320763,0.2183
PR002430,2026-05-16,MANDI-012,Amritsar,Cotton,6174.08,7548.55,6861.32,6620.0
PR004051,2026-01-31,MANDI-028,Ambala,Sugarcane,2980.0,3691.46,3336.0,3500.0
PR003668,2026-04-06,MANDI-046,Ferozepur,Wheat,2355.04,2804.03,2579.5355788650804,2275.0
PR004727,2026-08-21,MANDI-055,Kurukshetra,Cotton,6876.26,8157.95,7517.11,0.662
PR005138,2026-12-07,MANDI-029,Ludhiana,Maize,0.2096,2223.71,2159.61,
PR007759,2026-12-08,MANDI-047,Ferozepur,Cotton,6556.98,7685.55,7121.0,6620.0
PR011285,2026-03-21,MANDI-014,Amritsar,Rice,2080.71,2557.56,2319.13368564531,
PR001781,2026-01-29,,,Sugarcane,3328.0,,3495.26,3500.0
PR004208,2026-03-01,MANDI-055,Fatehabad,Sugarcane,3298.88,3885.0,3591.97,
PR009564,2026-06-02,,Sirsa,Rice,1917.9,2096.52,2007.21,2183.0
PR006507,2026-07-03,MANDI-026,Bathinda,Mustard,0.5898,7095.58,6497.0,5650.0
PR000400,2026-05-14,MANDI-013,Ambala,Cotton,6276.11,7009.0,0.6642,6620.0
PR007293,2026-04-07,MANDI-020,Bathinda,Wheat,,2422.25,2352.52,2275.0
PR008867,2026-01-05,MANDI-044,Moga,Wheat,2385.9,2639.48,,2275.0
PR001310,2026-04-19,MANDI-010,Amritsar,Wheat,2150.5,2332.55,2241.53,2275.0
PR005490,2026-03-16,MANDI-017,,Wheat,0.2142,2563.0,2353.0,
PR011563,2026-03-03,MANDI-053,Bathinda,Wheat,2255.15,2482.51,2368.828527057596,2275.0
PR010339,2026-04-25,MANDI-041,Ambala,Mustard,0.4885,5930.06,5407.37,5650.0
PR008342,2026-05-08,MANDI-008,Karnal,Sugarcane,3424.86,4060.635122435789,3742.75,3500.0
PR009868,2026-03-23,MANDI-014,,Wheat,1973.64,,,2275.0
PR006715,2026-05-15,MANDI-005,Ambala,Maize,2009.38,2499.56,2254.47,2090.0
PR007779,2026-04-15,MANDI-014,Karnal,Mustard,5290.63,5646.15,5468.39,0.565
PR003626,2026-01-17,MANDI-013,Kurukshetra,Cotton,6807.99,7556.0,7182.0,0.662
PR006541,2026-03-24,MANDI-022,Hisar,Rice,1872.0,2118.32,1995.3074203373908,2183.0
PR005794,2026-01-18,MANDI-032,Amritsar,Maize,2042.8075738151144,2420.66,2231.7320808322575,
PR000124,2026-01-08,MANDI-013,Ferozepur,Mustard,5392.49,0.5765,5578.81,
PR004975,2026-03-07,MANDI-025,Amritsar,Maize,1951.41,2198.6199062458213,2075.01,2090.0
PR011583,2026-08-14,MANDI-012,,Cotton,6753.832063085397,7183.44,6968.63,
PR003101,2026-06-29,MANDI-029,Ludhiana,Mustard,5644.0,6425.27,6034.44,5650.0
PR009221,2026-04-04,MANDI-025,Ambala,Mustard,5844.54,7254.0,6549.27,5650.0
PR011436,2026-05-21,MANDI-055,Bathinda,Rice,2243.12,2794.25,2518.69,2183.0
PR002379,2026-04-27,,Amritsar,Rice,2236.55,2357.04,2296.8,0.2183
PR003169,2026-03-02,MANDI-020,Bathinda,Mustard,5046.04,5878.4,0.5462,5650.0
PR005876,2026-03-24,MANDI-029,Amritsar,Cotton,6772.72,7394.03,7083.374191616854,6620.0
PR002172,2026-06-14,MANDI-034,Ludhiana,Wheat,2200.0,,2286.16,0.2275
PR004436,2026-06-27,MANDI-038,Sirsa,Cotton,6913.62,8129.47,7521.54,6620.0
PR005800,2026-07-04,MANDI-054,,Maize,2077.9,2249.0,2163.42,
PR003278,2026-06-28,MANDI-020,Kurukshetra,Maize,2153.82,0.2472,0.2313,2090.0
PR004579,2026-03-26,MANDI-017,Bathinda,Cotton,0.6043,7328.17,6685.45,
PR000519,2026-05-03,MANDI-026,Hisar,Cotton,6274.14,7098.492692502633,6686.32,6620.0
PR011076,2026-03-27,MANDI-047,Ferozepur,Maize,2144.13,2542.04,2343.08,0.209
PR009663,2026-08-20,MANDI-050,Jalandhar,Sugarcane,3164.73,3804.07,3484.398389954566,3500.0
PR006528,2026-05-03,MANDI-029,Ludhiana,Rice,2199.48,2667.28,2433.0,2183.0
PR009063,2026-10-03,MANDI-054,Ambala,Cotton,6672.13,7630.62,7151.37,6620.0
PR004993,2026-07-15,MANDI-038,Moga,Sugarcane,,3274.0,3145.88,3500.0
PR007941,2026-08-05,,,Wheat,2245.53,2430.17,2337.85,0.2275
PR011983,2026-04-12,,Ambala,Mustard,5837.43,6688.94,6263.185255534114,5650.0
PR000143,2026-02-12,MANDI-014,Ludhiana,Maize,2009.33,2482.84,2246.0,2090.0
PR011214,2026-08-26,MANDI-052,Sirsa,Sugarcane,0.3644,0.3914,3779.0,
PR001742,2026-06-21,MANDI-053,Amritsar,Cotton,6705.06,0.7944,7324.0,
PR006101,2026-07-26,MANDI-051,Jalandhar,Mustard,5696.0,6413.6643847659025,6054.89,
PR008237,2026-07-09,MANDI-005,Fatehabad,Mustard,,6530.3,6135.27,5650.0
PR008926,2026-06-25,MANDI-023,Kurukshetra,Cotton,5771.04,7107.62,,
PR000823,2026-11-08,,Patiala,Rice,0.2143,0.2638,2390.698794222006,2183.0
PR000774,2026-05-16,,Bathinda,Cotton,6100.21,,6472.97,6620.0
PR011082,2026-01-22,MANDI-055,Ludhiana,Mustard,4936.41,5565.52,0.5251,5650.0
PR003074,2026-07-04,MANDI-027,Patiala,Sugarcane,3017.33,,3162.98,3500.0
PR003082,2026-06-27,MANDI-039,Fatehabad,Sugarcane,3537.4293905568993,3989.0,3763.2144883476158,3500.0
PR011634,2026-08-18,MANDI-053,Jalandhar,Sugarcane,3348.66,0.3601,0.3475,
PR011144,2026-05-12,MANDI-021,,Cotton,6223.0,6683.05,6452.844508216249,6620.0
PR008557,2026-04-12,,Karnal,Mustard,5549.3,5850.15,5700.0,5650.0
PR011644,2026-06-17,MANDI-046,,Maize,1809.0,0.225,2029.44,
PR009727,2026-02-27,MANDI-001,Karnal,Wheat,2047.49,0.2355,2201.0,
PR009303,2026-07-31,,Fatehabad,Maize,1777.96,2087.5,1932.728585992563,2090.0
PR011744,2026-01-26,MANDI-013,Patiala,Rice,1993.0,2446.88,0.222,2183.0
PR000356,2026-05-08,MANDI-054,Bathinda,Mustard,5876.64,6246.35,6061.0,5650.0
PR001201,2026-06-14,,Ambala,Maize,1995.2,2393.92,0.2195,2090.0
PR011185,2026-08-01,MANDI-001,Sirsa,Wheat,0.2283,2601.82,2442.0,2275.0
PR005730,2026-09-01,MANDI-035,Hisar,Sugarcane,0.3321,3749.35,3535.15,3500.0
PR001204,2026-01-19,MANDI-014,Patiala,Mustard,5307.44,,5442.04,5650.0
PR002588,2026-02-26,MANDI-035,Ferozepur,Rice,2030.3,,2145.5984923508267,2183.0
PR010160,2026-05-14,,Fatehabad,Rice,2084.1,2571.2,2327.65,2183.0
PR004180,2026-06-04,MANDI-005,,Sugarcane,3182.61,0.3629,0.3406,
PR001811,2026-07-15,MANDI-026,Hisar,Rice,2012.13,2351.09734484331,2181.61,2183.0
PR008862,2026-03-20,,Hisar,Maize,1777.33,2175.98,1977.0,2090.0
PR003570,2026-01-08,MANDI-022,Ludhiana,Wheat,2351.0,2924.29,2637.51,
PR010095,2026-01-07,MANDI-001,Bathinda,Maize,1792.92,2086.77,1939.84,2090.0
PR009455,2026-08-23,MANDI-024,Patiala,Mustard,5220.34,5737.36,5478.85,5650.0
PR006750,2026-03-18,MANDI-033,Ambala,Mustard,4912.11,5569.05,5240.58,0.565
PR003053,2026-02-06,MANDI-020,Hisar,Cotton,6313.2,7761.0,7037.108826286591,6620.0
PR009010,2026-06-28,MANDI-053,Karnal,Wheat,2214.0,2448.0,2331.08,2275.0
PR008476,2026-07-15,MANDI-049,Ludhiana,Wheat,2070.0,2270.03,2169.969913286424,0.2275
PR006869,2026-08-28,MANDI-020,Sirsa,Maize,2016.43,2156.7,2086.5622828778246,0.209
PR002070,2026-08-23,MANDI-038,Ludhiana,Cotton,,7348.99,0.7001,6620.0
PR008365,2026-05-27,MANDI-016,,Wheat,2244.57,0.2609,,0.2275
PR008435,2026-01-09,MANDI-028,Patiala,Wheat,2320.2393789162275,2534.22,0.2427,2275.0
PR002673,2026-06-20,MANDI-014,Kurukshetra,Cotton,6799.9,0.831,7554.96,6620.0
PR002555,2026-07-17,,,Maize,1893.12,0.2339,0.2116,2090.0
PR008147,2026-05-27,MANDI-034,Bathinda,Mustard,5864.86,6216.0,6040.293848586203,5650.0
PR000507,2026-05-24,MANDI-013,,Maize,1911.23,2290.62,2100.92,2090.0
PR005719,2026-03-27,MANDI-025,Ludhiana,Maize,2022.85,2522.34,2272.59,2090.0
PR007832,2026-04-24,MANDI-031,Ludhiana,Wheat,1956.6393757219214,2334.36,0.2145,2275.0
PR003323,2026-03-03,MANDI-019,Moga,Mustard,5272.0,6183.52,5727.58,5650.0
PR004752,2026-08-18,,,Sugarcane,0.3368,4089.69,0.3729,
PR005325,2026-07-20,MANDI-019,Kurukshetra,Rice,0.1923,2371.23,2147.1,2183.0
PR004800,2026-11-05,,Ludhiana,Maize,1921.0,0.2139,2029.98,2090.0
PR005514,2026-03-12,MANDI-043,Ferozepur,Cotton,5832.0,6721.24,0.6277,6620.0
PR004976,2026-02-21,MANDI-033,Moga,Maize,2032.0,2265.86,2149.15,
PR007269,2026-09-06,MANDI-046,Moga,Cotton,6406.0,6975.42,6690.89,
PR011363,2026-09-06,MANDI-031,Moga,Maize,2149.0,0.2594,,0.209
PR010719,2026-05-22,MANDI-054,Jalandhar,Mustard,0.4988,5598.57,0.5293,0.565
PR006439,2026-08-22,MANDI-047,Kurukshetra,Rice,1877.0,0.2254,2065.68,
PR007691,2026-06-24,MANDI-055,Karnal,Rice,1884.11,0.2178,0.2031,
PR008039,2026-03-20,MANDI-042,Ambala,Cotton,,,7036.64,0.662
PR005240,2026-03-12,,Karnal,Cotton,0.6081,7407.52,6744.5,6620.0
PR003943,2026-05-05,MANDI-002,,Maize,,2335.02,2178.5927733156095,0.209
PR006709,2026-06-15,MANDI-008,,Cotton,6917.487542879744,8179.54,7548.51,6620.0
PR006685,2026-08-09,MANDI-004,Kurukshetra,Wheat,2199.0,2436.33,2317.64,
PR008705,2026-10-04,MANDI-015,Kurukshetra,Mustard,0.5462,5873.14,5668.0,5650.0
PR009671,2026-08-26,MANDI-045,Jalandhar,Wheat,2380.0,0.253,2455.1,2275.0
PR000793,2026-01-09,MANDI-001,Hisar,Maize,2070.0,2380.43,2225.34,
PR000666,2026-05-12,MANDI-054,,Mustard,5072.51,5422.0,5247.06,0.565
PR002153,2026-05-13,MANDI-010,Hisar,Rice,1869.7869067930671,2275.42,0.2073,2183.0
PR011790,2026-08-15,MANDI-013,Sirsa,Wheat,1980.67,2250.09,2115.0,
PR002030,2026-08-25,MANDI-018,,Maize,2150.94,2552.528368710927,2352.0,2090.0
PR002983,2026-03-19,MANDI-012,Karnal,Maize,0.2021,2332.6,,2090.0
PR003308,2026-08-23,MANDI-015,Ambala,Mustard,5401.76,5731.668793352864,5566.72,5650.0
PR011526,2026-01-13,MANDI-026,Moga,Wheat,2079.52,2516.115937247271,2297.82,2275.0
PR009313,2026-04-29,MANDI-042,,Wheat,2179.08,2445.6,0.2312,2275.0
PR005135,2026-03-13,MANDI-008,Hisar,Sugarcane,3411.81,3869.01,3640.41,3500.0
PR004777,2026-01-31,MANDI-045,Amritsar,Mustard,4896.466859441541,5204.36,5050.413892702856,5650.0
PR002132,2026-09-02,MANDI-022,Moga,Maize,2142.85,2332.61,2237.733769433642,2090.0
PR001125,2026-02-23,MANDI-036,Hisar,Mustard,5791.040321572948,0.7063,6427.0,0.565
PR005667,2026-08-12,MANDI-006,Kurukshetra,Mustard,5333.0,0.6638,5985.0,5650.0
PR002125,2026-02-16,MANDI-005,Moga,Cotton,6719.827019529109,0.7803,0.7261,6620.0
PR007474,2026-03-22,,Kurukshetra,Maize,1781.33,1929.37,1855.35,
PR001485,2026-04-20,MANDI-051,,Cotton,6205.58,0.6862,6533.885359599934,6620.0
PR008521,2026-01-11,MANDI-037,Ambala,Sugarcane,3467.84,4069.45,3768.64,3500.0
PR000452,2026-06-29,MANDI-055,Ambala,Cotton,6570.0,0.8019,7294.53,6620.0
PR010979,2026-04-09,MANDI-003,,Wheat,2232.08,,0.2291,2275.0
PR003081,2026-03-23,MANDI-042,Fatehabad,Mustard,5738.8,0.6889,6313.88,5650.0
PR009394,2026-04-05,MANDI-009,Amritsar,Sugarcane,3521.32,3702.65,3611.99,3500.0
PR004904,2026-03-08,,Moga,Sugarcane,0.3125,,3466.0,3500.0
PR003548,2026-07-02,MANDI-009,Patiala,Sugarcane,3152.57,3455.26,3303.9168825397246,3500.0
PR008923,2026-03-31,,Bathinda,Wheat,0.2287,,0.2498,0.2275
PR005954,2026-03-13,MANDI-042,Kurukshetra,Rice,0.228,2463.07,2371.72,2183.0
PR001271,2026-05-05,MANDI-028,Amritsar,Rice,1886.94,2066.0,1976.51,2183.0
PR003043,2026-03-22,MANDI-014,,Mustard,0.5471,5756.24,5613.58,5650.0
PR003223,2026-06-11,MANDI-052,Patiala,Sugarcane,3349.0,4086.83,0.3718,0.35
PR002310,2026-02-02,MANDI-002,Kurukshetra,Wheat,2200.59,2496.93,2348.760117288686,
PR011712,2026-05-15,MANDI-051,Amritsar,Mustard,0.5883,6445.15,0.6164,5650.0
PR003713,2026-08-02,MANDI-004,Hisar,Mustard,5607.11,0.6447,6026.96,5650.0
PR000798,2026-04-07,MANDI-030,Bathinda,Sugarcane,0.3609,4369.34,3989.0752752604767,3500.0
PR002311,2026-06-10,MANDI-026,Fatehabad,Mustard,5569.12,0.6551,0.606,5650.0
PR004351,2026-08-20,MANDI-026,Bathinda,Cotton,6813.65,7249.46,7031.55,6620.0
PR008493,2026-07-07,,,Cotton,5750.32,0.6109,5929.5508361014345,6620.0
PR003437,2026-07-20,MANDI-049,Hisar,Mustard,4868.07,5624.0,5246.22,
PR009744,2026-05-18,MANDI-024,Hisar,Cotton,6858.48,0.7982,0.742,6620.0
PR002389,2026-06-29,MANDI-037,Patiala,Rice,2197.0,2382.0,2289.29,2183.0
PR005045,2026-04-07,MANDI-057,Fatehabad,Cotton,,7081.0,6598.99,6620.0
PR010319,2026-07-09,MANDI-041,Bathinda,Rice,2002.39,2179.0,2090.47,0.2183
PR009788,2026-05-27,MANDI-024,Ambala,Maize,1793.85,2124.66,1959.25,0.209
PR010210,2026-07-13,MANDI-041,Patiala,Wheat,2170.58,2301.8,0.2236,2275.0
PR007223,2026-01-19,MANDI-048,,Wheat,2081.0,2261.43,0.2171,2275.0
PR009270,2026-01-19,MANDI-031,Ludhiana,Sugarcane,3206.59,0.3476,3341.49,
PR008198,2026-03-28,MANDI-042,Fatehabad,Sugarcane,3401.57,3696.45,3549.01,3500.0
PR000435,2026-01-01,MANDI-047,Ludhiana,Cotton,5734.0,6167.06,5950.3,0.662
PR009982,2026-08-07,MANDI-025,Kurukshetra,Wheat,1955.46,0.2222,2088.945005987087,0.2275
PR008189,2026-01-31,,Ambala,Maize,2088.12,0.222,2154.058452170897,2090.0
PR003959,2026-07-01,MANDI-004,Amritsar,Rice,0.2053,0.2482,2267.277682406697,2183.0
PR008560,2026-03-01,MANDI-002,Patiala,Sugarcane,3357.69,3540.06,3448.88,
PR007146,2026-07-09,MANDI-034,Sirsa,Wheat,2325.14,0.261,2467.3257101551226,2275.0
PR003871,2026-03-19,MANDI-019,Ambala,Mustard,,6148.0,5607.0,
PR005076,2026-07-27,MANDI-038,Patiala,Rice,1933.0,2193.28,2063.338361229852,2183.0
PR006886,2026-06-15,,Ambala,Rice,2162.25,0.2687,2424.38,
PR007760,2026-03-21,MANDI-049,,Mustard,5736.71,6387.7315270769195,0.6062,5650.0
PR006999,2026-05-27,MANDI-033,Moga,Wheat,1988.75,2474.0,2231.27,
PR010092,2026-08-08,MANDI-034,,Rice,2069.31,2395.86,2233.0,
PR004177,2026-01-14,MANDI-030,Bathinda,Mustard,5513.84,6551.663187709396,6032.75,5650.0
PR011884,2026-06-04,MANDI-039,Bathinda,Sugarcane,3433.29,3813.56,0.3623,0.35
PR008324,2026-05-11,MANDI-052,Ludhiana,Maize,2178.77,2397.0,2288.08,2090.0
PR008742,2026-05-13,MANDI-048,Bathinda,Sugarcane,,3829.995792526834,3646.93,3500.0
PR007615,2026-01-01,MANDI-008,,Mustard,5579.671647451536,0.6616,6097.65,0.565
PR008063,2026-10-05,,Amritsar,Sugarcane,0.3407,3992.0,3699.33,3500.0
PR009005,2026-11-06,MANDI-041,Karnal,Cotton,6798.0,7364.26,7081.13,6620.0
PR002876,2026-01-04,MANDI-005,Patiala,Mustard,5631.19948807676,6985.0,6307.9312294265,0.565
PR008930,2026-01-03,MANDI-042,,Mustard,5697.91,6040.0,5869.2,5650.0
PR009418,2026-02-12,MANDI-012,Amritsar,Cotton,6740.73,7863.3,7302.0,0.662
PR007344,2026-04-13,MANDI-016,Ferozepur,Rice,1975.47,2335.1,2155.29,0.2183
PR008377,2026-08-20,MANDI-019,Sirsa,Rice,1973.0,0.2355,2163.93,
PR001507,2026-08-22,MANDI-038,Jalandhar,Rice,2002.02,2192.0,2096.79,
PR008184,2026-08-03,MANDI-006,,Sugarcane,0.3229,3398.0,3314.0,3500.0
PR010013,2026-05-02,MANDI-031,Hisar,Cotton,6597.25,0.7566,7081.0,6620.0
PR000626,2026-01-05,MANDI-028,Kurukshetra,Rice,2075.6,0.2282,0.2179,2183.0
PR008989,2026-07-27,MANDI-049,Ferozepur,Sugarcane,3270.04,3883.79,3576.912962314387,
PR005455,2026-08-30,MANDI-045,Kurukshetra,Maize,2089.0,2565.25,0.2327,2090.0
PR004565,2026-01-13,MANDI-054,Sirsa,Rice,1993.77,2205.0,2099.51,2183.0
PR006508,2026-06-17,MANDI-026,,Mustard,4939.0,5581.89,5260.44,5650.0
PR006237,2026-09-05,MANDI-017,,Rice,2203.03,2740.33,2472.0,2183.0
PR004874,2026-04-23,MANDI-022,Bathinda,Mustard,5168.9,5851.0,0.551,5650.0
PR006671,2026-05-13,MANDI-041,Kurukshetra,Sugarcane,3289.2,3630.0,3459.52,3500.0
PR011202,2026-05-04,MANDI-040,Karnal,Rice,1922.21,2343.0,2132.79,
PR010522,2026-07-20,,Ludhiana,Rice,2286.0,2449.31,2367.7356029661933,2183.0
PR002363,2026-04-01,MANDI-026,Ferozepur,Mustard,5557.621357002578,6518.0,6037.59,0.565
PR008811,2026-07-19,MANDI-034,Karnal,Rice,1875.31,2330.0,2103.0,0.2183
PR010888,2026-03-14,MANDI-046,Ambala,Mustard,5069.91,6115.0,5592.63,
PR001207,2026-08-30,,Amritsar,Wheat,0.237,2609.8,2489.9,2275.0
PR005987,2026-08-15,MANDI-055,Sirsa,Sugarcane,3168.05,3830.82,3499.44,0.35
PR000350,2026-12-08,MANDI-029,Ferozepur,Mustard,5036.24,0.5723,5379.51,5650.0
PR009645,2026-01-09,MANDI-038,,Rice,1912.0,2038.75,1975.25,2183.0
PR006482,2026-03-25,MANDI-049,Jalandhar,Cotton,6735.651610120605,7718.0,7227.0,6620.0
PR009141,2026-03-14,MANDI-003,Karnal,Wheat,0.2383,2690.24,2536.66,0.2275
PR000762,2026-06-24,MANDI-024,,Sugarcane,3034.97,3606.764288032432,3320.87,3500.0
PR008429,2026-06-26,MANDI-031,Ludhiana,Mustard,5408.0,5989.09,5698.76,0.565
PR002485,2026-03-01,MANDI-020,Ferozepur,Mustard,5893.8,,6238.51,5650.0
PR010325,2026-08-04,MANDI-040,Amritsar,Rice,2077.56,2555.377949786156,2316.0,2183.0
PR000821,2026-07-06,MANDI-012,Ludhiana,Wheat,2136.15,0.2594,2364.89,
PR003354,2026-04-20,MANDI-038,Karnal,Sugarcane,3091.0,3300.83,3196.15,
PR001711,2026-03-29,,Ludhiana,Sugarcane,3385.43,3749.31,3567.370160735434,3500.0
PR003073,2026-03-23,,Kurukshetra,Cotton,5947.0,0.6556,6251.75,6620.0
PR003915,2026-12-02,MANDI-004,Ambala,Mustard,,0.5912,5533.62,0.565
PR011448,2026-08-06,MANDI-042,,Cotton,5716.44,7095.27,6405.85,
PR003564,2026-04-26,MANDI-015,Fatehabad,Maize,,0.2334,0.2115,
PR007360,2026-02-23,MANDI-033,Hisar,Mustard,5614.0,0.6851,6232.37,0.565
PR001064,2026-08-30,MANDI-032,Hisar,Wheat,2127.26,2540.0,2333.5,2275.0
PR008766,2026-07-08,MANDI-040,Sirsa,Rice,2255.903205740839,2442.29,2349.1,2183.0
PR005079,2026-06-23,MANDI-024,Ludhiana,Sugarcane,3577.0,4269.0,3922.96,3500.0
PR000154,2026-04-08,MANDI-001,Ferozepur,Mustard,0.4952,5910.21,5431.35,5650.0
PR005129,2026-01-24,MANDI-041,Ferozepur,Wheat,0.228,2595.92,,2275.0
PR008808,2026-06-27,MANDI-016,Karnal,Wheat,2178.0,2596.86,2387.64,0.2275
PR009200,2026-06-19,MANDI-013,Kurukshetra,Maize,1933.79,2215.83,0.2075,0.209
PR011020,2026-03-11,MANDI-024,Ambala,Maize,1793.0,0.1914,1853.511648520263,
PR002292,2026-08-26,MANDI-056,Jalandhar,Sugarcane,3466.99,0.4255,0.3861,3500.0
PR002632,2026-08-04,MANDI-002,Bathinda,Rice,1883.9,2092.72,1988.31,0.2183
PR010910,2026-08-08,MANDI-005,Kurukshetra,Mustard,5876.26,6808.0,6341.9,5650.0
PR007390,2026-08-17,MANDI-047,Sirsa,Maize,2013.0,2315.64,2164.49,2090.0
PR000398,2026-06-05,MANDI-021,Sirsa,Cotton,,,7050.39,6620.0
PR007115,2026-06-03,MANDI-021,Sirsa,Sugarcane,3545.42,3871.26,3708.0,3500.0
PR010170,2026-03-22,MANDI-001,Ludhiana,Rice,1917.75,2373.14,,2183.0
PR011343,2026-05-25,MANDI-007,,Cotton,0.6138,6657.59,6398.028734083424,6620.0
PR004768,2026-04-18,MANDI-029,Sirsa,Mustard,5728.8,6432.37,6080.59,5650.0
PR010882,2026-03-18,,Hisar,Wheat,2326.0,2626.0,0.2476,2275.0
PR002386,2026-03-11,MANDI-042,Ludhiana,Maize,2145.7,2336.27,,2090.0
PR000737,2026-09-08,,,Sugarcane,3270.77,3485.0,3377.93,3500.0
PR001802,2026-09-01,MANDI-019,Sirsa,Wheat,0.216,2573.59,2366.86,2275.0
PR003407,2026-04-13,MANDI-004,Kurukshetra,Mustard,5885.0,6516.0,6200.46,5650.0
PR008830,2026-02-26,MANDI-002,Kurukshetra,Sugarcane,3244.55,3980.0,3612.49,
PR010740,2026-02-26,,Amritsar,Mustard,5401.0,6463.12,5931.89,5650.0
PR010059,2026-02-04,MANDI-016,Kurukshetra,Sugarcane,3052.86,3591.23,3322.05,3500.0
PR010566,2026-06-30,MANDI-056,Hisar,Mustard,5121.37,5516.87,5319.12,5650.0
PR009239,2026-06-01,MANDI-038,Kurukshetra,Rice,2162.866848374107,2576.4,2369.63,2183.0
PR009981,2026-04-11,MANDI-046,Amritsar,Wheat,2371.0,2528.56,,2275.0
PR011834,2026-04-25,,Ferozepur,Wheat,2068.0,2182.0,2125.0,2275.0
PR000185,2026-04-17,MANDI-027,Ferozepur,Mustard,5296.86,0.6015,5656.0,5650.0
PR010413,2026-01-16,MANDI-017,Amritsar,Maize,1780.0,2022.88,1901.43,2090.0
PR007663,2026-02-01,MANDI-039,,Wheat,2205.2,2582.91,2394.05,2275.0
PR008922,2026-03-25,MANDI-005,,Cotton,5881.02,6465.29531014507,6173.0,6620.0
PR008619,2026-03-16,MANDI-054,Hisar,Maize,2040.7,0.2291,2165.65,0.209
PR011616,2026-08-05,MANDI-044,Sirsa,Maize,1829.81,0.2035,1932.2400218168784,2090.0
PR004619,2026-08-02,MANDI-005,Ludhiana,Maize,2161.03,2658.95,2409.99,
PR003705,2026-02-04,MANDI-038,Ambala,Sugarcane,3639.0,4089.0,3863.62,
PR000443,2026-06-07,MANDI-036,Jalandhar,Rice,2176.7299856714517,2711.0,2444.1,2183.0
PR001103,2026-07-20,MANDI-002,Jalandhar,Maize,1921.1087636392806,2092.42,2007.0,2090.0
PR001441,2026-07-28,MANDI-045,Fatehabad,Rice,2010.48,2465.99,2238.24,2183.0
PR008873,2026-08-22,MANDI-020,Ferozepur,Maize,2169.51,2470.5010724706826,2320.0,
PR006126,2026-03-30,MANDI-047,Kurukshetra,Maize,0.2062,0.2307,2184.28,2090.0
PR007334,2026-08-15,MANDI-007,Hisar,Sugarcane,0.3666,3929.88,3798.0,3500.0
PR005722,2026-02-09,MANDI-043,Moga,Wheat,2380.84,2867.61,2624.0,2275.0
PR001409,2026-06-02,MANDI-011,Ludhiana,Sugarcane,3121.0,3415.38,,3500.0
PR007077,2026-08-05,MANDI-013,Ludhiana,Wheat,1998.93,0.2273,2136.04,2275.0
PR004437,2026-03-21,MANDI-020,Ambala,Maize,1841.6,1971.35,1906.47,2090.0
PR006408,2026-02-15,MANDI-036,Ludhiana,Cotton,0.6612,8039.26,7325.58,6620.0
PR005037,2026-04-11,MANDI-013,Moga,Sugarcane,3217.46,3992.19,3604.82,3500.0
PR007960,2026-06-06,MANDI-056,Karnal,Maize,0.2128,2341.46,2234.68,2090.0
PR010393,2026-04-24,MANDI-033,Ambala,Cotton,6902.91,8482.89,7692.9,6620.0
PR010632,2026-07-24,,Ferozepur,Sugarcane,3188.0799965537653,3932.47,3560.28,0.35
PR010174,2026-03-24,,Amritsar,Sugarcane,3126.090116876892,3705.68,3415.88,3500.0
PR010074,2026-03-01,MANDI-036,Ludhiana,Sugarcane,3541.0,4149.25,3845.15,
PR010444,2026-03-07,MANDI-052,Amritsar,Sugarcane,3126.56,3658.35,3392.45,3500.0
PR009183,2026-01-23,MANDI-047,Ferozepur,Maize,1799.69,0.203,1915.04,2090.0
PR008460,2026-02-27,MANDI-015,Patiala,Sugarcane,3628.15,3970.0,3799.0,3500.0
PR009584,2026-01-27,MANDI-010,Sirsa,Rice,2020.3,2288.65,2154.47,
PR006056,2026-07-03,MANDI-017,Ferozepur,Sugarcane,3651.51,4235.237928491489,0.3943,
PR005151,2026-08-24,MANDI-001,Ludhiana,Sugarcane,3186.36,3610.78,3398.57,3500.0
PR004624,2026-06-28,MANDI-004,Ludhiana,Rice,2242.69,0.2714,2479.0,2183.0
PR003250,2026-02-15,MANDI-028,,Sugarcane,3509.0,4305.82,3907.19,3500.0
PR007710,2026-06-04,,Ambala,Wheat,2050.77,,2167.0,2275.0
PR008327,2026-04-05,MANDI-032,Amritsar,Rice,1899.87,2074.65,1987.26,2183.0
PR010961,2026-06-21,MANDI-026,Ferozepur,Sugarcane,3558.71,0.3925,3742.0,0.35
PR009684,2026-08-20,MANDI-006,Hisar,Mustard,5015.94,6229.04,0.5622,5650.0
PR001381,2026-01-09,MANDI-011,Ferozepur,Rice,2072.810071072061,2196.19,,
PR008499,2026-04-17,MANDI-020,Patiala,Mustard,5050.58,5360.88,5206.0,
PR005865,2026-04-01,MANDI-020,Fatehabad,Wheat,2081.89,2305.07,2193.475713550545,2275.0
PR001105,2026-07-06,MANDI-040,Ferozepur,Wheat,2275.5954054855833,2735.0,2505.12,2275.0
PR007181,2026-07-02,MANDI-016,Bathinda,Wheat,2186.0,2407.45,0.2297,2275.0
PR007450,2026-06-11,MANDI-019,Karnal,Wheat,2194.1,2308.0,2251.14,2275.0
PR005524,2026-05-22,MANDI-015,Hisar,Rice,0.1919,2272.0,2095.3053061912256,2183.0
PR004251,2026-03-09,MANDI-040,,Mustard,5336.46,0.6325,5830.72,5650.0
PR010229,2026-09-04,MANDI-056,Ambala,Rice,2244.0,2601.0615239996937,2422.48,2183.0
PR011864,2026-08-17,MANDI-036,Amritsar,Cotton,,7505.88,6911.76,6620.0
PR011927,2026-01-19,MANDI-049,Ludhiana,Mustard,5540.91,0.6451,5996.0,5650.0
PR005335,2026-06-24,MANDI-026,Moga,Mustard,5562.4177354862295,6811.56,6186.99,5650.0
PR006751,2026-04-25,MANDI-002,Patiala,Maize,1898.64,2192.0,2045.12,
PR006152,2026-02-25,MANDI-012,Ambala,Wheat,2068.37,2278.06,2173.21,2275.0
PR001218,2026-07-30,MANDI-015,Amritsar,Sugarcane,3296.0,4060.51,3678.5,3500.0
PR009946,2026-04-22,MANDI-046,Amritsar,Rice,,2294.9535941358495,0.2159,2183.0
PR004851,2026-06-16,MANDI-011,Jalandhar,Cotton,5783.0,6904.81,0.6344,6620.0
PR011050,2026-04-28,MANDI-046,Ludhiana,Maize,1965.77,2319.05,2142.41,2090.0
PR009971,2026-05-20,MANDI-010,Ferozepur,Mustard,5853.35,6617.0,6235.28,5650.0
PR010957,2026-03-14,MANDI-032,Bathinda,Sugarcane,3425.33,3716.28,3571.0,3500.0
PR002166,2026-08-20,MANDI-031,Bathinda,Cotton,,6441.67,6060.55,6620.0
PR008396,2026-04-29,MANDI-014,Jalandhar,Maize,1941.26,2402.0,2171.69,2090.0
PR002029,2026-02-07,MANDI-010,,Mustard,5326.08,6340.0,5832.81,5650.0
PR007911,2026-07-07,,Sirsa,Wheat,2249.07,2494.0,2371.35,2275.0
PR008937,2026-01-23,,Jalandhar,Wheat,2109.67,2513.51,0.2312,2275.0
PR011454,2026-06-21,MANDI-018,Ferozepur,Sugarcane,3596.64,3799.55,0.3698,
PR006718,2026-03-09,MANDI-040,Ferozepur,Sugarcane,3251.29,3442.47,3347.0,3500.0
PR010260,2026-02-10,MANDI-018,Ferozepur,Wheat,1977.27,2238.0,2107.82,0.2275
PR007922,2026-06-13,MANDI-047,Bathinda,Cotton,6101.3,6737.01,0.6419,6620.0
PR005818,2026-04-16,MANDI-054,Moga,Cotton,5805.53,6315.0,,6620.0
PR010425,2026-05-06,MANDI-038,Ferozepur,Maize,1934.61,2132.65,2033.63,2090.0
PR010901,2026-07-05,MANDI-029,,Cotton,5698.16,6084.0,5890.83,
PR001795,2026-02-14,MANDI-008,Patiala,Maize,1839.81,2161.0,2000.21,2090.0
PR001693,2026-07-16,MANDI-015,Kurukshetra,Mustard,5124.0,6010.0,5566.81,5650.0
PR003472,2026-08-02,MANDI-050,Ferozepur,Mustard,4854.97,0.5456,0.5155,5650.0
PR010489,2026-01-04,MANDI-041,Ambala,Mustard,5721.53,6513.73209937219,6117.63,5650.0
PR011036,2026-03-10,MANDI-008,,Wheat,2194.57,2648.88,2422.0,2275.0
PR003574,2026-08-14,MANDI-031,Ferozepur,Mustard,5879.0,7070.83,6474.67,5650.0
PR010248,2026-07-27,MANDI-041,,Rice,2086.98,2193.52,2140.25,0.2183
PR010934,2026-06-05,MANDI-050,Jalandhar,Sugarcane,3348.0,3753.709936136113,3550.79,3500.0
PR002610,2026-08-10,MANDI-035,Ludhiana,Wheat,0.1991,2279.27,2134.9,
PR009920,2026-04-09,MANDI-005,Jalandhar,Mustard,5436.97,6158.63,5797.79739872182,5650.0
PR010277,2026-03-15,MANDI-043,Kurukshetra,Wheat,,2713.81,2488.965222250645,2275.0
PR006475,2026-05-30,MANDI-009,Sirsa,Cotton,6306.1,7498.0,0.6902,6620.0
PR001343,2026-07-09,MANDI-002,Amritsar,Wheat,2388.11,0.2823,2605.804866757626,2275.0
PR011384,2026-05-12,MANDI-053,,Mustard,5222.99138851222,6268.0,0.5746,5650.0
PR007041,2026-01-02,MANDI-010,Karnal,Wheat,1952.8,2083.0,2017.9558562000839,
PR000645,2026-04-19,MANDI-050,Moga,Rice,2272.74,2674.12,0.2473,2183.0
PR009812,2026-06-16,MANDI-006,Jalandhar,Sugarcane,3521.04,3975.0,3747.98,0.35
PR006742,2026-04-16,MANDI-028,Ambala,Cotton,,7298.050595607022,6889.377680854337,0.662
PR010367,2026-07-29,MANDI-025,Ferozepur,Wheat,1962.11,2410.8,2186.45,0.2275
PR001718,2026-05-01,MANDI-025,Patiala,Maize,2012.98,2316.55,2164.77,2090.0
PR003945,2026-08-03,,Ferozepur,Wheat,1956.48,2203.07,0.208,2275.0
PR009710,2026-09-07,MANDI-037,Amritsar,Mustard,5123.77,6319.55,5721.66,
PR008893,2026-05-30,,Ferozepur,Maize,0.2144,2575.46,2359.93,2090.0
PR004200,2026-05-07,MANDI-016,Ferozepur,Sugarcane,3336.87,4146.0,3741.23,3500.0
PR008939,2026-07-28,MANDI-002,Bathinda,Sugarcane,3196.24,0.3983,3589.47,3500.0
PR004099,2026-08-07,MANDI-054,Ludhiana,Maize,1806.79,1956.78,0.1882,2090.0
PR000694,2026-01-18,MANDI-027,,Wheat,2375.7444035960757,0.2786,0.2581,
PR006533,2026-04-13,MANDI-020,Jalandhar,Cotton,5791.15,6714.46,6252.804223391551,6620.0
PR002253,2026-02-02,MANDI-025,Fatehabad,Rice,1917.84,2342.68,2130.26,2183.0
PR000550,2026-07-10,MANDI-007,Amritsar,Wheat,0.2265,2402.3370179000053,2334.0,2275.0
PR005296,2026-07-29,MANDI-054,Amritsar,Maize,2152.14,2597.17,2375.0,2090.0
PR009298,2026-05-30,MANDI-057,,Rice,2204.91,2407.0,2306.0,2183.0
PR005309,2026-01-06,MANDI-014,Ludhiana,Rice,1956.78,0.2434,2195.170267644535,2183.0
PR000708,2026-06-19,MANDI-029,Ludhiana,Cotton,5628.12,6224.35,5926.24,6620.0
PR001771,2026-06-04,MANDI-031,Hisar,Maize,1821.5186369699986,2041.6440269420661,1931.58,2090.0
PR002535,2026-04-27,MANDI-006,Jalandhar,Wheat,2002.473935831023,2137.54,2070.01,
PR003714,2026-02-02,MANDI-027,Ferozepur,Cotton,0.6525,8053.04,7288.92,
PR011754,2026-01-01,MANDI-014,Ferozepur,Rice,2215.53,2460.0,2337.57,0.2183
PR010350,2026-03-02,MANDI-034,Kurukshetra,Rice,2210.0,2468.0,2339.09,2183.0
PR001033,2026-05-22,MANDI-031,Hisar,Sugarcane,3404.63,3912.12,0.3658,3500.0
PR002601,2026-08-02,MANDI-024,Moga,Cotton,6575.35,7298.72,6937.04,6620.0
PR005236,2026-03-03,,Ferozepur,Sugarcane,2999.36,3332.4,0.3166,3500.0
PR005388,2026-01-08,MANDI-028,,Rice,1998.24,2263.21,0.2131,
PR004379,2026-02-21,MANDI-034,Patiala,Wheat,2111.96,0.2425,2268.68,2275.0
PR001834,2026-11-06,MANDI-043,Amritsar,Wheat,2341.26,2749.97,2545.62,2275.0
PR011567,2026-01-07,MANDI-024,Bathinda,Sugarcane,3065.83,3671.0085575820326,3368.42,3500.0
PR000956,2026-03-01,MANDI-042,Ludhiana,Cotton,6923.28,8092.0,0.7508,
PR000010,2026-06-27,MANDI-005,Ferozepur,Mustard,0.5643,6801.19,6222.0,5650.0
PR004698,2026-07-25,MANDI-051,Amritsar,Cotton,6497.16,8034.26,7265.71,
PR008403,2026-04-20,MANDI-045,Ludhiana,Mustard,5539.884213426725,6711.64,6125.76,
PR006069,2026-02-02,MANDI-009,Hisar,Sugarcane,3114.17,,3381.205433665751,3500.0
PR000382,2026-02-05,MANDI-031,Moga,Cotton,6656.87,7668.5,7162.68,0.662
PR000377,2026-07-02,MANDI-043,Hisar,Maize,2051.96,2172.26,0.2112,2090.0
PR003712,2026-03-17,MANDI-038,Bathinda,Wheat,2362.82,2745.16,2553.99,2275.0
PR007654,2026-07-28,MANDI-040,,Mustard,0.5328,6119.46,5723.93,
PR003005,2026-08-08,MANDI-030,Ferozepur,Rice,1972.09,2411.0,2191.43,2183.0
PR000590,2026-04-09,,Moga,Sugarcane,3602.3142568615212,4378.71,3990.51,3500.0
PR002807,2026-12-03,MANDI-007,Ambala,Cotton,6033.0,7372.02,0.6702,6620.0
PR001326,2026-07-23,,Kurukshetra,Mustard,5088.82,5861.0,0.5475,5650.0
PR007271,2026-08-20,MANDI-023,,Cotton,6841.1408281784925,8548.11,0.7695,6620.0
PR009332,2026-04-27,MANDI-056,,Sugarcane,3001.418450357017,0.3488,3244.67,3500.0
PR010701,2026-01-18,MANDI-019,Ludhiana,Sugarcane,3538.72,3734.0,3636.53,
PR006333,2026-08-14,MANDI-015,Fatehabad,Mustard,4876.0,5244.376002370216,5060.121302850372,5650.0
PR007703,2026-04-14,MANDI-035,Ferozepur,Sugarcane,2975.8,,3075.97,3500.0
PR001368,2026-01-31,MANDI-001,Amritsar,Rice,0.205,2209.06,2129.52,2183.0
PR003634,2026-07-23,MANDI-031,Bathinda,Cotton,0.5734,7084.89,0.6409,6620.0
PR009126,2026-11-02,MANDI-044,Hisar,Wheat,2219.06,2647.0,2433.25,2275.0
PR007207,2026-08-09,MANDI-006,Moga,Rice,2107.0,2331.0,2219.01,2183.0
PR009216,2026-03-04,MANDI-045,Sirsa,Mustard,5356.7,,0.5567,5650.0
PR006614,2026-03-01,MANDI-042,Kurukshetra,Maize,2083.18,2477.33,2280.25,
PR001665,2026-03-27,MANDI-029,Moga,Mustard,5616.82,6902.0,6259.51,
PR001433,2026-05-09,MANDI-007,Ambala,Sugarcane,2997.28,3376.67,,0.35
PR003089,2026-06-22,,Kurukshetra,Cotton,0.6851,7697.884812682978,7274.68,0.662
PR001519,2026-07-04,MANDI-004,Sirsa,Mustard,5088.04,5923.29,5505.67,5650.0
PR009867,2026-03-22,MANDI-049,Patiala,Wheat,0.2264,2809.692686178406,2537.0,2275.0
PR000874,2026-06-07,MANDI-020,Ferozepur,Cotton,6104.06,7540.43,,6620.0
PR009265,2026-02-05,,Jalandhar,Maize,1947.2526136161234,2336.23,0.2142,
PR008626,2026-08-29,MANDI-024,Ludhiana,Mustard,0.4869,5612.57,5240.89,5650.0
PR009180,2026-03-06,MANDI-041,Ferozepur,Rice,1861.0,2049.3268824376705,1955.25,2183.0
PR009369,2026-01-13,MANDI-054,Ludhiana,Maize,,2390.86,2238.49,2090.0
PR010027,2026-03-18,MANDI-026,Bathinda,Sugarcane,3597.94,4249.0,3923.65,0.35
PR003629,2026-03-07,MANDI-017,Hisar,Wheat,2346.26,2707.66,2526.96,
PR006372,2026-06-11,MANDI-026,Ambala,Cotton,0.6492,7048.55,6770.06,6620.0
PR008564,2026-06-01,MANDI-004,Fatehabad,Wheat,2190.0,,,
PR001195,2026-08-04,,Amritsar,Mustard,5070.13,,5433.47,0.565
PR002571,2026-03-01,MANDI-012,Patiala,Maize,1803.55,1962.6,1883.08,2090.0
PR000336,2026-02-09,MANDI-008,Kurukshetra,Wheat,2030.6355106100987,2290.17,2160.4,0.2275
PR003189,2026-01-09,MANDI-053,Ludhiana,Sugarcane,3415.78,,3522.12,3500.0
PR007342,2026-03-19,MANDI-006,Fatehabad,Rice,2244.23,2653.721882470357,2449.0,2183.0
PR011419,2026-02-08,MANDI-038,Ferozepur,Mustard,0.5132,0.6116,5624.0,5650.0
PR002816,2026-04-27,,,Rice,1911.76,2208.78,2060.27,2183.0
PR011970,2026-06-21,MANDI-025,Ludhiana,Maize,2125.83,0.2319,2222.528542803411,
PR003170,2026-02-24,MANDI-022,Ferozepur,Mustard,4846.09,5389.78,5117.94,5650.0
PR005770,2026-06-21,MANDI-056,,Rice,1988.096029930348,2317.17,,
PR000574,2026-07-27,MANDI-020,Sirsa,Sugarcane,3404.0,,0.3727,3500.0
PR005075,2026-06-11,MANDI-032,Karnal,Wheat,2164.0,2404.0,2284.128291798953,2275.0
PR004927,2026-08-04,MANDI-026,Ludhiana,Rice,0.1885,2132.0,2008.0,2183.0
PR008038,2026-05-17,MANDI-005,Jalandhar,Wheat,2357.0,2647.94,2502.57,2275.0
PR005136,2026-01-23,MANDI-016,Bathinda,Maize,1961.0,2360.07,0.2161,2090.0
PR004495,2026-09-03,MANDI-055,Karnal,Cotton,6934.0,0.8217,7575.479620090854,6620.0
PR002515,2026-01-26,MANDI-035,Karnal,Cotton,6720.220912145799,7274.57,6997.39,
PR001470,2026-08-07,MANDI-032,Ludhiana,Wheat,2136.0,2382.06,2259.15,2275.0
PR009232,2026-05-01,MANDI-021,,Cotton,6872.12,7367.84,7119.98,0.662
PR005725,2026-08-31,MANDI-022,Karnal,Rice,2172.49,0.2611,2391.71,2183.0
PR004158,2026-07-15,,Ferozepur,Sugarcane,3659.82932537561,4347.98,4003.9,3500.0
PR008660,2026-04-07,MANDI-030,Karnal,Maize,1942.65,2215.79,2079.0,
PR006091,2026-02-09,MANDI-028,Patiala,Mustard,5378.0,6111.77,5745.0,
PR007220,2026-06-24,MANDI-009,Amritsar,Rice,2116.11,2335.97,2226.04,
PR001646,2026-06-07,MANDI-002,Sirsa,Maize,2181.17,2670.5407690559514,2426.0,0.209
PR011974,2026-01-28,,Karnal,Mustard,0.5469,6109.0,5789.18,5650.0
PR010786,2026-04-17,MANDI-018,,Cotton,6058.74,6928.0,0.6493,6620.0
PR009501,2026-03-21,MANDI-041,Ambala,Mustard,5917.098044748586,0.6391,6153.95,5650.0
PR001812,2026-08-31,MANDI-036,Fatehabad,Wheat,0.209,2285.1,2188.0,
PR003533,2026-06-27,MANDI-008,Karnal,Maize,1985.67,0.2271,2128.0,2090.0
PR008128,2026-06-17,MANDI-039,Kurukshetra,Maize,1819.46,2247.0,0.2033,0.209
PR008713,2026-03-24,MANDI-023,Fatehabad,Sugarcane,3201.5,3996.7,3599.0,
PR010960,2026-07-01,MANDI-006,Ferozepur,Mustard,0.5614,6329.0,5971.7,
PR009170,2026-08-27,MANDI-023,Sirsa,Cotton,0.6941,8385.67,0.7663,
PR006088,2026-08-28,MANDI-025,Jalandhar,Mustard,0.5482,5791.82,5637.09,5650.0
PR008108,2026-04-15,MANDI-029,,Cotton,6031.631684613091,6919.186709134213,6475.0,0.662
PR008273,2026-01-19,MANDI-005,Kurukshetra,Wheat,0.2335,2524.9,2430.16,2275.0
PR001241,2026-08-12,MANDI-056,Moga,Maize,2014.71,2478.9,2246.81,
PR001396,2026-03-01,,,Wheat,2126.15,2272.87,2199.51,2275.0
PR000009,2026-07-13,MANDI-004,Ludhiana,Rice,0.2105,0.2574,2339.11,2183.0
PR008567,2026-03-25,MANDI-017,Karnal,Mustard,0.5622,6765.06,6193.29,
PR005696,2026-08-13,MANDI-002,Fatehabad,Wheat,2374.0,2911.55,2643.0,
PR011450,2026-08-15,,Moga,Maize,2070.57,2372.08,2221.0,2090.0
PR001664,2026-03-30,MANDI-001,Ludhiana,Wheat,2072.37,2184.62,2128.5,0.2275
PR011209,2026-08-18,MANDI-035,Karnal,Wheat,2036.7431633294277,2294.790606206123,2165.77,2275.0
PR007815,2026-04-21,MANDI-005,Moga,Cotton,5646.62,0.6054,5850.2,6620.0
PR008528,2026-05-06,MANDI-013,Jalandhar,Maize,1960.0,2253.7,2107.0,2090.0
PR005302,2026-02-09,MANDI-048,Bathinda,Mustard,5838.83,6277.0,6058.08,0.565
PR006904,2026-07-31,MANDI-004,Moga,Cotton,0.639,6958.8,6674.0,6620.0
PR008739,2026-02-08,MANDI-034,Bathinda,Wheat,2045.94,,2126.0,
PR002904,2026-03-22,MANDI-040,Bathinda,Rice,0.1979,2403.48,2191.03,
PR006001,2026-06-17,MANDI-017,Moga,Cotton,0.5851,6984.0,0.6417,0.662
PR010110,2026-01-02,MANDI-029,Hisar,Sugarcane,3391.57,3720.25,3555.91,3500.0
PR008589,2026-01-30,MANDI-038,Karnal,Wheat,2202.44,2600.25,0.2401,
PR001911,2026-06-16,MANDI-033,Karnal,Mustard,5723.0417986491375,6171.31,5947.18,5650.0
PR002917,2026-06-17,MANDI-047,Amritsar,Cotton,6881.0,0.7944,7412.0,6620.0
PR003196,2026-03-04,MANDI-033,Sirsa,Sugarcane,3284.05,3980.5292261765303,3632.29,3500.0
PR004193,2026-12-08,MANDI-015,Hisar,Wheat,2255.598239181485,0.2488,2371.85,2275.0
PR004878,2026-06-23,,Ferozepur,Sugarcane,3477.02,3746.59,0.3612,3500.0
PR001411,2026-05-05,MANDI-050,Karnal,Rice,2253.48,2734.97,0.2494,2183.0
PR007403,2026-03-28,MANDI-033,Ambala,Maize,2069.29,2456.67,2262.98,
PR008977,2026-03-02,MANDI-057,Ludhiana,Mustard,0.4878,5297.82,5087.99,5650.0
PR006859,2026-06-07,MANDI-005,Karnal,Maize,1935.18,0.2197,2065.86,
PR001375,2026-02-05,MANDI-027,Ludhiana,Wheat,1956.68,2365.56,2161.12,2275.0
PR006211,2026-03-29,MANDI-036,Ferozepur,Cotton,6010.198510493235,7182.65,6596.0,6620.0
PR011018,2026-06-28,MANDI-030,Amritsar,Cotton,,7681.95,7264.62,6620.0
PR006049,2026-07-21,MANDI-033,Ambala,Mustard,4928.44,6149.0,5538.96,
PR002441,2026-07-14,MANDI-046,Sirsa,Wheat,2178.54,2605.86,2392.2,2275.0
PR009073,2026-08-22,,Patiala,Wheat,2128.07,2599.0,2364.0,0.2275
PR003209,2026-04-22,MANDI-031,Ferozepur,Rice,1988.05,2240.68,2114.36,2183.0
PR010081,2026-06-01,MANDI-008,Ambala,Cotton,6434.0,0.762,7027.13,6620.0
PR002912,2026-07-17,MANDI-046,Jalandhar,Cotton,6850.25,8074.015668229916,7462.13,6620.0
PR007919,2026-04-23,MANDI-025,Jalandhar,Cotton,6540.704912518335,6895.23,6717.97,
PR004043,2026-09-09,MANDI-043,,Sugarcane,3299.84178383263,3859.0,3579.43,3500.0
PR009376,2026-02-09,MANDI-018,,Mustard,5249.0,6253.73,0.5751,5650.0
PR004964,2026-04-03,MANDI-014,Amritsar,Cotton,0.6305,0.7771,0.7038,0.662
PR004806,2026-09-09,MANDI-012,Fatehabad,Cotton,5648.16,6277.63,0.5963,
PR001364,2026-01-06,MANDI-042,Ferozepur,Cotton,6611.24,0.7536,0.7073,6620.0
PR004338,2026-05-07,MANDI-013,Karnal,Sugarcane,3165.5541594542588,3423.113873319632,3294.33,3500.0
PR007752,2026-03-09,MANDI-055,Patiala,Sugarcane,3125.0,3717.81,3421.0,3500.0
PR006792,2026-01-16,MANDI-023,Amritsar,Sugarcane,3089.57,0.3767,3428.203392887076,
PR010630,2026-06-07,MANDI-052,,Rice,,2427.11,2299.54,
PR006547,2026-07-15,MANDI-041,,Maize,2092.0,2213.23,2152.0,2090.0
PR007605,2026-03-19,MANDI-048,Bathinda,Maize,2177.85,0.2562,2369.99,0.209
PR010600,2026-09-06,MANDI-049,Ambala,Wheat,2018.0,2169.3473556446597,2094.0,2275.0
PR003210,2026-06-24,MANDI-044,Amritsar,Rice,2054.66,2252.78,2153.72,0.2183
PR009014,2026-07-16,MANDI-027,Ambala,Sugarcane,3452.0,3856.0,0.3654,3500.0
PR003270,2026-06-14,,Jalandhar,Cotton,6275.44,6753.59,6515.0,6620.0
PR008111,2026-04-15,MANDI-034,,Wheat,0.2205,2521.0,2363.38,2275.0
PR007598,2026-04-30,MANDI-003,Ferozepur,Wheat,0.2029,2506.0,2267.2729576839497,2275.0
PR010025,2026-07-14,MANDI-008,Karnal,Wheat,2041.66,2466.8,2254.23,2275.0
PR011739,2026-02-13,MANDI-004,Fatehabad,Mustard,5738.02,,6287.45,0.565
PR000453,2026-02-26,MANDI-054,Ferozepur,Mustard,4902.67,5683.17,5292.92,
PR000476,2026-03-03,MANDI-024,Ludhiana,Sugarcane,,4006.85,,3500.0
PR003686,2026-08-15,MANDI-012,Ludhiana,Maize,0.198,2310.59,0.2145,
PR002622,2026-03-16,MANDI-013,Hisar,Cotton,0.5812,6157.29,5985.0,0.662
PR008244,2026-01-21,MANDI-056,Karnal,Sugarcane,3301.84,3903.04,0.3602,3500.0
PR003828,2026-03-19,MANDI-052,,Sugarcane,0.3212,,3503.93,0.35
PR002539,2026-07-19,MANDI-007,Sirsa,Maize,1970.53,2119.27,2044.9,2090.0
PR005949,2026-01-22,MANDI-050,Ferozepur,Maize,1989.53,2175.3,2082.0,
PR002929,2026-05-02,MANDI-031,Ferozepur,Maize,2121.51,2517.12,2319.3158212707567,
PR005826,2026-06-07,MANDI-035,Moga,Cotton,6522.06,7160.43,6841.24,6620.0
PR005377,2026-03-30,,Ludhiana,Mustard,5217.29,5836.13,5526.71,5650.0
PR001093,2026-03-27,,Ludhiana,Sugarcane,3212.0,3432.13,3322.2277972533757,3500.0
PR008145,2026-11-05,MANDI-052,Kurukshetra,Maize,0.1847,2127.0,1986.99,2090.0
PR010818,2026-05-22,MANDI-004,Ferozepur,Maize,2134.0,2434.48,2284.0,
PR008864,2026-08-02,MANDI-035,Moga,Sugarcane,,3979.0,3799.42,0.35
PR010555,2026-03-17,MANDI-033,Hisar,Rice,1982.64,0.2251,2116.628160794807,2183.0
PR011944,2026-03-30,MANDI-023,Sirsa,Wheat,2189.68,2616.8487013209497,2403.27,2275.0
PR001858,2026-06-22,MANDI-009,Patiala,Maize,1936.61,2416.0,0.2176,2090.0
PR008419,2026-02-21,MANDI-013,Kurukshetra,Cotton,0.5764,7108.211967945306,6436.03,6620.0
PR001908,2026-01-28,MANDI-015,Ludhiana,Rice,1902.02,2244.56,2073.29,2183.0
PR000103,2026-01-26,MANDI-044,Ferozepur,Mustard,5597.0,6223.477101268646,5910.34,
PR003232,2026-07-30,MANDI-041,Amritsar,Cotton,5850.66,7106.0,6478.44,6620.0
PR007576,2026-02-17,MANDI-039,Ferozepur,Wheat,2122.1,2540.34,2331.22,2275.0
PR006714,2026-08-01,,Bathinda,Maize,1853.39,2286.12,2069.76,2090.0
PR007012,2026-02-25,MANDI-017,Ludhiana,Wheat,1990.97,2455.4271537968743,2223.0,2275.0
PR008823,2026-05-21,MANDI-003,,Wheat,2036.98,2478.73,0.2258,
PR004790,2026-09-07,MANDI-047,Ferozepur,Rice,0.2185,2640.04,2412.56,2183.0
PR011691,2026-06-02,MANDI-014,Amritsar,Mustard,5252.230022655215,5909.4,5580.81,5650.0
PR002144,2026-11-02,MANDI-052,Moga,Sugarcane,3581.0,4050.36,3816.0,3500.0
PR002507,2026-05-28,MANDI-044,Hisar,Cotton,6487.0,6943.21,6715.0,6620.0
PR010073,2026-04-22,MANDI-041,Fatehabad,Cotton,6763.0,0.766,7211.32,
PR003281,2026-02-07,MANDI-007,Patiala,Cotton,6467.31,7821.73,7145.0,0.662
PR006837,2026-08-22,MANDI-056,,Mustard,4834.86,5614.59,5224.72,
PR005070,2026-03-17,MANDI-008,,Wheat,2234.793145329432,2355.67,2295.23,
PR011158,2026-03-27,MANDI-001,Ferozepur,Cotton,6170.4,6767.56,6468.98,6620.0
PR000092,2026-01-29,MANDI-017,,Wheat,2138.32,2460.88,,
PR003936,2026-12-04,MANDI-007,Ferozepur,Rice,1884.97,2052.17,1968.5736128069473,
PR009590,2026-07-30,MANDI-040,,Maize,1985.0,2445.8,2215.37,0.209
PR004450,2026-02-11,MANDI-035,,Rice,1959.0,0.2227,2092.84,2183.0
PR007352,2026-02-08,MANDI-024,Ambala,Cotton,0.6931,0.7702,7316.33,6620.0
PR004961,2026-06-09,MANDI-038,Ludhiana,Wheat,2179.3,2590.1228225499035,2384.71,
PR008054,2026-03-29,MANDI-044,Fatehabad,Wheat,2083.86,2453.8,2268.83,2275.0
PR001505,2026-05-14,MANDI-009,Patiala,Rice,1929.71,2327.0,2128.573922594459,
PR005589,2026-03-14,MANDI-041,,Rice,0.2138,2292.0,2214.98,
PR011765,2026-02-11,,Patiala,Wheat,2030.53,2186.75,0.2109,2275.0
PR001153,2026-05-13,MANDI-014,Sirsa,Cotton,6339.08,7531.0,6935.1,6620.0
PR003901,2026-08-07,MANDI-024,Kurukshetra,Rice,2043.6,2348.7,2196.0,2183.0
PR006631,2026-01-17,MANDI-025,Ambala,Rice,2025.0,0.2528,2276.44,2183.0
PR002167,2026-10-08,MANDI-046,Ambala,Mustard,5223.46,6005.69,5615.0,5650.0
PR008146,2026-01-21,MANDI-029,Patiala,Wheat,2183.0,2710.99,2447.1704235203833,
PR002442,2026-07-19,MANDI-008,,Mustard,5769.95,6459.0,6114.0,5650.0
PR009393,2026-04-25,,Jalandhar,Maize,2073.84,0.2513,2293.48,
PR008804,2026-08-09,MANDI-016,Kurukshetra,Maize,1937.13,2184.0,2060.5679879219806,2090.0
PR001005,2026-01-27,MANDI-015,Fatehabad,Maize,0.1903,0.2077,1989.93,2090.0
PR010340,2026-06-24,MANDI-057,Karnal,Wheat,2331.36,2821.89,,0.2275
PR008015,2026-03-24,,Ambala,Sugarcane,3323.26,3695.27,3509.266002115077,3500.0
PR003920,2026-06-15,,Karnal,Cotton,5749.0,6578.25,6163.51,6620.0
PR009634,2026-05-02,MANDI-006,Moga,Cotton,5931.19,7117.42,6524.3,6620.0
PR008204,2026-07-25,MANDI-024,Hisar,Wheat,2190.34,0.2424,2307.35,2275.0
PR006511,2026-07-09,MANDI-007,Kurukshetra,Sugarcane,3364.55,0.4192,0.3778,3500.0
PR001569,2026-05-18,MANDI-038,,Mustard,5804.52,7157.49,6481.0,5650.0
PR010243,2026-03-09,MANDI-055,Moga,Wheat,2105.71,2385.0,,2275.0
PR007527,2026-02-07,MANDI-056,Kurukshetra,Maize,1900.0,2306.67,2103.39,
PR000455,2026-06-30,MANDI-042,Ambala,Maize,2033.0,2148.0,2090.49,2090.0
PR004165,2026-03-12,MANDI-047,Fatehabad,Maize,2075.1,,2142.55,2090.0
PR001638,2026-05-06,MANDI-030,Hisar,Cotton,0.6337,7822.36,7079.54,6620.0
PR009426,2026-03-19,MANDI-017,Fatehabad,Maize,0.1779,2073.18,1925.8438585445256,
PR008020,2026-01-09,MANDI-011,Kurukshetra,Wheat,2143.75,2322.47,2233.114065581087,2275.0
PR003722,2026-08-14,MANDI-007,Kurukshetra,Maize,0.2061,,2204.53,
PR002809,2026-07-10,MANDI-037,Patiala,Rice,2041.4,2266.0,2153.46,2183.0
PR011197,2026-07-25,MANDI-016,,Cotton,5914.36,6679.0,6296.52,
PR001486,2026-03-21,MANDI-001,Patiala,Rice,2096.17,2248.5,2172.33,2183.0
PR006563,2026-02-23,MANDI-057,Karnal,Maize,1839.89,0.2157,1998.49,2090.0
PR010815,2026-05-05,MANDI-035,Bathinda,Sugarcane,3058.77,3418.0,3238.24,3500.0
PR004164,2026-09-07,MANDI-015,Sirsa,Maize,2142.14,2307.01,2224.57,2090.0
PR009651,2026-06-25,MANDI-035,Jalandhar,Maize,1996.45,2245.13,2121.0,2090.0
PR000960,2026-05-29,MANDI-030,Sirsa,Sugarcane,0.3477,4003.0,3739.7241496659053,0.35
PR001632,2026-05-14,MANDI-003,Patiala,Sugarcane,3119.95,3783.01,0.3451,3500.0
PR007020,2026-02-12,MANDI-011,Moga,Rice,2018.59,2461.51,2240.05,2183.0
PR001423,2026-04-03,MANDI-054,Hisar,Cotton,6234.28,,7002.57,6620.0
PR001464,2026-03-30,MANDI-015,Moga,Mustard,5929.03,,6106.94,5650.0
PR003415,2026-04-20,MANDI-044,Bathinda,Sugarcane,3572.964857551538,0.3873,3723.06,3500.0
PR006737,2026-08-11,,Amritsar,Cotton,6063.19,,0.6602,0.662
PR010205,2026-07-26,,Ludhiana,Sugarcane,3059.84,3655.67,0.3358,3500.0
PR000740,2026-08-22,MANDI-011,Kurukshetra,Sugarcane,3063.46,3651.52,0.3357,0.35
PR008480,2026-03-29,MANDI-035,Karnal,Sugarcane,0.3332,3738.75,3535.24,3500.0
PR009832,2026-07-14,MANDI-039,Karnal,Mustard,5543.88,,5904.52,5650.0
PR001372,2026-09-05,,Sirsa,Mustard,4932.01,5611.73,5271.87,
PR000370,2026-03-14,MANDI-002,Moga,Mustard,5533.22,6258.46,5895.84,
PR007325,2026-07-23,,Karnal,Wheat,2106.0,2408.28,2257.1,
PR003059,2026-01-13,MANDI-043,Bathinda,Sugarcane,3226.13,3449.1980120850694,3337.66580929671,3500.0
PR010387,2026-09-07,MANDI-010,Bathinda,Sugarcane,3485.93,3869.0,3677.42,3500.0
PR008234,2026-11-08,MANDI-029,Karnal,Sugarcane,3191.51,3856.67,3524.09,3500.0
PR001864,2026-03-27,MANDI-038,Bathinda,Cotton,6748.490011757111,7181.72,6965.104486794689,6620.0
PR004818,2026-04-27,MANDI-025,Ambala,Sugarcane,2979.13,0.3569,3273.89,0.35
PR008280,2026-07-04,MANDI-003,Bathinda,Rice,1913.17,0.214,2026.5,2183.0
PR005141,2026-07-23,MANDI-012,Sirsa,Maize,1852.44,0.2003,1927.67,2090.0
PR000153,2026-07-23,MANDI-055,,Mustard,4965.64,0.5719,0.5342,
PR010570,2026-06-27,MANDI-027,Kurukshetra,Wheat,1996.79,2301.85,2149.0,2275.0
PR001330,2026-05-14,MANDI-026,Ambala,Rice,1947.28,2385.0,2166.2778246375497,
PR006829,2026-12-03,MANDI-053,,Mustard,5346.11,0.5883,,
PR002342,2026-07-25,MANDI-015,Bathinda,Maize,2042.91,2257.0,2149.91,2090.0
PR007299,2026-04-15,MANDI-036,Ambala,Wheat,1946.72,2414.891516778781,2180.81,
PR010406,2026-03-09,,Karnal,Wheat,2342.62,2889.93,0.2616,0.2275
PR007517,2026-01-23,MANDI-047,Kurukshetra,Maize,1931.87,2055.0,1993.33,2090.0
PR009683,2026-07-21,MANDI-054,Ambala,Wheat,2242.65,2590.54,0.2417,0.2275
PR007266,2026-02-08,,Ambala,Cotton,6061.0,6544.0,6302.57,6620.0
PR009131,2026-04-09,MANDI-054,Kurukshetra,Sugarcane,3458.72,4194.76,3826.74,3500.0
PR002640,2026-05-26,MANDI-041,Ambala,Maize,2021.0,2309.0,2165.0,2090.0
PR009970,2026-02-15,,Ludhiana,Maize,0.2149,0.2357,2253.16,2090.0
PR004557,2026-01-31,MANDI-011,Fatehabad,Wheat,2344.76,2883.28,2614.02,2275.0
PR010503,2026-02-13,MANDI-022,Ambala,Maize,,2383.8,0.2168,2090.0
PR000843,2026-08-30,MANDI-019,Ludhiana,Mustard,0.4978,6193.84,5585.86,5650.0
PR010278,2026-08-19,MANDI-018,Kurukshetra,Maize,2088.66,2519.0,2303.99,2090.0
PR003778,2026-01-12,MANDI-048,Hisar,Mustard,0.5676,0.6167,,5650.0
PR004411,2026-03-30,,Fatehabad,Maize,1937.0,2412.66,2175.0,2090.0
PR004829,2026-03-29,MANDI-053,Karnal,Cotton,6133.21,6940.090941553818,6536.65,6620.0
PR004733,2026-06-13,MANDI-042,,Cotton,6223.28,0.6903,6563.29,6620.0
PR005443,2026-08-07,MANDI-041,Ambala,Wheat,,2601.2,2439.11,2275.0
PR000857,2026-04-17,MANDI-057,Kurukshetra,Rice,1910.0,2366.0,2137.79,
PR011016,2026-08-01,MANDI-037,Kurukshetra,Mustard,0.5198,5555.23,0.5377,5650.0
PR010616,2026-01-05,MANDI-036,Karnal,Rice,2182.62,0.2598,2390.25,2183.0
PR000292,2026-04-16,,Patiala,Maize,1787.58,1959.06,0.1873,2090.0
PR002603,2026-05-26,MANDI-021,Jalandhar,Cotton,0.6447,0.7843,7145.17,0.662
PR008238,2026-02-03,MANDI-009,Kurukshetra,Sugarcane,3505.75,3984.97,3745.36,
PR009143,2026-04-02,,Ludhiana,Sugarcane,0.3092,3541.03,3316.66,3500.0
PR007746,2026-04-21,MANDI-015,Ambala,Sugarcane,3383.0695261368987,3872.31,3628.0,
PR005449,2026-04-27,MANDI-002,Kurukshetra,Mustard,5439.8,5755.25,5597.52,5650.0
PR010497,2026-02-05,MANDI-032,Ludhiana,Wheat,2029.0,2294.0,2161.3,2275.0
PR006620,2026-02-14,MANDI-006,,Mustard,5651.816336615032,6601.99,0.6127,5650.0
PR002473,2026-08-09,MANDI-007,Moga,Mustard,,7010.36,6310.962587346368,5650.0
PR007205,2026-07-08,MANDI-035,Sirsa,Rice,2030.47,0.2367,0.2199,0.2183
PR009052,2026-02-03,MANDI-028,Ambala,Maize,0.2059,2562.9,2310.73,2090.0
PR004547,2026-03-07,MANDI-048,Ludhiana,Maize,0.2181,2543.9991490190687,0.2362,2090.0
PR002444,2026-06-27,MANDI-021,Jalandhar,Cotton,6810.7,7369.43,7090.07,6620.0
PR009390,2026-09-01,,,Maize,1969.1064509424675,2257.361263772513,0.2113,2090.0
PR002124,2026-01-21,,Karnal,Maize,1825.074590454608,1971.575123398327,1898.32,
PR002417,2026-03-18,MANDI-015,,Sugarcane,3158.95,3816.01,3487.4825364860435,
PR010355,2026-01-14,MANDI-017,Amritsar,Rice,0.2288,2580.77,2434.567193891161,2183.0
PR001894,2026-05-26,MANDI-021,Fatehabad,Maize,2039.8864507019684,2255.23,2148.0,0.209
PR006277,2026-08-09,MANDI-038,Ludhiana,Wheat,0.2236,2787.63,2511.66,2275.0
PR007659,2026-06-08,MANDI-016,Hisar,Maize,1830.05,2162.0,1996.1578692625321,2090.0
PR000403,2026-07-08,MANDI-048,Karnal,Wheat,2344.83,2917.9297809028817,2631.0,2275.0
PR003573,2026-01-27,MANDI-044,Kurukshetra,Maize,1827.46,0.2269,2048.45,2090.0
PR000795,2026-05-14,,Sirsa,Wheat,2188.33,2433.0,2310.62,2275.0
PR009785,2026-06-22,MANDI-031,Ludhiana,Cotton,5642.74,6803.85,6223.3,6620.0
PR003531,2026-03-03,MANDI-006,Fatehabad,Rice,1886.0,1994.85,1940.38,0.2183
PR001135,2026-06-17,MANDI-013,Ludhiana,Sugarcane,3528.07,3723.2,3626.0,3500.0
PR008658,2026-07-19,MANDI-011,Fatehabad,Cotton,6764.0,8423.83,7593.79,
PR002429,2026-07-05,MANDI-003,Sirsa,Mustard,5174.202245078874,5482.06,5328.13,5650.0
PR004799,2026-08-06,MANDI-048,,Mustard,,5288.27,0.511,5650.0
PR008505,2026-05-19,MANDI-023,Sirsa,Cotton,5763.84,6159.39,5961.62,6620.0
PR008001,2026-10-04,MANDI-032,Ludhiana,Mustard,5840.11,6805.97,6323.04,
PR000622,2026-09-09,MANDI-014,Karnal,Rice,2083.47,2595.3687909292335,2339.42,
PR001327,2026-05-25,MANDI-015,Jalandhar,Rice,1931.63,2034.77,1983.2011050675324,
PR000928,2026-01-16,,Hisar,Maize,2055.66,2258.9688284341996,2157.31,2090.0
PR002748,2026-05-25,MANDI-031,Ferozepur,Rice,1999.57,2223.1,0.2111,0.2183
PR006281,2026-06-24,MANDI-054,,Mustard,,6002.01,,5650.0
PR005446,2026-07-16,MANDI-025,Karnal,Sugarcane,0.3349,0.3808,0.3578,3500.0
PR004891,2026-02-13,MANDI-004,Karnal,Sugarcane,3460.54,4228.51,3844.53,
PR004484,2026-02-05,MANDI-056,Ludhiana,Wheat,1960.44,,2065.7944935927894,2275.0
PR009537,2026-07-24,,Karnal,Maize,0.1871,0.2004,1937.24,
PR011153,2026-08-16,MANDI-019,Ambala,Sugarcane,0.308,3522.34,3301.02,
PR000888,2026-05-25,MANDI-001,Jalandhar,Sugarcane,3552.21,4030.49,3791.0,3500.0
PR004268,2026-06-02,MANDI-012,Sirsa,Maize,0.1944,,0.2068,2090.0
PR001290,2026-04-29,MANDI-020,,Cotton,5958.45,7289.26,6623.85,0.662
PR003125,2026-05-02,MANDI-001,Patiala,Maize,0.2094,2200.0,2147.0,2090.0
PR006127,2026-08-02,MANDI-040,Ludhiana,Wheat,1983.51,2431.16,2207.0,
PR001627,2026-08-19,MANDI-003,Bathinda,Mustard,5768.31,6444.0,6106.18,5650.0
PR007359,2026-12-07,MANDI-054,Moga,Sugarcane,3581.0,4312.81,3947.0,3500.0
PR006513,2026-04-08,MANDI-015,Moga,Rice,2099.59,2532.0,2315.89,0.2183
PR009115,2026-08-14,MANDI-045,Sirsa,Rice,2148.6511500821407,2429.527426933589,2289.09,2183.0
PR007097,2026-06-14,MANDI-011,Ferozepur,Wheat,2199.6235270385696,2632.01,2415.82,2275.0
PR005121,2026-06-06,,,Mustard,0.5678,,6230.45,
PR000208,2026-01-21,MANDI-030,Fatehabad,Cotton,6886.0,7777.11,7331.69,6620.0
PR003392,2026-01-25,MANDI-009,Karnal,Rice,2215.82,2588.0,2401.81,2183.0
PR004953,2026-05-31,MANDI-048,,Cotton,6681.19,8031.986327829878,0.7357,
PR010526,2026-02-11,MANDI-042,Kurukshetra,Sugarcane,3348.0,3866.26,3607.0,3500.0
PR000930,2026-07-12,MANDI-027,Ambala,Sugarcane,3447.77,3919.47,3683.62,3500.0
PR001924,2026-08-28,MANDI-031,,Mustard,5813.08,0.6461,6137.11,0.565
PR002604,2026-03-14,MANDI-004,,Wheat,2355.35,2827.6,0.2591,2275.0
PR010299,2026-05-16,MANDI-055,Amritsar,Sugarcane,0.3374,3700.32,3537.0,3500.0
PR009892,2026-05-18,,Ludhiana,Cotton,6242.0,6740.0,6491.0,
PR009926,2026-08-04,MANDI-025,,Wheat,2351.58,0.2498,2425.0,2275.0
PR002168,2026-05-29,MANDI-025,Ferozepur,Cotton,6134.62,7283.0,6708.67,0.662
PR002842,2026-05-30,MANDI-029,Kurukshetra,Cotton,6156.0,7176.51,6666.323127883003,
PR011225,2026-06-02,MANDI-029,Moga,Mustard,4975.82,5960.01,5467.9157493734065,5650.0
PR003408,2026-02-18,MANDI-041,Kurukshetra,Sugarcane,3579.62,4218.0,3899.04,3500.0
PR011254,2026-07-24,MANDI-005,Ferozepur,Rice,1976.57,2216.86,2096.71,
PR002280,2026-01-22,MANDI-004,Fatehabad,Maize,2192.66,2473.362773196611,2333.01,2090.0
PR000333,2026-02-15,MANDI-021,Sirsa,Rice,,2226.33,2067.05,2183.0
PR011923,2026-08-06,MANDI-026,Hisar,Cotton,6491.57,7458.08,6974.83,6620.0
PR005371,2026-11-03,MANDI-010,Kurukshetra,Sugarcane,3311.04,3906.660055506955,0.3609,0.35
PR005899,2026-06-18,MANDI-057,Jalandhar,Wheat,2241.2033141837137,2689.07,2465.1364030803934,0.2275
PR000248,2026-08-05,,Fatehabad,Maize,1812.07,2080.57,1946.0,2090.0
PR003195,2026-02-02,MANDI-005,Ferozepur,Maize,2035.76,,2157.0,
PR009168,2026-02-24,,Patiala,Wheat,2250.76,2644.52,2447.64,2275.0
PR003623,2026-08-14,MANDI-051,Amritsar,Sugarcane,,3661.22,3440.76,3500.0
PR006244,2026-07-25,MANDI-006,,Wheat,2297.0999991946696,2660.46,2479.0,2275.0
PR008668,2026-06-13,MANDI-040,Karnal,Sugarcane,0.3603,3903.0,3753.1,0.35
PR006957,2026-06-13,MANDI-027,Ferozepur,Sugarcane,3371.120759177574,4116.427049616556,3744.0,3500.0
PR003757,2026-09-05,MANDI-043,Moga,Wheat,0.2384,2602.03,,
PR004400,2026-04-20,MANDI-034,Hisar,Rice,2103.56,2465.33,,0.2183
PR011459,2026-08-19,MANDI-037,Bathinda,Wheat,0.2361,2803.42,2582.04,2275.0
PR010234,2026-08-04,MANDI-024,Bathinda,Maize,0.1916,2368.68,2142.54,2090.0
PR010220,2026-08-29,MANDI-002,Ludhiana,Wheat,2246.81,2756.6583739194757,2502.0,2275.0
PR000057,2026-07-22,MANDI-038,,Maize,1833.19,2112.25,1973.0,
PR004586,2026-03-21,MANDI-003,,Sugarcane,3674.98,4523.53,0.4099,3500.0
PR009969,2026-02-22,MANDI-014,Jalandhar,Sugarcane,3629.12,3979.99,0.3805,0.35
PR002062,2026-08-12,,Ferozepur,Sugarcane,3639.73,4485.28,4062.51,
PR008397,2026-07-08,MANDI-014,Ferozepur,Mustard,5385.27,6243.15,,
PR002948,2026-02-18,MANDI-028,Ambala,Wheat,2072.35,2589.4,2331.0,
PR010069,2026-03-14,MANDI-014,,Wheat,2160.63,2659.25,0.241,0.2275
PR009685,2026-11-05,,Ambala,Maize,1917.78,2223.55,0.2071,2090.0
PR002650,2026-07-28,MANDI-026,Ferozepur,Mustard,5342.2,0.5709,5526.0,0.565
PR008679,2026-02-11,MANDI-048,,Mustard,5852.68,0.6582,6217.0,5650.0
PR006530,2026-03-14,MANDI-017,Sirsa,Mustard,5145.4,0.5964,5555.0,5650.0
PR007678,2026-04-10,MANDI-049,Sirsa,Sugarcane,0.359,4089.24,3839.6488148930184,3500.0
PR001427,2026-06-17,MANDI-006,Ambala,Sugarcane,3486.0,3990.0,3737.91,3500.0
PR007126,2026-05-04,MANDI-047,Ambala,Rice,2009.537975681891,2398.9643694561532,,2183.0
PR002665,2026-02-05,MANDI-022,Ferozepur,Mustard,5665.61,6629.019985093517,6147.314099837197,0.565
PR008167,2026-05-17,MANDI-044,Patiala,Sugarcane,0.3169,3357.56,3263.0,
PR004494,2026-07-31,MANDI-029,Jalandhar,Maize,1982.0,2092.97,2037.5,
PR008209,2026-04-06,MANDI-022,Hisar,Cotton,6551.72,7696.003938674502,7123.86,
PR009077,2026-01-06,MANDI-019,Hisar,Cotton,5838.37,6760.0,0.6299,
PR000633,2026-04-07,MANDI-003,Bathinda,Mustard,5014.920313155845,5880.38,5447.65,
PR006933,2026-02-19,MANDI-043,Karnal,Mustard,4868.1815794667955,5249.55,,
PR011175,2026-05-25,MANDI-001,Ferozepur,Maize,2175.02,2576.52,2375.77,2090.0
PR009921,2026-04-21,MANDI-008,Bathinda,Mustard,5367.0,5994.94,5681.05,5650.0
PR003483,2026-01-16,,Patiala,Wheat,2260.11,2715.370007153167,2487.74,2275.0
PR004412,2026-07-16,MANDI-044,Jalandhar,Maize,1946.76,2271.61,2109.18,
PR007478,2026-06-20,,Ludhiana,Wheat,,2667.15,2423.0,
PR007111,2026-06-15,MANDI-036,Ludhiana,Wheat,2003.64,,2122.6,2275.0
PR007687,2026-01-07,MANDI-046,Amritsar,Maize,2032.77,2430.89,2231.83,2090.0
PR008584,2026-04-11,MANDI-014,Ambala,Mustard,5545.0,6687.21,6116.19,0.565
PR008216,2026-04-18,,Karnal,Wheat,2047.47,2301.42,2174.0,0.2275
PR010426,2026-10-04,MANDI-048,Patiala,Mustard,5517.83,5803.649953318409,5660.737743596241,5650.0
PR004196,2026-03-29,MANDI-018,Fatehabad,Mustard,4829.2,5954.832239674707,5392.01,5650.0
PR003949,2026-07-13,MANDI-044,Moga,Rice,2219.85,2482.92,2351.38,
PR008627,2026-01-29,MANDI-040,Kurukshetra,Mustard,5649.8,6924.76,6287.0,
PR001754,2026-04-13,MANDI-042,Karnal,Cotton,6719.0,7279.96,6999.66,
PR002432,2026-03-25,,Fatehabad,Mustard,5872.0,6298.52,6085.32,5650.0
PR002286,2026-08-04,,Ambala,Rice,1953.3089165893996,2151.38,0.2052,2183.0
PR009972,2026-02-27,MANDI-045,,Maize,1942.9,2273.83,2108.3611647734087,2090.0
PR007373,2026-03-28,MANDI-023,Patiala,Cotton,6906.42,8154.83,,6620.0
PR011056,2026-01-04,,Ferozepur,Cotton,6655.15,8252.63,7453.89,6620.0
PR004763,2026-01-24,MANDI-014,Amritsar,Maize,1854.7729559340191,0.2197,2026.06,2090.0
PR008095,2026-05-30,MANDI-018,,Cotton,5650.88,6709.0,6179.95,
PR003569,2026-03-01,MANDI-004,Amritsar,Rice,1967.0,0.2146,0.2057,2183.0
PR009547,2026-08-27,MANDI-025,Sirsa,Wheat,2312.0039706751013,0.2679,0.2496,2275.0
PR005050,2026-02-13,MANDI-015,Ludhiana,Rice,0.1928,2113.65,2020.86,0.2183
PR005445,2026-08-05,,,Rice,2163.34,2308.04,0.2236,2183.0
PR004102,2026-07-28,MANDI-006,Moga,Sugarcane,,0.3872,3507.7,
PR010646,2026-02-20,MANDI-025,Amritsar,Rice,2031.94,2272.9,2152.42,0.2183
PR005077,2026-06-16,MANDI-054,Karnal,Sugarcane,3382.83,,3612.0,0.35
PR002308,2026-04-25,MANDI-035,Patiala,Cotton,6438.0,7872.0,7155.04,6620.0
PR003515,2026-05-09,MANDI-020,Ludhiana,Mustard,,6204.0,5725.78,
PR007790,2026-09-06,MANDI-016,,Mustard,5668.96,6419.41,6044.19,5650.0
PR000783,2026-08-06,MANDI-009,Jalandhar,Mustard,0.5716,6647.42,6181.78264986837,5650.0
PR000427,2026-01-03,MANDI-051,Bathinda,Rice,2145.9473838778026,0.2306,2226.08,2183.0
PR002376,2026-04-19,MANDI-008,Sirsa,Rice,2169.75,2674.0,2422.032413310266,2183.0
PR004489,2026-07-30,MANDI-047,Ambala,Maize,1801.56,0.2212,2006.84,2090.0
PR010955,2026-09-07,MANDI-023,Karnal,Rice,1876.65,2046.37,0.1962,2183.0
PR002010,2026-03-28,MANDI-028,Kurukshetra,Cotton,5884.4353911841245,7263.09,6573.76,
PR006287,2026-06-16,MANDI-001,Ludhiana,Cotton,6843.756115485879,8291.79,7567.78,
PR008362,2026-04-16,MANDI-031,Jalandhar,Sugarcane,3614.19,3867.0,3740.75,
PR007047,2026-06-03,MANDI-044,Ambala,Cotton,6256.33,7341.0,6798.71,6620.0
PR004754,2026-07-03,MANDI-002,Amritsar,Rice,2114.96,2237.673041525604,2176.32,2183.0
PR000061,2026-02-01,MANDI-025,Fatehabad,Cotton,6408.4,6936.62,6672.51,6620.0
PR008936,2026-05-19,,Sirsa,Mustard,0.5826,6247.10326696063,,
PR003764,2026-01-20,,,Maize,2082.12,2471.0,2276.45,2090.0
PR001430,2026-09-01,MANDI-033,Sirsa,Sugarcane,,4186.26,3836.0,3500.0
PR005911,2026-04-14,MANDI-049,Ambala,Rice,2246.63,2648.0,2447.42,2183.0
PR005640,2026-08-14,MANDI-044,Fatehabad,Mustard,5669.44,6590.7,6130.0,0.565
PR011013,2026-03-16,MANDI-004,Patiala,Cotton,,8145.95,7545.0,0.662
PR008308,2026-11-01,MANDI-009,Hisar,Mustard,5138.57,6397.75,5768.0,
PR005510,2026-02-13,MANDI-031,Ambala,Wheat,2353.44,2911.43,,2275.0
PR003241,2026-02-19,MANDI-026,Bathinda,Cotton,6844.42,7609.22,7226.82,6620.0
PR005137,2026-02-24,MANDI-032,Fatehabad,Wheat,2118.73,2241.335863000489,2180.0,2275.0
PR006526,2026-09-01,MANDI-026,Kurukshetra,Maize,1984.16,2144.37,2064.27,2090.0
PR001779,2026-04-03,MANDI-002,Patiala,Cotton,6918.277975529583,0.7992,7454.99,6620.0
PR008195,2026-07-19,MANDI-015,,Sugarcane,3556.94,3898.0826174387867,3728.0,3500.0
PR002780,2026-03-02,MANDI-052,Kurukshetra,Sugarcane,,3798.47,3436.57,3500.0
PR005305,2026-07-30,MANDI-056,Bathinda,Mustard,5884.1,6753.54,6318.82,5650.0
PR010020,2026-04-26,MANDI-014,Karnal,Maize,0.206,2238.26,2149.07,2090.0
PR006899,2026-04-16,MANDI-016,Amritsar,Sugarcane,3384.7600663525986,4147.7203205507385,3766.24,3500.0
PR001022,2026-07-02,MANDI-027,Karnal,Sugarcane,0.3671,3905.0,3788.0,3500.0
PR008027,2026-04-23,,Sirsa,Cotton,6868.0,8535.0,0.7702,0.662
PR007680,2026-01-31,MANDI-054,Hisar,Wheat,2073.38,0.2372,2222.6,2275.0
PR011062,2026-08-21,MANDI-004,Bathinda,Maize,2111.2163247494464,2493.73,,2090.0
PR009325,2026-08-27,MANDI-026,Kurukshetra,Mustard,0.5397,6726.0,6061.190964978921,5650.0
PR000466,2026-07-22,MANDI-047,Kurukshetra,Mustard,5218.3,5576.09,5397.192097514321,5650.0
PR001457,2026-05-12,MANDI-030,Patiala,Rice,2007.16,2476.88,2242.02,2183.0
PR002460,2026-07-21,MANDI-002,Amritsar,Mustard,4998.0,6188.952444514544,5593.47,
PR006032,2026-06-27,MANDI-012,Amritsar,Rice,1917.59,0.2082,1999.57,2183.0
PR004943,2026-06-28,MANDI-012,,Rice,2052.49,2392.86,2222.68,2183.0
PR003361,2026-04-25,MANDI-027,Sirsa,Cotton,5831.69,7064.26,0.6448,
PR001276,2026-04-07,MANDI-002,Jalandhar,Cotton,6753.25,7703.0,0.7228,6620.0
PR008916,2026-04-04,,Kurukshetra,Rice,1877.0,2123.27,0.2,
PR003228,2026-04-24,MANDI-043,Patiala,Maize,2123.68,2512.87,2318.27,2090.0
PR005917,2026-04-10,MANDI-033,Sirsa,Sugarcane,3138.94,3324.0,3231.3,3500.0
PR001302,2026-02-01,MANDI-008,,Sugarcane,2995.0,3587.0,3290.76,3500.0
PR007382,2026-06-24,MANDI-056,Karnal,Maize,1927.1289194752007,2037.0,1982.28,0.209
PR004999,2026-08-08,MANDI-012,Fatehabad,Maize,1896.49,2370.0,0.2133,2090.0
PR007514,2026-03-31,MANDI-008,Ludhiana,Mustard,5578.43,6592.42,6085.421865133236,0.565
PR008475,2026-08-12,MANDI-017,,Mustard,5129.0,0.6093,5611.31,5650.0
PR010068,2026-05-05,MANDI-027,Karnal,Sugarcane,3001.92,3250.0,3126.02,3500.0
PR009578,2026-08-24,MANDI-025,Karnal,Wheat,2186.3867177423476,2478.83,0.2333,0.2275
PR009754,2026-02-10,MANDI-040,Kurukshetra,Mustard,0.5714,6326.33,6020.36,0.565
PR000599,2026-07-19,,Amritsar,Rice,2098.0,2245.99,2172.13,2183.0
PR009582,2026-02-02,MANDI-003,,Maize,1913.0,2145.85,2029.2,2090.0
PR002605,2026-04-20,,Kurukshetra,Mustard,,0.6332,6032.0,5650.0
PR010412,2026-05-16,MANDI-018,Jalandhar,Rice,,2565.0,2367.56,2183.0
PR002646,2026-06-03,,Karnal,Wheat,,0.2193,0.2134,0.2275
PR002287,2026-08-14,MANDI-055,Sirsa,Maize,1805.3,2236.0,2020.87,2090.0
PR005065,2026-07-14,MANDI-028,Moga,Wheat,2053.28,0.2204,2128.65,2275.0
PR011982,2026-04-12,MANDI-039,,Maize,0.2118,2564.55505398762,2341.08,0.209
PR007495,2026-05-30,MANDI-022,Fatehabad,Maize,,2313.6987552025344,2090.489139341992,2090.0
PR009045,2026-08-11,MANDI-054,Moga,Rice,2072.5,2585.87,2329.19,2183.0
PR010357,2026-07-12,MANDI-032,Ludhiana,Maize,1907.4,0.2107,2007.21,
PR003980,2026-01-19,MANDI-055,Amritsar,Sugarcane,0.3166,3886.22,3526.0,3500.0
PR000299,2026-06-29,MANDI-031,,Wheat,0.2288,2580.0,2433.72,2275.0
PR008991,2026-04-22,MANDI-013,Hisar,Rice,1997.45,2426.45,2212.0,0.2183
PR002440,2026-09-04,,Fatehabad,Mustard,0.5443,5975.86,5709.43,0.565
PR011416,2026-01-14,,Ludhiana,Rice,2060.0,2499.07,2279.72,2183.0
PR005391,2026-03-02,MANDI-033,Ambala,Wheat,2362.39,2564.23,2463.31,2275.0
PR004140,2026-09-06,MANDI-036,Sirsa,Mustard,5098.58,5552.12,0.5325,
PR000919,2026-04-08,,Moga,Cotton,6912.37,7387.39,,6620.0
PR010635,2026-08-05,MANDI-030,Ambala,Mustard,5493.0,6748.28,6120.57,5650.0
PR004438,2026-08-19,MANDI-032,Kurukshetra,Sugarcane,3328.0,3873.36,3600.82,3500.0
PR005712,2026-03-04,MANDI-003,Ferozepur,Mustard,4846.58,0.5179,5012.89,5650.0
PR008653,2026-01-23,MANDI-047,Ferozepur,Sugarcane,3446.52,4062.79,3754.6554538409373,
PR010938,2026-07-07,MANDI-023,Patiala,Maize,2032.75,0.2368,2200.3,2090.0
PR001394,2026-06-26,MANDI-038,Ambala,Maize,1885.84,2240.51,2063.18,
PR005980,2026-03-02,MANDI-044,Ambala,Sugarcane,3579.44,4356.21,0.3968,3500.0
PR008064,2026-03-02,MANDI-050,Patiala,Wheat,2061.1,2424.16,,
PR009435,2026-11-08,MANDI-046,Fatehabad,Mustard,4888.0,6017.25,,5650.0
PR004287,2026-04-08,MANDI-022,Jalandhar,Wheat,2052.0,2429.68,2240.79,2275.0
PR011935,2026-08-25,MANDI-032,Karnal,Wheat,2388.32,2923.66,2655.99,2275.0
PR004288,2026-09-03,MANDI-046,Hisar,Maize,1990.0,,0.2232,2090.0
PR001109,2026-05-19,MANDI-043,Ambala,Rice,2078.43,2525.26,,2183.0
PR003643,2026-02-27,MANDI-035,Patiala,Mustard,5793.33,6584.07,0.6189,5650.0
PR005518,2026-05-22,MANDI-023,Ferozepur,Wheat,2288.75,2832.97,2560.86,2275.0
PR006025,2026-05-27,MANDI-057,Ambala,Cotton,6357.57,,6978.59,6620.0
PR001202,2026-09-01,MANDI-002,Patiala,Cotton,6136.76,7182.95,6659.86,6620.0
PR007736,2026-08-15,MANDI-033,Bathinda,Wheat,2050.66,2388.0,2219.44,2275.0
PR004957,2026-03-07,MANDI-044,Bathinda,Mustard,5421.29,6620.53,6021.0,5650.0
PR002213,2026-03-13,MANDI-040,Moga,Rice,0.2217,2538.0,2377.47,2183.0
PR010034,2026-02-09,MANDI-049,Ferozepur,Mustard,5905.0,6218.817407654032,6062.0,5650.0
PR006141,2026-04-26,,Ferozepur,Cotton,6247.071627965324,7754.34,7000.71,6620.0
PR004079,2026-04-22,MANDI-023,Hisar,Maize,2127.99,2456.8831876071404,2292.4387843825234,0.209
PR004477,2026-07-09,,Sirsa,Rice,1965.08,2234.14,2099.61,0.2183
PR003403,2026-05-07,MANDI-006,Patiala,Rice,1903.98,2141.97,2022.98,2183.0
PR000873,2026-10-07,MANDI-057,Karnal,Sugarcane,3428.64,3776.94,3602.79,3500.0
PR004857,2026-08-22,MANDI-016,Ludhiana,Rice,2218.89,2559.0,2388.912911816383,2183.0
PR011133,2026-05-29,MANDI-049,Kurukshetra,Rice,0.1859,2168.5,2013.59,
PR005875,2026-01-18,MANDI-049,Hisar,Maize,0.1983,2363.99,2173.56,2090.0
PR009529,2026-06-27,MANDI-003,Fatehabad,Sugarcane,3249.63,3417.16,3333.0,3500.0
PR010601,2026-05-24,,Ambala,Rice,1923.261700118704,2293.32,2108.0,2183.0
PR001303,2026-07-13,MANDI-045,Bathinda,Maize,2139.0,2321.82,0.2231,2090.0
PR005636,2026-05-27,MANDI-049,Hisar,Sugarcane,3125.2,0.3652,3389.0,3500.0
PR007590,2026-08-18,MANDI-018,,Maize,1907.0,2011.03531896588,1958.97,2090.0
PR006907,2026-08-31,,,Mustard,5391.5,5801.83,,5650.0
PR010093,2026-04-09,,Amritsar,Sugarcane,3329.0,3512.61,3420.76,3500.0
PR002752,2026-07-03,MANDI-039,Amritsar,Cotton,6031.38,7480.02,6756.0,6620.0
PR007183,2026-07-02,MANDI-057,Ludhiana,Rice,0.2171,2618.1307845618394,2394.39,2183.0
PR009352,2026-06-25,,Hisar,Mustard,5439.917148733395,6072.96,0.5756,5650.0
PR006566,2026-06-30,MANDI-012,Bathinda,Wheat,2331.95,2724.0,2528.2,0.2275
PR011428,2026-02-03,MANDI-003,Ambala,Mustard,0.5371,6640.821420408665,6006.0,5650.0
PR009909,2026-07-20,MANDI-030,,Rice,2225.01,2454.4,2339.7055988680077,2183.0
PR005170,2026-02-15,MANDI-007,Kurukshetra,Sugarcane,3191.19,0.3439,3314.85,3500.0
PR001161,2026-09-01,MANDI-052,,Rice,0.2291,2845.0,2568.0,0.2183
PR003814,2026-07-25,MANDI-030,Kurukshetra,Maize,1854.56,2296.86,2076.0,2090.0
PR007368,2026-08-09,MANDI-051,Jalandhar,Maize,1850.62,2059.63,1955.12,2090.0
PR009640,2026-04-08,MANDI-023,Kurukshetra,Mustard,5932.36,6587.76,,0.565
PR007227,2026-07-12,MANDI-045,Karnal,Rice,2038.71,2438.8,2238.753151091706,2183.0
PR007319,2026-05-02,MANDI-050,Ludhiana,Maize,0.2009,2352.0,2181.0,2090.0
PR003413,2026-07-05,MANDI-049,,Mustard,5891.0,6833.35,6362.4,5650.0
PR006288,2026-07-30,MANDI-029,Bathinda,Rice,2227.5,2471.82,2350.0,
PR006946,2026-02-04,MANDI-040,Bathinda,Wheat,2169.0,2318.82,2243.95,0.2275
PR006311,2026-09-03,MANDI-040,Hisar,Wheat,2208.62,2566.1,2387.0,0.2275
PR006251,2026-08-03,MANDI-026,,Wheat,2148.25,2367.05,2257.652286792024,0.2275
PR008601,2026-06-30,,Patiala,Wheat,2081.2568873316536,0.2548,2314.0,
PR000834,2026-07-02,MANDI-057,Karnal,Sugarcane,3365.0,4054.0,3709.36,3500.0
PR003512,2026-04-13,MANDI-026,Karnal,Sugarcane,3142.6,3499.3,3320.95,3500.0
PR007112,2026-08-01,MANDI-034,Hisar,Maize,1778.0,1976.61,1877.13,0.209
PR000119,2026-07-16,MANDI-053,Fatehabad,Maize,1990.96,0.2121,2055.86,2090.0
PR000978,2026-01-27,,Patiala,Cotton,0.6516,7781.87,7148.89,6620.0
PR003752,2026-06-24,,Bathinda,Sugarcane,,,3268.947919756177,3500.0
PR002671,2026-01-06,MANDI-050,,Wheat,2233.8,2722.5,2478.15,2275.0
PR010378,2026-04-10,MANDI-057,Amritsar,Wheat,2355.797362810118,2683.83,2520.0,
PR003522,2026-08-16,MANDI-034,Ambala,Wheat,2353.83,2660.383135144971,2507.0,2275.0
PR010208,2026-08-05,MANDI-024,Sirsa,Mustard,0.5549,6820.0,6184.0,5650.0
PR009699,2026-08-14,MANDI-053,Ludhiana,Mustard,4874.155855873733,0.5826,5350.060722607079,5650.0
PR010501,2026-06-01,MANDI-017,Jalandhar,Maize,1911.0,0.2029,1969.92,0.209
PR006469,2026-04-29,,Moga,Cotton,5882.73,6440.431728054497,6161.58,6620.0
PR006400,2026-05-13,MANDI-039,Jalandhar,Maize,0.1901,0.2246,2073.1,2090.0
PR004681,2026-04-09,MANDI-005,Fatehabad,Wheat,2180.05,2573.58,2376.8182472783747,0.2275
PR000484,2026-02-22,MANDI-047,Sirsa,Maize,0.1812,1992.0,1902.1,2090.0
PR000520,2026-06-05,,,Wheat,2284.96,,2418.69,2275.0
PR007658,2026-08-31,MANDI-028,Ludhiana,Mustard,0.5251,5641.22,5446.128792310115,0.565
PR010680,2026-01-18,MANDI-020,Karnal,Sugarcane,3220.0,3595.71,3408.0,
PR002579,2026-05-07,MANDI-034,Bathinda,Sugarcane,3207.16,3431.64,3319.4,
PR008133,2026-03-30,MANDI-051,Ferozepur,Sugarcane,,3580.03,3332.07,3500.0
PR004232,2026-06-26,MANDI-051,Moga,Maize,2047.64,2353.0,0.22,
PR006110,2026-08-10,MANDI-038,Ludhiana,Sugarcane,3399.15,4148.482724484125,3774.0,3500.0
PR001523,2026-07-17,MANDI-016,Ferozepur,Rice,2266.25,2400.0,2333.0,
PR006402,2026-05-31,MANDI-055,Jalandhar,Cotton,5889.94,0.6955,6422.66,6620.0
PR003433,2026-02-28,MANDI-029,Jalandhar,Wheat,2211.07,2620.14,2415.6,2275.0
PR004290,2026-02-26,MANDI-002,Ferozepur,Sugarcane,,3573.860033405114,3332.79,
PR005717,2026-08-09,MANDI-029,Amritsar,Sugarcane,3044.9,3557.0,3301.01,3500.0
PR004002,2026-06-25,MANDI-041,Fatehabad,Mustard,5777.0,6452.42,6114.62,5650.0
PR002718,2026-04-11,MANDI-050,Patiala,Rice,2108.0,2334.0,2220.9825600639833,2183.0
PR003212,2026-05-25,MANDI-039,Patiala,Mustard,4993.0,5936.90373321478,0.5465,5650.0
PR003637,2026-06-17,,Ferozepur,Cotton,5939.42,0.671,6324.676775601345,6620.0
PR004487,2026-07-30,MANDI-025,Patiala,Maize,2100.0,2462.68,2281.11,
PR003485,2026-01-21,MANDI-037,,Wheat,2190.22,2611.0,2400.44,2275.0
PR006216,2026-01-06,MANDI-051,Amritsar,Mustard,5624.506500669488,6786.61,6206.0,
PR001175,2026-01-07,MANDI-051,,Maize,0.2155,0.2321,2238.0,2090.0
PR009466,2026-04-29,MANDI-057,Jalandhar,Rice,2110.0,2436.12,2273.1521814996595,2183.0
PR011297,2026-03-22,MANDI-022,Patiala,Wheat,,2445.33,2269.78,2275.0
PR003496,2026-03-13,,Hisar,Cotton,6395.37,7816.87,7106.12,6620.0
PR004230,2026-09-07,MANDI-008,Ferozepur,Cotton,6579.59,7607.0,7093.394654550255,
PR009975,2026-04-19,MANDI-005,Karnal,Sugarcane,0.3656,4389.0,4022.47,3500.0
PR001570,2026-06-08,,Ambala,Sugarcane,3238.05,3952.0,3594.81,3500.0
PR003076,2026-02-13,MANDI-008,Moga,Wheat,1973.43,0.2208,2090.0,2275.0
PR010718,2026-11-08,MANDI-010,Hisar,Sugarcane,,4390.13,4006.0,3500.0
PR007345,2026-03-17,,Hisar,Maize,2090.72,2295.2143958431393,0.2193,
PR007867,2026-05-02,MANDI-038,Patiala,Wheat,0.1998,2155.0,2076.53,2275.0
PR008942,2026-08-20,MANDI-032,Ludhiana,Cotton,5947.47,6856.74,6402.1,
PR008139,2026-05-14,MANDI-014,Amritsar,Sugarcane,3305.98,3870.0,3588.23,
PR011221,2026-01-19,MANDI-041,Fatehabad,Rice,2001.0,2139.94,0.2071,2183.0
PR001838,2026-05-08,MANDI-012,,Maize,2171.78,2445.4707611889066,2308.62,
PR007621,2026-06-04,MANDI-037,Kurukshetra,Sugarcane,0.3565,4302.96,3933.75,
PR002797,2026-08-14,MANDI-034,Ludhiana,Rice,2183.51,,2410.09,2183.0
PR007122,2026-02-02,MANDI-046,,Maize,2092.97,0.2244,2168.59,2090.0
PR009947,2026-11-06,MANDI-056,Kurukshetra,Mustard,4886.52,,5200.2,5650.0
PR005190,2026-02-22,,Sirsa,Rice,0.1919,2253.77,2087.0,2183.0
PR010700,2026-06-12,MANDI-038,,Cotton,,7764.14,7043.73,6620.0
PR007193,2026-07-01,MANDI-047,Ferozepur,Cotton,6034.43,6531.71,6283.07,6620.0
PR007842,2026-08-20,MANDI-016,,Mustard,5213.46,5548.4,5380.93,5650.0
PR002203,2026-07-14,MANDI-036,Ambala,Maize,1864.8657116110958,,1934.55,0.209
PR004507,2026-03-23,MANDI-052,Ambala,Rice,2122.61,2646.23,2384.42,
PR009877,2026-04-01,,Sirsa,Wheat,2174.0,2612.07,0.2393,2275.0
PR007901,2026-08-12,MANDI-041,Kurukshetra,Sugarcane,3185.0,3630.17,0.3408,0.35
PR003484,2026-05-19,MANDI-040,Moga,Maize,2073.07,0.2364,2218.52,2090.0
PR005020,2026-06-01,MANDI-016,Jalandhar,Wheat,2151.81,2354.08,0.2253,0.2275
PR006962,2026-03-11,MANDI-042,Amritsar,Mustard,5071.205480767544,5391.39,5231.3,5650.0
PR004732,2026-01-21,MANDI-044,Fatehabad,Cotton,6475.72,7795.88,7135.8,0.662
PR004748,2026-01-15,,Ambala,Maize,1938.67,0.2084,2011.0,0.209
PR009415,2026-05-09,MANDI-034,Hisar,Maize,0.184,2225.38,2032.89,2090.0
PR006076,2026-07-29,MANDI-057,,Sugarcane,3104.9504173705973,3488.64,3296.8,3500.0
PR007791,2026-03-28,MANDI-016,Sirsa,Cotton,6864.83,8497.74,7681.0,6620.0
PR009932,2026-04-14,MANDI-056,Moga,Mustard,0.5098,5773.0,5435.62,5650.0
PR001473,2026-01-12,MANDI-017,,Mustard,5215.567791660669,6157.202485288331,5686.39,5650.0
PR010311,2026-02-21,MANDI-027,Bathinda,Cotton,0.6798,7404.17,7100.92,6620.0
PR008464,2026-06-27,MANDI-001,Fatehabad,Wheat,2053.8199443380377,2542.84,2298.0,
PR000050,2026-03-11,MANDI-039,,Rice,2141.22,2296.98,2219.1,0.2183
PR000524,2026-02-24,MANDI-005,Kurukshetra,Sugarcane,,4397.89,3987.0,3500.0
PR006167,2026-08-12,MANDI-001,Bathinda,Sugarcane,3407.0,4178.0,3792.23,3500.0
PR007625,2026-08-12,MANDI-006,Jalandhar,Cotton,0.64,0.7845,7122.56,6620.0
PR003478,2026-01-27,MANDI-026,Sirsa,Cotton,5948.0,0.7225,6586.28,6620.0
PR009619,2026-08-30,MANDI-038,Sirsa,Rice,1994.0,0.2348,0.2171,0.2183
PR004045,2026-07-16,MANDI-028,Ludhiana,Rice,1981.0,2260.63,2120.66,2183.0
PR009783,2026-08-25,MANDI-024,Patiala,Cotton,6940.07,7477.61,0.7209,6620.0
PR011885,2026-07-03,MANDI-046,Sirsa,Wheat,,2511.71,2329.0,2275.0
PR011485,2026-06-12,MANDI-004,Ludhiana,Wheat,,,2307.0,
PR002028,2026-05-17,MANDI-021,Fatehabad,Sugarcane,3610.44,4090.0,0.385,3500.0
PR003048,2026-03-13,MANDI-041,Ludhiana,Cotton,0.5754,7009.0,6381.81,6620.0
PR000841,2026-04-04,MANDI-022,,Mustard,5462.0,6132.35,5797.35,5650.0
PR011534,2026-07-13,MANDI-005,Ambala,Maize,2161.0,2406.25,2283.0,
PR011812,2026-06-22,MANDI-049,Moga,Mustard,0.5788,0.692,6353.8,5650.0
PR002020,2026-02-01,MANDI-044,Jalandhar,Sugarcane,0.3389,3562.64,0.3476,
PR005417,2026-03-19,MANDI-020,Ambala,Cotton,6231.87,7206.019421511819,0.6719,6620.0
PR004014,2026-07-08,MANDI-045,Karnal,Wheat,2012.05,2395.0,2203.33,2275.0
PR009630,2026-02-09,,Ludhiana,Rice,0.2088,2307.58,2197.66,0.2183
PR000390,2026-11-04,MANDI-008,Fatehabad,Sugarcane,3272.87,3525.56,3399.21,3500.0
PR009025,2026-09-04,MANDI-037,Bathinda,Cotton,6629.66,7310.24,0.697,0.662
PR009066,2026-05-17,MANDI-047,Kurukshetra,Mustard,5130.56,5605.0,5368.0,5650.0
PR002199,2026-05-13,,Bathinda,Maize,2117.16,2263.9636149106454,,2090.0
PR001649,2026-03-30,MANDI-047,Karnal,Sugarcane,0.3134,3535.98,,
PR008098,2026-10-04,MANDI-037,Amritsar,Maize,2146.27,2549.0,2347.84,2090.0
PR004219,2026-02-12,MANDI-047,,Wheat,2025.4078922497006,2359.74,2193.0,2275.0
PR002778,2026-05-13,MANDI-049,,Sugarcane,3258.57,3665.15,3461.86,
PR006849,2026-06-19,MANDI-057,Patiala,Mustard,5358.51,5657.0,5508.0,
PR001598,2026-06-20,MANDI-033,Ferozepur,Cotton,5645.96,0.6402,0.6024,
PR006044,2026-07-06,MANDI-004,Hisar,Wheat,2328.22,2902.98,2615.6,2275.0
PR008870,2026-05-30,MANDI-013,,Rice,2056.92,2451.0,,2183.0
PR011521,2026-08-22,MANDI-015,Bathinda,Maize,2096.36,0.2473,0.2285,0.209
PR007176,2026-02-13,MANDI-026,Karnal,Cotton,6946.39,8375.12,7660.758203350511,0.662
PR005237,2026-05-23,MANDI-004,Sirsa,Wheat,2341.056000276163,2519.652660978858,,2275.0
PR005415,2026-06-25,MANDI-016,,Mustard,0.5403,5741.8738953002685,5572.19,5650.0
PR010105,2026-08-07,MANDI-010,Ambala,Cotton,6778.07,7128.83,6953.45,6620.0
PR009643,2026-06-10,MANDI-003,Kurukshetra,Cotton,6659.59,7001.38,6830.487182890035,0.662
PR005530,2026-01-23,MANDI-014,Jalandhar,Maize,2139.03,2542.0,,0.209
PR000085,2026-05-05,MANDI-021,Bathinda,Wheat,2020.03,0.2501,2260.46,2275.0
PR003718,2026-08-27,MANDI-028,Ferozepur,Sugarcane,0.305,3516.0,3283.0,3500.0
PR001772,2026-04-20,MANDI-026,Sirsa,Sugarcane,0.3365,4204.42,3784.53,0.35
PR011809,2026-06-23,,Amritsar,Rice,2287.28,2456.0977021632784,2371.69,2183.0
PR010212,2026-02-21,,Amritsar,Maize,2077.0,2483.87,2280.31,0.209
PR003379,2026-03-11,MANDI-043,Ambala,Rice,2104.47,2341.27,,2183.0
PR008757,2026-09-05,MANDI-005,Jalandhar,Maize,2182.0,2472.098786664116,0.2327,
PR010702,2026-02-19,MANDI-057,Bathinda,Wheat,2146.8,2431.0,2288.67,2275.0
PR000179,2026-01-18,MANDI-011,Fatehabad,Maize,0.1858,2301.18,2079.0,2090.0
PR001938,2026-06-21,MANDI-023,Jalandhar,Sugarcane,3238.13,3765.13,3501.63,3500.0
PR005764,2026-04-23,MANDI-041,Sirsa,Sugarcane,0.3219,3668.62,3443.64,3500.0
PR005607,2026-08-17,MANDI-055,Jalandhar,Maize,1920.48,2390.27,2155.37,
PR003446,2026-08-30,MANDI-050,,Mustard,5062.37,5475.0,,5650.0
PR006208,2026-08-16,MANDI-027,Kurukshetra,Sugarcane,0.2988,,3263.74,3500.0
PR001957,2026-03-07,MANDI-051,Jalandhar,Sugarcane,3070.59,3488.13,0.3279,3500.0
PR002900,2026-03-27,MANDI-031,Ambala,Rice,0.2052,2343.634069670659,0.2198,
PR006870,2026-06-25,MANDI-053,Fatehabad,Cotton,5726.739617810035,6317.54,6022.14,
PR011059,2026-04-21,MANDI-007,Ambala,Cotton,5718.94,6760.46,6239.7,6620.0
PR007586,2026-05-02,MANDI-025,Ferozepur,Cotton,6129.21,7487.52,0.6808,6620.0
PR000697,2026-06-04,MANDI-015,Hisar,Sugarcane,3042.93,3336.88,0.319,
PR004555,2026-08-19,MANDI-033,Jalandhar,Rice,1868.66,,,
PR002717,2026-05-23,MANDI-048,Ludhiana,Cotton,5664.39,6574.0,6119.19,0.662
PR004551,2026-02-23,MANDI-029,Moga,Sugarcane,3400.83,3989.0,0.3695,3500.0
PR008320,2026-01-13,MANDI-051,Ludhiana,Mustard,5192.2,6242.156754890059,5717.18,5650.0
PR002443,2026-03-23,MANDI-018,Ludhiana,Rice,1942.85,,2181.0,2183.0
PR003257,2026-04-05,MANDI-057,Fatehabad,Cotton,6864.21,7579.0,7221.602462186487,6620.0
PR001950,2026-08-09,MANDI-024,Moga,Maize,0.1962,2276.47,2119.0,2090.0
PR002753,2026-09-04,MANDI-041,Jalandhar,Sugarcane,3232.05,3855.04,0.3544,3500.0
PR002050,2026-06-11,MANDI-024,Bathinda,Wheat,1971.31,2319.543945595378,2145.43,2275.0
PR009809,2026-04-22,MANDI-049,Fatehabad,Cotton,6797.0,0.7413,7105.32,
PR004849,2026-05-07,MANDI-055,Hisar,Sugarcane,0.3289,3956.8523272526313,3623.0,3500.0
PR011108,2026-04-27,MANDI-001,Amritsar,Wheat,2197.997761119742,2700.93,2449.46,2275.0
PR010288,2026-07-13,MANDI-029,,Mustard,4881.18,6040.377884609451,5460.78,5650.0
PR001391,2026-05-15,MANDI-008,,Cotton,5835.63,6536.4,6186.01,0.662
PR003152,2026-01-15,MANDI-019,Sirsa,Mustard,5407.0,5763.0,5584.58,5650.0
PR011920,2026-05-12,MANDI-020,Fatehabad,Wheat,2228.18,,0.2302,2275.0
PR005887,2026-02-04,MANDI-051,Moga,Rice,,2769.85,0.2497,2183.0
PR002000,2026-01-15,,Ludhiana,Maize,2194.35,2374.21,0.2284,2090.0
PR001953,2026-07-24,MANDI-048,Moga,Wheat,2076.0,2321.04,2198.52,
PR000938,2026-07-22,MANDI-046,,Mustard,5476.86,0.6321,5898.74,5650.0
PR002181,2026-02-19,MANDI-029,Ludhiana,Cotton,0.6131,6988.74,6559.673066764204,6620.0
PR003738,2026-09-04,MANDI-057,Karnal,Cotton,6095.45,7404.57,6750.01,
PR008780,2026-01-26,MANDI-026,,Wheat,2173.74,2500.07,2337.0,2275.0
PR007881,2026-08-31,MANDI-037,Sirsa,Maize,2067.6717901166517,2324.74,0.2196,0.209
PR008951,2026-06-24,MANDI-029,Karnal,Mustard,4802.68,5458.0,5130.0,5650.0
PR007493,2026-06-22,MANDI-046,Jalandhar,Maize,1892.425500807009,2133.92,2013.0,2090.0
PR010066,2026-06-05,MANDI-023,Ferozepur,Mustard,5602.56,6843.16,6222.86,5650.0
PR011000,2026-02-21,MANDI-027,Amritsar,Maize,0.192,0.2225,2072.53,
PR010739,2026-04-27,MANDI-032,Patiala,Sugarcane,0.3048,3733.0,3390.0,3500.0
PR002373,2026-08-15,MANDI-023,Ambala,Mustard,5651.0,6308.88,5979.71,5650.0
PR009431,2026-07-19,MANDI-033,Patiala,Sugarcane,0.3588,0.4148,3868.3,3500.0
PR008124,2026-07-27,MANDI-012,,Maize,1890.52,2182.0,2036.0,2090.0
PR010191,2026-03-23,MANDI-039,Sirsa,Sugarcane,3158.673116941412,3837.0,3497.88,3500.0
PR006932,2026-03-15,MANDI-024,Ludhiana,Cotton,6413.1,7777.28,0.7095,0.662
PR006295,2026-02-27,MANDI-046,Jalandhar,Cotton,6845.87,8537.66,7691.76,6620.0
PR007587,2026-05-31,MANDI-057,Ferozepur,Rice,,2636.4,2405.36,2183.0
PR002680,2026-03-05,MANDI-048,,Maize,2158.0,2578.823284871472,2368.64,
PR006953,2026-03-05,MANDI-027,Moga,Mustard,5646.11,6107.295487314894,5876.7,5650.0
PR003680,2026-01-29,MANDI-043,Sirsa,Sugarcane,3363.03,4149.0,3756.0,3500.0
PR008061,2026-05-20,MANDI-044,Ferozepur,Sugarcane,3119.0,3812.04,3465.52,3500.0
PR005638,2026-05-12,MANDI-033,Ferozepur,Sugarcane,3357.72,3694.01,,0.35
PR007120,2026-04-25,MANDI-046,Ambala,Cotton,6342.51,6719.0,0.6531,0.662
PR007567,2026-02-13,MANDI-029,,Maize,1928.05,2044.1117827624207,0.1986,
PR011832,2026-06-27,MANDI-028,Patiala,Cotton,5964.13,7196.88,6580.5,6620.0
PR005268,2026-02-12,MANDI-047,Karnal,Sugarcane,3334.28,3671.97,3503.125272293878,3500.0
PR001825,2026-04-21,MANDI-036,Ludhiana,Mustard,5590.59929945728,6436.14,6013.37,
PR004491,2026-04-19,MANDI-023,Fatehabad,Rice,1905.0,2084.0,,2183.0
PR004332,2026-08-30,MANDI-003,Moga,Wheat,1985.0,2109.36,0.2047,2275.0
PR002324,2026-02-10,MANDI-036,Ludhiana,Rice,1950.0,2103.6,2026.83,
PR007396,2026-06-08,,Patiala,Sugarcane,0.3405,3721.0,3562.69,0.35
PR007983,2026-05-19,MANDI-013,Kurukshetra,Mustard,5873.03,6449.1079347779205,6161.07,0.565
PR005566,2026-06-05,MANDI-017,,Cotton,0.5773,7023.07,6397.82,6620.0
PR009828,2026-05-23,MANDI-007,Amritsar,Wheat,2048.35,2486.74,2267.55,2275.0
PR004842,2026-06-11,MANDI-045,Bathinda,Maize,1947.9,2113.27,2030.59,2090.0
PR003644,2026-01-23,MANDI-030,Fatehabad,Rice,1951.04,2356.04,2153.54,
PR005661,2026-05-18,MANDI-023,Fatehabad,Wheat,2271.08,2708.9893945074823,2490.04,2275.0
PR011681,2026-07-13,MANDI-038,Hisar,Maize,2055.09,,2255.0,2090.0
PR008540,2026-03-05,MANDI-030,Jalandhar,Maize,2074.7309339828325,2309.0,2191.83,2090.0
PR001565,2026-07-27,,Moga,Mustard,0.5195,0.6433,5814.2,
PR005555,2026-04-14,MANDI-031,,Sugarcane,3205.35,3462.0,3333.56,
PR002355,2026-11-02,MANDI-040,Ludhiana,Sugarcane,3195.62,0.3633,3414.1337467024073,3500.0
PR008309,2026-01-21,MANDI-049,Ferozepur,Rice,2211.02,2543.0,0.2377,
PR011975,2026-04-26,,Ferozepur,Maize,2023.65,2207.08,2115.37,2090.0
PR004383,2026-07-07,MANDI-024,Bathinda,Wheat,0.2198,2538.83,0.2369,
PR010167,2026-01-27,MANDI-001,Jalandhar,Mustard,5036.439781677617,5709.06,0.5373,
PR010954,2026-01-24,MANDI-044,Fatehabad,Sugarcane,3149.3430702124083,3316.25,,3500.0
PR002174,2026-04-25,MANDI-006,Amritsar,Sugarcane,3098.99,3344.49,0.3222,
PR002654,2026-01-24,MANDI-009,Ludhiana,Sugarcane,3227.68,0.3595,,3500.0
PR010500,2026-01-01,MANDI-044,,Maize,2093.5,2547.81,2321.0,0.209
PR003868,2026-05-31,MANDI-002,Ambala,Sugarcane,3530.517457118641,4126.21,3828.0,3500.0
PR005213,2026-01-05,MANDI-057,,Wheat,2362.33,2806.88,2585.0,
PR005395,2026-01-19,MANDI-035,Patiala,Rice,0.2121,2609.74,2365.61,0.2183
PR005496,2026-03-27,MANDI-038,Moga,Sugarcane,3575.22,4425.916823082361,0.4001,3500.0
PR011829,2026-05-03,MANDI-034,Moga,Sugarcane,3068.9716440416564,3265.02,,3500.0
PR006161,2026-03-24,MANDI-020,Fatehabad,Cotton,6152.11,6962.39,6557.25,6620.0
PR003133,2026-01-22,MANDI-020,Ludhiana,Wheat,2097.0,2482.53,2290.0,2275.0
PR000324,2026-04-14,MANDI-041,Karnal,Rice,0.1916,2172.53,2044.0,2183.0
PR003513,2026-06-13,MANDI-030,Bathinda,Maize,1840.96,1935.0,1887.83,0.209
PR003517,2026-03-07,,Ferozepur,Maize,2102.0,2326.27,,2090.0
PR004118,2026-03-20,MANDI-032,,Mustard,5895.31,0.6302,6098.6,5650.0
PR009269,2026-02-19,MANDI-043,Ambala,Maize,1784.0,2008.2556912519342,1896.18,
PR011838,2026-05-13,MANDI-019,Moga,Sugarcane,3509.87,3746.69,3628.28,3500.0
PR004319,2026-05-01,MANDI-014,Ambala,Mustard,5590.820390359483,6158.0,5875.0,
PR005208,2026-01-31,MANDI-046,Moga,Mustard,5610.67,6557.92,6084.296352593803,
PR004156,2026-08-10,MANDI-051,Hisar,Cotton,0.6287,7158.84,6723.0,6620.0
PR009678,2026-08-31,,Bathinda,Sugarcane,3175.630577576135,3784.42,3480.02,
PR004119,2026-07-04,MANDI-016,Ludhiana,Rice,0.1974,0.2155,2064.73,2183.0
PR009664,2026-08-19,MANDI-048,Bathinda,Wheat,2376.7746998767834,2715.66,2546.22,0.2275
PR000754,2026-03-05,MANDI-055,Jalandhar,Cotton,0.5704,6653.0,0.6178,6620.0
PR006452,2026-05-15,MANDI-048,Amritsar,Sugarcane,3333.05,3745.96,3540.0,3500.0
PR005922,2026-01-25,MANDI-028,Ferozepur,Rice,2220.8072004241762,2482.0,2351.48,2183.0
PR007728,2026-07-13,MANDI-051,Ferozepur,Sugarcane,3649.71,3887.01,3768.36,3500.0
PR004990,2026-04-11,MANDI-034,Kurukshetra,Wheat,2334.0,2776.61,0.2555,0.2275
PR000321,2026-01-26,MANDI-024,Ferozepur,Maize,2018.0,2454.85,2236.0,
PR010252,2026-04-27,,Kurukshetra,Cotton,6369.67,0.7866,0.7118,6620.0
PR005795,2026-01-27,,,Maize,1848.54,2079.67,1964.11,2090.0
PR009072,2026-09-08,MANDI-033,Fatehabad,Mustard,5588.0,6265.674945038021,,5650.0
PR002024,2026-09-01,MANDI-045,Ambala,Mustard,4863.0,0.5545,5204.065894498197,5650.0
PR008035,2026-04-09,MANDI-010,Patiala,Mustard,,6732.0,6307.01,5650.0
PR001347,2026-08-08,MANDI-054,Moga,Cotton,0.6918,0.7379,7148.44,0.662
PR004368,2026-02-15,MANDI-019,Hisar,Cotton,6832.261464549546,8453.72,7642.99,6620.0
PR001830,2026-04-29,MANDI-038,Sirsa,Cotton,6585.53,7000.02,6793.0,6620.0
PR002997,2026-02-20,MANDI-042,Fatehabad,Mustard,5600.6,6419.0,6009.61,5650.0
PR003441,2026-07-20,MANDI-037,Moga,Wheat,2141.92,0.2606,0.2374,2275.0
PR010763,2026-02-22,MANDI-032,Sirsa,Sugarcane,3635.88,4178.0,3907.0,3500.0
PR002942,2026-09-06,MANDI-047,Hisar,Cotton,5904.44,6881.6,6393.02,6620.0
PR007340,2026-04-21,MANDI-034,Ambala,Maize,1856.583071361557,,2067.75,
PR007470,2026-01-13,,Bathinda,Sugarcane,3071.3913439628195,0.3251,,0.35
PR008210,2026-02-25,MANDI-035,Ambala,Mustard,4915.41,0.5429,5172.4,0.565
PR002300,2026-09-08,MANDI-031,Jalandhar,Rice,2100.1421022281097,2275.87,2188.0,0.2183
PR002566,2026-06-04,MANDI-011,Ludhiana,Wheat,2020.69,2435.55,2228.12,2275.0
PR007406,2026-09-06,MANDI-050,Hisar,Wheat,2009.0,2458.9,2233.93,2275.0
PR002267,2026-08-26,MANDI-006,Bathinda,Sugarcane,3426.0,3920.53,0.3673,3500.0
PR006629,2026-05-26,MANDI-004,Ambala,Rice,0.2175,2603.72,2389.39,2183.0
PR000222,2026-04-28,MANDI-020,,Sugarcane,3485.1248997515004,,3614.02,
PR004569,2026-05-06,MANDI-056,Ambala,Mustard,5574.72,6678.17,6126.44,5650.0
PR001856,2026-04-16,MANDI-023,Kurukshetra,Rice,2209.0,2455.47,2332.29,2183.0
PR002395,2026-06-15,MANDI-027,Ferozepur,Rice,2132.75,2624.1058527760183,2378.43,2183.0
PR011704,2026-06-27,MANDI-048,Hisar,Maize,0.2044,2248.0,2146.22,2090.0
PR011512,2026-12-03,MANDI-027,Fatehabad,Sugarcane,3606.74,3892.0,3749.43,3500.0
PR009797,2026-05-15,,Bathinda,Rice,2063.83,2506.75,2285.0,
PR010474,2026-05-31,MANDI-029,Ambala,Mustard,5691.0,6970.0,6331.0,5650.0
PR009324,2026-07-12,MANDI-057,Sirsa,Mustard,5894.27,6695.9,6295.08,5650.0
PR002978,2026-06-10,MANDI-049,,Cotton,6854.98,7678.88,,6620.0
PR006604,2026-05-30,MANDI-011,,Wheat,2380.83,2604.04,2492.43,0.2275
PR008411,2026-05-03,MANDI-056,,Cotton,6281.82,0.7567,6924.521578944961,6620.0
PR002365,2026-04-11,MANDI-011,Ambala,Sugarcane,3596.0,4164.06,3880.03,3500.0
PR011879,2026-10-04,MANDI-052,Ludhiana,Sugarcane,3673.86,0.4413,,3500.0
PR003098,2026-08-06,MANDI-002,Amritsar,Sugarcane,3506.63,0.4012,3759.37,3500.0
PR005584,2026-03-06,MANDI-009,Kurukshetra,Wheat,2043.03,2476.11,0.226,
PR003670,2026-09-01,MANDI-037,Ambala,Rice,1909.51,2151.72,0.2031,
PR005469,2026-07-08,MANDI-043,Ambala,Rice,1971.82,2151.0,2061.31,2183.0
PR003900,2026-04-20,MANDI-013,Patiala,Maize,1875.24,2036.15,1955.7,
PR000346,2026-07-09,MANDI-048,Bathinda,Maize,1911.58,2352.13,2132.0,2090.0
PR006978,2026-04-20,MANDI-041,Hisar,Mustard,5466.0,0.6691,6079.0,0.565
PR008376,2026-08-25,MANDI-019,,Cotton,5986.58,7250.302535301825,6618.4415523726375,6620.0
PR004451,2026-02-27,MANDI-008,,Sugarcane,3031.22,3209.9215529860116,0.3121,3500.0
PR000485,2026-02-19,MANDI-020,,Cotton,6143.74,,,6620.0
PR005366,2026-05-01,,Bathinda,Mustard,5502.17,5986.59,5744.38,
PR007697,2026-05-24,MANDI-026,,Rice,2034.583965815257,2518.18,2276.38,0.2183
PR000108,2026-10-02,MANDI-015,Bathinda,Sugarcane,3417.39,3764.61,3591.0,3500.0
PR000794,2026-12-03,MANDI-019,Ambala,Wheat,2333.7676351896407,2828.16,2580.96,
PR001072,2026-02-02,MANDI-053,Sirsa,Rice,1859.44,2294.0,2076.6725777132847,
PR005540,2026-07-27,MANDI-010,Ferozepur,Sugarcane,,3852.83,3640.354721019678,3500.0
PR005734,2026-09-08,MANDI-048,Hisar,Wheat,0.228,2800.25,2540.0,2275.0
PR007437,2026-03-19,MANDI-044,Ludhiana,Cotton,0.686,7614.25,7237.0,0.662
PR002409,2026-01-20,MANDI-004,Jalandhar,Mustard,5420.6,6058.66,5739.63,5650.0
PR003014,2026-07-24,MANDI-050,Kurukshetra,Sugarcane,3081.0,0.3349,3215.0,3500.0
PR003776,2026-06-25,,Kurukshetra,Cotton,0.58,,6257.37,6620.0
PR010265,2026-01-27,MANDI-026,Fatehabad,Sugarcane,3021.0322727942107,3501.46,3261.24,3500.0
PR004376,2026-04-06,MANDI-025,Moga,Maize,1794.05,2047.0,1920.76,2090.0
PR000342,2026-08-06,,Karnal,Maize,1964.92,2331.0,2148.039865760841,
PR004783,2026-05-24,MANDI-024,Hisar,Cotton,6735.771666897659,7460.9,,6620.0
PR003226,2026-03-09,MANDI-053,Ludhiana,Wheat,2341.03,2804.08,2573.0,2275.0
PR001011,2026-08-08,MANDI-057,Amritsar,Mustard,0.4869,5703.6,5286.0,0.565
PR005104,2026-05-14,MANDI-038,Patiala,Wheat,2235.18,2638.22,2436.7,2275.0
PR011687,2026-07-27,MANDI-053,Jalandhar,Wheat,2368.47,2831.05,2599.76,2275.0
PR002283,2026-04-02,MANDI-057,Bathinda,Rice,0.2091,2476.48,2284.0,
PR004226,2026-05-04,MANDI-024,Patiala,Mustard,4908.92,0.5358,5133.271377671124,5650.0
PR000021,2026-05-20,MANDI-023,Moga,Maize,2064.91,2380.22,2222.57,2090.0
PR006026,2026-03-28,MANDI-042,Hisar,Cotton,0.6268,,6576.57,6620.0
PR007950,2026-08-22,MANDI-036,Ludhiana,Wheat,2035.5,2139.98,2087.74,2275.0
PR011186,2026-02-04,MANDI-038,Amritsar,Rice,1916.55,2355.9737137156926,2136.26,2183.0
PR005035,2026-03-09,MANDI-037,Jalandhar,Rice,2135.81,2254.2,2195.0,
PR003645,2026-06-24,MANDI-048,,Maize,2006.3149059148122,2242.88,2124.6,
PR008929,2026-07-12,MANDI-055,Jalandhar,Maize,2076.3,0.2488,2282.0,2090.0
PR001154,2026-03-13,MANDI-034,Bathinda,Mustard,5305.37,5670.26,5487.82,5650.0
PR000573,2026-02-23,MANDI-031,Sirsa,Maize,0.1822,2115.1,1968.8,2090.0
PR002011,2026-07-16,MANDI-046,Bathinda,Wheat,2214.95,,0.2402,2275.0
PR003470,2026-01-28,MANDI-011,Amritsar,Wheat,2030.12,2241.5,2136.0,0.2275
PR006909,2026-01-01,,Ambala,Rice,1871.0,1971.84,0.1921,0.2183
PR009485,2026-05-05,MANDI-006,Ambala,Maize,1832.2,2018.0,0.1925,2090.0
PR003812,2026-04-13,MANDI-051,Ferozepur,Maize,1813.94,,,2090.0
PR001054,2026-05-04,MANDI-005,Sirsa,Rice,,2469.48,2235.0,2183.0
PR006150,2026-01-27,MANDI-034,Karnal,Maize,1838.0,0.2111,,
PR000323,2026-01-23,MANDI-049,Jalandhar,Rice,2055.37,2326.25,0.2191,2183.0
PR003547,2026-04-18,MANDI-045,Ambala,Wheat,1959.95,2376.22,2168.09,2275.0
PR002847,2026-02-04,MANDI-042,,Maize,2190.0,2617.26,2403.54,2090.0
PR004687,2026-07-21,MANDI-020,Ferozepur,Sugarcane,3580.51,4113.61,3847.06,
PR005859,2026-01-25,MANDI-026,Ludhiana,Mustard,5783.29,0.6636,6209.77,5650.0
PR001002,2026-07-28,MANDI-046,Patiala,Maize,2179.91,2483.94,2331.93,
PR001672,2026-04-22,MANDI-030,Hisar,Sugarcane,,3580.69,3463.0,3500.0
PR001932,2026-02-01,MANDI-057,,Sugarcane,3583.58,4273.3,3928.44,3500.0
PR009452,2026-08-27,MANDI-054,Hisar,Sugarcane,3625.2,4000.99,0.3813,
PR009720,2026-05-20,MANDI-045,Ferozepur,Maize,2016.17,2291.24,2153.7,2090.0
PR009525,2026-09-03,MANDI-007,Moga,Cotton,6324.636468868953,7335.7,6830.0,6620.0
PR011256,2026-01-25,MANDI-011,Ludhiana,Wheat,2258.2461850557547,2633.62,2446.0,2275.0
PR008892,2026-03-31,MANDI-055,Kurukshetra,Wheat,0.2368,2769.0,2568.0,
PR005344,2026-03-26,MANDI-017,,Cotton,0.6064,6646.4,6355.091760102543,0.662
PR010834,2026-02-04,MANDI-026,Jalandhar,Cotton,5687.0,6720.41,,6620.0
PR008252,2026-06-27,MANDI-015,Patiala,Rice,,2626.86,,2183.0
PR010326,2026-08-31,MANDI-026,Ludhiana,Rice,2212.0,2588.0,2399.94,
PR010648,2026-07-18,MANDI-033,Moga,Sugarcane,3092.8,3693.68,,0.35
PR010157,2026-01-25,MANDI-031,Ferozepur,Mustard,5314.87,6325.0,5819.99,0.565
PR000230,2026-08-30,,Kurukshetra,Rice,,2243.73,2171.1991629803197,2183.0
PR001455,2026-06-07,MANDI-027,Amritsar,Rice,2223.47,2766.27,0.2495,0.2183
PR002596,2026-08-18,,Ambala,Mustard,5360.58,6261.28,5810.93,5650.0
PR002731,2026-01-15,MANDI-001,Bathinda,Sugarcane,0.3071,3726.94,3398.82,3500.0
PR004131,2026-01-16,MANDI-033,Sirsa,Sugarcane,3373.0,3893.62,3633.43,3500.0
PR006633,2026-06-16,MANDI-004,Fatehabad,Rice,2147.18,2589.0,2367.89,2183.0
PR004217,2026-08-23,MANDI-024,Ambala,Mustard,4917.8983175264775,0.5755,5336.67,5650.0
PR001961,2026-06-22,,,Mustard,5420.244952940611,6744.0,6082.12,5650.0
PR002891,2026-08-04,MANDI-012,Karnal,Maize,1807.84,0.1928,1868.09,0.209
PR003495,2026-03-26,MANDI-056,Fatehabad,Maize,0.2075,2288.0,2182.0,2090.0
PR011335,2026-07-23,MANDI-003,Hisar,Maize,1969.95,0.2073,,0.209
PR005466,2026-04-19,MANDI-001,Ferozepur,Rice,2232.19,2635.25,0.2434,0.2183
PR011910,2026-04-07,MANDI-014,Ludhiana,Maize,1955.0,2091.4345706939494,2023.23,2090.0
PR001840,2026-05-02,MANDI-025,,Sugarcane,3023.656677490977,3682.0,3353.0,3500.0
PR008276,2026-07-27,MANDI-021,Jalandhar,Wheat,2324.36,2508.0,2416.09,2275.0
PR005269,2026-11-06,,,Mustard,0.5746,6662.02,6204.04,5650.0
PR007848,2026-08-16,MANDI-036,Amritsar,Wheat,2376.72,2937.0,2657.0,2275.0
PR002434,2026-06-30,MANDI-030,,Rice,2104.18,0.2404,2254.0,2183.0
PR003641,2026-06-27,MANDI-043,Moga,Wheat,2275.7034109528386,2564.98,0.242,2275.0
PR011773,2026-05-25,,Karnal,Maize,2139.53,2370.13,2254.83,2090.0
PR002388,2026-08-09,MANDI-049,,Mustard,4946.0,5251.72,5098.9,
PR008418,2026-06-25,MANDI-041,Hisar,Rice,0.1976,2354.98,2165.28,
PR010424,2026-03-09,MANDI-032,Karnal,Sugarcane,3000.73,3320.51,3161.0,3500.0
PR007330,2026-08-17,MANDI-034,,Sugarcane,,4143.99,3855.4,
PR000701,2026-02-18,MANDI-001,Kurukshetra,Mustard,5540.54,6419.75,0.598,5650.0
PR001983,2026-01-18,MANDI-022,Sirsa,Rice,1978.5,2137.13,2057.82,
PR002814,2026-05-26,MANDI-048,Moga,Rice,2015.2533389520365,2407.99,0.2212,2183.0
PR002909,2026-10-01,MANDI-039,Patiala,Rice,2106.44,2253.33,2179.88,2183.0
PR001654,2026-04-02,MANDI-016,Ferozepur,Wheat,2042.6,2237.03,0.214,
PR006845,2026-05-01,MANDI-037,,Maize,2151.4,2635.9147051355644,2393.66,
PR010137,2026-04-29,MANDI-044,Ferozepur,Wheat,2347.4,2842.87,2595.14,
PR001516,2026-08-15,MANDI-044,Jalandhar,Mustard,5236.59,5567.522872511331,5402.06,5650.0
PR006139,2026-05-31,MANDI-037,Ludhiana,Sugarcane,3352.91,3776.67,3564.79,3500.0
PR007114,2026-08-14,MANDI-018,,Mustard,0.4966,5643.98,5305.09,
PR000653,2026-07-21,MANDI-001,Jalandhar,Cotton,6892.050917623385,8076.0,0.7484,6620.0
PR010233,2026-01-13,MANDI-017,Bathinda,Maize,1944.88,2320.692653509486,0.2133,2090.0
PR002483,2026-09-04,MANDI-035,Patiala,Cotton,6858.0,7388.26,7123.1807915499285,6620.0
PR009595,2026-05-24,MANDI-013,Ferozepur,Sugarcane,3471.6644488114994,3908.4948222757616,3690.08,3500.0
PR007283,2026-07-18,MANDI-025,Bathinda,Maize,1877.54,2154.89,0.2016,2090.0
PR005472,2026-02-08,MANDI-055,Hisar,Wheat,0.238,2707.4834037446703,2543.8,2275.0
PR001934,2026-08-09,MANDI-057,Jalandhar,Sugarcane,0.3097,0.339,3243.35,0.35
PR010240,2026-01-04,MANDI-053,Jalandhar,Mustard,5359.624278917173,6516.14,5937.88,5650.0
PR011474,2026-03-01,MANDI-026,Ambala,Rice,2269.8878495719623,,2521.45,2183.0
PR006708,2026-07-19,MANDI-050,Bathinda,Maize,1855.0,1974.45,0.1915,2090.0
PR001355,2026-07-01,MANDI-011,Ferozepur,Mustard,5574.478933825742,0.6742,0.6158,5650.0
PR010595,2026-05-24,MANDI-049,Kurukshetra,Sugarcane,3165.36,3821.24,3493.3,0.35
PR000067,2026-06-18,MANDI-018,Bathinda,Maize,2053.02,2349.62,2201.32,2090.0
PR010688,2026-03-18,MANDI-005,Ambala,Sugarcane,3140.666080048671,3488.5809103517263,3315.0,
PR004176,2026-01-06,MANDI-048,Amritsar,Mustard,5784.19,7098.35,6441.27,5650.0
PR005055,2026-02-07,MANDI-028,Patiala,Mustard,0.4994,6142.0,5568.01,5650.0
PR008781,2026-06-30,MANDI-050,Ludhiana,Mustard,4856.05,5530.88,5193.46,0.565
PR010301,2026-08-30,MANDI-002,Fatehabad,Mustard,0.5154,0.5465,5309.0,
PR008347,2026-03-02,MANDI-002,Ludhiana,Sugarcane,,0.3523,3355.95,
PR011291,2026-05-22,MANDI-021,Jalandhar,Rice,0.2108,2488.28,2298.08,2183.0
PR000066,2026-01-27,MANDI-005,Moga,Wheat,2057.66,2498.12,2278.0,2275.0
PR005644,2026-04-29,MANDI-004,Sirsa,Cotton,5778.14,7010.46,6394.29736264755,6620.0
PR009123,2026-08-17,MANDI-036,,Mustard,5924.0,6597.84,6260.87,
PR005850,2026-02-21,MANDI-039,Jalandhar,Wheat,2104.21,2318.64,2211.42,2275.0
PR005932,2026-04-03,,Amritsar,Maize,1782.79,2198.0,,
PR010457,2026-07-23,MANDI-056,Amritsar,Sugarcane,0.3202,3423.17,0.3312,
PR005977,2026-01-21,,Ludhiana,Sugarcane,,3466.4,3348.612387969572,0.35
PR005702,2026-05-07,,Ferozepur,Sugarcane,0.3511,3799.19,3655.3,0.35
PR003013,2026-06-18,MANDI-028,Fatehabad,Cotton,5652.44,6857.25,6254.84,6620.0
PR006132,2026-08-31,MANDI-034,Bathinda,Rice,0.2116,2423.25,0.2269,0.2183
PR002415,2026-07-14,MANDI-021,Sirsa,Cotton,6223.96,6535.0,0.638,6620.0
PR010925,2026-01-29,MANDI-052,Amritsar,Wheat,2115.67,0.2225,2170.49,2275.0
PR000219,2026-06-05,MANDI-019,Bathinda,Wheat,2215.03,2398.0,2306.0,2275.0
PR011418,2026-06-21,MANDI-005,Moga,Maize,2076.563558398944,2501.81,2289.0,2090.0
PR010953,2026-02-01,MANDI-051,Patiala,Sugarcane,0.366,4300.33677494762,3980.06,3500.0
PR011251,2026-06-01,MANDI-043,Amritsar,Mustard,5146.39,5536.03,5341.0,5650.0
PR003796,2026-03-13,MANDI-052,Patiala,Mustard,0.5437,6228.47,0.5833,5650.0
PR009202,2026-08-19,MANDI-001,Karnal,Maize,1975.28,2173.82,,2090.0
PR003580,2026-10-07,MANDI-043,Fatehabad,Cotton,6049.87,,6661.52,0.662
PR009224,2026-01-30,MANDI-026,Ludhiana,Wheat,2122.34,2476.0436361356424,2299.1931612785925,2275.0
PR000273,2026-06-17,MANDI-057,Ferozepur,Sugarcane,3329.848979718373,3968.31,0.3649,
PR011129,2026-01-22,MANDI-021,Ferozepur,Mustard,5625.16,6656.54,6140.85,
PR010377,2026-02-25,MANDI-025,Ferozepur,Cotton,6334.0,7524.588865869193,0.6929,6620.0
PR004819,2026-07-15,MANDI-036,Patiala,Rice,2270.56,2583.8,2427.18,0.2183
PR008756,2026-10-06,MANDI-029,Sirsa,Maize,1892.09,2087.0,1989.42,2090.0
PR002350,2026-04-11,MANDI-019,Patiala,Mustard,5057.0,5549.21,,5650.0
PR010612,2026-08-19,MANDI-044,Ferozepur,Cotton,0.57,6111.8,5905.69,
PR009046,2026-05-24,MANDI-011,Karnal,Sugarcane,3486.97,0.4138,3812.25,3500.0
PR008807,2026-01-25,MANDI-032,Sirsa,Mustard,5016.58,0.5753,,5650.0
PR006534,2026-04-16,MANDI-026,,Sugarcane,2984.97,,3126.0,3500.0
PR001462,2026-06-26,MANDI-035,Karnal,Mustard,4984.23,5864.0,5424.0,5650.0
PR011871,2026-08-12,,Ferozepur,Wheat,2183.22,2569.187768162876,2376.21,2275.0
PR002999,2026-04-16,,Moga,Sugarcane,3296.05,3989.92,3642.98,
PR003491,2026-04-08,MANDI-005,,Maize,1935.17,2137.2132196953107,2036.19,2090.0
PR004151,2026-04-07,MANDI-021,Jalandhar,Sugarcane,0.3261,3593.58,3427.51,3500.0
PR011282,2026-07-19,MANDI-029,Patiala,Rice,2050.0,2535.812306633646,2292.77,
PR010628,2026-03-01,MANDI-057,Karnal,Sugarcane,3109.29,3654.0,3381.53,0.35
PR002362,2026-08-21,MANDI-001,Ludhiana,Sugarcane,3457.0,4042.95,3749.96,3500.0
PR007091,2026-07-17,MANDI-030,Patiala,Mustard,5210.067678661628,5720.583785478627,5465.33,5650.0
PR001353,2026-08-23,MANDI-051,Karnal,Rice,2284.31,2518.658344174839,2401.48,
PR007434,2026-04-14,MANDI-024,Kurukshetra,Cotton,5963.79,7443.32,6703.56,6620.0
PR001228,2026-06-29,MANDI-013,Moga,Sugarcane,3382.69,3922.24,3652.46,3500.0
PR011776,2026-07-20,MANDI-034,Ludhiana,Mustard,0.5442,6100.05,5770.8,5650.0
PR006669,2026-01-24,MANDI-007,Moga,Maize,2194.22,2367.39,2280.81,2090.0
PR009345,2026-03-11,MANDI-025,Amritsar,Wheat,2331.0,2658.87,,0.2275
PR010123,2026-05-20,MANDI-050,Kurukshetra,Sugarcane,3343.64,3589.49,3466.57,
PR011493,2026-05-17,MANDI-049,Hisar,Rice,0.1987,2462.17,2224.59,2183.0
PR010512,2026-05-11,,Ferozepur,Wheat,2011.0,2272.0,2141.3765963552223,2275.0
PR006761,2026-04-09,,,Rice,0.2192,2657.46,2424.5,2183.0
PR003009,2026-03-03,MANDI-018,Ludhiana,Mustard,5688.04,6028.94,5858.49,5650.0
PR002012,2026-07-23,MANDI-015,Moga,Maize,1993.24,0.2411,0.2202,2090.0
PR002257,2026-01-23,MANDI-016,Ferozepur,Rice,2107.67,2600.1790601061357,0.2354,2183.0
PR002068,2026-02-06,MANDI-054,Hisar,Cotton,6708.69,8373.17,7540.93,0.662
PR002719,2026-02-25,MANDI-047,Sirsa,Rice,2156.07,2502.0,2329.24,2183.0
PR003813,2026-08-23,MANDI-026,Ambala,Cotton,0.6426,7071.77,6748.93,6620.0
PR007177,2026-07-20,,Bathinda,Cotton,6019.71,6622.56,0.6321,6620.0
PR004052,2026-09-07,MANDI-018,Ambala,Cotton,6761.35,7362.0,7061.718461546968,6620.0
PR004550,2026-08-21,,Bathinda,Wheat,1976.7,0.2293,2134.81,2275.0
PR003342,2026-05-25,,Fatehabad,Wheat,0.1945,2110.13,0.2028,2275.0
PR006683,2026-07-23,MANDI-011,Ferozepur,Wheat,0.2086,2266.11,2176.22,0.2275
PR007751,2026-02-02,MANDI-039,Patiala,Maize,2093.602013796056,0.2234,2163.64,2090.0
PR002668,2026-02-06,MANDI-031,Ferozepur,Cotton,6611.03,8128.49,7370.0,6620.0
PR005163,2026-08-21,MANDI-017,Bathinda,Maize,2110.0,2587.2,2349.0,
PR009998,2026-04-03,MANDI-033,Jalandhar,Wheat,1936.58,0.2085,2011.000270364541,0.2275
PR011896,2026-05-24,MANDI-019,,Maize,1861.8,2081.77,1971.78,2090.0
PR005185,2026-04-28,MANDI-021,Moga,Maize,1847.0,2077.67,1962.47,
PR011833,2026-06-03,MANDI-022,Fatehabad,Wheat,2036.89,2467.1695393225323,2252.03,2275.0
PR004707,2026-06-23,MANDI-011,Hisar,Maize,1992.5020034179686,2200.8772961169075,2096.69,2090.0
PR003815,2026-01-12,MANDI-035,Hisar,Cotton,5645.47,6812.47,6228.97,6620.0
PR003947,2026-03-21,MANDI-001,,Wheat,2057.0,2203.05,2129.95,2275.0
PR008236,2026-04-01,MANDI-012,Bathinda,Sugarcane,3208.83,3969.75,3589.0,3500.0
PR004086,2026-01-07,,Jalandhar,Sugarcane,3068.65,3604.4,3336.52,3500.0
PR010813,2026-04-18,MANDI-004,Amritsar,Sugarcane,3110.89,3877.01,3493.95,0.35
PR001144,2026-05-21,MANDI-043,Ambala,Wheat,2341.33,2852.990327290619,2597.0,2275.0
PR011963,2026-07-15,,Sirsa,Cotton,5947.81,6507.09,6227.45,6620.0
PR007154,2026-07-10,MANDI-052,Kurukshetra,Cotton,6433.0,7136.32,0.6785,6620.0
PR008102,2026-03-19,MANDI-015,,Maize,1966.78,2157.31,2062.05,2090.0
PR004194,2026-10-05,MANDI-034,Bathinda,Mustard,5133.6,,5308.61,5650.0
PR004805,2026-09-08,,Moga,Wheat,2039.03,2500.25,0.227,
PR008388,2026-01-18,MANDI-037,Karnal,Mustard,5050.87,5945.71,0.5498,
PR000862,2026-05-03,MANDI-010,Patiala,Cotton,5713.46,0.6072,5893.0,
PR004426,2026-06-22,,Fatehabad,Wheat,2097.66,2566.0,2331.8141129663854,2275.0
PR009127,2026-10-03,MANDI-030,Ludhiana,Cotton,6034.368433653026,7402.83,6718.6,6620.0
PR007211,2026-05-24,MANDI-052,Hisar,Rice,0.213,2649.79,0.239,2183.0
PR011451,2026-07-17,MANDI-007,Hisar,Cotton,6706.24,7046.0,0.6876,6620.0
PR010516,2026-03-04,MANDI-033,Sirsa,Maize,1853.69,0.2231,2042.58,2090.0
PR011008,2026-08-28,MANDI-037,Bathinda,Sugarcane,3033.1,3686.93,,0.35
PR004929,2026-07-07,,Amritsar,Maize,1790.35,2067.8,1929.0767038201693,0.209
PR000349,2026-06-15,MANDI-048,Karnal,Maize,,2230.0,2133.41,
PR005634,2026-02-13,MANDI-034,Amritsar,Sugarcane,,4414.97,4029.0,3500.0
PR010113,2026-04-24,MANDI-025,Ludhiana,Wheat,2037.66,2344.98,0.2191,2275.0
PR008361,2026-05-10,MANDI-033,Kurukshetra,Rice,2026.35,2441.0,2234.0,
PR000495,2026-04-14,,Jalandhar,Mustard,5710.0,6897.11,6304.0,0.565
PR011855,2026-04-17,MANDI-007,Bathinda,Sugarcane,3527.5,4296.59,3912.0,3500.0
PR005337,2026-04-13,MANDI-044,Hisar,Maize,2105.0,2574.0,0.2339,2090.0
PR008298,2026-03-21,MANDI-039,,Cotton,6805.934235897671,,7567.713145003912,6620.0
PR007873,2026-08-30,MANDI-014,Ludhiana,Cotton,6826.05,7469.5,0.7148,0.662
PR011344,2026-01-04,MANDI-055,,Wheat,0.2031,2399.0,0.2215,2275.0
PR005737,2026-02-15,MANDI-031,Fatehabad,Wheat,2186.37,2359.6447107269505,2273.01,
PR010333,2026-01-21,MANDI-052,Ambala,Cotton,,6268.4,5975.0,0.662
PR005663,2026-06-08,MANDI-057,Ambala,Rice,1907.69,2295.0,0.2102,0.2183
PR007568,2026-07-11,MANDI-041,Kurukshetra,Cotton,6014.0,7170.0,0.6592,6620.0
PR008049,2026-04-08,MANDI-030,Jalandhar,Sugarcane,3309.0,3927.28,0.3618,
PR007549,2026-05-02,MANDI-037,Moga,Cotton,6940.86,,7142.16,
PR004520,2026-05-16,MANDI-017,Fatehabad,Mustard,5588.38,6142.46,,5650.0
PR003730,2026-01-08,MANDI-055,Kurukshetra,Mustard,4877.83,,5463.0,5650.0
PR005396,2026-03-19,MANDI-029,Fatehabad,Maize,,2307.02,,
PR001935,2026-08-13,MANDI-003,,Cotton,5662.713033284256,6936.19,0.6299,
PR011701,2026-03-04,MANDI-001,Amritsar,Rice,0.2176,0.2624,2399.786636958348,2183.0
PR003811,2026-07-31,MANDI-052,,Rice,2108.01,2510.86,0.2309,2183.0
PR008520,2026-05-06,MANDI-029,Bathinda,Rice,2071.68,2451.0,2261.35,2183.0
PR001061,2026-04-08,MANDI-017,Ambala,Sugarcane,3666.0,3897.597258347501,3781.66,3500.0
PR004743,2026-08-13,MANDI-043,Ludhiana,Wheat,2180.0,2426.13,2303.0,2275.0
PR008414,2026-07-09,MANDI-053,Moga,Sugarcane,0.317,3388.64,3279.26,3500.0
PR006745,2026-02-02,MANDI-026,Jalandhar,Wheat,2180.15,2476.72,2328.43,2275.0
PR000545,2026-06-24,,Patiala,Maize,2099.12,2535.4971639254504,,
PR008323,2026-06-23,MANDI-052,Fatehabad,Mustard,5400.0,6394.2,5897.15,5650.0
PR002445,2026-02-17,MANDI-004,Hisar,Wheat,2379.0,,0.2602,2275.0
PR008097,2026-02-23,MANDI-006,,Wheat,,0.2693,2430.0,2275.0
PR002045,2026-01-12,MANDI-018,Ludhiana,Rice,1872.56,,2082.592735698003,
PR001536,2026-08-23,MANDI-054,Ferozepur,Wheat,2333.2122162443975,2753.16,0.2543,2275.0
PR011423,2026-08-31,MANDI-027,Hisar,Sugarcane,3527.7199392967495,4242.62,,3500.0
PR011779,2026-07-20,MANDI-023,Karnal,Mustard,,7175.0,6544.0,0.565
PR006813,2026-02-12,MANDI-029,Fatehabad,Wheat,,2553.0,2362.3665157231117,2275.0
PR005198,2026-01-24,MANDI-022,,Cotton,5633.577266582392,,5792.35,6620.0
PR011089,2026-08-06,MANDI-005,Fatehabad,Wheat,2035.2183187817975,2359.900980752361,2197.56,2275.0
PR004150,2026-06-13,MANDI-026,Kurukshetra,Mustard,0.5317,6397.9,5857.38,5650.0
PR010251,2026-05-10,MANDI-038,Kurukshetra,Mustard,5477.0,6561.13,6019.21,5650.0
PR005580,2026-05-29,MANDI-030,Jalandhar,Maize,2064.59,2259.06,2161.8234550643456,2090.0
PR001645,2026-07-19,MANDI-044,Amritsar,Maize,2184.3,2625.52,2405.0,2090.0
PR007883,2026-06-26,MANDI-043,Bathinda,Maize,1903.0,2245.6,2074.27,2090.0
PR002343,2026-04-13,MANDI-031,Jalandhar,Cotton,6222.7102792251735,7110.2,6666.0,6620.0
PR007716,2026-01-25,MANDI-053,,Wheat,0.2387,2837.96,0.2613,
PR000139,2026-01-16,,Ferozepur,Rice,,2573.0,2423.52,2183.0
PR007849,2026-08-26,MANDI-041,,Maize,1837.23,2254.36,0.2046,2090.0
PR010239,2026-04-13,,Ambala,Mustard,5430.365316632562,6046.22,5738.29,5650.0
PR009756,2026-10-04,MANDI-043,Ludhiana,Rice,2112.59,2513.83,2313.2099969867386,2183.0
PR005118,2026-01-23,MANDI-023,Ludhiana,Rice,2130.04,2347.94,2238.99,2183.0
PR005303,2026-03-17,MANDI-041,,Maize,,2323.8743134705123,0.2244,2090.0
PR003970,2026-01-24,MANDI-041,Ambala,Rice,2142.08,,2302.52,2183.0
PR010928,2026-08-26,MANDI-010,Jalandhar,Wheat,2162.7,2339.57,0.2251,0.2275
PR006570,2026-08-09,MANDI-019,Ambala,Cotton,6733.81,7439.54,7087.0,
PR010833,2026-02-20,MANDI-052,Kurukshetra,Sugarcane,3614.67,4005.678858055052,3810.17,
PR001706,2026-07-04,MANDI-011,Ferozepur,Rice,1979.69,2382.92,2181.3,0.2183
PR011378,2026-08-26,MANDI-010,Bathinda,Sugarcane,3608.0379704752745,4326.0,3967.05,3500.0
PR001198,2026-01-02,MANDI-046,Hisar,Wheat,0.2217,2652.0,,2275.0
PR009562,2026-06-26,MANDI-050,Patiala,Cotton,6517.54,0.8004,7261.0,6620.0
PR007871,2026-08-13,MANDI-050,Bathinda,Wheat,2168.48,2441.13,0.2305,2275.0
PR007730,2026-07-03,MANDI-010,Ferozepur,Cotton,6524.94,7686.71,7105.83,6620.0
PR008325,2026-02-24,MANDI-002,Hisar,Cotton,6051.66,6783.61,6418.0,6620.0
PR000130,2026-05-02,MANDI-027,Jalandhar,Rice,1990.82,2301.53,2146.17,2183.0
PR006434,2026-08-25,MANDI-007,,Maize,1806.89,1988.0,1897.63,
PR007629,2026-06-19,MANDI-041,Bathinda,Wheat,0.2294,2696.06,2495.25,
PR001906,2026-01-09,,Ferozepur,Mustard,5368.9,6675.82,6022.0,5650.0
PR001215,2026-03-05,MANDI-040,Karnal,Wheat,1966.76,2172.0,2069.0,2275.0
PR010324,2026-02-26,MANDI-036,Hisar,Maize,0.2191,2360.03,2275.52,
PR001274,2026-06-02,MANDI-052,Fatehabad,Wheat,1978.52,2131.65,2055.09,
PR001246,2026-05-03,MANDI-022,Hisar,Sugarcane,3251.0,4032.14,3641.64,3500.0
PR005369,2026-01-29,MANDI-014,,Mustard,5434.84,6006.18,0.5721,5650.0
PR000365,2026-04-01,MANDI-006,Ferozepur,Rice,2054.54,2219.85,2137.2,2183.0
PR009148,2026-01-30,MANDI-026,,Rice,2006.91,2312.97,2159.94,2183.0
PR008019,2026-07-30,MANDI-014,Amritsar,Wheat,2156.53,2352.0,2254.36,2275.0
PR004410,2026-01-17,MANDI-029,Fatehabad,Rice,2011.0,2380.65,0.2196,2183.0
PR011466,2026-08-18,MANDI-035,Karnal,Cotton,,7413.86,0.6915,6620.0
PR010697,2026-04-01,MANDI-002,Moga,Cotton,5966.02,6511.09,6238.55,0.662
PR005500,2026-05-20,MANDI-036,Fatehabad,Wheat,2290.27,2551.54,2420.9020006745213,2275.0
PR003248,2026-06-01,MANDI-001,,Rice,0.2244,2568.93,2406.59,2183.0
PR002148,2026-03-05,MANDI-049,Jalandhar,Maize,2044.53,2373.12,2208.83,0.209
PR002932,2026-01-05,MANDI-021,Moga,Wheat,2111.67,2321.74,0.2217,2275.0
PR004227,2026-01-03,MANDI-045,Ambala,Sugarcane,0.3041,3580.51,3310.585197040155,
PR005720,2026-05-31,MANDI-051,Bathinda,Rice,0.1997,0.2115,2056.28,2183.0
PR003267,2026-07-04,MANDI-031,,Sugarcane,3018.3,3183.25,3100.77,3500.0
PR007195,2026-01-17,MANDI-012,Amritsar,Maize,2037.73,2226.94,2132.33,2090.0
PR001398,2026-08-01,MANDI-015,Ambala,Cotton,5833.0,6675.52,6254.38,
PR002834,2026-06-18,,Ferozepur,Rice,0.193,2182.22,2056.04,2183.0
PR009508,2026-06-02,MANDI-051,Amritsar,Rice,2193.34,0.2596,2394.51,2183.0
PR010121,2026-01-19,MANDI-017,Amritsar,Wheat,2055.36,2207.33,2131.34,2275.0
PR011387,2026-05-29,MANDI-044,Sirsa,Cotton,6564.2,7533.7380424884595,7048.97,6620.0
PR011887,2026-03-23,MANDI-014,Kurukshetra,Sugarcane,3342.11,3824.96,3583.53,
PR007537,2026-02-13,MANDI-029,Kurukshetra,Mustard,,6590.02,6216.21,
PR000845,2026-08-01,MANDI-020,Amritsar,Mustard,4917.22,5265.0,5091.31,
PR010309,2026-10-03,MANDI-049,Sirsa,Mustard,0.5153,6272.812651767785,5713.0,0.565
PR006675,2026-06-08,MANDI-009,Jalandhar,Mustard,5128.18,6203.86,5666.02,5650.0
PR007734,2026-06-24,MANDI-041,Bathinda,Sugarcane,3645.0,4411.33,4028.41,3500.0
PR006846,2026-07-09,MANDI-035,Ambala,Mustard,5063.18,5483.03,0.5273,
PR008835,2026-03-14,MANDI-034,Moga,Cotton,0.6311,6860.3,6585.43,6620.0
PR011115,2026-04-07,MANDI-007,Kurukshetra,Sugarcane,3057.73,0.3712,3384.94,3500.0
PR007486,2026-04-29,,Fatehabad,Mustard,5443.343719163512,6750.0,6096.43,5650.0
PR004880,2026-01-09,MANDI-020,,Sugarcane,3544.16,4224.63,3884.0,3500.0
PR005178,2026-06-17,MANDI-028,Fatehabad,Rice,2143.17,0.2369,2256.11,
PR006239,2026-04-28,MANDI-055,Kurukshetra,Cotton,5851.56,0.7279,6565.05,6620.0
PR005196,2026-02-25,MANDI-056,Amritsar,Cotton,5903.18,7305.9,6604.54,6620.0
PR005473,2026-03-02,MANDI-033,,Mustard,4958.13,5333.099571692799,5146.0,
PR004716,2026-04-01,MANDI-048,Jalandhar,Cotton,0.6219,7603.34,,0.662
PR001050,2026-02-07,MANDI-043,Hisar,Mustard,5441.51,6560.58,6001.04,5650.0
PR006739,2026-06-22,MANDI-057,Karnal,Cotton,5813.01,0.6502,0.6157,6620.0
PR000048,2026-08-07,MANDI-009,,Cotton,6730.24,7559.26,7144.75,6620.0
PR008961,2026-04-18,MANDI-031,Sirsa,Cotton,0.5777,6406.55,6091.6,6620.0
PR005588,2026-08-09,MANDI-052,Moga,Cotton,6176.0,0.7599,6887.52,
PR003829,2026-02-23,MANDI-015,Ludhiana,Sugarcane,0.3261,3605.26,3433.02,
PR007581,2026-01-07,MANDI-041,Moga,Cotton,0.592,6397.42,6158.941188192047,
PR000144,2026-08-25,MANDI-051,Ludhiana,Sugarcane,3324.0,,3499.71,3500.0
PR000711,2026-07-26,MANDI-046,Ambala,Mustard,5460.0,6111.02,5785.52,
PR001763,2026-05-07,MANDI-023,Fatehabad,Rice,1946.94,2209.87,2078.41,2183.0
PR002201,2026-08-02,MANDI-019,Fatehabad,Rice,1971.46,2321.53,0.2146,
PR010036,2026-02-13,MANDI-054,Moga,Mustard,5202.4,6131.212877351312,5667.0,
PR004213,2026-08-06,MANDI-052,Ferozepur,Cotton,0.6701,,7117.23,6620.0
PR007331,2026-03-31,MANDI-025,Jalandhar,Wheat,2100.09,2413.21,2256.65,2275.0
PR011721,2026-08-18,MANDI-056,Moga,Cotton,6030.0,6871.7,6451.03,6620.0
PR000117,2026-06-05,MANDI-011,Bathinda,Maize,1989.5,2201.25,2095.38,2090.0
PR002066,2026-05-26,MANDI-036,Karnal,Cotton,6256.01,7220.0,0.6738,6620.0
PR004259,2026-06-02,MANDI-019,Hisar,Mustard,4915.25,,5523.26,5650.0
PR002927,2026-01-25,MANDI-015,,Rice,2233.0,2384.38,2308.0,2183.0
PR009986,2026-03-17,MANDI-004,,Cotton,6300.52,7025.0,6663.0,6620.0
PR007029,2026-07-12,,Jalandhar,Wheat,0.2204,2470.0,2336.7453816837433,2275.0
PR008312,2026-08-08,MANDI-020,Ambala,Mustard,5808.0,6992.0,6400.22,5650.0
PR007866,2026-02-27,MANDI-049,Bathinda,Cotton,6756.41,7461.99,,6620.0
PR008143,2026-03-22,MANDI-044,Bathinda,Mustard,5463.7,,5746.0,5650.0
PR001714,2026-02-09,MANDI-011,Bathinda,Maize,1805.7,2011.0772305174087,1908.39,0.209
PR010313,2026-04-18,MANDI-015,Karnal,Mustard,5049.59063815527,5787.84,5418.716113400174,0.565
PR008243,2026-04-30,MANDI-014,Hisar,Rice,1936.0,2403.0,0.217,2183.0
PR001568,2026-04-06,MANDI-034,Kurukshetra,Mustard,4892.0,5346.07,5119.0,5650.0
PR006092,2026-02-24,MANDI-034,Hisar,Rice,1862.94,2327.64,2095.29,
PR010130,2026-03-03,MANDI-037,Bathinda,Wheat,2171.0,0.2652,2411.31,2275.0
PR002679,2026-03-22,MANDI-051,Moga,Cotton,6397.56,0.7803,0.71,
PR007370,2026-12-08,MANDI-054,Sirsa,Wheat,2243.0,2778.91,0.2511,2275.0
PR009883,2026-05-28,MANDI-024,Patiala,Wheat,,2630.32,2472.93,2275.0
PR000145,2026-05-30,,Bathinda,Maize,1999.52,2494.0,2246.91,
PR007541,2026-02-23,MANDI-014,Moga,Maize,1877.5061925077796,0.2147,0.2012,0.209
PR004991,2026-01-08,MANDI-027,,Wheat,2313.1,2542.68,2427.8890433848105,0.2275
PR006213,2026-04-25,MANDI-001,Moga,Mustard,4898.22,5152.18,,5650.0
PR000651,2026-08-30,MANDI-039,Moga,Cotton,6506.41,7366.07,6936.24,6620.0
PR006931,2026-07-26,MANDI-029,Kurukshetra,Rice,2238.18,2454.044212236663,0.2346,2183.0
PR005125,2026-02-14,MANDI-020,Ferozepur,Cotton,5903.02,0.7336,6619.43,0.662
PR003362,2026-05-03,MANDI-009,Bathinda,Wheat,2103.3,,0.2205,
PR006383,2026-06-17,MANDI-054,Ludhiana,Mustard,4945.28,5577.0,5261.34,0.565
PR000137,2026-01-08,MANDI-057,Fatehabad,Cotton,5927.67,6880.0,0.6404,6620.0
PR009404,2026-06-20,MANDI-055,Karnal,Wheat,2282.0,2603.63,0.2443,2275.0
PR006378,2026-07-26,MANDI-039,,Sugarcane,3558.22,3779.8,3669.010635800875,3500.0
PR006537,2026-01-19,MANDI-020,Bathinda,Cotton,5666.0,6664.25,,6620.0
PR000908,2026-02-05,MANDI-035,Jalandhar,Maize,1903.1,,2131.82,0.209
PR009614,2026-08-26,MANDI-047,Sirsa,Rice,2123.0,2310.99,2216.748842791152,0.2183
PR003749,2026-07-26,MANDI-017,Hisar,Wheat,,2701.81,2445.96,2275.0
PR000200,2026-03-13,MANDI-034,Kurukshetra,Mustard,5371.37,6711.31,,0.565
PR007827,2026-11-05,MANDI-048,Ludhiana,Sugarcane,3475.0,0.3768,3621.42,3500.0
PR010859,2026-06-15,MANDI-033,Hisar,Cotton,0.641,7019.99,6715.11,6620.0
PR002685,2026-07-18,,Patiala,Maize,1989.27,2123.29,2056.28,2090.0
PR010337,2026-06-14,MANDI-016,Sirsa,Maize,2028.12,2477.82,2252.97,2090.0
PR001000,2026-11-07,MANDI-006,Amritsar,Wheat,1962.7,2210.73,2086.71,
PR006822,2026-01-05,MANDI-030,,Maize,0.2171,2577.25,2374.01,2090.0
PR011174,2026-01-06,MANDI-035,Ambala,Cotton,0.614,7317.0,0.6729,
PR004032,2026-04-20,MANDI-054,Hisar,Cotton,0.6419,7554.32,6986.73,
PR009881,2026-01-14,MANDI-047,Amritsar,Cotton,6816.44,8440.98,7628.707615799716,6620.0
PR011488,2026-06-24,MANDI-001,Bathinda,Mustard,5397.266846379535,0.619,5793.67,5650.0
PR011232,2026-07-14,MANDI-057,Ambala,Sugarcane,3378.0,3932.25,3655.13,3500.0
PR006768,2026-03-07,MANDI-005,Ludhiana,Wheat,1951.0,,2008.4152127755858,2275.0
PR008306,2026-06-12,,Jalandhar,Maize,2124.21,,2264.82,2090.0
PR002755,2026-01-09,MANDI-016,Patiala,Maize,0.2087,2374.34,2230.71,2090.0
PR004859,2026-03-30,MANDI-008,Moga,Sugarcane,0.3656,4312.96,3984.46,
PR004562,2026-03-08,MANDI-043,Sirsa,Sugarcane,3338.0,0.3535,3436.0,3500.0
PR004967,2026-02-14,MANDI-021,,Rice,1998.29,2326.66,2162.48,2183.0
PR006158,2026-12-07,MANDI-032,Patiala,Maize,1873.09,2089.107094780464,1981.09930211867,2090.0
PR005513,2026-02-02,MANDI-007,,Mustard,0.5589,0.609,5839.09,5650.0
PR004584,2026-02-14,,Fatehabad,Maize,1943.9409268572183,2391.03,2167.49,0.209
PR001399,2026-03-03,MANDI-018,Patiala,Maize,1782.15,2111.93,0.1947,2090.0
PR007699,2026-07-10,,Jalandhar,Cotton,,0.767,7280.0,
PR006523,2026-08-31,MANDI-006,Karnal,Wheat,2189.33,2711.92,2450.62,
PR005535,2026-01-17,MANDI-016,Patiala,Rice,,2700.07,2489.51,0.2183
PR010937,2026-01-15,MANDI-048,Sirsa,Mustard,5897.0,6852.68,6374.9,5650.0
PR000217,2026-02-10,MANDI-037,Moga,Rice,0.1974,2102.0,2038.24,2183.0
PR000436,2026-08-14,MANDI-030,Bathinda,Cotton,6029.349938212297,6528.27,6279.0,0.662
PR001261,2026-08-14,MANDI-036,Amritsar,Maize,,0.2363,,
PR004720,2026-04-26,MANDI-024,Ferozepur,Mustard,0.5053,6285.18,0.5669,5650.0
PR001258,2026-06-25,MANDI-030,Moga,Wheat,2165.11,,2367.2866639300137,2275.0
PR000510,2026-08-28,MANDI-013,Ferozepur,Cotton,6652.62,7700.89,7176.754005731096,6620.0
PR008758,2026-04-04,,Hisar,Maize,2061.02,2185.0,0.2123,2090.0
PR000758,2026-03-24,MANDI-047,Bathinda,Mustard,5893.96,6989.24,6441.6,0.565
PR011892,2026-02-14,MANDI-004,Patiala,Mustard,,,5096.54,5650.0
PR009784,2026-06-06,MANDI-047,Ludhiana,Cotton,5649.8,,5917.77,6620.0
PR005080,2026-08-30,MANDI-035,Karnal,Maize,1952.9,2211.0,2082.11,2090.0
PR002360,2026-11-03,MANDI-022,Sirsa,Wheat,2019.83,2160.83,2090.33,2275.0
PR009240,2026-06-03,MANDI-023,,Sugarcane,3201.6,3804.0,3502.94,3500.0
PR006079,2026-04-29,MANDI-038,Jalandhar,Maize,2059.78,2453.0,2256.37,
PR010168,2026-03-04,MANDI-004,Fatehabad,Maize,1990.83,2421.0,,2090.0
PR001792,2026-01-05,MANDI-034,Hisar,Mustard,,7003.01,6452.67,
PR005970,2026-06-07,,Hisar,Rice,1856.21,1986.0,1921.0,2183.0
PR000038,2026-06-09,,Sirsa,Wheat,,2601.22,2424.04,2275.0
PR003147,2026-07-08,MANDI-016,Kurukshetra,Maize,1795.0,2142.971633583172,1969.0,2090.0
PR010287,2026-02-24,MANDI-024,Sirsa,Mustard,5755.62,6242.85,0.5999,5650.0
PR011218,2026-01-08,,Karnal,Sugarcane,3179.2,0.3407,3293.0,3500.0
PR001471,2026-02-15,MANDI-010,Karnal,Rice,2062.33,2437.44,2249.88,
PR006359,2026-07-04,MANDI-020,Patiala,Mustard,5354.59,5932.26,0.5643,
PR002810,2026-06-06,MANDI-047,Sirsa,Maize,1907.0,2173.11,2040.0,2090.0
PR006753,2026-02-17,MANDI-036,Patiala,Mustard,5283.531891408534,5870.25,5577.0,5650.0
PR007819,2026-05-23,MANDI-018,,Cotton,5932.2,6351.5,6141.85,6620.0
PR010000,2026-07-19,MANDI-048,Ambala,Rice,2239.9186306463116,2704.73,2472.3247500253347,2183.0
PR004121,2026-03-28,MANDI-043,Patiala,Mustard,4875.8,5136.12,0.5006,
PR011017,2026-01-04,MANDI-053,Jalandhar,Rice,2261.0,2442.91,2352.1,0.2183
PR007688,2026-08-05,MANDI-040,Kurukshetra,Maize,0.2191,2497.0,2343.96,0.209
PR011750,2026-03-26,MANDI-016,Patiala,Cotton,5711.88,6127.96,5919.92,0.662
PR000606,2026-08-13,MANDI-046,Hisar,Rice,0.2133,2446.06,2289.35,
PR007528,2026-02-13,MANDI-055,Moga,Rice,1970.0,2346.55,2158.294930463491,2183.0
PR010264,2026-07-30,MANDI-056,Fatehabad,Maize,1813.43,2178.56,0.1996,2090.0
PR004683,2026-01-31,MANDI-033,Kurukshetra,Maize,0.1896,2289.79,2093.07,2090.0
PR011716,2026-01-19,MANDI-007,,Mustard,5745.61,6609.39,6177.5,5650.0
PR004978,2026-08-09,MANDI-012,Sirsa,Cotton,6379.0,7550.0,6964.0,6620.0
PR009454,2026-01-19,MANDI-009,Ludhiana,Maize,1836.6518163491744,2123.63,1980.0,
PR002053,2026-01-28,MANDI-045,Ferozepur,Rice,0.2064,0.2376,2220.17,0.2183
PR005192,2026-07-30,MANDI-051,Patiala,Maize,2129.0,2479.42,2304.05,2090.0
PR003754,2026-07-29,MANDI-016,Moga,Sugarcane,3673.57,0.4541,4107.26,3500.0
PR006403,2026-05-16,MANDI-052,Jalandhar,Cotton,5806.84,6812.28,6309.56,0.662
PR004986,2026-05-20,MANDI-016,Bathinda,Maize,2194.01,2607.95,2400.98,2090.0
PR010379,2026-03-25,MANDI-003,Moga,Sugarcane,3444.7,3965.01,3704.8570613657284,3500.0
PR004965,2026-06-19,MANDI-011,Fatehabad,Cotton,,8069.0,7272.0,6620.0
PR003541,2026-01-15,MANDI-011,Jalandhar,Rice,1856.1642759590534,2090.7496062790583,1973.456941119056,
PR003532,2026-03-13,MANDI-026,Amritsar,Mustard,5857.0,6941.7,6399.28,5650.0
PR008405,2026-03-14,MANDI-004,,Rice,0.2101,2497.199767236702,2298.89,2183.0
PR006645,2026-04-17,MANDI-050,Karnal,Cotton,6568.51,0.8128,7348.22,
PR011995,2026-02-23,,,Cotton,5964.97,6679.01,0.6322,6620.0
PR009825,2026-06-06,MANDI-026,Hisar,Maize,,2484.8,2294.27,0.209
PR011767,2026-06-01,,Ambala,Sugarcane,3444.0,3774.7522794965403,3609.34,3500.0
PR010510,2026-04-02,MANDI-012,,Maize,2057.87,0.2395,2226.64,0.209
PR006592,2026-07-25,MANDI-032,Kurukshetra,Mustard,5395.01,6724.84,6059.92,5650.0
PR008444,2026-03-04,MANDI-005,Moga,Maize,1817.0492904560997,2199.0,2008.1817634543638,2090.0
PR005057,2026-08-17,MANDI-029,Kurukshetra,Sugarcane,3302.4146917496614,4071.28,0.3687,
PR003479,2026-01-06,MANDI-004,Bathinda,Cotton,0.6048,7422.0,6735.15,6620.0
PR008894,2026-05-06,MANDI-012,Ludhiana,Wheat,0.2157,2420.52,2288.66,
PR002863,2026-07-22,MANDI-030,Bathinda,Sugarcane,3459.81,4258.161015026438,3859.0,0.35
PR000469,2026-06-24,MANDI-035,Ludhiana,Mustard,5454.0,0.6057,5755.2,
PR006201,2026-04-09,MANDI-049,Moga,Cotton,0.613,7390.67,6760.58,6620.0
PR002882,2026-01-24,MANDI-054,Bathinda,Mustard,5780.07,6456.48,6118.0,5650.0
PR000660,2026-06-03,MANDI-009,Ambala,Rice,0.2062,2229.75,2146.0,2183.0
PR009329,2026-07-08,,Hisar,Mustard,5824.0,7252.24,6538.0,5650.0
PR011513,2026-08-09,MANDI-034,Ambala,Cotton,5811.93,6139.993969073168,5975.96,
PR001544,2026-07-08,MANDI-050,Ferozepur,Sugarcane,0.3161,3515.292330930236,0.3338,
PR007570,2026-08-05,,,Cotton,5744.79,6329.409962285977,6037.1,6620.0
PR011166,2026-12-07,,,Wheat,2251.31,2487.62,2369.46,2275.0
PR009586,2026-03-16,MANDI-002,,Sugarcane,3600.82,4236.85,,3500.0
PR005470,2026-07-28,MANDI-039,Jalandhar,Sugarcane,2978.49,0.3445,3211.99,0.35
PR003037,2026-07-02,MANDI-051,Ferozepur,Sugarcane,3464.0,4151.85,3807.91,3500.0
PR003393,2026-05-22,MANDI-026,Moga,Sugarcane,3524.0,0.4275,0.39,
PR005953,2026-09-05,MANDI-042,Sirsa,Maize,0.1882,2236.0,2058.88,2090.0
PR006144,2026-01-03,MANDI-016,Ludhiana,Cotton,6903.0,7869.608370560284,7386.3,6620.0
PR000600,2026-06-12,MANDI-010,Hisar,Sugarcane,0.3096,3681.043680238978,,3500.0
PR006637,2026-05-02,MANDI-054,Patiala,Wheat,0.2342,2713.2944746093162,2527.8312694946335,0.2275
PR002656,2026-02-04,MANDI-041,Amritsar,Sugarcane,3320.7,3832.63,3577.0,3500.0
PR010242,2026-07-08,MANDI-009,Fatehabad,Rice,1992.91,2124.18,2058.54,
PR011782,2026-05-01,MANDI-041,Hisar,Mustard,0.5453,0.6269,5861.06,5650.0
PR000419,2026-07-16,MANDI-002,Jalandhar,Mustard,5422.27,0.6339,5880.41,5650.0
PR007187,2026-08-19,MANDI-022,Ferozepur,Sugarcane,3472.67,0.4205,3838.61,3500.0
PR008815,2026-04-15,MANDI-032,Moga,Rice,2214.0,2635.4340648987227,2424.596369198117,
PR004877,2026-04-14,MANDI-040,,Sugarcane,3554.4,,3956.1554957672033,
PR005952,2026-06-14,,,Wheat,2039.4161682900358,2528.0,2283.59,0.2275
PR010611,2026-05-11,MANDI-028,Hisar,Mustard,5261.69,6075.93,0.5669,
PR004779,2026-07-29,MANDI-008,Ludhiana,Sugarcane,3192.2805332193675,3517.35,3355.0,3500.0
PR004106,2026-02-22,,Hisar,Rice,2115.23,2564.01,2339.62,2183.0
PR006284,2026-07-19,MANDI-037,Ferozepur,Maize,1969.36,2431.04,2200.2,2090.0
PR011587,2026-01-27,MANDI-038,Moga,Sugarcane,3116.24,3529.78,3323.01,
PR003355,2026-10-02,MANDI-036,Kurukshetra,Wheat,1970.0,2432.31,2201.27,2275.0
PR002270,2026-03-12,MANDI-001,Fatehabad,Mustard,5244.06,5938.22,5591.14,
PR004958,2026-06-06,MANDI-038,Jalandhar,Wheat,2312.44,2483.98,2398.21,
PR009925,2026-07-21,MANDI-028,Sirsa,Sugarcane,3630.19,4020.26,3825.23,
PR008159,2026-03-28,MANDI-011,Kurukshetra,Wheat,2376.59,2761.426887633141,,
PR009120,2026-05-09,MANDI-021,Amritsar,Cotton,6463.0,6795.18,6629.12,
PR005504,2026-05-18,MANDI-024,Patiala,Wheat,2006.27,2478.0,2241.99,
PR010727,2026-03-15,MANDI-036,Ludhiana,Mustard,5823.44,6320.99,6072.21350186591,5650.0
PR006696,2026-01-22,MANDI-012,Ferozepur,Wheat,,2356.21,0.2178,2275.0
PR004085,2026-04-13,,Amritsar,Rice,1861.43,2155.0,2007.97,2183.0
PR001094,2026-05-25,MANDI-026,,Sugarcane,3125.21,3568.71,3346.96,3500.0
PR011524,2026-01-26,MANDI-041,Fatehabad,Cotton,6806.0,7702.0,7254.08,6620.0
PR000490,2026-07-15,MANDI-002,Bathinda,Cotton,5932.8,6950.21,6441.5,0.662
PR002804,2026-04-02,MANDI-022,Ferozepur,Mustard,5853.13,7092.87,6473.0,0.565
PR010676,2026-05-23,MANDI-017,Ambala,Cotton,6666.92,7561.42,7114.17,6620.0
PR002336,2026-08-31,MANDI-040,Ferozepur,Maize,1900.84,2317.08,2108.96,2090.0
PR002078,2026-05-08,MANDI-057,Fatehabad,Rice,0.1996,2294.0,2145.0,2183.0
PR002898,2026-06-11,MANDI-033,Ludhiana,Wheat,2274.5,2489.95,,2275.0
PR010610,2026-07-05,MANDI-007,Kurukshetra,Rice,1926.18,2083.13,2004.65,
PR011973,2026-05-29,MANDI-017,Amritsar,Wheat,,2673.95,2426.6,0.2275
PR006437,2026-08-14,MANDI-019,Ludhiana,Maize,2042.43,,2238.421342876377,2090.0
PR003966,2026-06-07,MANDI-016,Kurukshetra,Sugarcane,3396.64,3982.0,3689.51,0.35
PR008831,2026-03-09,MANDI-031,Ludhiana,Cotton,6226.97,0.6613,6420.21,
PR010045,2026-03-10,MANDI-005,Moga,Rice,2234.0,2411.08,2322.29,2183.0
PR006952,2026-01-01,MANDI-036,,Rice,0.1988,2108.27,2048.06,2183.0
PR010077,2026-05-07,,Fatehabad,Sugarcane,3351.86,3868.0,3609.97,
PR002191,2026-04-17,MANDI-026,Bathinda,Maize,2059.94,2522.17,2291.06,
PR006764,2026-07-10,MANDI-041,Ferozepur,Wheat,2372.0,2951.79,2661.97,2275.0
PR000141,2026-12-08,MANDI-044,Jalandhar,Wheat,1941.02,,2121.51,2275.0
PR006619,2026-05-31,,Jalandhar,Rice,,2194.32,2028.95,0.2183
PR010159,2026-06-08,MANDI-042,Ludhiana,Maize,1814.4,2053.0,1933.46,2090.0
PR004983,2026-07-18,MANDI-024,Hisar,Maize,1890.0,2117.21,2004.0,2090.0
PR001267,2026-01-06,MANDI-003,Patiala,Cotton,6204.58,7733.29,6968.93,6620.0
PR007494,2026-08-20,MANDI-036,Ferozepur,Cotton,0.5688,6899.0,6293.56,6620.0
PR008866,2026-06-23,MANDI-002,,Rice,2087.89,2254.96,2171.0,
PR003002,2026-07-26,MANDI-007,Jalandhar,Maize,0.1841,2057.18,1949.0,
PR007530,2026-01-05,MANDI-015,Sirsa,Cotton,0.6794,0.8041,7417.42,6620.0
PR003137,2026-07-18,MANDI-053,Moga,Mustard,5209.0,6469.96,5839.306029497035,0.565
PR005596,2026-04-06,MANDI-031,Sirsa,Cotton,5651.75,6942.0,6296.89,6620.0
PR000846,2026-03-02,MANDI-008,Patiala,Rice,,2292.41,,2183.0
PR011147,2026-02-01,MANDI-040,Ferozepur,Sugarcane,3148.9,3575.0,3361.83,3500.0
PR008152,2026-03-30,MANDI-032,Ludhiana,Sugarcane,0.3159,3364.76,3261.79,
PR000034,2026-03-27,MANDI-015,Kurukshetra,Wheat,2255.180048094289,2803.7,2529.44,
PR003753,2026-06-03,MANDI-027,Karnal,Cotton,5870.0,6902.0,0.6386,6620.0
PR010729,2026-08-31,MANDI-045,Bathinda,Rice,1862.04,2140.0,2001.03,2183.0
PR003215,2026-08-24,MANDI-020,Moga,Maize,1873.75,0.1988,1930.84,2090.0
PR008256,2026-07-08,MANDI-031,Kurukshetra,Rice,2285.31,2734.63,2509.973208524256,
PR005996,2026-04-13,MANDI-011,Ludhiana,Cotton,6532.78723256005,7034.0,6783.0,6620.0
PR004222,2026-01-25,MANDI-056,Hisar,Mustard,5176.93,6450.74,5813.83,0.565
PR003874,2026-04-19,MANDI-054,Jalandhar,Sugarcane,3155.0,3615.46,3385.0,
PR009667,2026-01-18,,,Rice,2217.4,2728.0,2472.6038332686867,2183.0
PR007633,2026-01-14,MANDI-019,Ferozepur,Mustard,0.5418,5991.83,5705.13,5650.0
PR000939,2026-01-26,MANDI-030,Ludhiana,Maize,1835.0,0.2108,1971.49,0.209
PR005505,2026-07-01,MANDI-043,Amritsar,Rice,1935.66,2182.559043867726,2059.1086837177445,2183.0
PR005502,2026-02-25,MANDI-038,Amritsar,Rice,2064.0,2216.14,2140.27,2183.0
PR007973,2026-06-11,MANDI-046,Amritsar,Rice,2139.9,2250.66,2195.28,2183.0
PR008755,2026-05-05,MANDI-037,Sirsa,Wheat,2293.24,0.28,2547.0,2275.0
PR006670,2026-01-08,MANDI-027,Patiala,Rice,1942.66,2277.85,2110.0,2183.0
PR001919,2026-05-25,MANDI-037,Fatehabad,Maize,0.1882,2022.99,1952.43,2090.0
PR004465,2026-03-18,MANDI-006,Patiala,Mustard,4974.42,5783.13,0.5379,
PR007828,2026-01-20,MANDI-019,Fatehabad,Rice,2284.0,2846.0,2564.85,
PR009342,2026-04-13,MANDI-036,Moga,Mustard,5770.04,0.7174,6471.93,5650.0
PR001873,2026-03-30,MANDI-048,Hisar,Mustard,,6605.0,5997.758149340441,5650.0
PR007484,2026-05-09,,Sirsa,Cotton,6556.83,7955.09,7255.96,
PR001567,2026-10-02,MANDI-011,Ludhiana,Maize,2079.0,2322.0,2200.0,2090.0
PR007156,2026-05-26,MANDI-051,Jalandhar,Sugarcane,3558.4266968457073,4374.240530646869,,3500.0
PR002269,2026-02-09,MANDI-017,Fatehabad,Sugarcane,3270.96,3655.0,,3500.0
PR004706,2026-08-06,MANDI-011,,Wheat,0.2107,2554.0,,
PR001095,2026-09-02,MANDI-024,Bathinda,Rice,,0.2178,2072.6411838471267,
PR005690,2026-06-02,MANDI-013,Ferozepur,Mustard,5288.2,6261.94,,5650.0
PR004345,2026-04-27,MANDI-021,Moga,Wheat,2086.12,2474.82,2280.467887115089,0.2275
PR007574,2026-12-07,MANDI-033,Bathinda,Mustard,0.5568,6428.49,5998.26,5650.0
PR011124,2026-01-14,MANDI-018,Sirsa,Cotton,6070.7355956190995,7547.65,,6620.0
PR004509,2026-02-17,MANDI-008,Patiala,Maize,1794.49,2129.5,1962.0,2090.0
PR007634,2026-02-15,MANDI-024,,Rice,0.2231,2571.62,2401.0,0.2183
PR000974,2026-06-19,MANDI-019,Patiala,Cotton,6193.34,7095.59,6644.47,6620.0
PR009544,2026-08-26,MANDI-027,Hisar,Cotton,6242.0,,6538.0,6620.0
PR004294,2026-04-18,,Kurukshetra,Cotton,0.6476,7963.75,7219.79,
PR007823,2026-05-12,MANDI-018,Ferozepur,Sugarcane,,3842.56,3641.76,3500.0
PR011420,2026-06-21,MANDI-022,Kurukshetra,Mustard,,6109.89160557178,5946.0,0.565
PR007415,2026-07-05,MANDI-002,Ferozepur,Mustard,4825.29,5518.71,5172.0,5650.0
PR007151,2026-01-20,,,Maize,2189.84,2469.25,2329.54,2090.0
PR010576,2026-08-28,MANDI-025,Jalandhar,Rice,0.2221,2450.15,2335.53,2183.0
PR001149,2026-09-01,MANDI-049,,Maize,,2540.51,0.2307,2090.0
PR001107,2026-01-14,MANDI-006,Ferozepur,Rice,0.2024,2199.05,2111.61,2183.0
PR011267,2026-07-15,MANDI-019,Moga,Cotton,6871.32,8493.795056319059,7682.56,6620.0
PR004862,2026-05-21,MANDI-019,Hisar,Cotton,5764.77,6576.27,6170.52,0.662
PR005924,2026-08-29,,Ludhiana,Sugarcane,3067.32,3764.03,3415.67,
PR003022,2026-03-17,,Sirsa,Wheat,2135.04,,2275.96,2275.0
PR002974,2026-01-11,MANDI-007,Hisar,Wheat,2242.77,0.2433,2337.77,2275.0
PR001415,2026-04-12,MANDI-029,Ferozepur,Rice,2098.97,,0.2278,2183.0
PR004408,2026-05-15,,Ferozepur,Maize,1969.09,2288.15,2128.62,2090.0
PR000532,2026-07-24,,Karnal,Rice,1920.22,2281.5621488449083,0.2101,2183.0
PR003903,2026-04-03,MANDI-017,Hisar,Cotton,6908.89,7656.28,,6620.0
PR004897,2026-05-27,MANDI-017,Fatehabad,Wheat,0.2205,2738.48,2472.0,2275.0
PR005103,2026-01-07,MANDI-005,Moga,Rice,2270.74,2810.05,2540.4,
PR010821,2026-08-20,MANDI-040,Ferozepur,Cotton,6031.89,6990.81,0.6511,6620.0
PR001827,2026-08-23,MANDI-049,Ferozepur,Rice,2213.7,0.2732,2473.0,2183.0
PR010746,2026-07-13,MANDI-027,Kurukshetra,Cotton,5805.0,0.7014,0.6409,6620.0
PR009422,2026-08-13,MANDI-024,Sirsa,Cotton,5674.0,6942.0,0.6308,
PR003237,2026-03-08,MANDI-007,Patiala,Cotton,6727.09,,,6620.0
PR008573,2026-01-24,MANDI-047,,Maize,1917.0,2194.73,2056.0,2090.0
PR009566,2026-03-14,MANDI-017,Patiala,Wheat,2265.99,2636.7,2451.35,2275.0
PR007768,2026-03-25,MANDI-004,Kurukshetra,Maize,1850.0,2079.0,1964.75,0.209
PR010926,2026-04-18,MANDI-010,Ferozepur,Wheat,0.2015,2150.93,0.2083,2275.0
PR005825,2026-03-14,MANDI-028,Ambala,Cotton,6593.04,8046.0,7319.63,6620.0
PR005947,2026-02-07,MANDI-052,Hisar,Maize,2121.99,2368.0,2245.16,2090.0
PR011480,2026-07-23,MANDI-050,,Mustard,5733.0,7041.0,6387.1,
PR009002,2026-05-17,MANDI-014,Sirsa,Cotton,6201.0,6523.95,6362.47528263049,6620.0
PR005695,2026-01-30,MANDI-041,Ambala,Wheat,1972.07,2230.88,2101.47680291683,2275.0
PR003750,2026-11-06,,Hisar,Cotton,6261.62,0.689,6576.0,6620.0
PR006652,2026-02-08,MANDI-050,Ambala,Rice,2211.0,2689.0,2449.59,2183.0
PR007964,2026-07-28,MANDI-054,Fatehabad,Rice,2169.13,0.2631,2399.93,2183.0
PR010812,2026-09-02,,Moga,Maize,1840.0,2120.0,1979.96,2090.0
PR011911,2026-07-23,MANDI-023,Patiala,Cotton,6616.61,6953.883305722279,6785.248969549042,6620.0
PR011355,2026-06-16,MANDI-057,Ambala,Sugarcane,2979.082100140226,0.3197,3088.140414488116,
PR001192,2026-05-17,MANDI-051,Moga,Sugarcane,0.348,3685.66,3583.0,3500.0
PR005575,2026-06-02,MANDI-055,Bathinda,Rice,0.1872,0.1997,1935.0,
PR005534,2026-01-19,MANDI-036,Ambala,Maize,2134.64,2628.82,2381.73,0.209
PR003400,2026-01-19,MANDI-021,,Sugarcane,0.3174,3546.0,,3500.0
PR008675,2026-07-09,MANDI-043,Jalandhar,Sugarcane,0.3593,3784.86,,
PR002530,2026-03-21,MANDI-046,Kurukshetra,Rice,0.1966,0.2391,2178.645477996416,0.2183
PR001984,2026-08-26,,Ambala,Sugarcane,0.3026,3339.18,3182.77,
PR001299,2026-06-03,MANDI-020,Moga,Maize,1929.328909123689,2155.12,0.2042,2090.0
PR011802,2026-02-12,,Moga,Mustard,0.4943,5518.2,5230.57,
PR003699,2026-04-29,MANDI-025,,Sugarcane,3409.0,3655.0,3531.8,0.35
PR005943,2026-05-20,MANDI-050,Sirsa,Cotton,5651.66,,5864.732983722297,6620.0
PR006747,2026-03-08,MANDI-017,Bathinda,Sugarcane,3598.2266115399334,4483.73,4041.0,0.35
PR001159,2026-03-03,MANDI-027,Bathinda,Wheat,0.2225,2368.02,2296.67,0.2275
PR007179,2026-04-27,MANDI-017,Moga,Maize,0.2188,2424.11,2305.972753379783,0.209
PR009703,2026-03-30,MANDI-053,Moga,Cotton,6790.52,0.7686,7238.4,6620.0
PR005109,2026-09-01,MANDI-050,,Cotton,0.6799,0.7306,7052.144333764811,6620.0
PR004613,2026-05-29,MANDI-054,Sirsa,Maize,2120.7265538226206,2228.29,2174.51,2090.0
PR000166,2026-01-19,,Fatehabad,Cotton,5664.0,6462.128194197809,6063.28,
PR003384,2026-03-28,MANDI-053,Moga,Cotton,6108.0,7627.73,6867.93,6620.0
PR002694,2026-01-02,MANDI-008,Ferozepur,Rice,1931.31,,2087.26,2183.0
PR001550,2026-02-28,MANDI-034,Ambala,Mustard,5125.56,6095.151484406434,5610.36,5650.0
PR003649,2026-01-29,,,Wheat,2078.65,2590.256514819163,2334.4546725645796,0.2275
PR011888,2026-12-02,MANDI-006,Ambala,Mustard,5645.7,6530.0,6087.81861842975,5650.0
PR000440,2026-04-23,MANDI-036,Kurukshetra,Maize,2153.0,2315.0,2234.0,
PR005003,2026-08-25,MANDI-030,Kurukshetra,Cotton,6251.73,0.6574,0.6413,6620.0
PR007904,2026-06-05,MANDI-039,Ludhiana,Maize,2111.62,0.2484,2297.59,2090.0
PR005935,2026-07-05,,Hisar,Cotton,6172.0,7665.8202473011215,0.6919,6620.0
PR011472,2026-04-18,MANDI-042,Moga,Mustard,4918.0,5482.77,0.52,
PR010651,2026-07-28,MANDI-002,Karnal,Mustard,5401.41,0.6139,0.577,5650.0
PR006514,2026-01-25,MANDI-028,Moga,Cotton,6097.752843968654,7068.39,6583.070807446889,0.662
PR006889,2026-08-11,MANDI-029,Sirsa,Maize,1914.82,2149.9340119182657,2032.38,2090.0
PR002716,2026-05-20,MANDI-042,Jalandhar,Mustard,5333.62,0.6002,0.5668,
PR008556,2026-05-24,MANDI-051,Fatehabad,Wheat,2294.0,2577.0939778095417,2436.0,2275.0
PR011627,2026-05-27,MANDI-008,Bathinda,Maize,2093.0,2375.43,2234.11,2090.0
PR007814,2026-03-23,MANDI-006,Fatehabad,Sugarcane,3073.5,3289.02,3181.0,
PR000641,2026-08-29,,Moga,Mustard,5607.06,0.6113,5860.17,5650.0
PR006812,2026-05-16,MANDI-036,Ambala,Maize,2082.0,2517.3,2299.53,2090.0
PR004094,2026-04-17,MANDI-004,Ludhiana,Maize,1926.78,2367.79,2147.2848714029396,2090.0
PR003684,2026-05-28,MANDI-047,Moga,Sugarcane,3168.54,3533.0,3350.99,3500.0
PR000603,2026-02-10,MANDI-022,Ferozepur,Rice,2011.87,2265.24,2138.56,
PR007039,2026-01-12,,Karnal,Sugarcane,3574.0,4209.06,3891.75,
PR000643,2026-01-28,MANDI-020,Patiala,Sugarcane,3126.92,3733.51,3430.21,0.35
PR009896,2026-06-22,MANDI-034,Moga,Mustard,0.5506,6471.92,5989.0,5650.0
PR008202,2026-03-26,MANDI-048,,Sugarcane,,3974.544792772937,3777.34,
PR006493,2026-03-04,MANDI-041,Ludhiana,Rice,2029.95,2254.0,2142.08,
PR010184,2026-01-20,MANDI-039,Ludhiana,Cotton,6033.76,7157.25,6595.51,6620.0
PR006136,2026-06-20,MANDI-035,,Mustard,0.5083,5568.23,5325.550124411224,5650.0
PR003448,2026-05-02,MANDI-022,Ambala,Cotton,6732.03,8353.23,0.7543,6620.0
PR000338,2026-04-08,MANDI-044,Karnal,Maize,1932.61,2251.72,,2090.0
PR007772,2026-02-21,MANDI-056,Ambala,Sugarcane,3604.17,4480.18,4042.0,3500.0
PR009967,2026-07-14,MANDI-046,Karnal,Sugarcane,0.3421,,3635.0,3500.0
PR008793,2026-01-30,MANDI-039,Amritsar,Maize,1937.32,2206.11,2072.0,2090.0
PR007000,2026-05-22,MANDI-008,Karnal,Rice,2117.226718124403,,0.2216,
PR002307,2026-01-01,,Patiala,Sugarcane,3470.52,0.3855,3662.98,3500.0
PR000188,2026-02-12,MANDI-044,Kurukshetra,Cotton,,6792.45,6465.3,6620.0
PR005643,2026-02-09,,Ferozepur,Cotton,0.6059,0.7302,0.668,6620.0
PR009824,2026-06-07,MANDI-049,Ludhiana,Cotton,,0.6798,6251.76,0.662
PR007392,2026-02-19,MANDI-024,Kurukshetra,Rice,0.2259,2397.41,2328.0,2183.0
PR009370,2026-08-24,MANDI-006,Ambala,Maize,1865.0,0.2226,2045.47,0.209
PR011340,2026-07-13,MANDI-053,Patiala,Maize,1964.0,2366.9113245947624,2165.5620790310313,2090.0
PR007879,2026-08-10,,Patiala,Mustard,5107.016975510002,5775.026886582632,5441.02,5650.0
PR004124,2026-04-24,MANDI-039,Amritsar,Wheat,2302.3229820980023,0.286,2581.27,
PR006805,2026-04-18,MANDI-015,Karnal,Cotton,,6393.38,6133.03,
PR005249,2026-06-19,MANDI-051,Jalandhar,Cotton,6164.04,7138.771391566734,6651.41,6620.0
PR010819,2026-01-24,,Hisar,Rice,2075.0,2499.59,2287.18,2183.0
PR000736,2026-03-17,MANDI-035,Moga,Wheat,2379.92,0.2922,2650.78,
PR008697,2026-04-02,MANDI-032,Patiala,Cotton,5981.377620732679,6687.58,6334.48,6620.0
PR010918,2026-03-23,MANDI-012,,Maize,,2426.15,0.2189,2090.0
PR007418,2026-06-12,MANDI-005,Amritsar,Mustard,0.5771,0.6629,6199.82,5650.0
PR003268,2026-07-12,MANDI-021,Karnal,Wheat,2016.88,0.2218,2117.0,2275.0
PR003604,2026-08-27,MANDI-002,Patiala,Wheat,2164.14,2500.91,2332.53,2275.0
PR007232,2026-07-27,MANDI-014,Jalandhar,Maize,1893.81,2001.36,1947.58,2090.0
PR001017,2026-06-04,MANDI-011,,Maize,0.1816,2069.59,,2090.0
PR009876,2026-02-09,MANDI-016,Ludhiana,Maize,1877.58,2067.28,1972.4320486717609,0.209
PR003818,2026-06-07,MANDI-030,Sirsa,Mustard,5570.09,6582.53,6076.0,
PR000368,2026-08-20,MANDI-048,,Maize,1782.0,,,
PR009737,2026-04-09,MANDI-028,,Mustard,5542.0,6832.0,6187.05,5650.0
PR006754,2026-03-15,MANDI-038,Bathinda,Rice,2010.1216667132817,2409.31,2209.72,2183.0
PR005102,2026-08-22,MANDI-055,Moga,Cotton,6181.0,6707.62,6444.558474307834,0.662
PR010071,2026-04-23,MANDI-009,Kurukshetra,Rice,1958.0,2291.93,0.2125,2183.0
PR011785,2026-08-21,MANDI-013,Ambala,Maize,2075.06,2271.81,2173.0,2090.0
PR003149,2026-03-20,MANDI-015,Bathinda,Rice,2152.51,2283.72,2218.11,
PR010048,2026-01-28,MANDI-037,Ludhiana,Cotton,,7619.93,7067.99,0.662
PR008612,2026-08-01,MANDI-015,Patiala,Mustard,5929.923241736986,6613.096266660713,,5650.0
PR000717,2026-08-07,MANDI-028,Ferozepur,Sugarcane,0.3349,0.3617,3482.99,3500.0
PR004658,2026-09-04,MANDI-051,Fatehabad,Sugarcane,3094.346112605931,3865.22,3480.0,3500.0
PR000784,2026-08-23,MANDI-004,Kurukshetra,Mustard,5269.66,6107.8,0.5689,5650.0
PR008162,2026-07-04,MANDI-039,Amritsar,Maize,1821.0,2005.1637150172523,1913.17,
PR006313,2026-02-04,MANDI-016,,Cotton,6820.63,0.7707,7263.84,6620.0
PR006677,2026-01-19,MANDI-048,Bathinda,Wheat,2015.33,2129.08,2072.2076719004945,2275.0
PR011645,2026-06-21,MANDI-046,Bathinda,Maize,1835.71,2292.33,2064.0,0.209
PR008776,2026-03-04,,Kurukshetra,Wheat,0.2051,0.2366,2208.11,
PR000787,2026-04-22,MANDI-034,Ambala,Cotton,6337.577036161557,7664.05,7000.82,6620.0
PR009527,2026-03-16,MANDI-042,Ambala,Maize,1985.23,2413.0,0.2199,
PR000389,2026-09-04,MANDI-035,Hisar,Rice,2039.03,2151.16,2095.09,2183.0
PR000764,2026-07-01,,Fatehabad,Mustard,5392.94,6715.45,,
PR011684,2026-08-07,MANDI-036,,Rice,0.2134,0.2523,2328.45,2183.0
PR010988,2026-02-04,MANDI-043,Hisar,Cotton,6049.90311877899,7065.0,6557.35,6620.0
PR007503,2026-05-08,MANDI-029,Ambala,Wheat,2243.0,2755.23,2499.0,0.2275
PR001503,2026-05-29,MANDI-012,Ambala,Wheat,2198.81,2632.0,2415.461999304047,2275.0
PR003286,2026-02-13,MANDI-005,Jalandhar,Rice,2124.47,0.2389,2256.6,
PR009050,2026-04-26,MANDI-044,Amritsar,Wheat,0.2225,2388.0,0.2306,2275.0
PR009820,2026-09-04,MANDI-037,Jalandhar,Cotton,5664.0,6370.157050444184,6016.86,6620.0
PR001078,2026-06-02,MANDI-032,Ludhiana,Mustard,4945.57,,5300.83,5650.0
PR000282,2026-06-09,MANDI-049,Ambala,Mustard,5261.739157437795,5699.76,5481.0,0.565
PR005400,2026-07-26,MANDI-018,Fatehabad,Mustard,,6742.926675847662,0.6237,
PR000120,2026-03-04,MANDI-013,Ambala,Maize,1987.18,2272.0,2129.59,2090.0
PR008648,2026-07-26,MANDI-054,Hisar,Wheat,2049.15,,0.2241,2275.0
PR004729,2026-04-09,MANDI-017,Amritsar,Cotton,6305.0,7457.04,6881.25,6620.0
PR009976,2026-01-02,MANDI-005,Ambala,Wheat,2058.71,2320.25,2189.0,2275.0
PR003972,2026-08-14,MANDI-008,Sirsa,Cotton,6049.82,7244.76,6647.29,0.662
PR010656,2026-07-21,,Ludhiana,Mustard,5297.09,6229.29,5763.19,
PR009197,2026-04-08,MANDI-015,Bathinda,Sugarcane,3241.23,3760.67,3501.0,3500.0
PR001655,2026-02-12,MANDI-041,Ferozepur,Rice,1986.08,2456.85,2221.0,2183.0
PR004115,2026-01-01,MANDI-055,Kurukshetra,Maize,2082.74,2593.6,2338.17,0.209
PR011570,2026-08-28,MANDI-009,Jalandhar,Wheat,2376.72,2597.68,2487.2,2275.0
PR001278,2026-08-03,MANDI-051,Fatehabad,Sugarcane,3284.97,3946.5,3615.73,3500.0
PR009080,2026-04-05,MANDI-042,Ambala,Cotton,5983.45,0.6477,6230.12,6620.0
PR009575,2026-12-04,MANDI-046,Bathinda,Wheat,,0.26,2429.01,0.2275
PR011354,2026-01-28,MANDI-046,Fatehabad,Maize,2144.04,2452.44,2298.24,2090.0
PR000132,2026-07-13,MANDI-050,Bathinda,Sugarcane,3393.65,4048.0703210235915,3720.86,3500.0
PR003855,2026-06-18,MANDI-013,Ferozepur,Wheat,2137.09,2361.56,0.2249,2275.0
PR007917,2026-04-20,MANDI-006,Hisar,Wheat,2155.42,2622.16,2388.79,2275.0
PR005323,2026-05-24,MANDI-009,Hisar,Rice,2217.09,0.2697,2457.1,
PR010484,2026-02-20,MANDI-026,Jalandhar,Mustard,5582.74,6951.802423466102,6267.27,
PR000301,2026-04-27,MANDI-042,Ambala,Maize,2121.0,2548.15,2334.73,2090.0
PR002448,2026-07-25,MANDI-005,Sirsa,Sugarcane,,3791.778781925365,0.3526,3500.0
PR004653,2026-03-31,MANDI-055,Hisar,Cotton,6415.99,,0.6968,6620.0
PR006379,2026-03-08,MANDI-009,Sirsa,Mustard,5112.1,5739.0,5425.52,5650.0
PR007208,2026-08-23,MANDI-001,,Mustard,5367.93,6341.18,0.5855,5650.0
PR003285,2026-06-08,MANDI-048,Fatehabad,Rice,1999.23,0.2427,2213.32,2183.0
PR000306,2026-06-05,MANDI-057,Ludhiana,Rice,2060.25,,2158.4,
PR006864,2026-01-30,MANDI-053,Jalandhar,Maize,0.2016,2186.33,2101.3,2090.0
PR005096,2026-01-08,MANDI-024,Moga,Sugarcane,2998.6467960787477,3310.58,3154.62,3500.0
PR003558,2026-07-30,MANDI-007,Karnal,Cotton,0.6234,7225.0,6730.0,6620.0
PR008120,2026-06-06,MANDI-011,,Rice,2290.27,2543.914380499458,2417.09,0.2183
PR007226,2026-09-07,MANDI-043,,Rice,2276.37,2410.58,,
PR009402,2026-01-08,MANDI-055,Ferozepur,Sugarcane,3501.46,4275.8,0.3889,
PR000871,2026-05-12,MANDI-007,Ambala,Rice,0.2104,0.2242,,2183.0
PR000109,2026-03-24,MANDI-048,Amritsar,Rice,2126.0,2498.31,0.2312,
PR008432,2026-05-21,MANDI-002,Ludhiana,Cotton,6289.16,6947.44,6618.3,6620.0
PR005746,2026-01-28,MANDI-007,Jalandhar,Rice,2218.31,0.2342,2280.28,2183.0
PR008744,2026-04-17,MANDI-056,Fatehabad,Wheat,0.2168,2297.0,0.2233,
PR007129,2026-08-09,MANDI-013,Ludhiana,Rice,2268.36,2814.69,2542.0,
PR002597,2026-08-30,MANDI-040,Ludhiana,Sugarcane,3270.94,3532.0,3401.24,3500.0
PR008820,2026-07-25,MANDI-005,Hisar,Wheat,2389.0,2929.35,2658.963909845078,
PR010554,2026-05-29,MANDI-016,Amritsar,Wheat,2339.5,2478.21,2408.85,2275.0
PR002833,2026-08-05,MANDI-026,Bathinda,Mustard,5192.0,6384.0,5788.035583833335,5650.0
PR003297,2026-03-01,MANDI-009,,Wheat,0.2212,2474.87412289598,2343.59,2275.0
PR002907,2026-05-11,MANDI-002,Ambala,Cotton,6079.98,7084.1,6582.0,6620.0
PR005300,2026-08-27,MANDI-020,Hisar,Cotton,6512.94,0.7125,0.6819,6620.0
PR001875,2026-07-23,MANDI-045,Ludhiana,Mustard,0.4941,5949.72,5445.57,0.565
PR003676,2026-01-29,MANDI-056,Hisar,Cotton,6683.2547960406055,7364.57,7023.91,6620.0
PR004692,2026-05-09,MANDI-049,Moga,Sugarcane,3367.86,3912.92,0.364,3500.0
PR006639,2026-02-18,MANDI-020,,Rice,2095.0,2538.68,2316.66,2183.0
PR006310,2026-06-26,MANDI-035,Kurukshetra,Sugarcane,0.3524,3968.48,3746.39,0.35
PR002107,2026-05-19,MANDI-051,Amritsar,Cotton,6538.56,7466.26,7002.41,0.662
PR006836,2026-06-23,,Ambala,Maize,2022.28,2454.21,0.2238,2090.0
PR002537,2026-02-23,MANDI-009,Moga,Mustard,5493.68,5930.83,0.5712,
PR001593,2026-05-22,MANDI-038,Jalandhar,Rice,2203.0,0.2611,2406.99,0.2183
PR006992,2026-08-04,MANDI-051,Moga,Mustard,4971.84,,5246.74,5650.0
PR004430,2026-01-05,MANDI-021,Ludhiana,Maize,1907.86,2353.88,2130.87083735872,
PR002906,2026-06-23,MANDI-046,Ferozepur,Mustard,5662.0,7021.65,6341.84,5650.0
PR005132,2026-07-28,MANDI-020,Moga,Wheat,2046.31,2264.3956669843988,2155.35,2275.0
PR010571,2026-08-21,MANDI-041,Ferozepur,Rice,1878.0,2110.15,0.1994,2183.0
PR006178,2026-01-31,MANDI-028,Ambala,Mustard,5226.81,,5731.16,5650.0
PR009453,2026-05-19,MANDI-035,Kurukshetra,Maize,2119.78,2562.74,2341.26,2090.0
PR004310,2026-07-07,,Ferozepur,Rice,1954.72,2193.9,0.2074,0.2183
PR008346,2026-03-04,MANDI-054,Amritsar,Cotton,6917.14,7839.0,7377.82,6620.0
PR002958,2026-05-14,MANDI-017,Moga,Sugarcane,0.3087,3482.62,3285.06,3500.0
PR002703,2026-04-29,MANDI-040,Fatehabad,Rice,0.2204,2383.5,2293.7,2183.0
PR007018,2026-04-14,MANDI-007,Moga,Cotton,5869.153144791386,6787.137726184931,0.6328,6620.0
PR002184,2026-08-07,MANDI-012,Fatehabad,Maize,2072.1351842933623,0.2556,0.2314,2090.0
PR006471,2026-03-05,MANDI-004,Jalandhar,Rice,1875.0,2098.1,1986.5,2183.0
PR001048,2026-03-15,MANDI-023,,Sugarcane,3211.99,3567.61,3389.7971787552606,3500.0
PR010356,2026-07-23,MANDI-017,Ludhiana,Cotton,0.6375,6743.86,6559.36,
PR011469,2026-08-04,MANDI-012,,Maize,1836.83,2262.18,2050.0,2090.0
PR004972,2026-07-04,,Patiala,Wheat,2048.48,2409.0,2228.59,2275.0
PR008857,2026-08-13,MANDI-006,Patiala,Rice,1876.37,2332.73,2105.0,2183.0
PR004083,2026-07-31,MANDI-031,Hisar,Rice,2054.36,2188.81,2121.59,2183.0
PR002513,2026-07-11,MANDI-009,,Rice,2264.37,2657.77,2461.0,2183.0
PR006525,2026-08-22,MANDI-054,Hisar,Maize,,2221.31,2112.266922758202,2090.0
PR003862,2026-06-19,MANDI-015,Jalandhar,Cotton,5999.404524345866,,0.6428,
PR003768,2026-04-03,MANDI-017,Amritsar,Sugarcane,3623.92,4234.698906257149,3929.0,0.35
PR003094,2026-08-19,MANDI-034,Moga,Mustard,5475.27,6634.4,6054.83,
PR000233,2026-03-17,MANDI-003,Amritsar,Rice,1855.84,2050.02,1953.0,2183.0
PR006724,2026-07-05,MANDI-002,Ludhiana,Mustard,5294.79,0.5829,0.5562,5650.0
PR005294,2026-04-27,MANDI-018,Jalandhar,Cotton,6257.74,7053.0,6655.0,
PR004931,2026-03-07,MANDI-053,,Cotton,6692.38,,6948.11,
PR008853,2026-03-18,MANDI-036,Hisar,Cotton,5877.25,0.6363,6120.25,6620.0
PR000075,2026-06-07,MANDI-045,Ferozepur,Rice,2098.08,2599.16,2348.62,
PR006432,2026-03-16,MANDI-053,Kurukshetra,Mustard,5128.41,0.6126,5626.99,
PR006233,2026-04-29,MANDI-041,Patiala,Maize,1849.58,1992.89,1921.23,
PR007057,2026-08-12,MANDI-014,Ludhiana,Wheat,0.2017,2201.78,2109.56,0.2275
PR002214,2026-03-28,MANDI-039,Sirsa,Sugarcane,0.365,4335.17,3992.48,3500.0
PR011167,2026-09-07,MANDI-009,Bathinda,Mustard,0.5348,,5485.999514720843,0.565
PR005257,2026-07-10,MANDI-053,,Mustard,,6813.98,6148.6,5650.0
PR007632,2026-05-20,MANDI-057,Jalandhar,Sugarcane,3206.34,3961.51,3583.92,0.35
PR010952,2026-09-07,MANDI-057,Hisar,Wheat,0.2216,2717.0,2466.91,2275.0
PR005541,2026-05-21,,Jalandhar,Wheat,2242.98,2632.4847690579604,2437.73,2275.0
PR004911,2026-05-31,MANDI-038,Jalandhar,Cotton,0.5815,7033.0,6423.8130295051005,6620.0
PR000065,2026-07-19,MANDI-013,Ferozepur,Wheat,2252.79,2767.0,2509.6536027809675,2275.0
PR011371,2026-09-02,MANDI-053,Sirsa,Cotton,6392.0,7550.568165235103,6971.0,
PR005468,2026-02-06,,,Mustard,0.5345,0.6002,5673.26,
PR004037,2026-01-07,,,Rice,2013.52,2495.99,2254.76,2183.0
PR011389,2026-11-06,MANDI-037,Ferozepur,Mustard,0.4915,5339.0,5126.89,
PR004382,2026-01-03,MANDI-051,Ambala,Maize,1957.6006262343535,2079.0,2018.27,0.209
PR010948,2026-03-02,,Jalandhar,Wheat,2085.1405482399955,2597.0,2341.13,2275.0
PR008318,2026-09-08,MANDI-052,Ferozepur,Rice,2213.19,2675.19,2444.1880739889148,2183.0
PR005517,2026-08-30,MANDI-035,Hisar,Sugarcane,3533.0,3971.86,3752.62,3500.0
PR002346,2026-06-03,MANDI-026,Sirsa,Rice,1961.067905079509,2067.1445229599112,0.2014,2183.0
PR003135,2026-04-07,MANDI-021,,Sugarcane,3610.0,3912.962535340362,3762.0,3500.0
PR003912,2026-02-07,MANDI-034,Karnal,Sugarcane,,3748.7,,3500.0
PR004454,2026-10-05,MANDI-051,Patiala,Rice,2103.05,2341.25,2222.15,2183.0
PR008548,2026-03-02,MANDI-009,,Sugarcane,3453.0,0.4047,3750.05,3500.0
PR003402,2026-02-22,MANDI-011,Sirsa,Maize,2005.33,2214.95,2110.14,2090.0
PR008307,2026-03-20,MANDI-018,Ambala,Sugarcane,3120.46,0.3814,0.3467,
PR004406,2026-02-04,MANDI-024,Patiala,Sugarcane,3165.77,3634.0,3400.02,3500.0
PR008275,2026-05-16,MANDI-038,Hisar,Sugarcane,3004.17,,3253.42333471898,3500.0
PR003350,2026-07-08,MANDI-053,Jalandhar,Maize,1992.83,,2082.24,2090.0
PR002853,2026-09-06,MANDI-028,Sirsa,Sugarcane,3060.5861376434655,3436.1528183755004,0.3248,
PR003224,2026-01-15,MANDI-021,Jalandhar,Rice,2144.04,2282.12,2213.08,2183.0
PR002937,2026-02-05,MANDI-015,Karnal,Maize,1907.71,2364.75,2136.23,
PR007160,2026-01-04,MANDI-018,Karnal,Mustard,5442.99,0.6635,6038.98,5650.0
PR009111,2026-02-08,MANDI-050,Amritsar,Rice,2172.36,0.2674,0.2423,2183.0
PR007569,2026-03-06,MANDI-037,Patiala,Sugarcane,3146.74,3408.14,3277.44,
PR000479,2026-01-17,MANDI-057,Hisar,Mustard,5721.6010934765445,6229.38,5975.49,5650.0
PR002265,2026-01-22,MANDI-004,Patiala,Wheat,2034.36,0.2196,2115.36,2275.0
PR002893,2026-05-04,MANDI-049,Bathinda,Sugarcane,0.3641,4408.0,4024.0,
PR008490,2026-10-02,MANDI-035,Sirsa,Cotton,6341.51,7196.69,6769.1,6620.0
PR010848,2026-01-25,MANDI-036,Amritsar,Maize,2053.86,2431.45,2242.652864100083,2090.0
PR000497,2026-06-16,MANDI-039,Ludhiana,Maize,2004.07,2361.91,0.2183,
PR008583,2026-05-06,MANDI-055,Kurukshetra,Cotton,6515.19,7173.0,0.6844,6620.0
PR007558,2026-08-25,MANDI-020,Hisar,Maize,1951.41,,2092.55,
PR003317,2026-04-18,MANDI-027,Hisar,Mustard,,,6158.08,5650.0
PR011094,2026-04-10,MANDI-042,,Sugarcane,3645.31,0.4444,0.4044,3500.0
PR006854,2026-06-01,MANDI-029,Sirsa,Maize,2058.0,2559.69,2308.62,2090.0
PR009939,2026-02-28,MANDI-045,Kurukshetra,Maize,1943.14,2359.529361452688,2151.0,2090.0
PR006058,2026-05-08,MANDI-026,,Maize,1801.5187823984027,1988.0,1895.0,
PR001224,2026-04-12,MANDI-041,Ambala,Rice,2206.05,0.246,2333.26,2183.0
PR001339,2026-08-04,MANDI-020,Kurukshetra,Cotton,6563.55,7581.903819112371,7072.73,6620.0
PR001741,2026-03-06,MANDI-052,Patiala,Wheat,2042.03,2300.0,2171.1189046586665,2275.0
PR005672,2026-12-02,MANDI-034,Ludhiana,Maize,0.1909,0.2196,2052.73,2090.0
PR000260,2026-04-15,MANDI-049,,Maize,1842.251349455314,2235.0,2038.58,
PR007868,2026-02-01,MANDI-031,Fatehabad,Mustard,5768.811144618307,6809.437781096831,6289.0,0.565
PR001738,2026-04-06,MANDI-052,Ferozepur,Rice,2285.22,2694.48,2489.85,0.2183
PR000757,2026-01-07,MANDI-005,Ambala,Cotton,6619.039698171176,8081.43,7350.24,6620.0
PR002568,2026-07-18,MANDI-045,Ferozepur,Maize,2109.14,2528.0,2318.37,2090.0
PR010341,2026-02-09,MANDI-055,Karnal,Sugarcane,0.3155,0.3586,3370.29,3500.0
PR005385,2026-03-04,MANDI-030,Bathinda,Maize,2099.34,0.2605,2352.306337543444,
PR009378,2026-06-03,MANDI-041,Fatehabad,Maize,2158.0,2507.58,,0.209
PR009318,2026-01-01,,Amritsar,Maize,,2178.08,2056.850274714764,
PR008472,2026-05-08,MANDI-045,Sirsa,Sugarcane,0.3124,3514.28,3318.98,3500.0
PR001709,2026-02-25,MANDI-040,Ludhiana,Maize,1815.72,2191.0,0.2003,0.209
PR005710,2026-02-28,MANDI-054,,Rice,0.2023,0.2399,0.2211,2183.0
PR010408,2026-06-01,MANDI-021,Ferozepur,Maize,0.1914,2025.01,1969.26,0.209
PR009520,2026-03-22,MANDI-034,Amritsar,Rice,2251.538375215763,2752.45,2501.99,2183.0
PR011953,2026-03-06,MANDI-030,,Wheat,1964.0,2328.11,2146.0,2275.0
PR011798,2026-05-16,MANDI-019,Fatehabad,Cotton,5781.0708768874,7072.2,,6620.0
PR004892,2026-05-12,,,Wheat,1936.0391071465301,,2022.96,
PR002059,2026-04-09,MANDI-003,Bathinda,Sugarcane,3389.58,3629.43,3509.51,0.35
PR004267,2026-07-16,MANDI-016,Jalandhar,Cotton,6746.04,7354.37,7050.21,6620.0
PR008720,2026-04-04,MANDI-029,Ludhiana,Sugarcane,3370.64,3898.48,3635.0,
PR002006,2026-04-09,MANDI-025,Hisar,Sugarcane,0.3472,4067.0,3769.61,0.35
PR005651,2026-07-01,MANDI-025,Patiala,Mustard,,6269.0,5929.0,5650.0
PR011010,2026-03-14,MANDI-002,Karnal,Maize,2109.9,0.2609,2359.31,2090.0
PR011393,2026-04-16,MANDI-031,Ambala,Sugarcane,,4019.500341064394,3674.51,0.35
PR011945,2026-08-14,MANDI-013,Sirsa,Rice,1964.3,2438.0,2201.38,2183.0
PR007757,2026-08-28,MANDI-024,Sirsa,Cotton,6070.29,6604.9,,6620.0
PR001129,2026-01-28,MANDI-011,Ludhiana,Maize,1975.5489377398417,2106.32,2040.94,2090.0
PR000782,2026-03-14,MANDI-013,Jalandhar,Maize,1949.1,2367.52,2158.31,2090.0
PR009220,2026-07-07,MANDI-012,Ambala,Cotton,5705.07,,6350.13,6620.0
PR008650,2026-01-22,MANDI-056,Ferozepur,Cotton,6621.0,7937.0,7279.0,
PR001335,2026-07-14,MANDI-055,Kurukshetra,Cotton,6915.98,0.7892,0.7404,
PR001337,2026-08-26,MANDI-002,Hisar,Cotton,6367.287471145383,7881.74,7124.52,
PR009382,2026-06-02,MANDI-032,Karnal,Cotton,0.6398,7095.87,,6620.0
PR000646,2026-07-05,MANDI-024,Sirsa,Sugarcane,3595.3,4369.59,3982.44,3500.0
PR011070,2026-06-04,MANDI-053,,Sugarcane,3362.97,3700.32,3532.0,
PR009533,2026-05-28,,Ambala,Cotton,6381.23,6705.7639799634,0.6543,6620.0
PR005813,2026-02-08,MANDI-022,Jalandhar,Wheat,2106.0,2320.0,2212.69,
PR009065,2026-05-28,MANDI-015,Sirsa,Wheat,2134.73,2268.0,0.2201,2275.0
PR008485,2026-03-17,MANDI-026,Ludhiana,Cotton,6297.36,7416.11,6856.73,6620.0
PR004417,2026-12-01,MANDI-057,Jalandhar,Cotton,0.6599,7111.58,6855.17,6620.0
PR006151,2026-03-04,MANDI-057,Patiala,Sugarcane,3296.58,3614.0,,3500.0
PR006517,2026-06-06,MANDI-019,Hisar,Rice,2235.54,2637.0,2436.08,2183.0
PR001886,2026-08-03,,Fatehabad,Sugarcane,3568.282280607103,4192.88,3880.58,
PR009623,2026-08-20,MANDI-035,Ambala,Sugarcane,3312.62,4076.9,3694.7627420899453,
PR002243,2026-08-26,MANDI-056,Jalandhar,Rice,2259.0,2455.55,2357.38,0.2183
PR010018,2026-06-15,MANDI-033,,Sugarcane,3614.72,3968.0,3791.36,
PR011496,2026-02-23,MANDI-004,,Wheat,2087.35,0.2252,2169.48,2275.0
PR003586,2026-08-22,,Hisar,Wheat,2299.05,2787.0,2542.93,2275.0
PR000768,2026-05-22,MANDI-049,Bathinda,Mustard,4922.11,6021.96,0.5472,0.565
PR001836,2026-11-01,MANDI-019,,Rice,2104.0,2529.04,2316.76,0.2183
PR005985,2026-05-28,,Moga,Cotton,5867.7,6972.31,6420.0,
PR010030,2026-05-19,MANDI-042,Amritsar,Cotton,0.6473,7539.95,7006.0,6620.0
PR000414,2026-06-01,MANDI-010,Moga,Sugarcane,3509.193452257808,3844.62,3676.9052985636804,3500.0
PR011227,2026-03-12,MANDI-018,Ambala,Rice,2030.81,2174.72,2102.76,2183.0
PR000322,2026-02-07,MANDI-035,Ferozepur,Cotton,5701.56,0.6101,5901.31,6620.0
PR005004,2026-10-06,MANDI-052,,Sugarcane,3373.41,3577.69,0.3476,3500.0
PR010655,2026-12-01,MANDI-015,Kurukshetra,Rice,2038.86,2510.2,2274.53,2183.0
PR009331,2026-02-02,MANDI-038,,Maize,2159.0,2337.59,2248.08,2090.0
PR007750,2026-08-30,MANDI-003,Ludhiana,Rice,2125.0,2609.55,2367.07,0.2183
PR000777,2026-08-22,MANDI-038,Amritsar,Wheat,2007.0,0.2367,0.2187,2275.0
PR006930,2026-05-27,,Bathinda,Mustard,5824.52,7029.02,,5650.0
PR000215,2026-04-26,MANDI-022,Bathinda,Wheat,2220.73,2698.44,0.246,
PR009741,2026-07-03,MANDI-043,Fatehabad,Wheat,2388.49,2679.87,2534.0,2275.0
PR010401,2026-08-20,,Bathinda,Maize,2019.13,2140.59,2079.86,0.209
PR000446,2026-06-27,MANDI-005,,Rice,2080.49,2532.79,2306.6433581909046,0.2183
PR005665,2026-04-10,MANDI-025,Kurukshetra,Rice,2194.7438600168525,,2295.0,2183.0
PR002351,2026-02-03,MANDI-048,Hisar,Mustard,5210.04,,5411.0,5650.0
PR001670,2026-01-19,MANDI-036,Amritsar,Wheat,2054.5729163948704,,0.2273,
PR001079,2026-04-27,MANDI-023,Ambala,Mustard,5909.04,6618.51,6263.779440177517,
PR008938,2026-06-02,MANDI-016,Jalandhar,Mustard,5709.09,6540.941789700084,6125.02,
PR007616,2026-06-05,MANDI-030,,Cotton,6451.9,7363.0,6907.7,
PR007817,2026-08-15,,,Cotton,5647.82,6166.98,5907.0,6620.0
PR005610,2026-07-01,MANDI-038,Amritsar,Mustard,5483.06,6128.369117998155,5805.712880607011,5650.0
PR002919,2026-08-28,MANDI-057,Bathinda,Mustard,5067.24,5550.24,5308.74,5650.0
PR007554,2026-03-31,MANDI-043,,Wheat,2208.76,2646.0,2427.234204213697,
PR009294,2026-07-01,MANDI-044,Moga,Rice,2117.823957746129,2434.76,2276.29,2183.0
PR001530,2026-06-30,MANDI-005,,Rice,2248.0,2760.28,,
PR005119,2026-01-18,MANDI-038,Ferozepur,Cotton,0.58,6858.08,6328.95,6620.0
PR005214,2026-03-27,MANDI-009,,Cotton,6610.02,7980.71,7295.36,6620.0
PR008373,2026-07-20,MANDI-025,Ludhiana,Sugarcane,0.3099,3843.0,3471.2772325006626,0.35
PR005144,2026-06-15,MANDI-042,Amritsar,Wheat,2213.0,2344.39,2278.72,
PR002880,2026-01-31,MANDI-002,Ferozepur,Maize,2048.78,2476.1502543999586,2262.47,
PR003103,2026-07-30,MANDI-019,Patiala,Wheat,2197.29,2663.53,2430.41,2275.0
PR008290,2026-08-26,MANDI-036,Ferozepur,Wheat,0.1934,2163.65,0.2049,0.2275
PR001420,2026-08-31,MANDI-034,Bathinda,Maize,1879.47,2198.94,2039.2,0.209
PR007378,2026-03-21,MANDI-040,Jalandhar,Wheat,2275.1,2481.9405795668504,2378.52,2275.0
PR007351,2026-02-27,MANDI-035,,Maize,1834.49,2140.33,1987.0,
PR005262,2026-04-23,,Ambala,Maize,1893.246433031381,2228.63,2060.94,2090.0
PR001438,2026-04-16,MANDI-052,Moga,Rice,1894.51,0.2155,0.2025,2183.0
PR008924,2026-04-29,MANDI-006,Amritsar,Maize,1814.22,0.2132,1972.95,2090.0
PR005564,2026-04-29,MANDI-019,Ambala,Mustard,5458.0,6731.07,6094.54,0.565
PR000513,2026-07-04,MANDI-004,Ferozepur,Sugarcane,3218.52,3545.777323891434,0.3382,0.35
PR004559,2026-05-30,MANDI-056,Ambala,Cotton,6201.03,6852.04,6527.0,
PR006111,2026-07-23,MANDI-027,Sirsa,Mustard,5375.41,0.5754,5564.92,5650.0
PR008786,2026-07-21,MANDI-040,Ambala,Maize,1799.0,1890.92,1845.0,
PR001521,2026-07-21,MANDI-024,Kurukshetra,Sugarcane,0.3192,3919.98,3555.83,0.35
PR005625,2026-05-09,MANDI-023,Ferozepur,Maize,2000.0,2229.49,2114.78,2090.0
PR008768,2026-06-29,MANDI-047,Sirsa,Maize,2031.95,2496.63,2264.29,2090.0
PR000465,2026-04-15,MANDI-019,Amritsar,Wheat,0.2172,2339.9,2256.0,2275.0
PR008809,2026-04-27,MANDI-047,Bathinda,Wheat,2108.66,2349.93,2229.3,2275.0
PR000461,2026-02-12,MANDI-035,Sirsa,Sugarcane,,3537.57,3421.68,3500.0
PR009693,2026-04-20,MANDI-003,Kurukshetra,Mustard,5154.0,0.6061,5607.45,5650.0
PR001171,2026-06-21,MANDI-047,Sirsa,Sugarcane,3426.74,0.3859,3643.0,3500.0
PR009310,2026-10-05,,Sirsa,Maize,1999.02,2247.0,0.2123,2090.0
PR005235,2026-05-15,MANDI-021,Ferozepur,Mustard,5377.0,6197.53,5787.17,5650.0
PR007673,2026-08-16,MANDI-023,Karnal,Rice,2155.58,2576.0,2365.7723100437415,2183.0
PR008590,2026-06-06,MANDI-002,Hisar,Sugarcane,3169.281842770519,0.3444,0.3307,3500.0
PR004513,2026-07-01,,Ferozepur,Rice,1989.55,2438.19,0.2214,
PR009092,2026-10-02,MANDI-032,,Rice,0.1926,2173.49,0.205,2183.0
PR005238,2026-01-31,MANDI-055,Ferozepur,Rice,2189.33,2618.1,2403.71,2183.0
PR001164,2026-08-19,,,Mustard,5500.26,5903.0,5701.78,0.565
PR011737,2026-05-26,MANDI-053,Ambala,Wheat,2214.32,,2359.0,2275.0
PR001170,2026-03-24,MANDI-031,Jalandhar,Rice,1958.6372025383382,,,2183.0
PR004427,2026-03-20,MANDI-039,Ambala,Rice,,2663.43,2401.87,2183.0
PR010127,2026-08-05,MANDI-052,Ludhiana,Wheat,2333.0,2460.35,,2275.0
PR009601,2026-12-03,MANDI-033,Karnal,Wheat,,2509.97,0.233,0.2275
PR008408,2026-08-09,MANDI-025,Amritsar,Mustard,5321.95,5636.47,5479.0,0.565
PR007566,2026-01-11,MANDI-026,Jalandhar,Sugarcane,3472.78,3946.49,3709.63,3500.0
PR003787,2026-03-19,MANDI-024,Patiala,Sugarcane,3470.94,4168.515649971152,,3500.0
PR007685,2026-02-04,MANDI-019,Ambala,Maize,2100.92,,2222.23,
PR011908,2026-01-01,MANDI-021,Patiala,Mustard,5352.48,0.5804,0.5578,5650.0
PR002594,2026-05-30,MANDI-005,Karnal,Wheat,2264.44,0.2655,0.246,2275.0
PR009847,2026-04-08,MANDI-046,Ambala,Wheat,0.2011,2371.0,2190.72,2275.0
PR009488,2026-04-05,MANDI-020,Ludhiana,Cotton,6908.1,0.8345,7626.52,6620.0
PR000987,2026-09-07,MANDI-017,Karnal,Mustard,0.5098,5913.0,5505.92,0.565
PR001997,2026-02-27,MANDI-019,Jalandhar,Maize,0.1849,0.2138,1993.57,2090.0
PR009233,2026-07-01,MANDI-021,Ambala,Wheat,1995.0,2440.251986839625,2217.46,
PR005966,2026-05-24,MANDI-002,Ambala,Wheat,1938.0,2328.51,2133.25,2275.0
PR001845,2026-02-13,MANDI-050,Ambala,Rice,,2653.5,0.2399,2183.0
PR003630,2026-06-03,MANDI-026,Fatehabad,Mustard,4896.68,,5362.198685810369,
PR000947,2026-02-18,MANDI-004,Amritsar,Mustard,5066.23,6193.98,5630.11,5650.0
PR005058,2026-04-09,MANDI-005,,Sugarcane,2983.63,3392.93,3188.28,3500.0
PR006392,2026-02-23,MANDI-037,Jalandhar,Mustard,5845.55,0.6536,6190.73,5650.0
PR002022,2026-01-13,,Kurukshetra,Mustard,5248.81,6157.0,5702.83,
PR000990,2026-08-08,,Moga,Sugarcane,3190.73,3563.0,3376.83,
PR002316,2026-08-14,MANDI-025,Patiala,Wheat,2278.13,2606.84,2442.48,
PR010335,2026-08-24,MANDI-047,Ludhiana,Wheat,,2824.0,,2275.0
PR003888,2026-01-13,MANDI-016,Ferozepur,Wheat,0.197,2447.71,2209.01,2275.0
PR002524,2026-08-28,MANDI-046,,Mustard,5290.270765488176,5644.55,5467.41,5650.0
PR011171,2026-03-07,MANDI-007,Ferozepur,Cotton,5806.19,,6197.73,
PR011969,2026-04-23,MANDI-026,Fatehabad,Mustard,5323.28,5781.92,,5650.0
PR011321,2026-01-08,MANDI-032,Karnal,Mustard,5885.9181632215,6737.0,6311.0,0.565
PR003942,2026-02-13,MANDI-030,Moga,Wheat,,2696.0,2458.0,2275.0
PR001801,2026-05-10,,Fatehabad,Wheat,2276.619705439078,2393.05,2334.83,2275.0
PR008530,2026-08-25,MANDI-035,Karnal,Wheat,0.2217,2768.23,2492.79,0.2275
PR005536,2026-05-30,MANDI-049,Amritsar,Rice,1936.45,2392.0,2164.02,2183.0
PR004385,2026-04-09,MANDI-020,Hisar,Mustard,5369.65,0.6149,5760.0,
PR006568,2026-03-29,MANDI-032,Ludhiana,Cotton,6789.5,7440.4,7114.95,
PR005018,2026-07-15,MANDI-019,Kurukshetra,Sugarcane,3667.14,4219.0,3943.21,3500.0
PR005216,2026-03-31,MANDI-020,Ludhiana,Maize,2072.45,2319.33,0.2196,
PR009528,2026-05-06,MANDI-054,Sirsa,Rice,2122.25,0.2439,2280.8,2183.0
PR008963,2026-01-10,MANDI-030,Ludhiana,Maize,2008.0,2454.0,2231.12,0.209
PR008113,2026-01-18,MANDI-013,Patiala,Wheat,2061.0,2488.09,2274.4,
PR002825,2026-07-07,MANDI-007,Hisar,Cotton,6250.0,6879.85,6564.74,6620.0
PR001248,2026-05-09,MANDI-033,Jalandhar,Cotton,6349.88,7726.37,7038.12,6620.0
PR006352,2026-01-16,MANDI-046,,Wheat,2317.69,2689.24,0.2503,2275.0
PR009639,2026-07-16,,Moga,Cotton,0.5865,6169.93,6017.51,
PR006082,2026-02-07,MANDI-052,,Mustard,0.4899,5934.11,5416.47,5650.0
PR009031,2026-02-16,MANDI-032,Ludhiana,Rice,2094.531245297363,2565.64,0.233,2183.0
PR006129,2026-03-28,,Ferozepur,Cotton,6333.0,0.7583,6958.0,
PR007926,2026-05-15,MANDI-044,Fatehabad,Maize,1850.7415313949919,2128.0,1989.2640535659095,2090.0
PR004415,2026-07-08,MANDI-042,Moga,Rice,0.2225,2758.75,2492.1,
PR004273,2026-01-05,MANDI-013,Ludhiana,Cotton,6341.64,7232.1276639774915,6786.88,6620.0
PR000376,2026-03-31,MANDI-055,Ferozepur,Sugarcane,3310.89,3540.0,3425.23,0.35
PR010607,2026-12-02,MANDI-036,Moga,Mustard,5487.47,0.6651,6069.359258309774,
PR002722,2026-01-09,,Ambala,Sugarcane,3534.0,3759.33,3646.69,3500.0
PR002886,2026-08-05,MANDI-025,Hisar,Maize,2106.0,2449.0,0.2278,2090.0
PR000517,2026-07-01,,,Sugarcane,3263.01,4023.5,3643.25,3500.0
PR000944,2026-03-14,MANDI-016,Jalandhar,Maize,0.2015,2361.3820376818835,2188.0,2090.0
PR007335,2026-04-18,MANDI-048,,Wheat,2007.0,2204.0,2105.75,2275.0
PR003553,2026-08-20,MANDI-002,Patiala,Cotton,5725.0,7143.5,6434.31,0.662
PR005700,2026-03-08,MANDI-046,Patiala,Rice,1993.2,,2150.01,2183.0
PR000889,2026-08-13,MANDI-020,Karnal,Sugarcane,0.317,3837.0,3503.47,
PR001930,2026-02-15,MANDI-057,Karnal,Mustard,5453.72,5972.12,5712.92,
PR004480,2026-08-08,MANDI-052,Sirsa,Maize,2014.29,2196.03,2105.16,
PR006900,2026-03-13,,Moga,Maize,1874.0900856078622,2205.0,2039.5268441180865,2090.0
PR007741,2026-04-18,MANDI-012,Hisar,Cotton,6886.87,0.7256,7071.292567242997,6620.0
PR003171,2026-08-08,,,Sugarcane,3603.59,4161.0139509809005,3882.3,3500.0
PR009190,2026-09-02,MANDI-015,Ambala,Wheat,2065.86,2377.81,,2275.0
PR004808,2026-02-18,MANDI-055,Amritsar,Wheat,1937.4927043306989,2407.18,2172.33,0.2275
PR000195,2026-03-11,MANDI-035,Jalandhar,Cotton,0.6722,8166.21,7444.0,
PR005258,2026-08-11,MANDI-051,Bathinda,Sugarcane,3050.2,0.3568,3309.28,3500.0
PR008340,2026-06-21,MANDI-048,Amritsar,Rice,1941.0806754813811,2245.26,2093.17,
PR010596,2026-01-14,MANDI-005,Moga,Sugarcane,2979.03,3496.82,3237.93,3500.0
PR008973,2026-08-09,MANDI-041,Amritsar,Cotton,6933.76,7925.91,7430.0,
PR009900,2026-04-13,MANDI-051,Fatehabad,Wheat,2017.93,0.233,2174.149237167053,
PR001383,2026-06-02,MANDI-057,Hisar,Maize,2169.2442061685133,0.2618,2393.52,2090.0
PR007198,2026-01-17,MANDI-031,Fatehabad,Cotton,6758.57,8190.55,7474.56,6620.0
PR011293,2026-03-20,MANDI-029,Bathinda,Wheat,2001.0,2246.0,2123.56,
PR000655,2026-05-23,MANDI-031,Ambala,Sugarcane,3367.474053062364,3875.1866855071435,3621.33,3500.0
PR010126,2026-02-02,MANDI-006,Jalandhar,Sugarcane,3136.0,3434.0,3285.14,0.35
PR003563,2026-02-26,MANDI-019,Ambala,Cotton,0.6803,8501.78,7652.53,6620.0
PR008545,2026-05-11,MANDI-025,Kurukshetra,Mustard,4830.20326780833,6027.48,5428.84,5650.0
PR006835,2026-03-20,,Hisar,Wheat,2160.0,2533.0,2347.0,2275.0
PR006807,2026-01-08,MANDI-034,Moga,Maize,2049.19,2314.08,2181.64,2090.0
PR006051,2026-08-03,MANDI-056,Hisar,Cotton,0.5995,6454.05,6224.452479232326,6620.0
PR001841,2026-12-01,,Ferozepur,Maize,0.1982,2404.0,2193.21,2090.0
PR004638,2026-08-26,MANDI-051,Amritsar,Mustard,5231.46,6151.0,,0.565
PR010316,2026-03-22,MANDI-021,Ferozepur,Rice,2183.0,2668.8812963238474,0.2426,0.2183
PR010380,2026-03-21,MANDI-050,Moga,Mustard,5133.98,0.5429,0.5281,5650.0
PR007702,2026-04-02,MANDI-035,Ambala,Sugarcane,3327.63,3698.55,3513.09,3500.0
PR007249,2026-01-24,MANDI-009,Ferozepur,Wheat,0.2012,2129.46,2071.0,2275.0
PR000679,2026-09-01,MANDI-057,Fatehabad,Rice,1970.0,2460.65,2215.18,2183.0
PR006686,2026-01-14,MANDI-005,Moga,Cotton,6003.64,6648.55,6326.092116595704,6620.0
PR005347,2026-04-27,MANDI-033,Ambala,Cotton,6227.56,6651.09,6439.0,
PR007333,2026-01-03,MANDI-049,Kurukshetra,Cotton,0.5737,6281.53,6009.49,6620.0
PR003019,2026-07-17,MANDI-011,Ambala,Rice,2006.83,2496.43,2252.0,2183.0
PR003039,2026-08-20,,Sirsa,Sugarcane,3637.34,4471.98,4054.66,3500.0
PR008333,2026-07-28,,Fatehabad,Maize,1977.46,0.2195,2086.07,2090.0
PR007028,2026-02-19,MANDI-011,Sirsa,Rice,2287.97,2782.7699989735,2535.37,2183.0
PR008351,2026-07-20,,Bathinda,Cotton,6500.33024261389,0.6885,0.6693,6620.0
PR005633,2026-09-08,MANDI-015,Ferozepur,Rice,2287.18,2780.79,2533.99,2183.0
PR009330,2026-10-07,MANDI-052,Jalandhar,Cotton,6487.52,7836.0,0.7162,6620.0
PR004895,2026-01-14,MANDI-030,Fatehabad,Wheat,2016.25,2265.0,2140.5,2275.0
PR009669,2026-04-14,MANDI-034,Bathinda,Cotton,6253.0,7072.86,6663.04,6620.0
PR000763,2026-07-18,MANDI-054,,Wheat,2363.0,2742.81,2552.9051563145285,2275.0
PR010009,2026-03-11,MANDI-047,Ludhiana,Maize,2041.4645533845014,2325.66,2183.56,0.209
PR005220,2026-03-04,MANDI-032,,Mustard,5667.13,6385.8,6026.46,
PR003027,2026-05-01,MANDI-010,Fatehabad,Cotton,6321.15,6963.12,6642.14,6620.0
PR010150,2026-03-04,MANDI-015,Amritsar,Mustard,,6360.77,5966.97,
PR005091,2026-07-08,MANDI-008,Moga,Sugarcane,3121.66,3597.0,3359.36,3500.0
PR000568,2026-08-11,MANDI-007,Karnal,Maize,1914.0,2018.9,1966.6,2090.0
PR011067,2026-02-08,MANDI-038,Bathinda,Maize,2161.29,2346.89,2254.09,2090.0
PR006624,2026-01-31,MANDI-045,Sirsa,Rice,2197.97,2538.98,2368.48,2183.0
PR000567,2026-02-05,,Ferozepur,Mustard,4885.21,0.5898,5391.588865158177,5650.0
PR001720,2026-05-30,,Ambala,Wheat,2364.72,2487.36,2426.0,2275.0
PR004988,2026-01-17,MANDI-051,Ferozepur,Sugarcane,3599.0,0.3866,3732.58,3500.0
PR008519,2026-07-17,MANDI-054,Karnal,Maize,0.2158,2336.44,0.2247,2090.0
PR002329,2026-03-06,,,Maize,1864.52,2304.53,0.2085,2090.0
PR011116,2026-08-23,MANDI-050,Karnal,Mustard,5437.0,6279.99,5858.0,5650.0
PR002301,2026-08-16,MANDI-020,Karnal,Rice,1945.805658897928,0.2394,2169.66,2183.0
PR004330,2026-08-31,MANDI-047,,Cotton,6296.63,7815.61,0.7056,6620.0
PR010703,2026-02-01,MANDI-043,Ferozepur,Mustard,5562.0,6645.0,6103.33,5650.0
PR001912,2026-10-06,MANDI-006,Patiala,Maize,2156.055142504895,0.2504,2329.958572430285,2090.0
PR003213,2026-05-16,MANDI-025,Moga,Cotton,0.5951,,0.6682,6620.0
PR011014,2026-05-05,,Sirsa,Wheat,1979.61,,2098.62,2275.0
PR009467,2026-02-19,MANDI-026,Ambala,Sugarcane,3293.1,3928.84,,3500.0
PR003503,2026-07-20,MANDI-016,Bathinda,Sugarcane,3438.4120634585497,4221.0,3829.79,3500.0
PR010140,2026-07-09,MANDI-014,Ambala,Wheat,2164.24,2326.85,2245.55,2275.0
PR001871,2026-08-18,,,Rice,2144.85,2581.18,2363.0109366025526,2183.0
PR004664,2026-01-24,MANDI-043,Kurukshetra,Rice,0.2198,2717.93,2457.75,2183.0
PR008410,2026-08-02,MANDI-041,Fatehabad,Maize,2186.0,0.2703,2444.4412950422384,2090.0
PR002852,2026-01-23,MANDI-022,Ambala,Sugarcane,,3994.73,3783.75,
PR002872,2026-05-13,MANDI-034,Ludhiana,Cotton,6493.08,7782.0,7137.3482578800795,6620.0
PR005372,2026-08-29,MANDI-036,Patiala,Mustard,5110.686804767071,0.6077,5594.053126075614,
PR007865,2026-08-03,MANDI-053,Ambala,Maize,1957.27,2386.1,2171.6868673609288,2090.0
PR004835,2026-06-04,MANDI-036,Sirsa,Mustard,5930.89,,0.6537,5650.0
PR000856,2026-03-26,MANDI-023,Karnal,Mustard,5559.07,6268.0,5913.45,
PR008585,2026-04-24,MANDI-031,Karnal,Wheat,1973.0,2156.39,2064.6857709384617,2275.0
PR009694,2026-05-13,MANDI-043,Ambala,Sugarcane,3077.0,3436.63,3256.77,3500.0
PR002198,2026-08-28,MANDI-017,Patiala,Mustard,5852.12,6155.79,6003.95,5650.0
PR008874,2026-07-01,MANDI-027,Patiala,Wheat,2293.46,2619.06,,2275.0
PR001846,2026-08-17,MANDI-030,Amritsar,Maize,,2160.0,2066.7,2090.0
PR001367,2026-07-03,MANDI-012,Ambala,Maize,1957.0,2286.5837324601457,2121.94,
PR008457,2026-01-21,MANDI-023,Kurukshetra,Mustard,0.5452,6672.0,6062.0,0.565
PR002609,2026-06-08,MANDI-020,Ludhiana,Rice,2059.72,2360.88,2210.0,2183.0
PR000423,2026-03-10,MANDI-041,,Maize,1960.17,2078.53,2019.35,2090.0
PR002179,2026-07-27,,Fatehabad,Wheat,0.1993,2449.85,2221.0,2275.0
PR003690,2026-06-10,MANDI-050,Kurukshetra,Wheat,2239.91,2754.68,2497.0,2275.0
PR009733,2026-07-04,MANDI-001,Bathinda,Wheat,2383.65,2912.15,2648.0,0.2275
PR003369,2026-03-24,MANDI-001,Jalandhar,Cotton,6144.0,6743.3,0.6444,6620.0
PR001625,2026-07-15,MANDI-032,Amritsar,Maize,0.2112,0.2458,2284.75,0.209
PR010878,2026-05-16,MANDI-016,Karnal,Sugarcane,3122.8,3659.41,,3500.0
PR002697,2026-06-05,MANDI-009,,Sugarcane,3653.52559900091,4260.4003489427705,3956.96,3500.0
PR008553,2026-08-27,,Ferozepur,Cotton,5775.0,6819.06,6297.03,6620.0
PR009375,2026-08-04,MANDI-052,Jalandhar,Wheat,2198.97,2515.0,2357.0,
PR003869,2026-09-02,,Ambala,Wheat,2064.0,0.2404,2233.9,0.2275
PR003165,2026-06-03,MANDI-053,Fatehabad,Maize,2151.32,2532.86,2342.09,
PR001964,2026-08-12,MANDI-013,Jalandhar,Cotton,5716.44,6851.86,6284.15,6620.0
PR008787,2026-10-08,MANDI-009,Fatehabad,Mustard,5908.27,7338.56,6623.0,5650.0
PR000391,2026-03-02,MANDI-038,Hisar,Mustard,5795.14,6296.0,6045.57,5650.0
PR004782,2026-03-28,MANDI-027,Moga,Mustard,5386.0,6636.29,6010.94,
PR000536,2026-02-08,,Karnal,Sugarcane,3241.193895069781,3754.95,3498.07,3500.0
PR003636,2026-07-14,MANDI-027,Amritsar,Mustard,5548.3,6559.03,,5650.0
PR008676,2026-02-17,MANDI-024,Kurukshetra,Wheat,2102.12,2337.98,2220.05,2275.0
PR011665,2026-07-30,MANDI-017,Moga,Cotton,0.5861,6322.36,6092.0,6620.0
PR001317,2026-02-23,MANDI-023,Jalandhar,Sugarcane,3309.0,0.3862,3585.69,0.35
PR010552,2026-04-20,MANDI-049,Amritsar,Mustard,0.5463,5777.0,5619.94,5650.0
PR009206,2026-08-28,MANDI-012,Ferozepur,Rice,0.2151,0.2501,2325.66,
PR010801,2026-11-02,MANDI-057,Ferozepur,Mustard,5315.0,6235.71,5775.5,5650.0
PR011440,2026-06-06,MANDI-053,Ambala,Wheat,2205.75,2555.74,2380.74,2275.0
PR007515,2026-02-24,MANDI-011,,Sugarcane,3234.0,3885.57,3559.71,3500.0
PR007224,2026-03-29,,Amritsar,Cotton,6308.808713128436,7652.24,0.6981,6620.0
PR000457,2026-02-27,MANDI-027,Moga,Mustard,5500.0,6340.49,5920.42,5650.0
PR007776,2026-04-06,,Bathinda,Cotton,6745.0,7192.0,6968.270185872294,6620.0
PR011758,2026-05-10,MANDI-054,Karnal,Cotton,6461.79,6909.79,6685.79,
PR006342,2026-01-19,MANDI-054,Ambala,Sugarcane,3551.9001551537904,4263.0,3907.47,
PR011509,2026-05-30,MANDI-032,Karnal,Cotton,6615.05,0.7181,6898.17,6620.0
PR001762,2026-04-30,MANDI-045,Ludhiana,Wheat,1953.95,0.2214,2084.06,2275.0
PR008278,2026-08-14,MANDI-017,Kurukshetra,Cotton,6008.0,7142.2,6575.0,6620.0
PR002495,2026-03-01,MANDI-052,Karnal,Maize,0.1905,2179.993784997252,2042.49,2090.0
PR006539,2026-03-16,MANDI-010,Hisar,Maize,1911.0,2311.404192625037,2111.22,2090.0
PR003803,2026-03-02,MANDI-015,,Maize,2005.38,2123.0,2064.1,2090.0
PR001157,2026-01-10,MANDI-030,Patiala,Wheat,2229.3,2409.38,2319.34,2275.0
PR007366,2026-02-01,MANDI-013,Fatehabad,Sugarcane,3009.56,0.371,3359.8086043077765,3500.0
PR004545,2026-06-23,MANDI-049,Ambala,Cotton,6483.63,7300.57,6892.1,
PR010015,2026-04-03,MANDI-044,Ambala,Cotton,5911.547835682344,0.6917,6414.44,6620.0
PR007535,2026-01-26,,Ludhiana,Sugarcane,,0.384,3577.51,3500.0
PR003823,2026-03-20,MANDI-010,Moga,Sugarcane,3518.2,4078.32,3798.264151212772,3500.0
PR006618,2026-03-08,MANDI-037,Karnal,Sugarcane,3336.0,0.4027,0.3681,3500.0
PR010143,2026-05-10,MANDI-002,Ludhiana,Cotton,6517.43,8056.74,7287.08,6620.0
PR000082,2026-03-04,MANDI-036,Amritsar,Cotton,5739.33,6728.0,6233.66,6620.0
PR001318,2026-02-10,MANDI-016,Jalandhar,Wheat,2031.06,2428.0,2229.66,2275.0
PR002421,2026-04-06,MANDI-036,Jalandhar,Cotton,,7992.2,7264.56,6620.0
PR002496,2026-02-07,MANDI-025,,Wheat,2191.82,2677.29,2434.56,
PR003123,2026-05-29,MANDI-020,Fatehabad,Wheat,2213.11,2629.86,2421.0,
PR000578,2026-06-07,MANDI-005,Patiala,Wheat,2179.82,2512.18,2346.0,0.2275
PR004066,2026-05-17,MANDI-052,Hisar,Rice,2187.88,2545.46,2366.67,0.2183
PR001743,2026-04-20,,Ambala,Maize,0.198,2277.0,2128.3889250349694,2090.0
PR011937,2026-07-28,MANDI-037,,Sugarcane,3163.0,3636.41,3399.64,
PR004172,2026-07-12,MANDI-055,Karnal,Cotton,5704.2398888482385,6789.0,6246.6,6620.0
PR008617,2026-07-15,MANDI-041,Patiala,Mustard,0.5162,5753.15,5457.49,5650.0
PR000106,2026-01-27,MANDI-047,Karnal,Wheat,2336.56,2753.54,2545.05,
PR011777,2026-07-24,MANDI-046,,Maize,1986.134941927685,2267.0,2126.7,2090.0
PR000775,2026-11-01,MANDI-042,Amritsar,Rice,2174.0972268077694,2373.9442509163327,2274.02,2183.0
PR001145,2026-01-25,MANDI-036,Ferozepur,Maize,0.1991,2166.04,2079.0,2090.0
PR011946,2026-02-28,MANDI-018,,Cotton,5923.93,6735.1,6329.51,6620.0
PR007062,2026-07-14,,,Sugarcane,3533.0,3818.45,3676.0,3500.0
PR005126,2026-08-04,MANDI-038,Ludhiana,Wheat,2376.0,2643.61,2510.04,2275.0
PR009049,2026-02-08,MANDI-041,Ludhiana,Wheat,2341.0,2516.699136803572,0.2429,
PR009399,2026-12-02,MANDI-011,Sirsa,Wheat,0.2064,2460.73,2262.0,2275.0
PR008231,2026-04-24,MANDI-008,,Cotton,6731.25,7734.3,7232.77,6620.0
PR006078,2026-06-17,MANDI-049,Amritsar,Rice,1900.6051303902511,2127.83,2014.22,2183.0
PR010707,2026-05-25,MANDI-004,Ferozepur,Rice,2071.63,2496.2657301380536,0.2284,
PR002557,2026-04-01,MANDI-018,Hisar,Sugarcane,3595.0,0.3839,3717.0,3500.0
PR002352,2026-03-22,MANDI-014,Hisar,Maize,,2455.7,2301.67,2090.0
PR004342,2026-09-03,MANDI-017,Ferozepur,Rice,,2273.929542783773,2161.1,2183.0
PR006054,2026-06-22,,Moga,Maize,2118.95,2521.8,2320.0,2090.0
PR010682,2026-04-01,MANDI-034,Moga,Rice,2124.13,2585.56,2355.0,
PR003779,2026-09-08,MANDI-006,Ferozepur,Wheat,2100.50748526425,2460.76,2280.63,2275.0
PR005792,2026-08-03,MANDI-019,Sirsa,Mustard,5932.427069056083,7268.74,6600.581244930174,5650.0
PR010738,2026-01-16,MANDI-033,Hisar,Sugarcane,3254.97,3454.0,3354.41,0.35
PR000688,2026-03-03,MANDI-016,Kurukshetra,Rice,2086.15,2345.61,2215.88,2183.0
PR001342,2026-06-12,MANDI-032,Karnal,Maize,2028.25,0.2376,2202.32,2090.0
PR007731,2026-02-12,MANDI-041,Kurukshetra,Wheat,0.2163,2679.0,0.2421,2275.0
PR007961,2026-03-19,MANDI-023,Bathinda,Wheat,2094.64,2236.44,2165.54,
PR011506,2026-01-20,MANDI-012,Sirsa,Maize,2046.78,0.2458,2252.0,2090.0
PR000496,2026-08-03,MANDI-032,,Maize,0.1838,0.2212,2025.01,0.209
PR011966,2026-04-26,,Amritsar,Sugarcane,0.3582,0.399,3786.09,3500.0
PR007771,2026-08-20,MANDI-010,Ambala,Mustard,5591.281601122653,6702.63,6146.953699179814,5650.0
PR008466,2026-05-30,MANDI-031,Kurukshetra,Cotton,,0.7047,6481.8,6620.0
PR003938,2026-08-19,MANDI-013,Ferozepur,Sugarcane,3489.0,4059.21,0.3774,3500.0
PR001428,2026-08-31,MANDI-004,Sirsa,Mustard,5162.4702024414,5480.95,0.5322,5650.0
PR006963,2026-01-08,MANDI-006,Sirsa,Wheat,2177.33,0.2632,2404.85,
PR005054,2026-03-28,MANDI-019,,Cotton,5969.0,6972.62,6470.96,6620.0
PR004035,2026-06-09,MANDI-003,Hisar,Wheat,2123.1,2406.4,2264.75,0.2275
PR006688,2026-04-19,MANDI-048,Ludhiana,Sugarcane,3244.0,3973.0,3608.78,3500.0
PR007236,2026-03-22,MANDI-003,Jalandhar,Rice,2177.08,2604.0,2390.43,2183.0
PR002400,2026-07-18,MANDI-013,Fatehabad,Wheat,2001.72,2113.61,2057.67,0.2275
PR011527,2026-06-25,MANDI-036,Ferozepur,Sugarcane,3338.48,0.4157,,3500.0
PR004731,2026-08-05,MANDI-018,,Maize,0.1926,2202.41,2063.97,0.209
PR001592,2026-08-11,MANDI-023,Patiala,Cotton,6937.26,7686.67,7311.97,0.662
PR003703,2026-05-17,MANDI-051,,Wheat,2187.0,2362.97486641854,2274.77,0.2275
PR001132,2026-05-11,MANDI-032,Hisar,Mustard,5648.5,0.676,6204.49,5650.0
PR007060,2026-03-30,MANDI-045,Fatehabad,Mustard,4891.0,6087.96,5489.498240229819,5650.0
PR005605,2026-05-01,MANDI-023,Patiala,Wheat,2125.5,2428.3725757901466,2276.94,2275.0
PR001172,2026-07-11,MANDI-022,Bathinda,Rice,0.1972,2434.54,0.2203,2183.0
PR011981,2026-08-31,MANDI-012,Kurukshetra,Rice,,2085.03,1977.44,
PR001782,2026-04-21,MANDI-034,Ferozepur,Maize,1939.8,,2064.64,2090.0
PR001667,2026-06-30,MANDI-013,Karnal,Maize,0.2079,2560.91,2319.77,
PR008331,2026-01-18,MANDI-036,Hisar,Mustard,0.5887,6790.19,6339.0,5650.0
PR005832,2026-05-29,MANDI-051,Jalandhar,Wheat,1969.87,0.2427,2198.64,2275.0
PR002990,2026-09-02,MANDI-025,,Wheat,2111.58,2266.68,2189.13,2275.0
PR007645,2026-02-07,,Hisar,Rice,0.2167,2349.76,2258.53,2183.0
PR009864,2026-02-09,MANDI-024,,Rice,2164.1011495625016,2595.05,2380.0,2183.0
PR000949,2026-04-26,MANDI-002,Ferozepur,Sugarcane,3334.61,3845.0853269447525,3590.0,0.35
PR008140,2026-09-02,MANDI-049,,Mustard,5035.33,0.6291,5663.0,5650.0
PR002453,2026-01-28,MANDI-052,Jalandhar,Mustard,5111.46,0.5579,5345.21,5650.0
PR008745,2026-04-26,MANDI-001,Fatehabad,Sugarcane,3479.55,4300.41,3890.0,3500.0
PR004922,2026-05-03,MANDI-052,,Wheat,2262.2858554859235,2681.0,2471.79,2275.0
PR001726,2026-09-01,MANDI-040,Moga,Rice,2211.66,2519.58,2366.0,
PR009811,2026-05-25,MANDI-014,Amritsar,Sugarcane,3457.0,3670.77,3563.85,
PR001443,2026-07-14,MANDI-006,,Maize,1998.53,2156.23,2077.0,2090.0
PR010975,2026-06-14,,Ambala,Maize,2163.81,,0.2411,
PR006919,2026-03-29,,Bathinda,Wheat,0.2225,2727.41,2476.2,2275.0
PR011831,2026-02-02,MANDI-002,Karnal,Wheat,2281.47,2558.3270783550774,0.242,2275.0
PR008006,2026-03-01,MANDI-049,,Wheat,2100.15,0.2478,2289.2618950737838,2275.0
PR000265,2026-03-15,MANDI-006,,Sugarcane,3456.59,3684.0,3570.3,3500.0
PR004535,2026-01-25,MANDI-053,Bathinda,Sugarcane,2980.72,3160.46,3070.59,0.35
PR007182,2026-08-20,MANDI-012,Hisar,Maize,2162.2,2337.77,2250.0,2090.0
PR009660,2026-06-09,MANDI-013,Amritsar,Mustard,5725.03,7036.34,6380.684271043906,0.565
PR003502,2026-07-31,MANDI-011,Jalandhar,Cotton,6930.18,7571.02,7251.0,6620.0
PR003252,2026-02-08,,,Wheat,2143.72,2613.91,2379.0,0.2275
PR006892,2026-07-28,,Sirsa,Maize,2011.0,2284.8428465850907,2147.76,2090.0
PR006444,2026-06-05,MANDI-002,Ludhiana,Sugarcane,0.3434,0.4147,3790.84,3500.0
PR001134,2026-02-20,MANDI-026,Kurukshetra,Rice,2242.64,,,2183.0
PR009644,2026-04-21,MANDI-039,Karnal,Maize,0.2111,2538.67,2324.59,2090.0
PR002689,2026-07-14,MANDI-047,Karnal,Rice,1978.72,2440.37,2209.55,2183.0
PR003273,2026-08-04,MANDI-019,Ferozepur,Wheat,0.2161,0.2679,2420.06,2275.0
PR004072,2026-06-16,MANDI-030,Ludhiana,Mustard,0.5173,5810.0,5491.040997696066,5650.0
PR004620,2026-06-18,,Karnal,Sugarcane,3210.0,3934.0,3572.08,3500.0
PR002248,2026-05-04,MANDI-006,Karnal,Maize,0.2133,2433.0,2282.79,0.209
PR005687,2026-01-21,MANDI-037,Ferozepur,Sugarcane,3509.31,3708.01,,3500.0
PR000534,2026-08-05,MANDI-046,Ludhiana,Mustard,5832.0,7205.0,0.6518,5650.0
PR011151,2026-05-17,MANDI-027,Karnal,Maize,2130.2,2424.0,0.2277,
PR003546,2026-08-19,MANDI-043,Moga,Cotton,0.657,7959.43,7264.93,6620.0
PR002234,2026-03-02,,Fatehabad,Wheat,2109.51,0.2216,2162.78,
PR005627,2026-02-08,MANDI-028,Jalandhar,Wheat,2339.7,0.2864,2601.96,2275.0
PR006094,2026-01-27,MANDI-014,,Sugarcane,3482.560348564581,3819.1,3650.83,3500.0
PR011508,2026-02-03,MANDI-048,Kurukshetra,Mustard,5630.26,6174.91,5902.58,
PR007585,2026-04-16,MANDI-049,Karnal,Wheat,2017.78,2256.42,2137.1,2275.0
PR009766,2026-03-02,MANDI-054,Kurukshetra,Mustard,5613.43,6997.38,,5650.0
PR009385,2026-03-01,MANDI-048,Ludhiana,Mustard,5374.4,6104.29,5739.34706079173,5650.0
PR010178,2026-05-13,MANDI-010,Patiala,Maize,0.2038,2151.05,2094.38,2090.0
PR007052,2026-02-19,MANDI-018,Ambala,Wheat,0.2029,2204.11,2116.0,2275.0
PR001902,2026-02-07,MANDI-004,Karnal,Mustard,5873.44,6501.91,6188.0,5650.0
PR001527,2026-03-24,MANDI-023,Ambala,Wheat,2166.51,2463.44,,2275.0
PR005019,2026-04-16,,Amritsar,Rice,1990.0,2165.0,2077.61,0.2183
PR000445,2026-01-28,MANDI-002,Moga,Maize,1792.3,2208.31,0.2,2090.0
PR006246,2026-02-27,MANDI-003,Amritsar,Rice,2084.95,2442.1426347448123,2263.55,2183.0
PR005745,2026-03-23,,Ludhiana,Rice,2217.8,2437.84,2327.82,2183.0
PR004552,2026-07-21,MANDI-017,Hisar,Mustard,5666.02,5997.41,5831.72,5650.0
PR003926,2026-03-21,MANDI-007,Kurukshetra,Rice,2036.18,2264.0,2150.32,
PR001526,2026-02-24,MANDI-024,Ambala,Sugarcane,3179.72,3468.8185611907684,3324.27,0.35
PR009904,2026-01-20,MANDI-047,Karnal,Rice,1957.0141676717126,2386.07,2172.0,2183.0
PR008266,2026-08-09,MANDI-041,Patiala,Mustard,5862.98,0.6606,,5650.0
PR011743,2026-02-16,MANDI-018,Kurukshetra,Wheat,1997.47,2211.47,2104.0,2275.0
PR004525,2026-09-08,MANDI-043,Jalandhar,Mustard,0.4931,5934.21,5432.63,
PR003987,2026-03-19,MANDI-006,Ambala,Maize,1889.94,2087.28,1988.610438096391,2090.0
PR001885,2026-06-03,MANDI-039,,Wheat,2131.214837422826,2329.32,2230.0,2275.0
PR000264,2026-01-20,MANDI-013,Hisar,Maize,2128.3993590269215,2249.34,0.2189,2090.0
PR008182,2026-07-25,MANDI-045,Patiala,Cotton,6147.73,0.6843,6495.41,0.662
PR006182,2026-01-01,MANDI-017,Patiala,Rice,0.2238,2355.22,2296.84,2183.0
PR004109,2026-06-12,MANDI-047,Patiala,Cotton,6879.0,7782.27,7330.41,6620.0
PR008079,2026-07-20,MANDI-012,Hisar,Sugarcane,3344.88,3741.42,3543.15,3500.0
PR004605,2026-06-27,MANDI-042,Amritsar,Maize,2074.44,2268.0,2171.06,
PR009852,2026-08-14,MANDI-021,Amritsar,Sugarcane,3244.24,3934.61,3589.0,3500.0
PR002041,2026-06-30,MANDI-017,Karnal,Mustard,5560.87,5871.72,5716.294271213126,
PR000875,2026-01-22,MANDI-004,Ferozepur,Maize,2149.47,,2260.262804614895,0.209
PR000214,2026-02-15,MANDI-017,Ferozepur,Mustard,5371.65,6309.555031958851,5840.6,5650.0
PR005261,2026-06-11,MANDI-049,Ludhiana,Rice,2040.76,2361.88,2201.32,2183.0
PR008970,2026-04-06,MANDI-032,Patiala,Maize,2044.1,0.2458,2251.1,2090.0
PR001075,2026-02-28,MANDI-045,Patiala,Sugarcane,3145.0,0.3679,3412.0,3500.0
PR008551,2026-04-01,MANDI-011,Kurukshetra,Mustard,5261.822221199029,6489.7181256661825,5875.77,5650.0
PR004019,2026-04-26,MANDI-030,Patiala,Sugarcane,3214.66,3531.83,3373.246804091013,3500.0
PR010280,2026-06-11,MANDI-018,,Mustard,5880.42,7287.78,0.6584,5650.0
PR009779,2026-07-20,MANDI-019,Amritsar,Maize,2133.24,2297.11,2215.18,2090.0
PR004871,2026-09-03,MANDI-014,Sirsa,Cotton,5632.8,6166.43,,
PR008915,2026-05-10,MANDI-038,Jalandhar,Maize,1920.26,2173.6,2046.93,
PR006788,2026-02-02,MANDI-020,Ludhiana,Sugarcane,3588.82,4137.01,0.3863,0.35
PR002747,2026-09-06,MANDI-028,Hisar,Rice,0.2013,2321.0,2167.08,2183.0
PR006083,2026-08-02,MANDI-056,Amritsar,Maize,2145.0,2347.59,2246.112347079362,
PR011284,2026-05-13,MANDI-005,Hisar,Mustard,0.5175,6024.27,5599.63,5650.0
PR007329,2026-07-27,MANDI-036,Moga,Cotton,6856.49,7420.5,7138.49,6620.0
PR002553,2026-05-02,MANDI-041,Ambala,Sugarcane,3157.0148161220504,3697.589845756252,,3500.0
PR007555,2026-01-06,MANDI-012,Fatehabad,Mustard,4991.26,5836.62,0.5414,
PR007786,2026-06-12,MANDI-010,Ferozepur,Rice,0.1983,,2050.88,0.2183
PR006289,2026-06-15,MANDI-040,Moga,Cotton,0.6044,6773.62,6408.64,
PR006476,2026-05-29,MANDI-042,Amritsar,Maize,0.2192,2682.87,0.2438,2090.0
PR004215,2026-02-04,MANDI-032,Ludhiana,Cotton,5913.53,0.6912,6412.64,6620.0
PR000619,2026-03-29,MANDI-044,Ferozepur,Cotton,6380.0,,7164.84,6620.0
PR005993,2026-07-28,MANDI-001,Jalandhar,Sugarcane,3212.29,3972.69,3592.0,3500.0
PR004834,2026-05-22,MANDI-010,Sirsa,Cotton,6210.94,7073.8,6642.37,6620.0
PR011642,2026-02-09,MANDI-049,Bathinda,Cotton,0.5694,6034.6415754371565,5864.39,6620.0
PR002580,2026-08-21,MANDI-052,Hisar,Rice,1970.51,0.2192,2081.47,
PR006681,2026-06-15,MANDI-020,Fatehabad,Cotton,5789.050069659007,7065.94,6427.5,6620.0
PR002709,2026-03-25,MANDI-009,Ambala,Rice,1953.9679397403536,2096.12,2025.0443179076105,2183.0
PR000780,2026-05-22,MANDI-009,Amritsar,Sugarcane,3588.666502195768,4207.82,,3500.0
PR009249,2026-05-02,MANDI-008,Fatehabad,Maize,2026.82,2288.0,2157.33,
PR009028,2026-05-19,MANDI-020,Jalandhar,Cotton,6621.67,7351.02,6986.34,6620.0
PR007993,2026-09-09,MANDI-054,Amritsar,Wheat,2052.47,2193.8,2123.14,2275.0
PR000335,2026-06-24,MANDI-009,Bathinda,Maize,2032.87,2488.66,2260.76,2090.0
PR008637,2026-06-05,MANDI-044,Patiala,Rice,2248.48,2457.0,2352.58,
PR006871,2026-04-02,MANDI-007,Bathinda,Rice,2091.83,2258.22,2175.02,0.2183
PR003075,2026-08-28,MANDI-007,Hisar,Maize,1968.11,2231.56,2099.83,2090.0
PR006189,2026-01-24,MANDI-040,Sirsa,Cotton,6316.05,0.6889,6602.47,6620.0
PR005239,2026-04-09,,Moga,Cotton,,0.6448,6110.1,6620.0
PR011998,2026-03-08,MANDI-019,Bathinda,Sugarcane,3451.96,0.391,0.3681,3500.0
PR000028,2026-12-02,MANDI-033,Amritsar,Maize,1926.86,0.2175,2050.862853424056,2090.0
PR003339,2026-05-18,MANDI-046,Fatehabad,Wheat,2318.5,2856.01,2587.25,2275.0
PR002435,2026-02-25,MANDI-056,Kurukshetra,Wheat,2078.97,2269.0,2173.89,
PR007063,2026-06-04,MANDI-011,Bathinda,Sugarcane,3593.92,3848.27,3721.091153985609,3500.0
PR004429,2026-01-27,MANDI-052,Sirsa,Mustard,5099.04,5707.26,5403.154086614334,5650.0
PR011069,2026-01-20,,Ferozepur,Maize,0.1957,2252.6697906786376,0.2105,2090.0
PR003419,2026-05-25,MANDI-033,Kurukshetra,Mustard,5184.6,5511.09,5347.84,5650.0
PR000898,2026-01-16,MANDI-042,,Wheat,2104.22,2333.21,2219.0,0.2275
PR001147,2026-05-09,MANDI-013,Ferozepur,Mustard,5902.42,6759.25,6331.0,5650.0
PR002349,2026-03-04,MANDI-002,Amritsar,Sugarcane,0.3446,4067.13,0.3756,3500.0
PR007238,2026-12-04,MANDI-014,Hisar,Maize,2141.71,2286.01,2213.86,2090.0
PR008871,2026-01-31,MANDI-001,Jalandhar,Wheat,2199.963795431082,2493.0,2346.39,2275.0
PR006936,2026-08-13,MANDI-052,Kurukshetra,Maize,2085.78,2264.58,2175.0,0.209
PR006156,2026-01-13,MANDI-039,Ferozepur,Sugarcane,3381.0400555694346,0.4111,3745.98,3500.0
PR000716,2026-05-22,MANDI-049,Sirsa,Maize,2005.0,2275.13,2140.08,0.209
PR002467,2026-07-07,MANDI-040,Bathinda,Maize,2062.0,2550.49,0.2306,2090.0
PR002991,2026-04-20,MANDI-024,Ludhiana,Rice,,,2447.220700763857,2183.0
PR010725,2026-08-25,MANDI-002,Ferozepur,Wheat,2255.73,2701.03,2478.0,2275.0
PR010940,2026-06-09,MANDI-029,Patiala,Cotton,6113.58,0.6767,6441.0,6620.0
PR006564,2026-07-16,MANDI-047,Ambala,Maize,2009.27,0.2405,2207.29,2090.0
PR006867,2026-05-14,MANDI-057,Amritsar,Mustard,5671.96,0.6115,5893.0,5650.0
PR009831,2026-08-25,MANDI-027,Patiala,Sugarcane,3262.17,3689.37,0.3476,3500.0
PR011477,2026-07-14,,Ludhiana,Wheat,2309.0,2638.0,2474.0,2275.0
PR008616,2026-03-15,MANDI-018,Patiala,Cotton,6788.0,7419.99,7104.16,0.662
PR006766,2026-08-22,MANDI-042,Sirsa,Rice,0.2194,2489.38,,2183.0
PR010331,2026-09-07,,Amritsar,Sugarcane,3281.0,3809.17,3544.9110276924157,3500.0
PR008212,2026-12-02,MANDI-045,Ambala,Mustard,5676.37,0.6215,5945.597686100972,0.565
PR009893,2026-08-22,MANDI-055,Patiala,Cotton,0.571,6095.17,0.5903,6620.0
PR001405,2026-04-26,MANDI-025,Sirsa,Sugarcane,3233.73,3916.789977595477,3575.0,0.35
PR010863,2026-07-18,MANDI-049,,Rice,2246.43,2744.1437070803427,0.2495,2183.0
PR010369,2026-04-29,MANDI-034,Amritsar,Mustard,0.5884,0.709,6487.21,5650.0
PR006573,2026-04-17,MANDI-033,Ambala,Rice,2060.32,2373.8,2217.06,2183.0
PR009573,2026-08-11,MANDI-027,Ferozepur,Rice,1921.77,2195.71,2058.74,2183.0
PR009650,2026-07-27,MANDI-006,Ludhiana,Wheat,,2611.0,2465.45,2275.0
PR001252,2026-08-29,MANDI-039,Karnal,Mustard,5233.0,5778.77,5506.12,0.565
PR007475,2026-03-26,MANDI-003,,Mustard,5148.34,5440.036607586188,5294.0,
PR004831,2026-06-19,MANDI-007,Amritsar,Mustard,0.508,5772.8,5426.0,5650.0
PR009506,2026-06-20,MANDI-020,Ambala,Sugarcane,3329.74,,0.3414,3500.0
PR008287,2026-03-01,MANDI-016,Kurukshetra,Mustard,4873.83,0.5806,5339.71,5650.0
PR005501,2026-07-24,MANDI-009,Ludhiana,Wheat,2339.36,,0.2542,2275.0
PR000162,2026-01-21,MANDI-042,,Wheat,2216.78,2703.0,2460.025444240063,0.2275
PR003974,2026-05-24,MANDI-026,Ferozepur,Rice,1939.46,2382.2,2160.83,2183.0
PR005430,2026-08-11,,,Sugarcane,2984.0,3304.29,3143.96,
PR002061,2026-06-09,MANDI-054,Kurukshetra,Mustard,5048.89,5769.0,5409.0,5650.0
PR000256,2026-08-31,,Jalandhar,Mustard,4941.49,5672.99,0.5307,
PR004354,2026-06-17,MANDI-027,,Rice,2131.15,2481.82,2306.0,2183.0
PR005128,2026-09-02,,Jalandhar,Maize,1852.89,1995.65,1924.27,2090.0
PR004373,2026-07-10,MANDI-021,Jalandhar,Maize,2059.0,2404.63,2231.79,0.209
PR008687,2026-04-23,MANDI-046,Moga,Mustard,5436.329288653799,6333.0,5884.83,5650.0
PR000868,2026-06-28,MANDI-031,Fatehabad,Sugarcane,3666.72,4048.23,3857.48,3500.0
PR006664,2026-02-07,MANDI-007,Ambala,Rice,1941.05,2083.64,0.2012,0.2183
PR006055,2026-07-07,MANDI-010,,Maize,1873.5059458519006,2053.0,1963.0,
PR002490,2026-02-13,,Ambala,Rice,2069.77,0.2581,2325.28,2183.0
PR004794,2026-04-16,,Patiala,Maize,,,0.1929,2090.0
PR010365,2026-02-01,MANDI-033,Moga,Maize,,2308.86,2162.95,2090.0
PR006375,2026-08-19,MANDI-049,Amritsar,Maize,1966.82,0.2385,2175.85,0.209
PR010822,2026-08-23,MANDI-011,Kurukshetra,Mustard,5703.0,6469.87,6086.33,5650.0
PR001225,2026-04-27,MANDI-025,Amritsar,Cotton,0.626,6863.68,,6620.0
PR001944,2026-08-26,,Hisar,Cotton,6493.09,7364.27,6929.0,0.662
PR004091,2026-02-19,MANDI-035,Fatehabad,Sugarcane,3075.34,0.355,3312.43,0.35
PR008833,2026-01-01,MANDI-009,Ludhiana,Maize,1788.2,2101.3358393054164,1944.77,2090.0
PR002965,2026-01-29,MANDI-034,Kurukshetra,Cotton,5737.0,0.6148,5942.33,0.662
PR006382,2026-08-20,,Kurukshetra,Mustard,0.5087,5891.75,5489.0,5650.0
PR004840,2026-05-05,MANDI-017,Sirsa,Wheat,1988.78,2421.8836316563784,0.2205,2275.0
PR009632,2026-05-28,MANDI-037,,Mustard,5232.814189682505,6443.56,5838.19,0.565
PR008387,2026-02-22,MANDI-030,Moga,Sugarcane,0.3039,3526.13,3282.67,3500.0
PR000945,2026-01-15,MANDI-053,Jalandhar,Mustard,4944.38,6038.6141163336915,5491.5,0.565
PR000884,2026-08-01,MANDI-035,Amritsar,Cotton,6791.05,7481.29,7136.17,
PR011772,2026-04-01,MANDI-011,Moga,Cotton,5674.53,6378.07,6026.0,
PR011093,2026-09-05,,Jalandhar,Cotton,5832.73,6310.31,6072.0,6620.0
PR005708,2026-06-07,MANDI-021,Patiala,Rice,1909.64,2331.46,2120.546997069876,0.2183
PR000383,2026-08-08,MANDI-020,,Maize,2142.5,2407.38,2274.94,2090.0
PR001851,2026-10-05,MANDI-026,Jalandhar,Cotton,5908.89,0.6826,0.6367,6620.0
PR005053,2026-05-23,MANDI-024,Ferozepur,Wheat,2004.71,2378.85,2191.78,2275.0
PR008796,2026-04-21,MANDI-002,Ferozepur,Mustard,5081.68,0.5431,5256.39,5650.0
PR000760,2026-05-26,MANDI-045,Amritsar,Rice,1882.7503943026516,0.2082,1982.0,2183.0
PR003763,2026-05-24,,Karnal,Sugarcane,3321.3,3547.8,0.3435,3500.0
PR009816,2026-01-16,MANDI-003,Amritsar,Wheat,2361.0137225310896,2766.4,0.2564,2275.0
PR009556,2026-02-12,MANDI-030,Ludhiana,Sugarcane,3378.1289746669136,3618.62,0.3498,3500.0
PR011182,2026-03-09,MANDI-050,Hisar,Sugarcane,0.3586,4008.145213406141,0.3797,3500.0
PR002504,2026-07-24,MANDI-052,Hisar,Wheat,2029.76,2182.55,2106.15,0.2275
PR004328,2026-03-25,MANDI-024,Kurukshetra,Maize,2191.72,2506.67,0.2349,
PR006549,2026-08-06,,Hisar,Sugarcane,3025.2249440348724,3501.0,3263.0,3500.0
PR002781,2026-07-19,MANDI-002,Karnal,Mustard,5391.52,6368.79,0.588,5650.0
PR010452,2026-07-13,MANDI-044,Moga,Mustard,0.5558,6851.97,0.6205,5650.0
PR011516,2026-08-14,MANDI-045,,Sugarcane,3311.26,3480.0,0.3396,0.35
PR006721,2026-04-13,MANDI-017,Sirsa,Mustard,4906.69,5738.21,0.5322,5650.0
PR010588,2026-03-14,MANDI-029,Fatehabad,Maize,1795.97,2210.76,2003.3674466962707,
PR006414,2026-06-13,MANDI-019,Patiala,Maize,0.1905,0.2252,2078.4,
PR005760,2026-06-07,MANDI-026,Jalandhar,Mustard,4828.0,5404.94,5116.551950448222,
PR000402,2026-07-19,MANDI-011,Ludhiana,Cotton,6278.77,0.7233,6755.92,6620.0
PR009755,2026-10-07,MANDI-048,Kurukshetra,Mustard,0.5708,6136.72,5922.43,5650.0
PR011123,2026-03-31,MANDI-018,Ambala,Wheat,1999.3530656036507,2268.0,2133.58,0.2275
PR004952,2026-03-23,MANDI-046,Patiala,Maize,1845.7,1974.2498397665718,1909.976077483709,2090.0
PR009410,2026-07-03,MANDI-041,Bathinda,Maize,2028.6680447159827,2471.51,2250.09,0.209
PR007228,2026-03-30,MANDI-053,,Mustard,5012.42,5348.17,5180.29,5650.0
PR011630,2026-03-16,MANDI-041,Jalandhar,Rice,2125.94,0.2616,2370.88,2183.0
PR005548,2026-04-20,MANDI-006,Patiala,Maize,1936.0,2356.0,0.2146,0.209
PR007442,2026-08-25,,Hisar,Maize,2130.2,2468.6398225662547,2299.42,0.209
PR006061,2026-01-11,MANDI-049,Moga,Rice,1870.01,2321.59,2095.8,2183.0
PR007189,2026-03-04,MANDI-028,Jalandhar,Rice,2280.89,2419.48,2350.18,2183.0
PR010032,2026-07-22,MANDI-001,Patiala,Wheat,0.2295,2694.59,2494.95,2275.0
PR007956,2026-05-15,,Hisar,Cotton,0.6627,0.7665,,0.662
PR002147,2026-03-16,MANDI-041,,Cotton,5888.0,6884.09,6386.0,6620.0
PR001857,2026-03-15,MANDI-026,Kurukshetra,Mustard,0.4815,5587.92,5201.33,5650.0
PR001304,2026-06-30,MANDI-001,Patiala,Cotton,5947.91,6930.39,6439.15,6620.0
PR000407,2026-06-28,MANDI-013,Sirsa,Rice,1996.0,2148.9199128105515,2072.318339900732,2183.0
PR009935,2026-08-29,MANDI-001,,Mustard,5107.19,0.6283,,5650.0
PR010269,2026-05-26,MANDI-022,Ferozepur,Cotton,0.5632,0.6398,0.6015,
PR005852,2026-04-24,MANDI-016,Jalandhar,Maize,2009.28,2313.63,,2090.0
PR004389,2026-03-16,MANDI-047,,Mustard,4982.042277728055,5961.36,5471.7,5650.0
PR011951,2026-08-25,MANDI-009,Bathinda,Mustard,5781.72,6310.29,6046.0,5650.0
PR007055,2026-03-31,MANDI-029,Amritsar,Maize,1782.0,1934.65,1858.13,
PR000860,2026-01-29,MANDI-033,Bathinda,Cotton,6532.22,7037.65,0.6785,6620.0
PR004671,2026-06-01,,Hisar,Wheat,2142.2321766067666,0.2674,2408.25,2275.0
PR010985,2026-08-21,MANDI-001,Patiala,Wheat,2221.81,2757.0,,2275.0
PR010964,2026-05-11,MANDI-003,Ambala,Cotton,6381.42,7062.42,6721.92,6620.0
PR011618,2026-04-21,MANDI-020,Ambala,Wheat,1985.34,2293.0,0.2139,2275.0
PR008840,2026-04-06,MANDI-049,,Cotton,6657.36,7193.99,6925.68,6620.0
PR009210,2026-07-23,MANDI-022,,Rice,1925.080548952652,2371.95,2149.0,2183.0
PR006783,2026-04-10,MANDI-050,Kurukshetra,Maize,1885.35,2078.19,1981.773075954723,2090.0
PR006939,2026-01-18,MANDI-057,Karnal,Wheat,2210.92,2399.12,2305.02,0.2275
PR004629,2026-07-29,MANDI-041,Ludhiana,Maize,2043.59,2545.53,2294.56,
PR007843,2026-02-22,MANDI-050,Amritsar,Wheat,2103.42,2251.45,2177.43,2275.0
PR003964,2026-02-17,MANDI-031,,Mustard,5250.60700800847,0.5696,0.5473,5650.0
PR005862,2026-06-14,MANDI-056,Fatehabad,Mustard,4861.26,5157.167506852125,5009.21,5650.0
PR001038,2026-01-27,MANDI-051,,Cotton,5984.42,7250.407404894563,6617.41,6620.0
PR008723,2026-02-03,MANDI-023,Jalandhar,Cotton,5650.75,0.6616,6133.21,6620.0
PR000262,2026-03-28,MANDI-012,Hisar,Wheat,2355.32,,2599.78,0.2275
PR011560,2026-06-14,MANDI-039,Karnal,Cotton,6467.52,,,6620.0
PR003345,2026-08-15,MANDI-023,Hisar,Mustard,5506.01,0.5793,5649.59,5650.0
PR011306,2026-02-22,MANDI-021,Amritsar,Sugarcane,3199.04,0.3711,0.3455,3500.0
PR003762,2026-04-18,MANDI-006,Kurukshetra,Cotton,6717.21,7852.89,7285.05,6620.0
PR006130,2026-06-30,MANDI-007,Sirsa,Mustard,5090.05,6181.319123496066,5636.0,
PR002902,2026-08-25,,Amritsar,Mustard,4878.4,5989.34,0.5434,5650.0
PR010642,2026-05-20,MANDI-025,Ludhiana,Sugarcane,0.3234,3729.12,3481.33,3500.0
PR000177,2026-07-15,MANDI-026,,Sugarcane,3372.0,3972.66,3672.544761309944,3500.0
PR011048,2026-07-11,MANDI-029,Ambala,Rice,2020.69,2270.05,2145.368355162389,2183.0
PR003136,2026-01-14,MANDI-001,Amritsar,Mustard,4992.387495708343,5886.04,5439.21,5650.0
PR002964,2026-02-11,MANDI-027,Jalandhar,Mustard,0.5576,6145.413495477943,0.5861,5650.0
PR003426,2026-02-11,MANDI-017,Bathinda,Wheat,2077.51,2493.79,2285.6464027511165,0.2275
PR000313,2026-06-29,MANDI-028,Hisar,Maize,2071.0,2472.967369186079,2272.12,2090.0
PR011698,2026-02-18,MANDI-006,Jalandhar,Sugarcane,3306.77,3886.067399876854,3596.42,3500.0
PR004112,2026-01-28,MANDI-001,Amritsar,Maize,0.2113,0.2277,2194.64,
PR000582,2026-01-31,MANDI-006,Fatehabad,Maize,2118.78,,2278.65,2090.0
PR005860,2026-02-11,MANDI-045,Karnal,Cotton,5855.6,6524.1,,
PR000464,2026-07-24,MANDI-038,Karnal,Sugarcane,3215.09,3927.0,0.3571,3500.0
PR002642,2026-01-27,MANDI-012,Jalandhar,Maize,1798.66,1936.34,1867.5,0.209
PR008003,2026-01-05,MANDI-013,Sirsa,Wheat,2141.49,2465.99,2304.0,0.2275
PR001987,2026-11-02,MANDI-021,Karnal,Sugarcane,3116.0,3859.54,3487.73,3500.0
PR004496,2026-05-06,MANDI-056,Ambala,Cotton,6176.18,6585.587723924811,6380.88,6620.0
PR001620,2026-03-08,MANDI-014,,Mustard,4958.51,5972.4,5465.45,
PR004047,2026-08-17,MANDI-045,Ludhiana,Maize,2105.27,2600.8004165258058,0.2353,
PR006395,2026-09-04,MANDI-051,Ferozepur,Maize,0.212,2226.39,2173.0,2090.0
PR007439,2026-02-23,MANDI-031,Ferozepur,Maize,0.1851,2058.08,0.1955,2090.0
PR009505,2026-05-12,MANDI-041,Ambala,Rice,2118.64,2395.39,2257.0,2183.0
PR000161,2026-08-06,MANDI-047,Jalandhar,Cotton,5859.489087914649,0.704,6449.74,6620.0
PR010115,2026-03-23,MANDI-017,Kurukshetra,Maize,2189.14,2473.17,2331.16,2090.0
PR009781,2026-07-09,MANDI-029,Jalandhar,Mustard,5251.41,6178.52,5714.97,
PR003610,2026-04-04,MANDI-005,Fatehabad,Sugarcane,0.3444,3737.6480196885013,3590.86,3500.0
PR001853,2026-08-08,MANDI-029,Ambala,Cotton,6456.43,6864.89,0.6661,6620.0
PR007462,2026-06-13,MANDI-002,Karnal,Wheat,2136.77,2245.6,2191.1883653905525,2275.0
PR001146,2026-02-11,MANDI-055,Ferozepur,Maize,1836.38,0.2092,,2090.0
PR002805,2026-04-26,MANDI-010,Patiala,Sugarcane,3033.8,3406.74,3220.27,3500.0
PR003523,2026-11-05,MANDI-050,Sirsa,Wheat,2153.45,2583.94,0.2369,2275.0
PR006942,2026-03-16,,Fatehabad,Mustard,5468.59,,6133.0,0.565
PR011717,2026-02-02,MANDI-038,,Cotton,6624.0,8159.5,7391.64,
PR000046,2026-03-26,,Fatehabad,Cotton,0.6855,0.8119,7486.72,6620.0
PR007429,2026-05-13,MANDI-043,Patiala,Mustard,0.4847,5453.98,5150.4,5650.0
PR001386,2026-08-15,MANDI-020,Kurukshetra,Mustard,5315.78,5637.677162720519,0.5477,5650.0
PR006544,2026-04-13,MANDI-020,Ferozepur,Mustard,5893.9,7322.39,0.6608,
PR011064,2026-01-06,MANDI-002,,Maize,2115.72,2342.0,2228.67,0.209
PR000786,2026-02-06,MANDI-054,Karnal,Mustard,0.5879,6412.28,6145.468648447529,5650.0
PR008265,2026-08-23,MANDI-040,Hisar,Mustard,5414.96,,6053.71,5650.0
PR000180,2026-06-27,MANDI-033,Ferozepur,Maize,1825.7,0.2019,0.1922,0.209
PR000766,2026-05-19,,Ferozepur,Cotton,6780.07,8410.64,7595.35,6620.0
PR011303,2026-07-12,MANDI-035,Moga,Mustard,5274.52,6086.66,5680.59,5650.0
PR008729,2026-10-03,MANDI-053,Ambala,Mustard,5732.82,,5916.0,5650.0
PR010861,2026-12-05,MANDI-052,Moga,Rice,1995.27,2333.81,2164.54,0.2183
PR008042,2026-08-04,MANDI-036,Karnal,Rice,1986.89,2291.93,2139.41,
PR001573,2026-05-17,MANDI-048,,Rice,2231.28,2420.98,2326.13,2183.0
PR004335,2026-05-16,MANDI-019,Ambala,Rice,2276.29,2767.49,2521.89,0.2183
PR005595,2026-04-16,MANDI-042,Amritsar,Wheat,0.2187,0.2581,2384.0,2275.0
PR009535,2026-01-13,MANDI-045,Patiala,Sugarcane,3244.0,0.3854,3549.22,3500.0
PR002117,2026-06-11,MANDI-028,Amritsar,Maize,1971.0,0.2306,2139.0,2090.0
PR000315,2026-06-21,MANDI-016,Ludhiana,Cotton,5663.5,6749.0,6206.27,6620.0
PR000684,2026-05-26,MANDI-036,Patiala,Wheat,2335.94,2704.76,2520.3485676096034,2275.0
PR004162,2026-01-21,MANDI-027,,Sugarcane,3576.15,4110.0,3843.0,
PR002970,2026-02-09,MANDI-037,Sirsa,Maize,1945.58,2356.0812408616207,2150.83,0.209
PR010796,2026-06-22,MANDI-045,Kurukshetra,Mustard,5909.0,6302.25,6105.0,5650.0
PR001412,2026-03-17,MANDI-013,Ambala,Sugarcane,3258.0,0.3927,0.3592,
PR007647,2026-08-07,MANDI-013,Moga,Cotton,6205.8719194683445,0.7412,0.6809,
PR002451,2026-05-22,MANDI-032,Amritsar,Wheat,1959.41,2137.37,2048.39,2275.0
PR010698,2026-07-02,MANDI-029,,Rice,2071.42,2431.75,2251.586308118241,2183.0
PR004803,2026-05-02,MANDI-030,,Wheat,2119.26,0.2256,2187.7,
PR000206,2026-04-02,MANDI-036,Hisar,Cotton,6923.06,0.7592,7257.49,6620.0
PR006095,2026-02-19,MANDI-010,Ambala,Mustard,5886.839504102874,7057.37,0.6472,5650.0
PR001730,2026-03-02,MANDI-026,Ferozepur,Wheat,1982.0,2437.48,2210.0,0.2275
PR006746,2026-04-18,MANDI-012,Karnal,Mustard,0.5664,6044.0,5853.99,5650.0
PR011229,2026-05-06,,Bathinda,Maize,2144.0,2303.62,2223.97,0.209
PR001322,2026-08-19,,Bathinda,Mustard,5583.0,0.6805,6193.95,5650.0
PR002113,2026-04-06,MANDI-023,,Rice,,2064.19,1993.388681763794,2183.0
PR006767,2026-06-15,MANDI-009,Moga,Rice,2131.57,2362.23,2246.9,0.2183
PR007602,2026-04-19,MANDI-008,Jalandhar,Wheat,2037.99,2428.3302863048057,0.2233,2275.0
PR006489,2026-10-06,MANDI-028,Ferozepur,Rice,0.1982,2450.93,2216.57,2183.0
PR007124,2026-04-15,MANDI-003,Ferozepur,Rice,1895.16,2055.0,1975.33,2183.0
PR003102,2026-05-04,,Kurukshetra,Sugarcane,3150.91,3465.17,3308.04,3500.0
PR011161,2026-02-05,MANDI-018,,Mustard,5660.58,6864.55,6262.56,5650.0
PR010383,2026-04-22,,Moga,Cotton,6031.65,0.6888,6459.82,0.662
PR000251,2026-05-21,MANDI-042,Karnal,Mustard,4983.31,5622.0,5302.58,
PR000022,2026-08-31,MANDI-040,Moga,Mustard,5577.52,5945.47,5761.49,
PR001537,2026-09-05,MANDI-039,Moga,Sugarcane,3280.49,3846.0,0.3563,3500.0
PR002069,2026-08-02,MANDI-028,Sirsa,Mustard,5489.0,6600.56,0.6045,
PR003593,2026-05-18,MANDI-052,,Sugarcane,0.3014,3271.32,3142.62,3500.0
PR004946,2026-04-24,MANDI-044,Ludhiana,Sugarcane,0.3308,3514.7244851820215,3411.13,3500.0
PR006615,2026-06-14,MANDI-020,,Mustard,5448.51,0.6774,6111.06,5650.0
PR000404,2026-04-07,MANDI-050,Amritsar,Cotton,0.6911,8583.62,7747.0,
PR005039,2026-04-21,MANDI-012,Ferozepur,Rice,2154.0,0.2314,2234.21,2183.0
PR009894,2026-08-02,MANDI-001,Kurukshetra,Sugarcane,3642.402285779703,3835.704161659646,3739.05,
PR011990,2026-03-11,,,Mustard,5815.31,6821.82,6318.56,
PR010440,2026-04-14,MANDI-013,Kurukshetra,Mustard,5131.76,5599.08,5365.42,
PR006134,2026-01-19,MANDI-022,Patiala,Mustard,,6705.708654618191,6160.92,5650.0
PR010572,2026-02-07,MANDI-001,Karnal,Cotton,6078.63,6955.0,6516.79,
PR010898,2026-01-13,MANDI-053,Ludhiana,Rice,1945.77,2297.039109859942,2121.0,2183.0
PR008127,2026-01-24,MANDI-053,Moga,Cotton,6504.8,8010.56,7257.68,6620.0
PR008554,2026-06-30,MANDI-010,,Mustard,0.5621,6696.51,6159.0,
PR007274,2026-05-16,MANDI-017,Ludhiana,Cotton,6633.77,7902.0,0.7268,6620.0
PR000175,2026-06-14,MANDI-051,,Wheat,2341.0,2725.592797384144,2533.0,2275.0
PR008706,2026-02-06,MANDI-005,,Wheat,2269.55,2539.18,2404.0,2275.0
PR010226,2026-02-02,MANDI-050,Patiala,Maize,1849.69,1949.45,1899.57,2090.0
PR002073,2026-06-20,MANDI-026,,Maize,1952.0,2109.82,0.2031,
PR009022,2026-06-28,MANDI-003,,Rice,1913.0,2085.88,,2183.0
PR010327,2026-02-04,MANDI-046,Kurukshetra,Cotton,6222.01,6867.85,6544.93,6620.0
PR004228,2026-03-06,MANDI-035,Kurukshetra,Mustard,4898.41,0.5514,5206.18,0.565
PR010098,2026-04-18,MANDI-032,,Sugarcane,,3565.45,3291.67,3500.0
PR006389,2026-05-29,,Hisar,Maize,1993.58,2463.27,2228.42,0.209
PR004225,2026-05-04,MANDI-040,Ferozepur,Rice,2032.09,2339.81,2185.95,2183.0
PR008543,2026-03-29,MANDI-052,,Sugarcane,3548.0,4094.28,3821.1706496940224,3500.0
PR010411,2026-03-29,,Moga,Maize,1845.17,2117.42,1981.29,2090.0
PR002438,2026-02-07,MANDI-003,Moga,Cotton,6196.334503367478,7009.0,0.6603,6620.0
PR010787,2026-01-18,MANDI-015,Sirsa,Mustard,5493.0,,0.5801,
PR009873,2026-04-15,MANDI-047,Amritsar,Wheat,2294.0,2491.0,2392.7336664829472,2275.0
PR000649,2026-02-15,MANDI-003,Karnal,Mustard,5527.0,6068.91,5797.77,5650.0
PR010569,2026-12-01,MANDI-007,Patiala,Cotton,6386.11,0.7273,6829.404753384242,6620.0
PR009711,2026-05-20,MANDI-029,Kurukshetra,Maize,2049.38,2467.94,2258.66,2090.0
PR006976,2026-10-03,MANDI-053,,Wheat,2346.0,2803.73,2574.791747759472,0.2275
PR000727,2026-07-04,MANDI-042,Sirsa,Wheat,1984.54,2270.18,2127.36,0.2275
PR003917,2026-04-26,MANDI-048,Sirsa,Rice,2183.67,2364.59,2274.0,2183.0
PR000102,2026-07-02,MANDI-051,Karnal,Rice,0.199,2176.492946433279,2083.12,
PR007516,2026-02-19,MANDI-055,Hisar,Rice,1891.0,0.2066,1978.28,2183.0
PR004941,2026-04-11,MANDI-014,Patiala,Mustard,5679.02,6438.0,0.6058,5650.0
PR006876,2026-06-03,MANDI-057,Patiala,Rice,2259.26,2487.947126359863,2374.0,2183.0
PR010893,2026-06-08,MANDI-052,Karnal,Wheat,2095.36,2507.8,2301.58,2275.0
PR008296,2026-04-04,MANDI-025,Patiala,Mustard,5240.0,5543.02,5391.31,5650.0
PR000726,2026-07-07,,Ferozepur,Sugarcane,3201.0,3642.24,3421.5310600030343,3500.0
PR000064,2026-02-23,MANDI-041,Ferozepur,Rice,0.1912,2089.0,2000.0,
PR008597,2026-08-31,MANDI-007,Ferozepur,Mustard,0.5033,5480.12,5256.78,5650.0
PR006986,2026-08-11,,Fatehabad,Rice,1870.07,2114.28,1992.17,2183.0
PR008672,2026-06-19,MANDI-019,Hisar,Cotton,6903.4,,7168.88,6620.0
PR007991,2026-05-07,MANDI-053,Fatehabad,Maize,,2012.0,1920.0,2090.0
PR006155,2026-07-13,MANDI-008,Moga,Cotton,6154.326030840997,7177.0,6665.52,6620.0
PR000017,2026-07-26,MANDI-033,Ambala,Sugarcane,3633.0,4142.0,3888.0,0.35
PR003109,2026-07-01,MANDI-023,Fatehabad,Cotton,5708.88,,0.6014,
PR008245,2026-08-16,,Sirsa,Mustard,5867.28,6533.0,6200.0,0.565
PR011379,2026-07-30,MANDI-014,,Wheat,1959.9956338892823,2077.85,,2275.0
PR000133,2026-05-31,MANDI-017,Bathinda,Cotton,6834.39,7432.45,7133.42,6620.0
PR007929,2026-03-05,MANDI-045,Ludhiana,Mustard,4893.72,0.5933,5413.59,
PR004159,2026-01-25,MANDI-045,Amritsar,Mustard,4823.66,5339.73,5081.69,5650.0
PR007637,2026-07-28,MANDI-026,Jalandhar,Wheat,0.2075,2367.64,2221.07,2275.0
PR009040,2026-04-13,MANDI-053,Hisar,Wheat,1960.44,2254.19,2107.32,
PR000374,2026-02-23,MANDI-019,,Maize,2168.0,2601.72,2384.69,2090.0
PR011286,2026-11-01,MANDI-024,Amritsar,Wheat,1956.1,2226.16,2091.13,2275.0
PR003734,2026-05-28,MANDI-018,,Sugarcane,3373.520676607421,3634.0,3503.93,3500.0
PR010867,2026-05-27,MANDI-025,Ferozepur,Mustard,4941.96,5438.34,5190.147248937994,5650.0
PR011965,2026-05-08,MANDI-014,Bathinda,Rice,2160.0,0.2507,2333.64,
PR004771,2026-04-21,MANDI-055,Bathinda,Wheat,0.1972,2430.45,2201.43,2275.0
PR001226,2026-04-14,MANDI-045,Sirsa,Cotton,5728.09,6697.0,6212.62,6620.0
PR003833,2026-08-31,MANDI-042,Bathinda,Sugarcane,2995.52,3633.0,3314.0,0.35
PR011183,2026-03-18,MANDI-046,Jalandhar,Mustard,5441.31,0.6063,5752.26,0.565
PR000459,2026-01-24,,Jalandhar,Maize,1898.81,2159.0,0.2029,2090.0
PR008718,2026-07-12,MANDI-032,Hisar,Cotton,6745.0,0.8137,,
PR007770,2026-04-14,MANDI-048,Ambala,Maize,2107.86,2331.65,2219.75,
PR001138,2026-05-14,MANDI-012,Sirsa,Maize,1924.15,2044.34,0.1984,2090.0
PR003594,2026-06-13,MANDI-013,Bathinda,Wheat,2054.38,0.2307,2180.48,2275.0
PR001349,2026-04-28,MANDI-046,Amritsar,Mustard,0.5702,0.6271,5986.26,5650.0
PR011936,2026-04-02,MANDI-041,Amritsar,Maize,0.188,2033.1978350865704,0.1957,2090.0
PR008427,2026-03-24,MANDI-026,Amritsar,Maize,2040.52,2311.08,2176.0,2090.0
PR009248,2026-08-21,MANDI-018,Bathinda,Mustard,5494.06,6632.2,,
PR009968,2026-08-19,MANDI-024,Ferozepur,Cotton,6462.26,6798.39,6630.32,6620.0
PR009990,2026-05-29,MANDI-035,Ludhiana,Mustard,5445.93,6653.0,0.6049,5650.0
PR007367,2026-04-27,MANDI-049,Jalandhar,Cotton,6422.37,7443.0,6932.71,0.662
PR007416,2026-01-01,MANDI-049,Fatehabad,Rice,2204.08,2401.0,2302.39,
PR000537,2026-01-17,,Karnal,Cotton,6468.37,7972.0,0.722,6620.0
PR008100,2026-08-04,MANDI-007,Moga,Mustard,4820.21,6017.736617432371,5419.0,5650.0
PR003899,2026-09-09,MANDI-038,Ludhiana,Cotton,0.5852,6768.0,6310.44,
PR007711,2026-05-19,MANDI-026,,Wheat,2088.55,2333.64,2211.09,
PR000228,2026-12-05,,Ludhiana,Sugarcane,3573.98,,,0.35
PR010305,2026-07-26,MANDI-012,Hisar,Mustard,5465.09,6260.47,,0.565
PR009003,2026-06-10,MANDI-042,Patiala,Wheat,2234.0,0.2621,2428.0,2275.0
PR011139,2026-07-09,MANDI-029,Kurukshetra,Sugarcane,3562.16,4103.0,3833.0,3500.0
PR001855,2026-02-09,MANDI-003,,Maize,1782.0,0.1971,,
PR001868,2026-01-08,MANDI-027,Ludhiana,Sugarcane,0.3103,3621.81,3362.0,3500.0
PR005202,2026-02-17,MANDI-031,,Mustard,5035.17,0.6039,5537.0,5650.0
PR000781,2026-06-04,MANDI-009,Hisar,Sugarcane,3278.86,0.3467,3372.9,3500.0
PR007560,2026-05-09,MANDI-021,,Sugarcane,3292.81,3886.9341307176123,3590.0,3500.0
PR001001,2026-08-25,MANDI-008,Moga,Rice,0.229,2815.8,2553.14,2183.0
PR005682,2026-01-30,MANDI-036,Karnal,Maize,1848.09,2196.49,2022.29,2090.0
PR009688,2026-12-01,MANDI-027,Fatehabad,Mustard,0.4841,5410.92,5126.19,5650.0
PR011654,2026-08-21,MANDI-025,Ferozepur,Rice,1859.2,2315.2,2087.2,2183.0
PR007169,2026-01-14,MANDI-047,Jalandhar,Mustard,5260.597190996411,0.6308,0.5784,5650.0
PR005538,2026-08-02,MANDI-027,Karnal,Maize,1782.89,2173.78,1978.33,2090.0
PR005331,2026-02-13,MANDI-014,Karnal,Rice,2196.93,2629.0,0.2413,2183.0
PR002502,2026-09-02,MANDI-047,Fatehabad,Maize,2121.51,2253.0,2187.22,2090.0
PR003587,2026-07-11,MANDI-048,Jalandhar,Cotton,5681.97,6449.73,6065.849129155291,6620.0
PR003837,2026-05-10,MANDI-019,Bathinda,Maize,1967.66,2163.22,0.2065,2090.0
PR003542,2026-07-05,MANDI-038,Hisar,Wheat,1957.822284518315,2312.62,2135.22,2275.0
PR011164,2026-10-01,MANDI-047,Ferozepur,Wheat,2144.0,2447.0,2295.15,2275.0
PR009722,2026-07-11,MANDI-018,Ferozepur,Sugarcane,3638.75,4120.92,3879.83,3500.0
PR011409,2026-03-25,MANDI-023,Ambala,Cotton,5921.27,6731.29,6326.28,6620.0
PR011656,2026-03-23,MANDI-018,Patiala,Cotton,6625.31,0.7735,7180.06,
PR001511,2026-07-04,MANDI-038,Fatehabad,Maize,1876.47,1984.535404818522,1930.5,2090.0
PR008527,2026-02-05,,,Rice,1956.0,2337.18,2146.0,
PR006815,2026-04-14,MANDI-048,Moga,Maize,1777.67,2006.5414528430076,1892.1,2090.0
PR001806,2026-03-14,MANDI-057,Jalandhar,Wheat,0.1953,2165.05,2059.15,2275.0
PR002963,2026-07-13,MANDI-008,Ludhiana,Cotton,6760.07,8179.62,0.747,6620.0
PR002683,2026-01-18,MANDI-049,Ludhiana,Maize,2004.0,2230.98,2117.49,2090.0
PR009552,2026-02-07,MANDI-053,Moga,Sugarcane,3582.03,4265.93,0.3924,3500.0
PR008025,2026-01-07,,Karnal,Mustard,0.5906,6811.07,6358.0,5650.0
PR008071,2026-08-23,MANDI-026,Fatehabad,Rice,2001.2455239183826,2290.22,2146.0,2183.0
PR010880,2026-05-03,MANDI-007,Jalandhar,Mustard,5685.17,6835.65,6260.41,5650.0
PR009500,2026-01-23,MANDI-001,Ferozepur,Mustard,5419.97,0.6654,6036.83,5650.0
PR003064,2026-01-13,MANDI-005,Fatehabad,Mustard,,6648.85,6276.32,5650.0
PR002480,2026-04-02,MANDI-049,Jalandhar,Wheat,2078.0,2511.17,2295.0,2275.0
PR010525,2026-04-27,MANDI-053,Karnal,Maize,2133.0,2658.69,2395.94,2090.0
PR011411,2026-06-27,,,Cotton,6557.106536335407,7081.19,6819.15,0.662
PR008390,2026-09-06,MANDI-050,Fatehabad,Mustard,5710.93,6885.0,6297.85,
PR011942,2026-01-04,MANDI-015,Patiala,Sugarcane,3646.88,4488.54,4068.0,0.35
PR007324,2026-05-06,MANDI-035,Hisar,Wheat,1983.25,2084.24,2033.74,2275.0
PR008886,2026-05-27,MANDI-032,Ludhiana,Mustard,0.4869,5600.68,5234.79,5650.0
PR004096,2026-07-09,MANDI-006,Fatehabad,Sugarcane,3285.2,0.3624,3454.44,3500.0
PR005444,2026-02-07,MANDI-038,,Sugarcane,3113.35,3818.02,3466.0,3500.0
PR009942,2026-06-22,MANDI-047,Amritsar,Mustard,0.5127,0.6244,5685.467807770718,
PR009104,2026-05-12,MANDI-014,,Cotton,6211.0,7558.55,6884.95975132869,6620.0
PR011877,2026-06-07,MANDI-020,Moga,Cotton,6932.0,7949.62,7440.811157877962,
PR011373,2026-05-26,,Ferozepur,Maize,2088.09,2422.95,2255.519458189637,
PR008855,2026-05-23,MANDI-019,Patiala,Maize,2109.7249525763204,2461.19,2285.46,2090.0
PR003444,2026-07-14,MANDI-052,Kurukshetra,Cotton,6714.8,7435.58,7075.19,6620.0
PR001574,2026-05-15,MANDI-015,Sirsa,Rice,2223.18,2584.0,2403.51,2183.0
PR004007,2026-01-11,MANDI-018,Kurukshetra,Wheat,0.2164,2664.93,2414.49,2275.0
PR009140,2026-01-07,MANDI-042,Jalandhar,Sugarcane,0.3598,3892.0,3744.92,3500.0
PR007890,2026-04-20,MANDI-005,Hisar,Sugarcane,2996.85,3614.5171467383007,3305.68,3500.0
PR011697,2026-04-05,MANDI-047,Amritsar,Wheat,2129.65,2445.0,0.2288,2275.0
PR006250,2026-08-13,MANDI-031,Amritsar,Rice,2135.85,2480.93,2308.39,2183.0
PR006501,2026-04-01,MANDI-014,,Cotton,,7141.5,6750.833550446555,0.662
PR007338,2026-07-29,MANDI-021,,Sugarcane,3246.68,3634.71,3440.7,3500.0
PR006265,2026-01-05,MANDI-047,,Cotton,5747.6,0.6371,6059.380366149355,6620.0
PR001010,2026-08-25,MANDI-007,Bathinda,Wheat,0.229,2417.41,2353.56,
PR009445,2026-01-20,MANDI-050,Ambala,Maize,,2024.52,0.1974,0.209
PR010633,2026-02-14,MANDI-057,Patiala,Wheat,2273.66,2495.45,0.2385,2275.0
PR009773,2026-08-21,MANDI-009,,Sugarcane,3101.7,0.3463,3282.0,3500.0
PR002525,2026-04-30,MANDI-034,Hisar,Sugarcane,3517.0,4314.0,3915.0,3500.0
PR011136,2026-05-02,MANDI-032,Hisar,Mustard,5715.55,6395.75,0.6056,5650.0
PR000357,2026-03-23,MANDI-010,,Rice,2266.023663722253,2675.75,0.2471,2183.0
PR000994,2026-01-09,MANDI-038,,Maize,1899.04,2231.91,0.2065,2090.0
PR004433,2026-03-03,MANDI-015,Patiala,Maize,2110.0,2472.29,2291.0,2090.0
PR008203,2026-04-20,MANDI-002,Kurukshetra,Mustard,5867.77,6389.92,6128.84,0.565
PR003614,2026-04-27,MANDI-004,Fatehabad,Cotton,6206.0,7501.86,6853.775377951746,6620.0
PR008526,2026-01-13,MANDI-007,Ferozepur,Maize,2119.0,2377.42,2248.13,
PR004110,2026-02-25,MANDI-012,Amritsar,Cotton,0.5646,6851.87,6249.0,6620.0
PR006906,2026-11-07,MANDI-007,Jalandhar,Maize,0.218,2369.0,2274.3,
PR007235,2026-02-13,MANDI-026,Karnal,Cotton,6161.3842296911025,6469.86,6316.0,0.662
PR008703,2026-06-11,MANDI-009,Jalandhar,Cotton,5832.97,,6053.0,6620.0
PR003986,2026-01-27,MANDI-050,Karnal,Sugarcane,3413.0327053899086,3604.95,3508.99,
PR006834,2026-07-04,MANDI-027,Jalandhar,Rice,1935.13,2214.2,2074.67,2183.0
PR006959,2026-04-29,MANDI-014,Amritsar,Maize,2170.2378454462237,2574.22,2372.23,0.209
PR001221,2026-05-14,MANDI-040,Jalandhar,Rice,2246.04,2608.97,2428.0,
PR010063,2026-05-31,MANDI-047,Jalandhar,Maize,0.1951,2279.0,2115.0,2090.0
PR007905,2026-01-19,MANDI-030,Patiala,Wheat,2184.3473975378893,0.2596,,2275.0
PR002509,2026-05-06,MANDI-025,Patiala,Maize,2170.0,2528.85,0.235,0.209
PR000747,2026-06-16,MANDI-053,Kurukshetra,Maize,1994.25,2161.31,2077.78,2090.0
PR009029,2026-05-12,MANDI-011,Moga,Maize,2100.18,2221.3,2161.0,2090.0
PR010922,2026-05-02,MANDI-056,Sirsa,Sugarcane,3358.0,4142.65,3750.19,3500.0
PR010681,2026-02-02,MANDI-030,Moga,Cotton,5721.037333835791,7012.52,6366.78,6620.0
PR010348,2026-01-31,MANDI-033,Kurukshetra,Mustard,5185.57,5687.97,5436.77,
PR007617,2026-03-09,,Sirsa,Wheat,,2738.46,2543.71,2275.0
PR003399,2026-03-05,,,Cotton,6642.25,8165.4,7403.83,6620.0
PR009105,2026-03-21,MANDI-001,Ludhiana,Wheat,2035.28,2273.0,2154.33,
PR010366,2026-06-10,MANDI-019,Moga,Maize,1857.60059385483,1969.6011373800955,1913.6,2090.0
PR002542,2026-06-28,MANDI-055,,Wheat,2277.1406184856187,2704.71,2490.93,2275.0
PR003462,2026-02-13,MANDI-021,Moga,Maize,0.1889,0.2057,1973.0,
PR007874,2026-05-15,,Hisar,Sugarcane,3597.5,4101.0,3849.18,3500.0
PR008598,2026-06-13,MANDI-013,,Maize,1964.06,2178.666968849012,2071.0,2090.0
PR007064,2026-01-25,MANDI-018,Ambala,Rice,1923.84,2165.66,2045.0,2183.0
PR006695,2026-02-10,MANDI-029,Patiala,Mustard,0.5066,5748.43,5407.18,5650.0
PR005685,2026-06-14,,Karnal,Cotton,5698.57,6980.62,0.634,6620.0
PR003030,2026-05-01,MANDI-020,Patiala,Cotton,0.6026,6497.62,6262.0,6620.0
PR009627,2026-05-18,MANDI-024,Jalandhar,Sugarcane,3488.48,4343.0,3915.95,3500.0
PR010667,2026-09-03,,Moga,Rice,1870.33,2136.19,2003.26,
PR010604,2026-05-29,MANDI-028,Sirsa,Rice,2148.0,0.2363,2255.58,0.2183
PR009758,2026-03-02,MANDI-050,Sirsa,Sugarcane,3036.0,3314.76,3175.24,3500.0
PR002817,2026-12-07,MANDI-016,Patiala,Cotton,6145.57,6738.902710921732,6442.24,6620.0
PR005440,2026-08-05,MANDI-020,Amritsar,Cotton,5906.1,7355.67,6630.89,6620.0
PR001689,2026-04-21,MANDI-039,Fatehabad,Mustard,4823.0,5696.86,5260.0,5650.0
PR006853,2026-05-04,MANDI-012,Moga,Wheat,,2452.21,0.232,2275.0
PR004280,2026-04-29,MANDI-040,,Maize,,0.2109,2032.06,2090.0
PR008828,2026-03-17,MANDI-018,Kurukshetra,Wheat,2202.7,2409.56,2306.13,2275.0
PR009796,2026-07-18,MANDI-033,Ambala,Wheat,1995.78,2335.62,2165.7,2275.0
PR009037,2026-05-09,MANDI-003,Sirsa,Maize,1889.41,2070.17,1979.7920944320658,2090.0
PR010695,2026-11-07,MANDI-028,Karnal,Rice,1907.0,2349.34,2128.29,0.2183
PR007753,2026-06-17,MANDI-026,Sirsa,Sugarcane,,3392.3076726503227,3220.43,3500.0
PR000741,2026-05-31,MANDI-005,Bathinda,Mustard,5448.65,6430.51,5939.581337721134,5650.0
PR003560,2026-04-22,MANDI-018,Kurukshetra,Rice,1982.3528160612982,2103.8,2043.0,2183.0
PR001089,2026-02-28,MANDI-003,Kurukshetra,Rice,1877.37,2008.97,1943.0,0.2183
PR006588,2026-02-16,MANDI-045,Jalandhar,Cotton,6517.0,7619.55,7068.0,6620.0
PR007009,2026-02-19,MANDI-048,Ferozepur,Rice,0.2076,0.2194,2134.97,2183.0
PR001211,2026-05-21,MANDI-031,Hisar,Rice,2083.08,0.2241,2161.8766617095525,
PR003480,2026-01-23,MANDI-002,Ferozepur,Sugarcane,3178.87,3915.880567627595,3547.0,
PR011762,2026-02-24,MANDI-026,Jalandhar,Mustard,0.584,6247.21,6043.0,
PR004243,2026-02-27,,Karnal,Rice,,2298.0,2181.8,
PR007479,2026-05-26,MANDI-025,Patiala,Wheat,2182.25,2382.05,2282.15,0.2275
PR008536,2026-07-03,MANDI-015,Moga,Sugarcane,3030.45,3282.17,3156.31,3500.0
PR009912,2026-06-19,MANDI-036,,Cotton,6709.84,8141.0,7425.42,6620.0
PR011873,2026-04-18,MANDI-055,,Maize,1867.42,1997.41,1932.42,2090.0
PR011735,2026-07-24,MANDI-002,Hisar,Rice,,,2304.0,2183.0
PR000718,2026-03-01,MANDI-011,Karnal,Maize,1831.0,2227.0,2029.37,2090.0
PR004530,2026-04-04,MANDI-057,Ambala,Mustard,5873.0,7017.87,6445.44,5650.0
PR006393,2026-02-26,MANDI-035,Ferozepur,Wheat,2325.61,2596.0,,0.2275
PR008297,2026-08-14,MANDI-054,Patiala,Mustard,5030.0,5881.76,5455.82,
PR005150,2026-06-15,MANDI-034,Sirsa,Sugarcane,0.3061,3660.0,,3500.0
PR003214,2026-06-17,MANDI-038,,Rice,,2499.66,2315.49,2183.0
PR005522,2026-06-10,MANDI-032,,Wheat,2120.67,2628.31,,2275.0
PR005822,2026-06-24,MANDI-036,Ferozepur,Rice,1880.0,2179.64,2029.58,0.2183
PR003194,2026-08-15,MANDI-044,Amritsar,Cotton,6652.83,7815.14,7233.98,6620.0
PR011475,2026-04-21,MANDI-026,Amritsar,Cotton,6452.62,7947.0,0.72,0.662
PR004015,2026-06-06,MANDI-028,Ferozepur,Maize,1943.95,2303.036906275141,2123.49,
PR004358,2026-03-10,MANDI-005,Kurukshetra,Sugarcane,3494.68,4120.8,3807.74,
PR009348,2026-05-11,MANDI-030,Bathinda,Mustard,4999.59,0.5543,5271.38,5650.0
PR005525,2026-01-15,MANDI-028,Fatehabad,Rice,2111.87,2285.5,2198.69,2183.0
PR009419,2026-04-17,MANDI-047,Moga,Wheat,2139.91,,2280.65,2275.0
PR011623,2026-07-05,MANDI-027,Patiala,Rice,2056.05,2503.54,2280.0,
PR000229,2026-02-21,MANDI-050,,Rice,2018.76,2376.34,2197.55,2183.0
PR001852,2026-07-07,MANDI-054,Jalandhar,Sugarcane,0.3476,4035.51,3755.56,3500.0
PR006234,2026-07-03,MANDI-025,,Sugarcane,3332.2,3614.0,3473.0,3500.0
PR003499,2026-08-11,MANDI-046,Jalandhar,Sugarcane,3096.0,3333.93,0.3215,3500.0
PR001418,2026-07-12,MANDI-026,Ambala,Mustard,5922.38,6628.51,6275.44,0.565
PR001270,2026-01-26,MANDI-056,,Wheat,2165.19,,2244.51,
PR006988,2026-08-14,MANDI-019,,Wheat,2017.5545138789046,2496.89,2257.0,2275.0
PR006072,2026-07-04,MANDI-006,Kurukshetra,Cotton,6156.0,6716.18,0.6436,6620.0
PR004524,2026-04-23,MANDI-048,Sirsa,Cotton,,6963.831607945752,6512.0,6620.0
PR007539,2026-06-19,MANDI-049,Karnal,Wheat,2383.56,2752.96,2568.26,
PR005434,2026-05-23,MANDI-042,,Maize,0.2065,0.2383,2224.0,
PR002549,2026-07-12,MANDI-034,Kurukshetra,Rice,0.2094,2358.157638353039,2226.14,2183.0
PR011849,2026-03-21,MANDI-032,Amritsar,Rice,2034.22,2218.0723475984237,2126.15,0.2183
PR000047,2026-01-27,MANDI-017,Patiala,Mustard,0.5909,0.6828,0.6368,5650.0
PR009936,2026-02-17,MANDI-041,Ludhiana,Mustard,5482.99,6148.89,5815.94,
PR002080,2026-05-27,MANDI-057,Ludhiana,Rice,2022.88,2488.68,2256.0,
PR003376,2026-04-29,MANDI-043,Fatehabad,Mustard,5357.48,0.6483,5920.465661658699,0.565
PR010972,2026-07-08,,Kurukshetra,Cotton,6380.0,,0.6681,6620.0
PR001942,2026-05-09,MANDI-023,Sirsa,Sugarcane,3262.0,3580.0,3420.9784988604056,
PR002245,2026-09-07,MANDI-036,Sirsa,Rice,2191.8208376526413,2606.55,2399.19,2183.0
PR010295,2026-04-28,MANDI-045,Bathinda,Maize,0.1947,2109.09,2028.11,2090.0
PR009771,2026-01-13,MANDI-009,,Cotton,,0.8049,0.748,
PR007668,2026-03-11,,Bathinda,Sugarcane,0.3581,4314.71,3948.0,
PR007804,2026-05-09,,Ambala,Maize,2094.22,2458.25,2276.24,
PR005748,2026-02-24,MANDI-051,,Sugarcane,3210.5146411617793,3384.68,3297.6,0.35
PR004253,2026-01-29,,Bathinda,Wheat,2014.0,2323.04,,
PR002018,2026-07-22,MANDI-018,Bathinda,Sugarcane,0.3273,3539.7,3406.18,0.35
PR005425,2026-06-04,MANDI-007,Bathinda,Sugarcane,3387.58,3782.26564639001,3584.92,
PR001453,2026-01-19,,,Mustard,5497.45,0.6121,5809.23,5650.0
PR011066,2026-05-09,MANDI-008,Patiala,Sugarcane,0.3124,3869.4,3497.0,3500.0
PR009075,2026-08-26,MANDI-039,Bathinda,Cotton,6814.44,7574.84,7194.641661155238,
PR011652,2026-08-29,MANDI-006,Jalandhar,Maize,1891.5,2310.882290316088,2101.19,2090.0
PR000865,2026-08-20,MANDI-012,Ambala,Cotton,0.5747,6370.4452374734665,6058.675851775299,6620.0
PR006015,2026-06-13,MANDI-056,Ferozepur,Mustard,0.5129,,5576.370211935104,5650.0
PR006543,2026-06-19,MANDI-051,Hisar,Mustard,5216.0,5714.65,5465.17,5650.0
PR011098,2026-06-24,MANDI-042,,Sugarcane,3409.25,4149.220277614336,3779.23,0.35
PR005858,2026-02-02,MANDI-042,Jalandhar,Mustard,5226.55,,5452.03,5650.0
PR006915,2026-07-13,,,Cotton,6856.0,8542.78,0.7699,6620.0
PR008141,2026-08-13,MANDI-022,Sirsa,Cotton,0.6427,7007.28,0.6717,6620.0
PR000739,2026-04-14,MANDI-010,Moga,Maize,1949.55,0.2383,2166.251663165921,2090.0
PR008007,2026-01-22,MANDI-013,Ludhiana,Rice,2058.19,2431.39,2245.0,2183.0
PR000826,2026-08-13,MANDI-029,Jalandhar,Wheat,2055.0,2307.87,0.2182,2275.0
PR004363,2026-05-27,MANDI-035,Patiala,Rice,2007.09,2246.0,2126.5758600953127,2183.0
PR009302,2026-08-25,MANDI-036,,Mustard,5170.0,5884.0,5527.19,5650.0
PR007533,2026-03-18,MANDI-050,Bathinda,Wheat,2383.95,0.2765,2574.410545664054,2275.0
PR006012,2026-03-04,MANDI-044,Sirsa,Sugarcane,3336.38,0.359,3463.25,3500.0
PR001176,2026-05-02,MANDI-046,,Cotton,6813.1006264839025,8082.78,7447.940480963256,6620.0
PR005532,2026-05-02,MANDI-027,Hisar,Cotton,6274.19,7750.29,7012.239741972245,6620.0
PR001747,2026-09-04,MANDI-042,Ambala,Cotton,6463.05,,6638.43,6620.0
PR007974,2026-01-06,MANDI-034,Amritsar,Rice,2145.37,2292.58,2218.9761436632534,2183.0
PR003985,2026-10-04,MANDI-004,,Mustard,4837.75,6038.57,5438.16,5650.0
PR007069,2026-01-19,MANDI-007,Sirsa,Sugarcane,3158.61,0.3636,3397.1471619333424,
PR003700,2026-08-04,MANDI-036,Hisar,Cotton,6269.0,0.709,6679.12,6620.0
PR003682,2026-05-21,MANDI-031,Moga,Cotton,6446.355426273174,6878.42,6662.39,0.662
PR008172,2026-02-28,MANDI-038,Hisar,Mustard,4889.5,5704.63,5297.07,
PR007557,2026-01-19,MANDI-051,Sirsa,Maize,2076.8,0.2436,,
PR004261,2026-06-01,MANDI-003,Moga,Cotton,0.6174,7522.05,6848.2,
PR004560,2026-04-06,MANDI-045,,Sugarcane,3620.24,4482.0,4051.21,
PR007411,2026-06-29,MANDI-035,Jalandhar,Cotton,6470.89,6926.76,0.6699,6620.0
PR004856,2026-06-11,MANDI-020,Ambala,Cotton,5728.297211535097,6722.04,6225.17,6620.0
PR002517,2026-06-15,MANDI-033,Fatehabad,Rice,2137.78,2532.0,0.2335,
PR001591,2026-07-21,MANDI-040,Ambala,Sugarcane,3672.63,3970.1,0.3821,
PR006098,2026-06-17,MANDI-022,Patiala,Cotton,6377.96562083485,7272.4,6825.18,
PR000004,2026-08-14,MANDI-036,Jalandhar,Cotton,6537.44,7450.369531944734,0.6994,
PR003518,2026-06-09,MANDI-055,Kurukshetra,Mustard,5006.31,6164.0,5585.31,5650.0
PR003620,2026-03-23,MANDI-050,Ferozepur,Sugarcane,3512.79,3916.41,3714.6,3500.0
PR003984,2026-01-25,,Fatehabad,Sugarcane,2976.15,3559.18,3267.66413784277,3500.0
PR010565,2026-04-18,MANDI-003,Patiala,Maize,2119.63,0.2354,2236.86,2090.0
PR011222,2026-01-04,MANDI-023,Patiala,Mustard,5735.62,6619.56,0.6178,5650.0
PR000705,2026-04-13,MANDI-038,,Mustard,5661.2,6791.0,6225.8528077937735,5650.0
PR008185,2026-04-12,MANDI-057,Ferozepur,Cotton,6709.52,8380.25,7544.88,0.662
PR009843,2026-08-01,MANDI-046,,Rice,2241.85,2424.0,0.2333,2183.0
PR006043,2026-05-02,MANDI-046,Jalandhar,Cotton,6835.73,7208.1,7021.92,
PR008565,2026-12-04,MANDI-049,Hisar,Mustard,0.5024,5963.04,5493.37,
PR007692,2026-08-01,MANDI-054,Sirsa,Mustard,0.539,5717.9,5553.91,0.565
PR002254,2026-04-14,,Moga,Rice,2280.28,2750.3,2515.292244972309,
PR007412,2026-08-11,,Fatehabad,Mustard,5515.0,6405.05,5960.08,5650.0
PR000104,2026-02-28,MANDI-023,Karnal,Mustard,5332.0,6266.0,5798.99,5650.0
PR011980,2026-01-18,MANDI-047,Amritsar,Mustard,5396.79,6463.0,5929.77,0.565
PR006960,2026-04-08,MANDI-004,Karnal,Wheat,2172.41,2605.95,2389.0,
PR004333,2026-05-02,MANDI-051,Ambala,Wheat,2226.0,2642.08,,2275.0
PR006418,2026-05-26,MANDI-023,Jalandhar,Maize,0.2115,2449.915242336463,2282.32,2090.0
PR005516,2026-08-18,MANDI-057,,Sugarcane,3081.275263158486,3711.0,3396.15,3500.0
PR006657,2026-02-10,MANDI-018,Kurukshetra,Mustard,5036.38,5648.95,5342.67,5650.0
PR007782,2026-05-17,MANDI-056,Jalandhar,Mustard,5800.41,6816.5461500525225,6308.0,5650.0
PR000952,2026-05-31,MANDI-008,Ludhiana,Maize,2037.4949593405397,2264.07,2150.78,0.209
PR008909,2026-02-24,MANDI-007,Amritsar,Mustard,5843.05,7297.18,6570.0,5650.0
PR010420,2026-04-17,MANDI-013,Sirsa,Cotton,0.5735,6510.06,6122.37,6620.0
PR008563,2026-03-19,MANDI-026,Kurukshetra,Cotton,6632.08,7324.0,6978.0,6620.0
PR002127,2026-07-17,MANDI-027,Amritsar,Rice,0.2271,2385.61,0.2328,2183.0
PR008502,2026-06-08,,Ferozepur,Rice,1879.0,1986.71,1933.06,2183.0
PR006198,2026-07-09,MANDI-048,Sirsa,Cotton,,6857.124624766832,6644.093156318324,0.662
PR009411,2026-04-17,,Bathinda,Maize,0.2181,2322.24,2251.74,2090.0
PR001479,2026-03-02,MANDI-009,Ludhiana,Sugarcane,3226.65,0.3946,3586.49,3500.0
PR010434,2026-03-25,MANDI-039,Ferozepur,Wheat,2230.65,2352.99,2291.82,
PR005426,2026-07-19,MANDI-052,Karnal,Rice,2203.27,2476.79,2340.03,2183.0
PR010351,2026-03-02,MANDI-023,Fatehabad,Mustard,,6293.09,5684.58,0.565
PR001482,2026-08-22,MANDI-026,Bathinda,Rice,2287.77,2807.66,2547.71,2183.0
PR008227,2026-07-13,MANDI-052,Amritsar,Mustard,5235.5,5723.57,5479.54,5650.0
PR004971,2026-08-18,,Karnal,Rice,1866.9768680650352,0.2142,2004.51,
PR002837,2026-04-07,,Ferozepur,Cotton,0.6032,6396.12,6214.16,6620.0
PR002743,2026-06-15,MANDI-008,,Wheat,1968.78,2259.38,0.2114,2275.0
PR006601,2026-04-11,MANDI-027,Patiala,Rice,2067.0,2482.11,2274.63,
PR009621,2026-01-17,MANDI-048,Jalandhar,Sugarcane,0.3426,3797.0,3611.75,3500.0
PR000953,2026-04-04,MANDI-037,Ludhiana,Rice,2200.03,2733.36,0.2467,2183.0
PR010481,2026-05-09,MANDI-029,Hisar,Rice,1862.47,2266.22,2064.0,2183.0
PR000332,2026-02-08,MANDI-031,Fatehabad,Sugarcane,3288.68,3854.0,0.3571,3500.0
PR010724,2026-02-12,MANDI-013,Hisar,Rice,0.2052,2554.33260042111,,2183.0
PR003905,2026-01-14,MANDI-052,Fatehabad,Sugarcane,3409.67,4057.87,0.3734,3500.0
PR007743,2026-04-12,MANDI-018,Fatehabad,Cotton,5853.542659271635,6892.82,6373.0,6620.0
PR007081,2026-01-25,MANDI-029,Moga,Mustard,5686.77,6756.61,6221.69,
PR010096,2026-04-03,MANDI-014,,Rice,1880.0,2230.53,2055.0,2183.0
PR010244,2026-05-18,MANDI-048,Moga,Sugarcane,3559.85,4210.0,3884.9915967326788,
PR000442,2026-02-12,MANDI-049,Karnal,Mustard,5926.3,0.6723,6325.0,5650.0
PR008657,2026-04-23,MANDI-005,Ludhiana,Cotton,5782.048069896549,7131.36,6457.0,
PR006162,2026-08-28,MANDI-005,Amritsar,Wheat,1960.34,2133.95,2047.14,
PR007030,2026-05-30,MANDI-016,Moga,Cotton,5696.3,7091.05,6393.68,6620.0
PR002556,2026-03-27,MANDI-025,Hisar,Cotton,0.5857,6406.0,0.6132,
PR006398,2026-01-07,,,Wheat,0.2338,2591.02,2464.71,0.2275
PR007128,2026-05-17,MANDI-042,Ferozepur,Rice,1913.11,2379.94,2146.5252322449583,2183.0
PR004875,2026-04-09,MANDI-021,Moga,Rice,1998.25,2440.46,2219.35,2183.0
PR005756,2026-06-28,MANDI-055,Sirsa,Mustard,5441.11,6668.45,6054.78,0.565
PR010532,2026-03-08,MANDI-022,Hisar,Maize,0.1863,2164.02,2013.62,2090.0
PR008194,2026-02-27,MANDI-007,Moga,Sugarcane,3513.19,0.4216,3864.54,3500.0
PR011783,2026-07-06,MANDI-017,Hisar,Mustard,5057.0,5688.28,5372.56,5650.0
PR011858,2026-02-10,MANDI-004,,Maize,1889.598599889803,2192.75,2041.17,2090.0
PR005147,2026-03-20,,Moga,Maize,0.1994,2281.0,0.2138,
PR005944,2026-04-06,,Jalandhar,Rice,2190.95,2466.44,2329.0,2183.0
PR005739,2026-05-05,MANDI-042,Ambala,Wheat,1997.73,2374.0,2185.8,2275.0
PR006609,2026-02-19,MANDI-036,Ferozepur,Maize,1978.21,2112.07,2045.14,0.209
PR008948,2026-03-19,MANDI-038,Ludhiana,Sugarcane,,0.3802,3615.0,
PR009262,2026-08-29,MANDI-006,Amritsar,Maize,0.2002,2421.53,2211.61,2090.0
PR000207,2026-07-02,MANDI-010,Moga,Cotton,5912.34,,6423.88,6620.0
PR002664,2026-03-19,MANDI-030,Patiala,Maize,1940.0,2043.9980877137252,1991.92,0.209
PR011429,2026-06-11,MANDI-052,,Mustard,4847.59,5222.18,5034.88,5650.0
PR003827,2026-08-14,MANDI-025,Ferozepur,Wheat,,2061.12,,2275.0
PR001508,2026-06-03,MANDI-056,Fatehabad,Rice,0.188,2225.84,2052.7526912135236,0.2183
PR010179,2026-07-20,MANDI-051,Karnal,Maize,0.1854,2102.35,1978.05,0.209
PR001305,2026-06-18,MANDI-025,Patiala,Maize,1882.7,0.2094,1988.0,2090.0
PR003220,2026-05-26,MANDI-005,,Mustard,0.5162,5569.36,5365.5,5650.0
PR010823,2026-04-02,MANDI-020,Kurukshetra,Maize,1933.52,2295.41,2114.47,2090.0
PR005874,2026-02-19,,Bathinda,Cotton,5672.224332447219,6078.0,5875.14,0.662
PR006121,2026-08-10,MANDI-023,Ambala,Wheat,0.235,2512.0,2431.1104930830043,2275.0
PR010976,2026-03-07,MANDI-003,Bathinda,Maize,2084.02,0.2589,2336.75,0.209
PR001901,2026-02-07,MANDI-034,Jalandhar,Rice,0.2184,2524.48,2354.37,2183.0
PR006307,2026-05-20,MANDI-046,Patiala,Sugarcane,3162.72,0.3605,3383.91,3500.0
PR001745,2026-08-13,MANDI-006,Hisar,Wheat,0.1971,2357.59,2164.0,
PR010402,2026-04-08,MANDI-038,Ambala,Sugarcane,0.3468,4294.54,0.3881,3500.0
PR004146,2026-02-19,MANDI-038,Amritsar,Maize,2154.0,2333.4,2243.65,2090.0
PR010430,2026-03-19,MANDI-029,Sirsa,Mustard,4912.77,5396.8,5154.79,0.565
PR008629,2026-05-02,MANDI-055,Kurukshetra,Mustard,5037.28,6277.68,5657.479968939649,5650.0
PR008654,2026-05-23,MANDI-006,Fatehabad,Cotton,6525.0,7720.58,7122.75,0.662
PR007806,2026-01-22,MANDI-034,Moga,Mustard,5305.0,6467.07,5886.27,5650.0
PR008832,2026-02-03,MANDI-017,Ferozepur,Maize,2190.63,0.2463,2326.93,2090.0
PR011249,2026-04-21,MANDI-008,Jalandhar,Sugarcane,3358.0,0.4,3679.24,3500.0
PR005637,2026-06-03,MANDI-040,Ludhiana,Mustard,0.5817,0.6234,6025.36,
PR006023,2026-07-31,MANDI-035,,Rice,2035.1781708576,2308.51,2171.85,2183.0
PR001736,2026-02-06,MANDI-009,Patiala,Maize,2006.58,2471.82,2239.2,2090.0
PR008896,2026-08-15,MANDI-020,Fatehabad,Maize,2047.2555405417957,0.215,2098.69,2090.0
PR007708,2026-01-29,MANDI-017,Hisar,Mustard,5582.66,6957.54,6270.1,5650.0
PR004010,2026-07-11,MANDI-043,Patiala,Maize,2156.6,2377.82,0.2267,
PR011662,2026-01-30,MANDI-007,,Sugarcane,3669.0,4457.0,4063.14,3500.0
PR003607,2026-06-19,MANDI-036,,Mustard,5534.94,0.6489,,5650.0
PR004533,2026-05-08,MANDI-035,Amritsar,Sugarcane,3312.0,4136.0,3724.063116545915,3500.0
PR003294,2026-02-12,MANDI-004,Ludhiana,Mustard,5677.0,6868.92,6272.83,
PR006895,2026-07-29,MANDI-043,Kurukshetra,Wheat,2326.37,0.2624,2475.0,2275.0
PR004142,2026-07-01,MANDI-039,Moga,Rice,2262.0,2815.397018860407,0.2539,2183.0
PR006397,2026-05-29,MANDI-011,Ludhiana,Rice,2035.06,2219.0,2127.0,2183.0
PR007997,2026-03-20,,Jalandhar,Wheat,2074.24,2487.56,2280.9,
PR005246,2026-03-22,MANDI-005,Sirsa,Rice,2030.2,2200.26,2115.23,2183.0
PR011703,2026-02-09,MANDI-001,Moga,Wheat,2225.16,2529.68,2377.4209895280173,2275.0
PR008299,2026-12-02,MANDI-043,Jalandhar,Wheat,1949.01,2119.89,0.2034,2275.0
PR009169,2026-04-27,MANDI-007,Sirsa,Mustard,5914.95,0.7129,6522.02,5650.0
PR001315,2026-06-19,MANDI-018,Amritsar,Rice,1927.15,2326.71,2127.0,0.2183
PR007420,2026-02-15,MANDI-029,Bathinda,Maize,0.2015,0.2149,0.2082,2090.0
PR004966,2026-08-09,MANDI-010,,Wheat,0.2202,2342.12,2272.02,
PR010613,2026-04-14,,Ambala,Sugarcane,0.3664,4096.62,3880.06,3500.0
PR000449,2026-08-04,MANDI-020,,Mustard,5603.68,6583.77,6094.0,5650.0
PR008514,2026-02-28,MANDI-043,Jalandhar,Maize,1784.0,1918.0,1851.0,2090.0
PR011031,2026-06-02,MANDI-016,Moga,Cotton,6896.06,8428.27,7662.17,6620.0
PR007438,2026-08-18,MANDI-018,Hisar,Sugarcane,2977.15,3470.6,3223.87,3500.0
PR009740,2026-01-18,MANDI-032,Karnal,Sugarcane,0.3232,,3515.86,3500.0
PR004291,2026-03-09,MANDI-006,Sirsa,Rice,2050.5583569310866,2285.23,2167.894399864482,
PR007413,2026-04-02,MANDI-024,Amritsar,Cotton,6595.96,7148.767999484507,6872.0,6620.0
PR001362,2026-08-23,MANDI-009,Ludhiana,Sugarcane,0.3507,3859.0,3683.0,3500.0
PR011689,2026-04-17,MANDI-023,Sirsa,Maize,1938.78,0.2197,2068.0,0.209
PR002183,2026-05-19,MANDI-002,Ludhiana,Cotton,0.6861,8260.02,7560.0,6620.0
PR010943,2026-05-08,MANDI-001,Hisar,Cotton,6792.86,7517.99,7155.42,6620.0
PR009132,2026-03-03,MANDI-029,,Rice,2080.2,2270.05,0.2175,2183.0
PR000900,2026-03-12,MANDI-057,Kurukshetra,Maize,2143.93,2449.47,2297.0,2090.0
PR008370,2026-01-03,MANDI-030,Amritsar,Sugarcane,,4022.01,3654.57,3500.0
PR001240,2026-09-01,MANDI-013,Sirsa,Sugarcane,3083.72,3573.91,3328.8175633218398,3500.0
PR002774,2026-02-10,MANDI-047,Patiala,Rice,2230.47,0.2412,2321.468371440533,
PR005583,2026-04-14,MANDI-013,Sirsa,Mustard,4906.0,0.562,5263.05,5650.0
PR007259,2026-04-08,MANDI-008,Karnal,Maize,2146.0,0.2478,2312.16,
PR008160,2026-03-04,,Kurukshetra,Rice,2151.4011759556824,2423.0,2287.3,2183.0
PR009034,2026-03-08,MANDI-021,Ambala,Rice,1948.59,2149.96,,2183.0
PR004850,2026-01-28,MANDI-036,Ferozepur,Wheat,2021.6298180321326,2299.5,2160.5632648524374,0.2275
PR005143,2026-09-04,MANDI-044,Sirsa,Wheat,2038.91,2289.97,2164.44,2275.0
PR005120,2026-07-10,MANDI-040,Hisar,Sugarcane,3196.54,3378.9,3287.72,
PR010090,2026-06-19,MANDI-023,Bathinda,Sugarcane,0.3333,3875.0,3604.0404441840074,3500.0
PR005293,2026-07-09,MANDI-001,Patiala,Wheat,2046.36,2165.64,2105.999807519711,2275.0
PR006613,2026-06-30,,Ludhiana,Rice,2169.0245629702135,2560.0,,2183.0
PR011872,2026-06-05,MANDI-056,Kurukshetra,Sugarcane,3407.1093020558783,3633.61,3520.36,3500.0
PR000547,2026-05-29,MANDI-050,Fatehabad,Mustard,4803.79,0.5197,5000.17,0.565
PR004674,2026-04-21,MANDI-013,Moga,Mustard,,6864.19,6212.7,
PR007058,2026-02-19,MANDI-007,Ludhiana,Maize,0.2171,2538.0,2354.83,2090.0
PR010856,2026-03-02,MANDI-021,Ludhiana,Rice,1991.0,2439.65,2215.0,2183.0
PR010395,2026-06-05,MANDI-020,Moga,Maize,0.1824,0.2123,1973.8,2090.0
PR000343,2026-05-20,MANDI-050,Bathinda,Mustard,4811.257129928104,5184.27,4997.76,
PR011210,2026-08-13,MANDI-009,Bathinda,Wheat,2314.0,2431.02,2372.4,
PR000715,2026-01-28,MANDI-015,Hisar,Maize,0.1873,2047.74,1961.0,2090.0
PR011964,2026-01-20,,Ambala,Rice,2098.08,2428.43,0.2263,2183.0
PR001888,2026-06-23,,,Sugarcane,0.3643,4402.2192426717975,4022.78,3500.0
PR002427,2026-03-12,MANDI-012,Sirsa,Maize,2178.06,0.2395,2286.0,2090.0
PR004744,2026-06-29,MANDI-031,Kurukshetra,Mustard,0.5368,0.6045,5706.58,
PR003672,2026-12-05,MANDI-028,Patiala,Sugarcane,0.327,0.3487,3378.62,
PR004736,2026-04-22,,,Cotton,5695.29,6340.33,6018.0,0.662
PR000996,2026-03-13,MANDI-010,Ambala,Maize,2161.0,0.241,2285.93,2090.0
PR001388,2026-07-23,MANDI-029,Ludhiana,Sugarcane,3300.39,0.3885,3593.0,3500.0
PR007191,2026-04-01,,Bathinda,Wheat,2380.69,0.2889,2634.94,0.2275
PR003389,2026-07-14,MANDI-018,Bathinda,Mustard,4884.34,5831.07,5357.7,5650.0
PR003581,2026-08-19,MANDI-055,Patiala,Rice,1952.09,2393.24,2172.66,2183.0
PR009474,2026-01-18,MANDI-043,Bathinda,Rice,1861.05,2234.44,2047.7442376016666,2183.0
PR010791,2026-05-08,MANDI-048,Patiala,Cotton,0.6819,8461.182704936376,7640.15,6620.0
PR003481,2026-07-01,MANDI-012,,Cotton,5828.73,7054.42,6441.58,
PR010663,2026-06-25,MANDI-015,Sirsa,Wheat,2325.13,0.247,2397.41,2275.0
PR008879,2026-08-12,MANDI-037,,Rice,2204.46,0.2609,2406.96,2183.0
PR011586,2026-05-16,MANDI-012,Bathinda,Rice,2289.4,2472.49,2380.94,
PR008032,2026-12-05,,Kurukshetra,Wheat,0.224,2399.43,2319.86,2275.0
PR002471,2026-05-05,MANDI-022,Kurukshetra,Mustard,4971.27,6202.92,5587.1,
PR000527,2026-02-05,MANDI-036,,Maize,2066.33,2455.25,2260.79,2090.0
PR001062,2026-03-17,MANDI-049,Patiala,Maize,2029.04,2466.69,2247.87,2090.0
PR007829,2026-08-24,MANDI-013,Fatehabad,Maize,1970.99,0.2128,0.205,2090.0
PR009401,2026-09-08,MANDI-030,Ludhiana,Maize,1946.03,2190.33,0.2068,
PR001985,2026-03-19,MANDI-011,,Mustard,5062.84,5469.5,5266.17,5650.0
PR009609,2026-03-25,MANDI-008,Ambala,Mustard,5866.0,7116.3,6491.08,5650.0
PR011125,2026-12-02,MANDI-024,Moga,Maize,1945.0,0.2056,2000.18,2090.0
PR008681,2026-03-14,MANDI-025,Fatehabad,Rice,2238.0,0.2682,2459.79,2183.0
PR008669,2026-07-21,MANDI-016,,Maize,2018.94,2276.97,2147.95,0.209
PR006351,2026-01-15,MANDI-022,Moga,Maize,2002.57,0.2344,2173.51,2090.0
PR008138,2026-06-03,,Patiala,Rice,1968.4,0.2082,2025.0,
PR003425,2026-06-29,MANDI-053,Hisar,Maize,2075.0,2448.38,2262.0,2090.0
PR011664,2026-06-25,MANDI-041,Moga,Maize,0.2082,2541.33,2312.0,0.209
PR004169,2026-02-27,MANDI-013,,Wheat,1948.55,2413.2080960766116,0.2181,2275.0
PR001995,2026-03-15,MANDI-017,,Sugarcane,3660.24,0.4149,3904.0,3500.0
PR006416,2026-04-18,MANDI-015,Jalandhar,Sugarcane,3437.61,3781.02,3609.0,3500.0
PR000911,2026-02-17,,Patiala,Maize,2086.564377645186,2399.8534617241276,2243.21,2090.0
PR004359,2026-06-23,MANDI-026,Jalandhar,Sugarcane,3630.0891817278844,4218.14,3924.0,3500.0
PR003836,2026-04-29,MANDI-011,Patiala,Maize,2104.5,2449.14,2276.82,2090.0
PR008341,2026-03-03,MANDI-010,Karnal,Cotton,0.5648,6118.0,5882.83,6620.0
PR001076,2026-02-01,MANDI-037,Ludhiana,Wheat,,2654.0,2512.848645631308,0.2275
PR003658,2026-06-13,MANDI-029,Sirsa,Rice,1922.26,2134.0,2028.33,
PR011005,2026-07-20,MANDI-016,Ludhiana,Wheat,0.1952,,0.2074,2275.0
PR010120,2026-06-26,MANDI-034,Bathinda,Mustard,5208.54,0.5843,5525.67,5650.0
PR003504,2026-01-12,MANDI-016,Ambala,Rice,1894.05,2265.408449815563,0.208,2183.0
PR008350,2026-07-03,MANDI-038,,Maize,0.2162,2302.44,0.2232,2090.0
PR003990,2026-02-01,MANDI-029,Karnal,Wheat,2084.41,2289.19,2186.8,2275.0
PR008208,2026-02-24,MANDI-033,Amritsar,Cotton,6546.07,7687.0,7116.480501300202,6620.0
PR010294,2026-05-04,MANDI-026,Kurukshetra,Mustard,5625.09,0.5929,5777.02,
PR011241,2026-02-15,MANDI-043,,Cotton,6559.0,0.7848,7204.0,0.662
PR006411,2026-08-17,MANDI-040,Kurukshetra,Mustard,4951.046298612221,5804.23,5377.637332385267,0.565
PR003882,2026-02-13,MANDI-008,Sirsa,Cotton,6160.55,7417.06,6788.81,0.662
PR002092,2026-06-24,MANDI-029,Bathinda,Rice,2157.8858288875795,0.2419,2288.66,2183.0
PR000478,2026-07-22,MANDI-042,Moga,Maize,2127.457935468017,2468.0,2298.0,2090.0
PR002215,2026-05-23,,Karnal,Wheat,0.2333,2795.86,2564.44,2275.0
PR005512,2026-04-27,MANDI-028,Ludhiana,Wheat,2287.0,2639.92,,2275.0
PR010578,2026-09-05,MANDI-052,Patiala,Wheat,2203.22,0.2707,2455.25,2275.0
PR011435,2026-06-11,MANDI-036,Jalandhar,Cotton,5981.0,6651.83,6316.62,
PR007315,2026-06-23,MANDI-001,Ferozepur,Maize,0.1982,2165.44,,2090.0
PR005894,2026-09-04,MANDI-030,Moga,Cotton,6547.96,7589.8,7068.88,6620.0
PR005231,2026-03-17,MANDI-037,Kurukshetra,Rice,2117.0,2252.0,2184.78,0.2183
PR003732,2026-04-02,MANDI-031,Fatehabad,Cotton,6532.0,7802.53,7167.4,6620.0
PR000743,2026-06-26,,Sirsa,Rice,2201.84,2601.46,2401.6512030924177,2183.0
PR004076,2026-03-22,MANDI-034,Jalandhar,Wheat,2119.19,,2332.04,2275.0
PR008525,2026-07-30,MANDI-052,Sirsa,Maize,2069.0,0.2404,2236.74,2090.0
PR010216,2026-01-18,MANDI-015,Ambala,Maize,1916.0,0.2242,2079.04,2090.0
PR007234,2026-06-22,MANDI-028,Ferozepur,Sugarcane,3440.0,4041.57,0.3741,3500.0
PR001426,2026-04-05,MANDI-030,Karnal,Mustard,5531.95,6257.756457968391,5894.85,5650.0
PR009905,2026-02-10,MANDI-006,Jalandhar,Cotton,6595.0,8175.74,7385.0,6620.0
PR006336,2026-06-29,MANDI-046,Jalandhar,Cotton,6808.35,7850.1,0.7329,
PR001605,2026-02-11,MANDI-003,Patiala,Wheat,1988.85,0.241,0.22,2275.0
PR007170,2026-01-08,,Jalandhar,Sugarcane,0.3513,0.3759,0.3636,3500.0
PR005786,2026-03-17,MANDI-015,Ambala,Sugarcane,3403.276225836333,3975.32,3689.0,3500.0
PR009305,2026-02-16,MANDI-015,Ludhiana,Rice,0.2111,2405.29,2258.0,2183.0
PR008887,2026-06-16,MANDI-027,Ferozepur,Rice,0.1933,0.2109,2021.14,0.2183
PR008614,2026-07-20,MANDI-052,Kurukshetra,Rice,1922.28,0.2268,2094.99,
PR002447,2026-03-27,MANDI-015,Karnal,Sugarcane,3373.202402244154,4195.73,3784.47,3500.0
PR003047,2026-02-11,,Ludhiana,Maize,1897.4706001141765,2065.81,1981.64,2090.0
PR011799,2026-08-07,MANDI-032,Moga,Rice,1913.0,0.2074,0.1993,
PR004633,2026-01-13,MANDI-025,Moga,Maize,1789.0,1948.25,1868.54,
PR009952,2026-06-15,MANDI-012,Patiala,Wheat,1998.09,0.2493,,2275.0
PR003143,2026-03-15,MANDI-026,Kurukshetra,Sugarcane,3360.99,0.3674,,
PR001954,2026-08-22,MANDI-006,Jalandhar,Wheat,2337.2461577724744,2813.91,2575.58,0.2275
PR011141,2026-08-26,,Bathinda,Maize,1914.74,0.2327,2121.0206968875814,
PR000211,2026-06-03,,Ferozepur,Sugarcane,3277.0,0.3487,3382.09,3500.0
PR006743,2026-03-17,MANDI-048,Jalandhar,Rice,1968.01,0.2247,2107.43,
PR006065,2026-03-17,MANDI-043,Ambala,Cotton,5819.813417645548,7026.801451622315,6423.31,
PR010721,2026-04-01,MANDI-015,Amritsar,Cotton,0.6572,8006.37,7289.0,6620.0
PR000488,2026-02-09,MANDI-041,Ambala,Rice,1930.64,0.22,2065.11,2183.0
PR002935,2026-05-28,MANDI-014,Hisar,Wheat,1967.952097815274,2105.97,2036.96,2275.0
PR007996,2026-05-19,MANDI-036,,Sugarcane,3103.49,3694.31,3398.9,3500.0
PR001955,2026-03-07,MANDI-023,Hisar,Rice,2267.04,2778.16,2522.6,2183.0
PR009509,2026-08-21,MANDI-050,Bathinda,Cotton,6129.78,6733.0,6431.58,0.662
PR005956,2026-07-01,MANDI-003,,Mustard,4949.78,5398.212264417997,5173.99,
PR005693,2026-07-02,,Jalandhar,Cotton,6054.26,7395.97,6725.12,
PR001312,2026-09-05,MANDI-053,Karnal,Maize,2028.16,2144.9105930084106,2086.54,2090.0
PR008394,2026-08-26,MANDI-056,Hisar,Cotton,5906.02,0.6862,6383.93,0.662
PR000310,2026-03-07,MANDI-014,,Cotton,6856.13,8231.68,7543.91,6620.0
PR009848,2026-06-22,MANDI-038,,Mustard,4895.0,5305.68,5100.22,0.565
PR004695,2026-05-25,MANDI-026,,Maize,1914.0,2205.0,2059.42,
PR010853,2026-08-06,MANDI-051,Karnal,Rice,2242.52,2479.1,2361.0,0.2183
PR005543,2026-04-07,MANDI-039,Amritsar,Sugarcane,0.367,,0.3766,
PR007744,2026-07-07,MANDI-055,Ferozepur,Maize,1816.14,2254.44,2035.29,2090.0
PR005709,2026-01-14,MANDI-001,Patiala,Sugarcane,3489.76,4009.0,3749.19,3500.0
PR001837,2026-07-04,MANDI-037,Amritsar,Maize,2016.11,2192.4,2104.253899858786,
PR006512,2026-11-07,MANDI-019,,Wheat,0.2117,2280.43,2198.5058053205694,0.2275
PR006968,2026-06-29,MANDI-036,Karnal,Cotton,0.5639,0.6459,6048.55,6620.0
PR009030,2026-05-09,MANDI-030,Patiala,Wheat,2301.91,2798.51,2550.21,
PR003995,2026-08-31,MANDI-015,Fatehabad,Maize,2107.35,2488.27,2297.81,2090.0
PR002189,2026-05-10,MANDI-018,Karnal,Sugarcane,0.3151,0.3676,3414.0,
PR004697,2026-07-09,,Kurukshetra,Maize,2003.15,2309.14,2156.15,2090.0
PR008484,2026-02-15,MANDI-030,Kurukshetra,Maize,1954.86,0.225,2102.67,2090.0
PR006713,2026-03-11,MANDI-020,,Wheat,0.2012,2143.62,2077.643367696678,2275.0
PR004297,2026-07-22,MANDI-049,Jalandhar,Sugarcane,3173.2,3344.1097313093537,3258.66,0.35
PR008508,2026-01-13,MANDI-016,Ludhiana,Rice,0.193,2354.4049766481917,2142.0,2183.0
PR011154,2026-01-19,MANDI-033,Fatehabad,Mustard,0.5186,5739.46,5462.9,5650.0
PR006465,2026-03-06,MANDI-019,Amritsar,Sugarcane,3645.27,4509.11,4077.19,3500.0
PR005343,2026-03-08,MANDI-031,Fatehabad,Wheat,0.2328,2483.0,2405.475298160841,2275.0
PR004467,2026-04-30,MANDI-011,Bathinda,Maize,2131.65,2499.55,0.2316,2090.0
PR000189,2026-01-24,MANDI-037,Moga,Wheat,2162.48,2640.18,2401.33,2275.0
PR005647,2026-07-25,MANDI-039,Jalandhar,Mustard,5413.35,6539.78,5976.562912030839,5650.0
PR003367,2026-11-07,MANDI-055,Hisar,Cotton,6644.0,,0.7151,6620.0
PR004170,2026-08-30,MANDI-027,Fatehabad,Rice,2226.36,2531.18,2378.77,2183.0
PR006068,2026-03-22,MANDI-009,Ambala,Sugarcane,3631.86,4095.6190395798653,3863.74,3500.0
PR001055,2026-01-03,MANDI-056,Ludhiana,Sugarcane,3461.39,0.4325,3893.18,3500.0
PR008875,2026-06-08,MANDI-034,Moga,Sugarcane,0.3169,3679.322882322583,3424.35,
PR008249,2026-09-07,MANDI-009,Fatehabad,Wheat,2252.69,2403.0,2327.92,2275.0
PR009250,2026-03-17,MANDI-013,Jalandhar,Rice,1983.94,2374.85,2179.39,2183.0
PR005259,2026-08-14,MANDI-001,Patiala,Rice,2151.0,2528.87,2339.99,2183.0
PR009181,2026-04-09,,,Wheat,0.1977,2093.3,2035.0,2275.0
PR000345,2026-05-26,MANDI-046,Fatehabad,Rice,2012.7960714232577,2231.340430145199,2122.0682507842284,2183.0
PR001547,2026-04-04,MANDI-006,Amritsar,Maize,1839.9,0.2177,2008.6,2090.0
PR002960,2026-04-06,MANDI-013,,Maize,0.2048,2397.0,2222.0,
PR000744,2026-01-08,MANDI-012,Sirsa,Rice,0.2245,0.2465,2355.49,0.2183
PR000585,2026-08-28,,Patiala,Rice,1927.92,2139.91,2033.92,2183.0
PR008689,2026-11-07,MANDI-054,Bathinda,Maize,2133.0,0.2242,2187.28,
PR001234,2026-01-02,MANDI-031,Bathinda,Cotton,5671.73,6777.3,6224.51,6620.0
PR007942,2026-04-25,MANDI-020,Kurukshetra,Mustard,5482.78,6592.0,0.6037,5650.0
PR010956,2026-10-08,MANDI-002,Karnal,Mustard,5047.05,6206.0,,5650.0
PR001131,2026-05-24,MANDI-012,Sirsa,Cotton,0.5767,6912.0,0.634,
PR000432,2026-08-15,MANDI-001,Jalandhar,Wheat,1972.86,0.2314,0.2143,2275.0
PR008698,2026-02-18,MANDI-008,Fatehabad,Wheat,1989.87,2325.0,2157.3171070910457,2275.0
PR011639,2026-02-09,MANDI-041,Patiala,Sugarcane,3333.71,3973.67,3654.0,3500.0
PR011224,2026-06-03,MANDI-024,Amritsar,Mustard,5765.0,6611.71,6188.25,
PR008101,2026-07-25,MANDI-051,Ambala,Sugarcane,3449.44,,0.3584,3500.0
PR011219,2026-07-01,MANDI-037,Hisar,Wheat,0.1995,2173.6176701758322,0.2084,2275.0
PR004867,2026-06-03,MANDI-006,Kurukshetra,Sugarcane,3564.95,4323.55,0.3944,
PR008625,2026-08-19,MANDI-032,Moga,Sugarcane,3187.8280876106783,0.3387,,
PR000778,2026-02-01,MANDI-046,Bathinda,Mustard,5088.77,,5444.94,5650.0
PR009308,2026-09-07,MANDI-006,,Wheat,2004.07,0.217,2086.98,2275.0
PR004025,2026-08-28,MANDI-028,Sirsa,Sugarcane,3284.66,3759.2,,
PR002720,2026-01-14,MANDI-030,Fatehabad,Mustard,4864.01,5403.09,5133.55,5650.0
PR007288,2026-06-26,MANDI-007,Ludhiana,Mustard,5431.71,0.5816,5624.02,0.565
PR004517,2026-08-31,MANDI-033,Amritsar,Wheat,2166.09,2333.01,2249.55,
PR005379,2026-05-25,MANDI-032,Kurukshetra,Mustard,5003.43,5583.2,,5650.0
PR000639,2026-11-07,MANDI-027,Ludhiana,Wheat,2363.26,2814.98,2589.12,2275.0
PR004578,2026-07-23,MANDI-002,Jalandhar,Rice,1966.3,2288.76,2127.53,
PR004064,2026-07-22,,Patiala,Maize,1961.0,2349.110050803891,2155.0,
PR006093,2026-09-08,MANDI-037,,Sugarcane,3515.0,3925.96,0.372,3500.0
PR001222,2026-02-08,MANDI-053,,Mustard,0.5615,6112.96,5864.116654059802,5650.0
PR005017,2026-05-25,,Amritsar,Mustard,0.4829,,0.5247,5650.0
PR010454,2026-04-24,MANDI-054,Karnal,Maize,1943.0,2095.73,2019.52,2090.0
PR001595,2026-03-30,MANDI-032,Ludhiana,Sugarcane,3478.99,4292.83,3886.0,
PR011780,2026-06-26,,Ferozepur,Cotton,6209.97,0.7408,6809.114749488615,6620.0
PR008579,2026-07-22,MANDI-027,Fatehabad,Cotton,6122.93,6733.95,6428.44,
PR008947,2026-07-27,MANDI-012,Ambala,Cotton,6448.8422975232825,7797.04,7122.94,
PR011248,2026-08-28,MANDI-023,Ludhiana,Rice,1888.42,2035.0,0.1962,
PR003056,2026-03-27,MANDI-054,Sirsa,Wheat,2131.9,2466.56,2299.23,2275.0
PR004643,2026-08-19,MANDI-047,Ferozepur,Rice,2013.93,2419.0,0.2216,2183.0
PR011531,2026-09-01,MANDI-035,Hisar,Cotton,5785.9242841053465,6440.9,6113.41,6620.0
PR003225,2026-03-22,MANDI-023,,Cotton,6246.49,7657.83,6952.16,
PR001617,2026-05-01,MANDI-017,Hisar,Maize,,2369.96,,0.209
PR002706,2026-04-10,MANDI-053,Hisar,Mustard,4938.448656737274,5257.73,5098.09,5650.0
PR003821,2026-02-09,MANDI-022,Ludhiana,Wheat,0.1938,0.2236,2087.09,
PR001447,2026-03-28,MANDI-048,Moga,Rice,1978.09,2218.0,2098.0,2183.0
PR011338,2026-07-09,MANDI-012,,Sugarcane,3222.98,3426.76,3324.87,
PR004360,2026-09-05,MANDI-049,,Sugarcane,3653.0,4327.02,3990.0291164816845,3500.0
PR006682,2026-08-13,MANDI-029,Jalandhar,Sugarcane,0.3184,0.3457,3320.4377774918994,
PR002741,2026-04-18,MANDI-033,Kurukshetra,Sugarcane,3488.21,4336.0,3912.0,0.35
PR005751,2026-08-01,MANDI-006,Amritsar,Wheat,2098.94,2508.0,0.2303,0.2275
PR004199,2026-04-11,MANDI-005,Kurukshetra,Cotton,6612.89,7062.34,6837.61463828225,6620.0
PR007106,2026-08-29,MANDI-041,,Wheat,2369.74,2493.57,0.2432,2275.0
PR001469,2026-01-20,MANDI-005,Moga,Maize,0.1944,2087.0,2015.68,2090.0
PR009226,2026-03-11,MANDI-030,Kurukshetra,Sugarcane,3439.8,0.3894,,3500.0
PR000054,2026-03-28,MANDI-003,,Maize,2173.332055392891,0.2515,,2090.0
PR011445,2026-08-07,MANDI-023,Patiala,Sugarcane,3452.82,,0.3708,3500.0
PR005056,2026-04-26,MANDI-009,Ambala,Maize,0.2055,2316.67,,2090.0
PR008504,2026-03-05,MANDI-042,Amritsar,Sugarcane,3660.654491994393,3989.0,3824.98,3500.0
PR010585,2026-02-02,,,Rice,2025.81,2469.0,2247.42,2183.0
PR006000,2026-08-19,,Ferozepur,Sugarcane,3130.74,3621.83,3376.0,
PR007693,2026-08-25,MANDI-052,Patiala,Rice,,0.2406,2238.0887554351743,2183.0
PR010668,2026-08-27,MANDI-015,Fatehabad,Cotton,6597.0,0.7402,6999.46,0.662
PR007267,2026-07-23,MANDI-025,Ferozepur,Mustard,5533.25,6571.0,6052.33,0.565
PR009902,2026-05-02,MANDI-025,Jalandhar,Mustard,5744.31,,6098.0,5650.0
PR000552,2026-07-17,MANDI-026,Ambala,Sugarcane,3513.37,3900.29,0.3707,
PR000561,2026-04-20,MANDI-037,Amritsar,Maize,0.2133,2600.3131986892463,2366.4414553984934,
PR003344,2026-06-26,MANDI-032,Hisar,Wheat,1934.11,2240.0,2086.9029015538927,
PR001155,2026-08-11,MANDI-046,Amritsar,Cotton,0.6683,7207.9,0.6945,6620.0
PR004080,2026-09-05,MANDI-045,Amritsar,Sugarcane,3357.42,3550.83,3454.0,
PR011015,2026-06-09,MANDI-044,Fatehabad,Rice,2136.29,2408.24,2272.27,2183.0
PR001253,2026-08-14,MANDI-055,Hisar,Wheat,2299.15,0.2777,2538.19,2275.0
PR000309,2026-03-12,MANDI-035,,Sugarcane,3291.14,3485.98,3388.56,
PR007080,2026-06-08,MANDI-011,Sirsa,Maize,1929.0401196195232,0.2238,,2090.0
PR008004,2026-08-18,MANDI-013,Bathinda,Cotton,6092.05,7186.58,0.6639,6620.0
PR000418,2026-06-16,MANDI-023,Karnal,Mustard,4933.28,5948.61,5440.94,
PR001692,2026-08-02,,Hisar,Cotton,5937.29,7321.79,6630.0,
PR004013,2026-07-22,MANDI-047,Hisar,Mustard,5916.839033945004,7365.88,6641.36,
PR007887,2026-11-04,MANDI-048,Sirsa,Wheat,1952.88,0.2075,2013.708986476543,2275.0
PR010799,2026-07-20,MANDI-020,Hisar,Sugarcane,3147.4812052286843,3584.78,3366.0,
PR003704,2026-05-28,MANDI-021,Ambala,Wheat,0.2092,2321.04,0.2207,0.2275
PR010298,2026-04-09,MANDI-014,Fatehabad,Wheat,1937.17,2192.42,2064.8,
PR002951,2026-06-04,MANDI-015,Ludhiana,Mustard,5374.58,6655.0,6014.93,5650.0
PR011517,2026-01-21,MANDI-039,Ambala,Rice,1874.35,2182.39,2028.37,2183.0
PR007812,2026-08-01,MANDI-050,Fatehabad,Maize,1942.87,2328.49,2135.68164199338,2090.0
PR010872,2026-07-31,MANDI-018,Karnal,Rice,2154.275574888522,2664.4715848558926,2409.37,2183.0
PR009447,2026-06-09,MANDI-053,Karnal,Wheat,,2466.07,2239.53,2275.0
PR004937,2026-09-02,MANDI-007,Ludhiana,Maize,1913.0,2310.46,0.2112,2090.0
PR000127,2026-06-03,MANDI-010,Amritsar,Wheat,,2501.18,2399.0,
PR011316,2026-07-03,MANDI-027,Ambala,Rice,2152.94,2637.7,2395.32,2183.0
PR000825,2026-04-19,MANDI-006,,Maize,1866.77,2196.0,2031.49,2090.0
PR004141,2026-03-24,MANDI-018,,Rice,0.2226,0.2708,2467.0438953450166,2183.0
PR000721,2026-03-07,MANDI-031,Hisar,Maize,2155.0,2510.89,2333.08,2090.0
PR001589,2026-04-13,MANDI-030,,Wheat,2370.5,2616.5110625851376,2493.5,2275.0
PR005459,2026-06-15,MANDI-044,Jalandhar,Wheat,2078.74,2457.09,0.2268,2275.0
PR007978,2026-04-13,MANDI-056,Ludhiana,Sugarcane,3526.0,3878.44,3702.04,3500.0
PR003301,2026-07-19,,Fatehabad,Wheat,1950.19,2198.7597689444133,2074.47,
PR003784,2026-04-04,MANDI-003,Bathinda,Wheat,2341.89,2565.6,2453.74,
PR004033,2026-04-16,,Moga,Maize,1993.68,2262.0,,
PR007552,2026-02-01,,Ludhiana,Cotton,6324.43,7351.712927623871,0.6838,6620.0
PR005165,2026-07-06,MANDI-026,,Maize,2095.0,2259.31,0.2177,2090.0
PR008112,2026-05-07,MANDI-041,Ludhiana,Wheat,2173.21,2630.79,2402.0,2275.0
PR008264,2026-01-16,MANDI-019,Karnal,Maize,1793.0,,,2090.0
PR004883,2026-08-24,MANDI-033,Ludhiana,Cotton,,7124.099841470893,6635.24,6620.0
PR002378,2026-08-26,MANDI-030,,Sugarcane,2979.73,0.3558,3269.058630797932,
PR001114,2026-03-27,MANDI-052,Bathinda,Wheat,,2762.139831599252,2508.0,2275.0
PR001883,2026-07-13,,Moga,Maize,1898.777872039765,2174.03,2036.4,2090.0
PR004000,2026-02-23,,Kurukshetra,Sugarcane,3477.24,4249.13,3863.18,
PR011613,2026-04-29,MANDI-036,Ferozepur,Cotton,6398.36,6962.0,6680.05,6620.0
PR004694,2026-04-09,MANDI-032,Ludhiana,Sugarcane,3510.22,4177.0,3843.7597521951566,
PR005217,2026-03-22,MANDI-036,Patiala,Rice,2233.5,2479.1,2356.3,2183.0
PR011473,2026-08-24,MANDI-021,Ludhiana,Wheat,2193.958342751183,0.2737,2465.32,2275.0
PR004580,2026-07-08,MANDI-005,Moga,Cotton,5746.65,6970.2,6358.43,6620.0
PR001254,2026-08-13,MANDI-034,Jalandhar,Rice,2027.8920589089873,0.243,2228.83,2183.0
PR010362,2026-07-28,MANDI-014,Bathinda,Sugarcane,3061.05,3780.85,0.3421,3500.0
PR006944,2026-04-28,,Kurukshetra,Maize,1973.57,,0.2145,2090.0
PR002137,2026-02-15,MANDI-003,Patiala,Rice,1985.6,0.2186,2085.574883590212,2183.0
PR007395,2026-07-22,MANDI-021,Ambala,Maize,2169.0,0.2444,2306.0,2090.0
PR007995,2026-02-02,MANDI-039,Sirsa,Sugarcane,3340.0,3549.27,3444.63,
PR006730,2026-05-10,MANDI-021,Bathinda,Maize,,2575.2569656548685,2353.0,2090.0
PR003492,2026-08-29,MANDI-033,Ludhiana,Cotton,5733.929589020514,7113.696537753963,0.6424,6620.0
PR008980,2026-03-01,MANDI-039,Kurukshetra,Cotton,0.6894,8260.1,,6620.0
PR008642,2026-05-07,,,Wheat,2182.87,2622.68,2402.78,2275.0
PR004275,2026-05-14,MANDI-002,Moga,Wheat,1979.87,2439.56,0.221,
PR004202,2026-05-11,,Jalandhar,Maize,1802.0,2071.03,1936.46,
PR007147,2026-06-10,MANDI-010,,Wheat,0.2338,0.2783,2561.0,2275.0
PR009875,2026-07-21,MANDI-003,Bathinda,Wheat,2000.79,2420.5,2210.64,0.2275
PR000620,2026-08-17,MANDI-053,Karnal,Maize,2014.0,2463.8801323899356,2238.77,2090.0
PR004068,2026-01-27,MANDI-052,Sirsa,Rice,2242.64,2362.35,2302.4926528794313,2183.0
PR009243,2026-04-26,MANDI-047,Ambala,Wheat,2234.45,2350.1,2292.28,
PR004516,2026-08-29,MANDI-011,Jalandhar,Maize,1865.0,2078.43,1971.73,2090.0
PR005493,2026-02-05,MANDI-003,Ferozepur,Rice,2268.57,2757.02,0.2513,0.2183
PR003695,2026-02-13,MANDI-001,,Rice,2168.58,2600.0,2384.39,2183.0
PR007835,2026-07-09,MANDI-050,Bathinda,Rice,2026.0,2450.0659310686974,0.2238,2183.0
PR004960,2026-05-23,,Hisar,Sugarcane,,4054.0,3657.0,3500.0
PR003674,2026-06-07,MANDI-007,Ludhiana,Maize,2082.2,2255.27,2168.74,2090.0
PR008459,2026-03-13,MANDI-013,Amritsar,Mustard,5603.0,6943.06,6273.1,5650.0
PR011113,2026-01-31,MANDI-009,Kurukshetra,Cotton,6597.73,7140.97,6869.0,
PR007409,2026-05-17,MANDI-055,,Cotton,0.6124,7060.0,6592.0,6620.0
PR002522,2026-04-26,MANDI-039,Bathinda,Maize,2073.110660850932,2214.48,0.2144,2090.0
PR007850,2026-08-04,MANDI-018,Amritsar,Rice,0.1969,0.2243,2106.0,2183.0
PR009759,2026-04-05,MANDI-026,,Cotton,0.6536,7505.91,7020.93,6620.0
PR005688,2026-01-16,MANDI-025,,Wheat,0.2122,2299.0,2210.13,2275.0
PR007256,2026-06-14,MANDI-026,Amritsar,Wheat,2083.567279859126,2310.0,2197.03,2275.0
PR004249,2026-01-21,MANDI-039,Hisar,Sugarcane,0.3643,3927.7,3785.0,3500.0
PR011854,2026-02-22,MANDI-007,Ludhiana,Wheat,2191.0,2395.27,2292.95,2275.0
PR010172,2026-04-22,MANDI-055,Kurukshetra,Maize,2154.0,2422.594776733022,,2090.0
PR011080,2026-03-03,MANDI-010,Bathinda,Mustard,5608.0,6593.258625028753,6100.47,5650.0
PR005169,2026-02-01,MANDI-001,Amritsar,Maize,2046.76,0.2539,2293.0,2090.0
PR011324,2026-07-24,MANDI-010,Sirsa,Wheat,0.1935,2058.92,1997.0,2275.0
PR009428,2026-03-09,MANDI-025,Sirsa,Cotton,5982.16,7110.73,6546.44,6620.0
PR010963,2026-07-29,MANDI-007,Kurukshetra,Cotton,6893.13,7345.59,7119.36,
PR006296,2026-06-17,MANDI-025,Moga,Wheat,2012.49,2270.69,2141.59,
PR002318,2026-08-30,MANDI-009,Kurukshetra,Cotton,6841.46,8209.48,7525.0,6620.0
PR006691,2026-01-05,,Kurukshetra,Maize,1822.42,,2042.0,2090.0
PR000583,2026-08-15,MANDI-031,Moga,Wheat,0.2054,2405.85,2229.81,
PR010629,2026-02-03,MANDI-013,Fatehabad,Rice,2285.61,2772.65,2529.1287412727083,
PR002083,2026-02-19,MANDI-030,Hisar,Rice,2137.1,2298.51,2217.8,2183.0
PR011929,2026-03-01,MANDI-027,Sirsa,Cotton,5915.36,7294.0,6604.563591265893,6620.0
PR000044,2026-06-24,MANDI-051,Fatehabad,Cotton,6143.37,6490.760551210566,6317.0,0.662
PR002745,2026-05-28,,Sirsa,Maize,2095.99,0.2342,2219.0,2090.0
PR006240,2026-04-08,MANDI-051,Karnal,Cotton,6615.0,0.7238,6926.65,6620.0
PR007990,2026-01-03,,Ambala,Cotton,5918.89,6220.780918942803,6069.84,
PR000848,2026-02-05,MANDI-030,,Cotton,,0.7791,7085.54,6620.0
PR011730,2026-11-02,MANDI-053,Amritsar,Sugarcane,3408.51,4027.7,,
PR004471,2026-03-13,MANDI-033,Karnal,Rice,,2486.31,0.2352,2183.0
PR002046,2026-11-01,MANDI-016,Amritsar,Wheat,2064.48,2502.0,2283.23,0.2275
PR001609,2026-01-24,MANDI-034,Jalandhar,Maize,2140.22,2630.66,2385.0,2090.0
PR004034,2026-06-10,MANDI-051,Fatehabad,Maize,2056.42,2206.73,2131.57,
PR009546,2026-06-18,MANDI-031,Sirsa,Sugarcane,3443.55,3628.46,0.3536,3500.0
PR004604,2026-06-24,MANDI-054,Ferozepur,Sugarcane,3365.0,4155.0,3760.31,3500.0
PR011039,2026-02-08,,Sirsa,Wheat,2278.89,2615.412866109932,2447.0,2275.0
PR000236,2026-07-26,MANDI-057,,Rice,2066.0,0.2527,2296.4863034749033,0.2183
PR007051,2026-06-14,MANDI-030,Bathinda,Sugarcane,0.336,3780.81,3570.16,3500.0
PR006506,2026-06-12,MANDI-004,Ferozepur,Sugarcane,0.3004,3340.64,3172.14,3500.0
PR002140,2026-03-15,MANDI-026,Fatehabad,Mustard,5027.22,6036.0,0.5532,5650.0
PR004853,2026-01-26,MANDI-031,Ludhiana,Mustard,4805.067744542594,0.5315,0.506,5650.0
PR006680,2026-06-03,MANDI-028,Ferozepur,Mustard,5549.72,6032.134230796534,5790.93,
PR003652,2026-04-30,MANDI-020,Patiala,Cotton,6684.37,7972.45,7328.41,6620.0
PR002224,2026-02-19,MANDI-002,Jalandhar,Mustard,5201.48,5634.07,5417.78,5650.0
PR002005,2026-04-28,MANDI-020,Sirsa,Maize,2061.0,,0.2253,0.209
PR000226,2026-03-31,MANDI-003,Moga,Wheat,1984.3,2170.85,2077.57,
PR004590,2026-04-30,MANDI-028,,Sugarcane,3186.6,3757.0,,3500.0
PR009577,2026-07-25,MANDI-021,Moga,Cotton,6927.4445293759545,8311.22,0.7619,0.662
PR001608,2026-03-01,MANDI-024,Jalandhar,Sugarcane,3616.36,4261.13,3939.0,3500.0
PR002489,2026-03-08,MANDI-023,Moga,Sugarcane,0.3273,3909.21,0.3591,3500.0
PR000504,2026-03-18,MANDI-014,Amritsar,Maize,1957.84,2423.8871228164,0.2191,2090.0
PR001890,2026-07-02,MANDI-028,Ludhiana,Wheat,2036.64,,2091.41,2275.0
PR002980,2026-07-29,,Jalandhar,Mustard,5424.163683455497,6609.0,6016.6169968719205,5650.0
PR009252,2026-04-30,MANDI-029,Fatehabad,Maize,1934.0,2247.83,2091.1,2090.0
PR009242,2026-05-09,MANDI-045,Bathinda,Cotton,0.6878,8405.93,7642.12,6620.0
PR001308,2026-05-03,MANDI-029,Kurukshetra,Wheat,2290.209445851762,2552.0,2421.0,
PR000637,2026-05-28,MANDI-003,Kurukshetra,Mustard,5920.03,6340.16,6130.093430885296,
PR004223,2026-03-12,MANDI-022,Ludhiana,Maize,,2463.64022759973,0.2275,0.209
PR010582,2026-09-07,MANDI-056,Karnal,Mustard,5382.74,6334.56,5859.0,5650.0
PR005452,2026-08-11,MANDI-008,Hisar,Rice,1976.73,2303.88,2140.3,2183.0
PR003549,2026-02-25,MANDI-054,,Cotton,,7102.0,6419.0,6620.0
PR008338,2026-06-08,MANDI-055,Ferozepur,Wheat,,0.2421,2298.52,
PR001244,2026-04-22,MANDI-007,Bathinda,Mustard,5398.33,6391.76,0.5895,5650.0
PR007355,2026-11-03,MANDI-053,Hisar,Cotton,6453.277780320333,7731.09,7092.18,6620.0
PR002934,2026-05-12,MANDI-048,,Sugarcane,0.3518,0.3857,3687.499733204211,0.35
PR011501,2026-08-05,MANDI-031,Moga,Cotton,5991.5,7278.12,6634.810684331878,6620.0
PR005946,2026-08-09,MANDI-040,Kurukshetra,Mustard,0.5535,0.6576,6055.12,
PR005488,2026-05-06,MANDI-028,Bathinda,Wheat,2245.73,2529.0,2387.52,
PR006684,2026-08-02,MANDI-032,Amritsar,Mustard,5355.0,,0.5524,5650.0
PR007714,2026-02-11,MANDI-053,Ludhiana,Rice,0.2177,2658.38,2417.6895421918025,2183.0
PR010078,2026-06-09,MANDI-023,Amritsar,Sugarcane,3047.23365686395,3663.0,0.3355,
PR000673,2026-08-28,MANDI-005,Patiala,Wheat,1982.06,0.2334,2157.89,2275.0
PR009955,2026-08-16,MANDI-031,Ludhiana,Cotton,,8079.09,7321.0,6620.0
PR003795,2026-04-18,MANDI-002,Sirsa,Maize,1953.27,2361.7995377033108,2157.5346924841106,2090.0
PR007805,2026-05-03,MANDI-022,,Cotton,6303.52,6874.16,6588.84,
PR006227,2026-03-21,,Hisar,Rice,0.22,2513.9459120760293,2356.832867383795,2183.0
PR000344,2026-11-07,MANDI-017,Ludhiana,Cotton,6194.813062094592,0.7485,6840.0,6620.0
PR008586,2026-07-11,MANDI-029,Hisar,Sugarcane,3636.0,4140.44,3888.0,3500.0
PR009008,2026-02-15,MANDI-045,Hisar,Mustard,5876.9,6290.648995217579,6084.0,0.565
PR003410,2026-06-03,,Ludhiana,Cotton,6130.2791438173745,7297.72,6714.0,6620.0
PR011646,2026-07-14,MANDI-015,Ludhiana,Cotton,,6873.87,0.6565,
PR006487,2026-06-17,MANDI-026,Ferozepur,Sugarcane,3377.1232999200147,3836.7190071289174,3606.92,3500.0
PR000123,2026-07-02,MANDI-022,Patiala,Cotton,6474.0,6801.0,6637.26,6620.0
PR009078,2026-04-28,,Patiala,Cotton,,8028.45,,6620.0
PR007386,2026-02-07,MANDI-042,Kurukshetra,Sugarcane,2979.66,3501.0,3240.5752921261874,3500.0
PR002737,2026-02-28,,Patiala,Maize,2077.64,2584.82,2331.23,2090.0
PR003659,2026-06-16,MANDI-040,Ludhiana,Mustard,5485.5,6656.0,6070.59,5650.0
PR000803,2026-01-10,MANDI-010,Patiala,Maize,0.1865,1960.0,1912.3,2090.0
PR004680,2026-07-22,MANDI-021,Moga,Cotton,6776.82,8270.98,7523.9,0.662
PR003735,2026-10-06,MANDI-027,Patiala,Maize,1950.6,2188.281247813134,2069.44,
PR008292,2026-01-25,MANDI-043,Karnal,Wheat,1974.87,2116.18,2046.0,
PR007878,2026-05-15,MANDI-003,Patiala,Sugarcane,3134.81,3432.0,3283.3,
PR000576,2026-07-01,MANDI-013,Ambala,Cotton,6876.59,,7121.7,0.662
PR010363,2026-01-25,MANDI-026,Hisar,Cotton,6107.218936569237,6631.0,0.6369,6620.0
PR011518,2026-07-11,MANDI-027,Kurukshetra,Cotton,6253.43,6808.58,6531.0,6620.0
PR000546,2026-06-24,MANDI-018,Amritsar,Sugarcane,3025.09,0.3449,,3500.0
PR001446,2026-11-05,MANDI-018,Bathinda,Wheat,2150.4,2473.14,2312.0,2275.0
PR001880,2026-02-25,MANDI-008,Hisar,Sugarcane,3312.99,3831.93,3572.0,3500.0
PR006356,2026-01-03,MANDI-022,Karnal,Wheat,0.1965,2250.49,2107.59,2275.0
PR003498,2026-07-29,MANDI-001,Bathinda,Sugarcane,3350.0,3810.0,3580.0,
PR010902,2026-12-07,MANDI-018,Karnal,Mustard,5671.0,6965.0,6318.03,5650.0
PR000858,2026-06-22,MANDI-012,Fatehabad,Cotton,6032.57,7118.438473434323,0.6576,6620.0
PR004759,2026-04-15,MANDI-041,,Cotton,0.6337,7321.04,6829.09,6620.0
PR010107,2026-08-02,MANDI-010,Karnal,Cotton,6064.0,6819.44,6442.0,0.662
PR003528,2026-03-16,MANDI-026,Kurukshetra,Maize,1895.41,0.2087,1991.13,2090.0
PR011194,2026-05-16,MANDI-035,Moga,Cotton,6079.754234516111,6590.644416206778,6335.2,6620.0
PR000601,2026-06-04,MANDI-031,Amritsar,Maize,0.203,0.2375,2202.83,
PR009194,2026-03-17,MANDI-018,Kurukshetra,Maize,1878.92,2227.66,2053.29,2090.0
PR000605,2026-03-13,MANDI-034,Kurukshetra,Mustard,5868.64,0.7255,6561.918788592593,
PR011755,2026-06-28,MANDI-028,,Maize,0.2173,2313.71,2243.2,
PR002249,2026-06-29,MANDI-051,Ferozepur,Sugarcane,,3302.17,3184.6,
PR001940,2026-07-09,MANDI-004,Amritsar,Sugarcane,3122.0,3458.87,3290.44,3500.0
PR011760,2026-06-24,MANDI-037,Jalandhar,Wheat,2209.0,0.2493,2351.0,2275.0
PR011127,2026-06-21,MANDI-020,Patiala,Sugarcane,3347.71,4126.19,3736.95,3500.0
PR009199,2026-02-14,MANDI-047,Patiala,Rice,2138.0,2631.27,2384.52,2183.0
PR008878,2026-08-30,MANDI-033,Ludhiana,Mustard,5794.0,7060.88,6427.610161822227,5650.0
PR011077,2026-03-30,MANDI-042,Hisar,Sugarcane,3217.0,0.3478,3347.82,
PR003962,2026-05-22,MANDI-019,Fatehabad,Wheat,0.2363,2702.82,0.2533,2275.0
PR008332,2026-03-02,MANDI-052,Bathinda,Sugarcane,3595.7,4063.87,3829.79,
PR005307,2026-02-17,MANDI-032,Ambala,Maize,0.1833,2193.5,2013.0,
PR010816,2026-07-15,MANDI-029,Ludhiana,Cotton,6841.73317039897,7970.0,7406.0,6620.0
PR007623,2026-02-21,,Patiala,Wheat,2043.53,2277.32,2160.42,2275.0
PR008165,2026-02-06,MANDI-019,Ambala,Sugarcane,3574.05,4459.69,,3500.0
PR005837,2026-08-01,MANDI-032,Kurukshetra,Mustard,0.5078,5863.21,5470.55,5650.0
PR010029,2026-03-13,MANDI-043,Sirsa,Rice,0.2169,2444.61,0.2307,0.2183
PR007935,2026-05-23,MANDI-009,Ludhiana,Wheat,1993.36,2414.0,2203.67,2275.0
PR008785,2026-02-12,MANDI-048,Ludhiana,Sugarcane,3562.41,4107.96,3835.19,3500.0
PR009344,2026-08-01,MANDI-038,Hisar,Maize,1877.71,,2059.0,
PR009853,2026-05-11,MANDI-057,Ferozepur,Mustard,5643.0,6068.11,5855.55,5650.0
PR009838,2026-03-05,MANDI-033,Kurukshetra,Cotton,6302.47,0.6728,6515.481696875984,6620.0
PR008136,2026-08-25,MANDI-008,Moga,Rice,2288.0,,2453.0,2183.0
PR011049,2026-01-23,MANDI-009,Fatehabad,Maize,1933.88,2105.3207858334745,2019.6,2090.0
PR011464,2026-07-14,,Bathinda,Wheat,2079.39,2524.0,2301.59,
PR008151,2026-04-02,MANDI-021,Moga,Mustard,5207.98,5571.27,5390.0,5650.0
PR009147,2026-08-12,MANDI-039,,Wheat,1996.0,2255.3373531649268,2125.0,2275.0
PR003849,2026-01-08,MANDI-032,,Maize,1877.0,2016.5,1946.95,2090.0
PR000977,2026-05-07,MANDI-024,,Mustard,5567.68,6453.0,6010.0,
PR005378,2026-04-17,MANDI-016,Jalandhar,Cotton,5754.7893485407785,6471.0,6112.7618412174015,6620.0
PR009145,2026-02-27,MANDI-002,,Sugarcane,3406.41,0.3634,3520.34,3500.0
PR005863,2026-05-11,MANDI-051,Fatehabad,Wheat,2135.23,2639.6,0.2387,2275.0
PR004784,2026-07-07,MANDI-011,Moga,Sugarcane,3505.88,4084.0,,
PR011718,2026-03-14,MANDI-012,Ludhiana,Wheat,2307.28,2500.01,2403.65,2275.0
PR004654,2026-02-09,MANDI-011,Sirsa,Wheat,0.2281,2834.0,0.2558,2275.0
PR011331,2026-08-14,MANDI-031,Jalandhar,Rice,2236.84,2482.68,2359.76,2183.0
PR005248,2026-12-04,MANDI-008,,Mustard,0.4839,5954.59,5396.86,5650.0
PR007255,2026-01-17,MANDI-025,Hisar,Rice,,2300.5586574163854,2156.3961551196917,0.2183
PR005154,2026-02-24,MANDI-011,,Maize,2042.0,2416.54,0.2229,2090.0
PR008538,2026-04-01,MANDI-054,Bathinda,Cotton,0.6441,0.7855,7147.99,6620.0
PR005846,2026-05-13,MANDI-053,Karnal,Mustard,4976.43,5946.202895299149,5461.32,0.565
PR005267,2026-06-17,MANDI-054,,Cotton,6324.01,6948.96,6636.0,6620.0
PR009728,2026-07-24,MANDI-014,Moga,Wheat,2145.74,2268.85,0.2207,2275.0
PR004189,2026-04-13,MANDI-044,Kurukshetra,Rice,1866.0,2289.0,2077.41,0.2183
PR011101,2026-08-18,MANDI-057,Kurukshetra,Wheat,2292.82,2849.78,2571.0,
PR007459,2026-07-20,MANDI-003,Ferozepur,Sugarcane,3156.78,3752.74,3454.76,3500.0
PR010769,2026-02-01,MANDI-021,Ambala,Sugarcane,3299.0,3858.58,0.3579,3500.0
PR008103,2026-05-07,MANDI-048,,Cotton,6857.64,0.8519,7688.35,
PR003951,2026-04-24,,Moga,Rice,2215.75,2494.0,2354.75,2183.0
PR005117,2026-06-11,MANDI-046,Kurukshetra,Rice,2200.12,2581.0,2390.76,2183.0
PR001087,2026-04-23,MANDI-056,,Wheat,,2568.0,0.2442,2275.0
PR009608,2026-02-24,MANDI-007,Ludhiana,Wheat,0.2177,0.2553,0.2365,2275.0
PR007092,2026-03-19,MANDI-054,Fatehabad,Cotton,6521.82,7199.72,6860.77,
PR000598,2026-08-02,MANDI-052,Jalandhar,Sugarcane,3631.02,4118.283228709139,3874.65,3500.0
PR008845,2026-02-24,MANDI-034,Ferozepur,Wheat,0.219,2571.12,0.2381,2275.0
PR004220,2026-04-08,MANDI-008,Hisar,Wheat,2161.0,2389.33,2275.12,2275.0
PR003497,2026-07-25,MANDI-001,Ambala,Mustard,0.5612,6346.66,0.5979,5650.0
PR011078,2026-01-26,MANDI-018,,Cotton,0.6637,7597.68,7117.1,6620.0
PR001884,2026-07-25,MANDI-034,Ambala,Cotton,6875.69,8084.0,7480.0,6620.0
PR006725,2026-03-17,MANDI-008,,Maize,2056.0,2552.0,2304.31,2090.0
PR011277,2026-01-07,MANDI-019,Patiala,Rice,1870.0,0.201,1940.0,2183.0
PR007435,2026-02-09,MANDI-004,Karnal,Wheat,2133.76,2348.69,2241.0,2275.0
PR004444,2026-03-04,MANDI-021,Fatehabad,Rice,2228.490460240431,2480.82,2355.0,2183.0
PR010621,2026-03-12,MANDI-013,,Wheat,,2727.76,0.2554,2275.0
PR006561,2026-04-21,,Karnal,Wheat,2334.99,2494.05,2415.0,2275.0
PR000528,2026-07-28,MANDI-042,Karnal,Cotton,6190.0,7436.3,6813.33,0.662
PR010619,2026-07-24,,Amritsar,Cotton,6408.85,7362.0,6885.54,6620.0
PR009530,2026-06-28,MANDI-036,Fatehabad,Sugarcane,3121.85,3365.58,3243.71,
PR008497,2026-07-13,MANDI-003,Ferozepur,Cotton,5969.8,7003.6,6486.7,6620.0
PR010155,2026-01-15,MANDI-031,Fatehabad,Cotton,6107.51,7132.45,0.662,6620.0
PR001034,2026-03-28,MANDI-012,Hisar,Maize,1914.62,2326.69,2121.0,
PR007775,2026-05-20,MANDI-053,,Maize,2069.0,2215.51,,2090.0
PR003314,2026-05-26,MANDI-039,Bathinda,Mustard,5409.39,6193.01,5801.2,0.565
PR003258,2026-05-06,MANDI-013,Moga,Wheat,2102.0,2435.56,,
PR009322,2026-01-29,MANDI-004,Karnal,Cotton,5680.0,6479.742894654395,6079.76,6620.0
PR010462,2026-01-05,MANDI-026,Amritsar,Wheat,0.2065,2480.0,2272.59,0.2275
PR000378,2026-02-11,MANDI-056,Ludhiana,Maize,0.2059,,0.2146,2090.0
PR005626,2026-07-26,MANDI-023,,Sugarcane,3570.79,4394.345893768031,3983.0,
PR005495,2026-07-04,MANDI-037,,Rice,1920.0,2027.9335263944522,1973.73,2183.0
PR003025,2026-08-24,MANDI-040,Jalandhar,Rice,2227.227842506169,2572.422839790933,2399.83,
PR000749,2026-01-14,MANDI-031,Ambala,Maize,1856.9880544907473,0.2236,2046.0,2090.0
PR009257,2026-04-23,MANDI-034,Moga,Mustard,5403.67,6482.39,5943.03,0.565
PR011651,2026-03-05,MANDI-031,Ambala,Mustard,5876.81,6294.12,,
PR001774,2026-08-03,MANDI-049,,Cotton,6063.0,,,6620.0
PR004548,2026-09-04,MANDI-046,Hisar,Wheat,0.2078,2368.64,2223.33,2275.0
PR002210,2026-06-17,MANDI-002,Fatehabad,Wheat,2201.74,,0.2264,0.2275
PR005061,2026-03-13,MANDI-002,Ludhiana,Rice,0.199,,2042.8293940353508,2183.0
PR011443,2026-10-01,MANDI-041,Kurukshetra,Maize,1992.99,2108.76,2051.0,2090.0
PR003114,2026-02-02,MANDI-055,Karnal,Cotton,6367.0,7690.0,,0.662
PR004464,2026-05-22,MANDI-029,Ferozepur,Cotton,6010.07,6855.04,6432.55,6620.0
PR006770,2026-09-09,MANDI-055,Ferozepur,Rice,2082.0,2413.0,0.2248,2183.0
PR006293,2026-01-22,MANDI-034,Amritsar,Mustard,5608.39,6201.820368735639,5905.11,
PR004365,2026-02-21,MANDI-013,Hisar,Maize,1834.1030412250911,2087.0,1960.76,2090.0
PR011033,2026-02-25,MANDI-041,,Sugarcane,3259.47,3549.6,,
PR001286,2026-05-10,MANDI-021,Moga,Cotton,0.6015,6350.28,0.6183,
PR011290,2026-08-05,,Ambala,Wheat,2130.59,2356.67,0.2244,2275.0
PR010992,2026-03-12,,,Wheat,2240.0,2419.1,2330.0,0.2275
PR011692,2026-09-08,MANDI-052,Moga,Wheat,0.2112,2481.51,2296.58,2275.0
PR002084,2026-08-31,MANDI-022,,Cotton,6151.13,7004.0,6577.79,6620.0
PR001494,2026-07-01,,,Wheat,2139.77,2526.34,2333.051855503203,2275.0
PR010741,2026-02-04,MANDI-004,Hisar,Wheat,2377.0,2517.17,2447.05,
PR001555,2026-04-28,MANDI-007,Patiala,Sugarcane,3117.165663431326,3594.02,3356.0,
PR001828,2026-10-08,MANDI-036,Fatehabad,Wheat,2011.43,2170.6882331140578,2091.06,2275.0
PR011333,2026-08-25,MANDI-054,Ludhiana,Maize,1788.0,2017.1,1902.58,
PR007520,2026-03-15,MANDI-015,Karnal,Wheat,2295.376029506573,2536.52,0.2416,
PR006995,2026-07-04,MANDI-032,Hisar,Sugarcane,0.3092,3555.3344412522006,3323.85,3500.0
PR000811,2026-07-17,MANDI-016,Bathinda,Wheat,2277.84,0.2782,2529.88,2275.0
PR005896,2026-03-01,MANDI-018,Kurukshetra,Maize,2179.04,2560.0,0.2369,2090.0
PR005089,2026-09-08,,Bathinda,Maize,1792.44,0.1976,1884.2,
PR004932,2026-05-07,MANDI-026,Patiala,Wheat,0.2057,2379.03,0.2218,
PR004473,2026-02-13,MANDI-054,,Rice,1871.0,2319.0,2095.08,2183.0
PR011933,2026-03-29,MANDI-046,Fatehabad,Maize,2057.44,2542.6,2300.0,2090.0
PR005782,2026-06-04,MANDI-010,Hisar,Cotton,6140.0,7416.656221017366,6778.17,6620.0
PR011592,2026-04-27,MANDI-040,Kurukshetra,Cotton,5940.95,7275.84,6608.0,0.662
PR006280,2026-06-04,MANDI-006,Moga,Maize,2176.618504070731,0.2565,2370.57,
PR005092,2026-05-11,MANDI-050,Hisar,Wheat,2267.76,2833.4,2551.0,2275.0
PR002653,2026-04-18,MANDI-030,Ferozepur,Wheat,2185.75,2566.9029280177297,2376.3267705795365,2275.0
PR004899,2026-03-01,MANDI-047,Fatehabad,Mustard,5566.0,0.6155,5860.44,5650.0
PR011731,2026-08-02,MANDI-014,Hisar,Cotton,6598.26,8074.82,7336.54,6620.0
PR006806,2026-08-20,MANDI-040,,Maize,1859.07,2090.0,1974.54,2090.0
PR008974,2026-07-17,MANDI-044,Moga,Mustard,4868.279048055493,6049.36,0.5459,5650.0
PR001282,2026-01-01,MANDI-033,Ferozepur,Rice,2231.27,2400.56,2316.0,2183.0
PR006282,2026-02-23,,Sirsa,Maize,2072.2,2554.72,2313.46,
PR009789,2026-01-11,MANDI-047,Kurukshetra,Sugarcane,3189.74,3768.23,,0.35
PR005765,2026-03-04,MANDI-003,Karnal,Wheat,2254.76,2449.65,2352.2,2275.0
PR008518,2026-05-15,MANDI-001,Hisar,Wheat,,2178.28,,2275.0
PR004136,2026-08-13,MANDI-024,Hisar,Maize,1973.45,2319.54,2146.5,2090.0
PR005602,2026-07-30,MANDI-052,Jalandhar,Rice,1868.8,2163.0,2015.69,2183.0
PR003238,2026-08-29,MANDI-037,,Sugarcane,3615.65,4312.0,3964.0,3500.0
PR000566,2026-05-07,MANDI-048,Fatehabad,Sugarcane,3482.64,3821.0,3651.9,
PR004424,2026-07-27,MANDI-035,Fatehabad,Sugarcane,3367.86,4028.84,3698.35,3500.0
PR002463,2026-07-05,MANDI-024,Sirsa,Maize,1909.78,0.2324,2116.72,
PR001560,2026-03-05,MANDI-040,Amritsar,Mustard,5338.64,5704.079511451962,5521.36,5650.0
PR002194,2026-04-26,MANDI-019,,Sugarcane,3314.15,0.3939,3627.0,3500.0
PR004154,2026-06-30,,,Cotton,6948.06,0.8002,7474.960552865923,6620.0
PR001454,2026-09-01,MANDI-056,,Mustard,5187.02,5840.0,0.5514,5650.0
PR010594,2026-04-27,MANDI-026,,Mustard,5434.26,5733.512964568675,5583.88,5650.0
PR003341,2026-05-03,MANDI-021,Sirsa,Rice,2058.15,2392.66,0.2225,2183.0
PR002099,2026-05-24,MANDI-006,,Mustard,5332.0,6308.32,5820.2,
PR011746,2026-02-19,MANDI-057,Jalandhar,Maize,2084.86,2214.82,0.215,
PR004873,2026-05-24,MANDI-044,Jalandhar,Rice,,2084.24,0.1991,
PR001992,2026-12-08,MANDI-010,Ferozepur,Rice,2101.35,2240.62,2170.99,2183.0
PR005749,2026-05-07,MANDI-056,,Maize,2147.0,2605.24,2375.8943854083795,0.209
PR009016,2026-05-01,,Ambala,Wheat,2368.533450267543,2747.0,2557.5272179590247,2275.0
PR005499,2026-07-22,,Ferozepur,Maize,0.1846,2122.17,1984.2082018732463,0.209
PR000181,2026-03-09,MANDI-008,Sirsa,Mustard,5274.53,0.6219,0.5747,5650.0
PR004214,2026-05-01,MANDI-057,Hisar,Wheat,1952.27,2154.86,2053.56,2275.0
PR006941,2026-03-15,MANDI-004,Moga,Cotton,6383.0,7243.0,0.6813,6620.0
PR011260,2026-07-03,,Sirsa,Maize,2000.92,2336.74,,2090.0
PR006172,2026-07-24,MANDI-009,Ferozepur,Maize,1864.12,2285.28,2075.0,2090.0
PR008223,2026-04-22,MANDI-052,Bathinda,Rice,2179.34,2713.21,2446.27,2183.0
PR007767,2026-07-05,MANDI-014,Jalandhar,Wheat,2124.64,2364.23,2244.43,0.2275
PR008984,2026-05-25,,Karnal,Sugarcane,,,3371.688203307087,3500.0
PR002558,2026-01-21,MANDI-030,Ludhiana,Cotton,5864.0,6830.77,6347.53,6620.0
PR007540,2026-04-01,MANDI-031,Kurukshetra,Cotton,6532.6,7850.0,7191.25,6620.0
PR003140,2026-03-11,MANDI-055,Fatehabad,Mustard,5673.0,0.602,5846.427531034507,5650.0
PR000870,2026-07-02,,,Mustard,5380.0,6340.1,0.586,5650.0
PR010043,2026-05-27,MANDI-028,Fatehabad,Maize,1872.4,2069.02,1970.71,2090.0
PR007897,2026-07-24,MANDI-048,Moga,Mustard,4815.45,5600.46,5207.95,5650.0
PR005870,2026-05-04,MANDI-009,Karnal,Rice,2268.14,2485.803407850204,0.2377,0.2183
PR009468,2026-06-16,MANDI-057,Fatehabad,Mustard,4888.928302178861,0.5617,5253.0,5650.0
PR011394,2026-06-03,MANDI-006,Hisar,Sugarcane,3275.85,3562.72,3419.28,3500.0
PR006847,2026-04-15,MANDI-055,Ludhiana,Rice,1896.7139404599627,2175.22,2035.97,
PR002193,2026-09-09,MANDI-017,Sirsa,Rice,2142.66,2421.15,2281.9,
PR005024,2026-05-18,MANDI-023,Ambala,Mustard,5594.12,5928.43,5761.27,5650.0
PR004770,2026-08-20,MANDI-044,Ferozepur,Maize,2014.0,2465.63,2240.0,
PR006285,2026-11-07,MANDI-036,Ferozepur,Wheat,2071.24,2577.0,2324.0,
PR010286,2026-02-11,MANDI-039,,Wheat,2249.8,2688.613036127238,2469.21,2275.0
PR008667,2026-01-02,MANDI-008,Patiala,Sugarcane,0.332,0.3759,3539.44,3500.0
PR006135,2026-06-12,MANDI-044,Hisar,Rice,,2623.0,2362.62,2183.0
PR003789,2026-01-22,MANDI-048,Amritsar,Maize,1983.05,2122.38,2052.71,
PR008848,2026-01-12,MANDI-003,Ambala,Wheat,2115.94,0.23,2208.21,
PR004677,2026-03-02,MANDI-041,Karnal,Wheat,2002.41,2370.0,2186.03,2275.0
PR006298,2026-06-06,MANDI-032,Amritsar,Rice,2291.25,2648.96,0.247,
PR004084,2026-02-10,MANDI-055,Sirsa,Cotton,5880.69,7060.48,6470.59,
PR002822,2026-01-18,MANDI-027,Ferozepur,Wheat,2000.0,2303.0,2151.53,2275.0
PR005387,2026-07-17,MANDI-019,Fatehabad,Cotton,5751.19,6266.17,6008.68,0.662
PR002064,2026-08-03,MANDI-048,,Cotton,5897.0,7068.3,0.6483,6620.0
PR011465,2026-07-18,MANDI-046,Kurukshetra,Rice,1921.11,2088.0,2004.44,0.2183
PR003033,2026-01-08,MANDI-011,Ferozepur,Cotton,0.6883,7270.0,0.7076,
PR004700,2026-02-28,MANDI-053,Patiala,Maize,2046.0,2447.1258740024923,2246.74,2090.0
PR010730,2026-05-04,MANDI-029,Karnal,Cotton,0.5889,0.6391,6140.15,6620.0
PR005657,2026-06-20,MANDI-022,Karnal,Cotton,5972.5858649354095,6362.44,6168.0,6620.0
PR005810,2026-08-20,MANDI-057,Amritsar,Sugarcane,3607.1,3970.0,0.3789,3500.0
PR010347,2026-08-11,MANDI-029,Moga,Wheat,0.2357,2911.05,2633.82,0.2275
PR000799,2026-07-28,MANDI-022,Sirsa,Mustard,5421.0,0.5795,5607.66,5650.0
PR007243,2026-08-10,MANDI-021,Kurukshetra,Cotton,5930.14,6765.91,6348.0,
PR004201,2026-01-31,MANDI-007,Ambala,Rice,0.2079,0.2582,2330.54,
PR002856,2026-06-04,,Ferozepur,Maize,1830.0,,2056.55,2090.0
PR003746,2026-03-19,MANDI-041,Karnal,Maize,0.2064,2569.36,2316.45,2090.0
PR010771,2026-03-30,,Patiala,Mustard,5906.0,6605.1,0.6256,5650.0
PR001647,2026-01-27,MANDI-024,Kurukshetra,Rice,2251.56,0.264,2446.0,2183.0
PR008090,2026-03-31,MANDI-035,Karnal,Sugarcane,3119.79,3518.621644528698,3319.0,3500.0
PR010829,2026-03-03,MANDI-052,Ferozepur,Sugarcane,3350.89,3762.0,3556.48,3500.0
PR011188,2026-07-25,MANDI-040,Ambala,Mustard,5837.57,0.6181,6009.33,0.565
PR002693,2026-04-06,MANDI-032,Ludhiana,Wheat,2234.38,2580.0,2407.22,2275.0
PR011226,2026-03-19,MANDI-027,Bathinda,Cotton,6859.05,7945.4,0.7402,6620.0
PR010033,2026-04-12,MANDI-036,,Rice,,2428.59,2200.0,2183.0
PR003262,2026-05-24,MANDI-047,Fatehabad,Mustard,0.5865,6519.99,0.6193,5650.0
PR008283,2026-01-12,,Ludhiana,Maize,2123.88,2629.0,2376.0,2090.0
PR002830,2026-07-02,MANDI-002,Jalandhar,Mustard,5252.0,6433.84,0.5843,5650.0
PR008326,2026-03-24,MANDI-049,Kurukshetra,Maize,1802.4,2022.98,0.1913,2090.0
PR007910,2026-01-14,MANDI-021,Ferozepur,Mustard,5085.21,5908.94,5497.07,5650.0
PR005809,2026-04-10,MANDI-006,Hisar,Cotton,6063.87,7111.75,6587.81,6620.0
PR007300,2026-04-18,MANDI-038,Sirsa,Maize,,1993.0,1942.38,2090.0
PR006050,2026-06-30,MANDI-038,Ambala,Sugarcane,3084.32,3803.51,3443.91,
PR003729,2026-03-03,MANDI-014,Ludhiana,Rice,2187.87,2480.415712354739,2334.14,
PR011796,2026-02-26,,,Wheat,0.2385,2647.0694575644434,0.2516,
PR006248,2026-01-07,MANDI-011,Jalandhar,Maize,1948.3142274394236,2366.06,0.2157,2090.0
PR003086,2026-06-13,MANDI-016,Ludhiana,Cotton,6442.0,0.794,7191.19,0.662
PR007116,2026-04-01,MANDI-049,Karnal,Maize,2120.51,2522.0,2321.42,2090.0
PR009212,2026-04-09,MANDI-051,Sirsa,Mustard,,7329.0,0.6602,5650.0
PR001313,2026-06-27,MANDI-048,Patiala,Rice,,2457.1767584548606,2324.9400487752578,2183.0
PR008002,2026-04-29,MANDI-010,Jalandhar,Sugarcane,3308.66,3633.51,3471.0849138980343,3500.0
PR010978,2026-07-13,,Hisar,Wheat,1995.0,2324.213743042871,2159.55,2275.0
PR005183,2026-04-13,MANDI-012,Karnal,Maize,2099.79,2554.83,2327.31,
PR005159,2026-05-25,MANDI-034,Amritsar,Rice,0.1874,2079.52,0.1977,
PR006499,2026-06-25,MANDI-004,Jalandhar,Maize,1810.75,0.2252,2031.6,2090.0
PR009560,2026-03-26,,Kurukshetra,Maize,1866.2,2241.84,2054.0186609883017,2090.0
PR006576,2026-03-20,MANDI-041,Bathinda,Cotton,0.6477,0.7602,7039.58,6620.0
PR008118,2026-02-20,MANDI-002,Jalandhar,Sugarcane,3342.75,3686.0,3514.35,3500.0
PR009915,2026-07-30,MANDI-016,Ambala,Mustard,4899.92,6116.39,5508.16,5650.0
PR010544,2026-07-01,MANDI-050,Amritsar,Cotton,5877.87,7006.81,6442.34,
PR007918,2026-05-05,MANDI-045,Jalandhar,Cotton,0.6496,6865.746409586533,6681.07,6620.0
PR005001,2026-02-21,MANDI-034,,Wheat,1963.0,2412.0,2187.6,0.2275
PR001943,2026-05-20,MANDI-032,,Wheat,2266.0,2772.34,2519.235294837771,2275.0
PR010270,2026-01-24,MANDI-008,Moga,Mustard,0.5424,5938.65,0.5681,5650.0
PR011294,2026-09-04,MANDI-010,Amritsar,Cotton,6525.0,7889.84,,6620.0
PR009157,2026-05-02,MANDI-047,Fatehabad,Rice,1888.32,2293.97,2091.15,2183.0
PR000722,2026-01-11,MANDI-001,Fatehabad,Sugarcane,3503.92,3758.1315456772572,3631.02,3500.0
PR007496,2026-08-18,MANDI-016,Patiala,Wheat,0.2063,2405.34,0.2234,2275.0
PR006365,2026-03-21,,Bathinda,Sugarcane,2992.43,,3090.12,0.35
PR005044,2026-12-07,,Sirsa,Maize,1815.52,1952.0,,0.209
PR004646,2026-02-24,MANDI-013,Amritsar,Wheat,0.2337,2475.97,0.2407,2275.0
PR007202,2026-07-02,MANDI-056,Jalandhar,Maize,2181.41,2356.32,2268.86,2090.0
PR004331,2026-03-05,MANDI-040,Karnal,Sugarcane,0.3121,,3292.91,3500.0
PR008171,2026-12-07,MANDI-004,Fatehabad,Rice,0.1996,0.221,2103.35,2183.0
PR003591,2026-07-17,MANDI-007,Ambala,Sugarcane,3453.65,0.4065,3759.49,0.35
PR009289,2026-04-14,MANDI-055,Hisar,Cotton,0.5968,6995.36,6481.59,6620.0
PR005230,2026-05-27,MANDI-056,Hisar,Mustard,5723.0,6577.77,6150.36,5650.0
PR000393,2026-04-27,MANDI-010,Ludhiana,Sugarcane,3482.65,0.3914,0.3698,3500.0
PR001862,2026-02-15,MANDI-016,Patiala,Mustard,0.5407,5799.0,5602.93,5650.0
PR006215,2026-08-28,MANDI-022,Sirsa,Sugarcane,3449.75,0.4205,3827.5561022703578,3500.0
PR010605,2026-02-15,MANDI-009,,Sugarcane,3333.07,4150.56,3741.82,3500.0
PR003891,2026-03-31,MANDI-051,Sirsa,Cotton,6709.0,7387.65,7048.39,6620.0
PR001552,2026-10-08,MANDI-043,Sirsa,Wheat,2142.07,2401.63,2271.85,2275.0
PR007040,2026-03-16,MANDI-002,,Cotton,0.6908,8123.0,7515.18,
PR007841,2026-05-17,MANDI-029,Fatehabad,Sugarcane,3292.5,3498.0,0.3395,0.35
PR005609,2026-06-11,MANDI-031,Ferozepur,Maize,0.2103,,2174.7317140231603,
PR005310,2026-04-14,MANDI-048,Amritsar,Cotton,6939.19,8359.423222745992,7649.31,
PR004234,2026-01-19,MANDI-003,Amritsar,Cotton,6210.604600809633,7632.88,6922.0,6620.0
PR011857,2026-08-01,MANDI-042,Patiala,Maize,1955.68,2110.07,2032.88,2090.0
PR011456,2026-06-26,MANDI-037,Patiala,Sugarcane,3571.074518647884,4277.0,3924.04,3500.0
PR010100,2026-08-21,MANDI-034,Amritsar,Mustard,5387.07,6425.42,5906.25,
PR006022,2026-06-02,,Amritsar,Rice,,2425.0,2357.95,0.2183
PR007626,2026-03-03,MANDI-047,,Sugarcane,3126.51,,3293.07,3500.0
PR010012,2026-01-05,MANDI-017,Fatehabad,Rice,2082.04,2190.0,2135.87,2183.0
PR002101,2026-08-06,,Ambala,Sugarcane,3123.75,3783.17,3453.46,3500.0
PR009931,2026-07-19,MANDI-003,Ambala,Sugarcane,3082.11,0.3305,3193.45,3500.0
PR001824,2026-08-04,MANDI-012,Moga,Cotton,6002.05,,6593.0,0.662
PR010753,2026-02-19,MANDI-013,,Mustard,5282.64,6212.0,5747.5,0.565
PR003907,2026-07-04,MANDI-003,Fatehabad,Mustard,5180.5,5922.0,5551.46,5650.0
PR006157,2026-07-21,MANDI-030,,Mustard,0.4831,5901.41,5366.32,5650.0
PR008988,2026-05-17,MANDI-012,Amritsar,Cotton,6275.26,6704.15,0.649,6620.0
PR007985,2026-07-14,MANDI-010,Hisar,Cotton,5978.31,6905.87,6442.09,6620.0
PR000270,2026-06-11,MANDI-003,Kurukshetra,Cotton,6034.76,7434.62,6734.69,6620.0
PR009568,2026-09-08,,,Maize,1822.0,1937.0,1879.55,2090.0
PR002150,2026-03-12,MANDI-046,Ambala,Wheat,2226.81,0.2661,2444.04,2275.0
PR006583,2026-09-03,MANDI-012,Jalandhar,Cotton,5974.0,6880.0,6426.94,0.662
PR005273,2026-02-03,MANDI-020,Moga,Rice,2117.34,2265.15,2191.24,2183.0
PR002494,2026-05-06,MANDI-026,Moga,Cotton,0.6771,7929.58,7350.2,
PR001066,2026-08-05,MANDI-021,Patiala,Sugarcane,3337.24,3900.78,3619.01,3500.0
PR003848,2026-06-02,MANDI-023,Jalandhar,Sugarcane,3445.84,4218.441276109527,3832.0,3500.0
PR002274,2026-03-11,,,Sugarcane,0.3539,4235.12,3887.03,3500.0
PR011984,2026-08-06,MANDI-018,Karnal,Maize,0.2099,2568.59,2333.59,2090.0
PR009354,2026-04-27,MANDI-015,Patiala,Mustard,4810.443996827583,5073.37,4941.90529763399,5650.0
PR000147,2026-05-14,MANDI-032,Hisar,Mustard,5849.0,6279.0,6063.67,5650.0
PR001319,2026-09-06,MANDI-018,Sirsa,Rice,0.1997,2406.88,2202.03,0.2183
PR005227,2026-05-10,MANDI-002,Sirsa,Mustard,5639.0,6322.02,5981.0,5650.0
PR000518,2026-01-22,MANDI-027,Jalandhar,Wheat,0.2383,2524.69,2454.0,2275.0
PR002211,2026-04-29,MANDI-026,Moga,Maize,1803.776916363375,0.1932,1868.0,2090.0
PR008638,2026-12-04,MANDI-053,Ludhiana,Rice,2021.2,2440.15,2230.68,2183.0
PR001249,2026-05-18,MANDI-026,,Rice,2019.67,0.2264,2141.64,2183.0
PR011824,2026-08-30,MANDI-055,Ambala,Rice,0.224,2618.52,2429.18,2183.0
PR009922,2026-07-12,MANDI-013,Kurukshetra,Sugarcane,3037.0,3660.0,3348.41,
PR011640,2026-02-07,MANDI-002,Jalandhar,Wheat,2172.42,2439.4,2305.91,
PR008604,2026-09-04,MANDI-032,Moga,Maize,2144.0,2651.6,0.2398,2090.0
PR004101,2026-02-22,MANDI-046,Fatehabad,Rice,2054.4874954258134,2160.8915610599297,2107.69,2183.0
PR004798,2026-02-15,MANDI-046,Jalandhar,Mustard,5133.0,5956.27,5544.56,5650.0
PR008943,2026-08-26,MANDI-031,Ferozepur,Cotton,6397.3,7001.0,6699.318618889554,6620.0
PR007797,2026-01-10,MANDI-013,Fatehabad,Sugarcane,3112.0,3567.179768208849,3339.59,3500.0
PR003158,2026-07-02,,Jalandhar,Sugarcane,3670.0,4572.0,0.4121,0.35
PR010905,2026-05-06,MANDI-026,Moga,Maize,2128.64,2477.3602398619532,2303.0,2090.0
PR004663,2026-08-06,MANDI-055,Ludhiana,Sugarcane,3279.38,0.3599,3439.31,
PR002649,2026-08-07,MANDI-001,Karnal,Rice,2075.04,2297.97,2186.51,
PR005292,2026-04-02,MANDI-026,Jalandhar,Rice,2033.45,2238.55,2136.0,2183.0
PR008927,2026-07-15,MANDI-037,Moga,Mustard,5869.42,6582.0,6225.91,0.565
PR004210,2026-07-06,,Karnal,Wheat,2228.0,2422.41,2325.11,2275.0
PR000943,2026-05-22,MANDI-052,Ambala,Wheat,2132.82,2305.73,2219.27,2275.0
PR009471,2026-06-19,MANDI-015,Bathinda,Maize,2059.0,0.2401,2230.0,
PR008708,2026-07-25,MANDI-037,Sirsa,Rice,1948.1,2285.850685310103,2116.98,0.2183
PR010620,2026-01-18,MANDI-017,Moga,Rice,2167.0,2285.22,0.2226,2183.0
PR002347,2026-08-19,MANDI-047,Jalandhar,Rice,2178.0,2512.36,2345.19,
PR004756,2026-04-17,MANDI-042,Ambala,Mustard,0.5651,6143.69,5897.0,5650.0
PR011770,2026-06-26,MANDI-044,Jalandhar,Cotton,6027.342791806957,7097.0,6562.1,
PR011876,2026-03-09,MANDI-040,Ambala,Sugarcane,3179.25,3789.36,3484.31,3500.0
PR011764,2026-03-30,MANDI-027,,Mustard,4852.0,5103.668913593885,0.4978,5650.0
PR003660,2026-06-07,MANDI-050,Patiala,Cotton,6064.85,0.718,6622.24,6620.0
PR005298,2026-06-07,MANDI-051,Fatehabad,Wheat,2159.0,0.264,2399.39,2275.0
PR000569,2026-05-28,,Karnal,Mustard,5304.0,6167.6,5735.73,5650.0
PR004340,2026-07-24,MANDI-040,Hisar,Wheat,2148.8910263150783,2536.16,2342.53,2275.0
PR002636,2026-07-19,MANDI-013,Jalandhar,Rice,2206.0,0.244,2323.05,2183.0
PR005542,2026-03-13,MANDI-039,Ferozepur,Mustard,4956.23,5309.41,5133.0,5650.0
PR010792,2026-08-20,MANDI-026,Amritsar,Mustard,5325.48,5798.09,5561.78,5650.0
PR006856,2026-07-18,MANDI-048,Jalandhar,Sugarcane,0.3332,4112.05,0.3722,
PR008412,2026-08-03,MANDI-025,Kurukshetra,Rice,1954.92,2179.8333000715015,2067.0,2183.0
PR005958,2026-08-17,MANDI-022,Moga,Wheat,1998.0,,2067.36,2275.0
PR011615,2026-06-27,MANDI-049,Hisar,Rice,0.1968,2301.99,2135.0,2183.0
PR000397,2026-08-20,MANDI-049,Hisar,Rice,2065.19,2493.0,2279.28,
PR003792,2026-04-28,MANDI-014,Bathinda,Rice,2012.49,2333.0,,2183.0
PR002979,2026-07-09,MANDI-013,Patiala,Rice,2206.25,2717.2750872855336,0.2462,2183.0
PR002305,2026-01-25,MANDI-023,Kurukshetra,Cotton,5801.87,7088.08,6444.98,
PR010951,2026-06-28,MANDI-005,Ludhiana,Rice,2156.24,2363.77,2260.0,2183.0
PR001009,2026-01-29,,Amritsar,Maize,2079.84,,2303.67,2090.0
PR007350,2026-03-19,MANDI-021,Amritsar,Mustard,5798.15193217664,6998.0,0.6398,5650.0
PR008925,2026-05-22,MANDI-022,,Maize,1795.76,,1932.0,2090.0
PR000417,2026-02-16,MANDI-025,Patiala,Cotton,6655.828090434926,7663.77,7159.8,6620.0
PR000002,2026-01-27,MANDI-028,Sirsa,Rice,1882.83,2056.77,0.197,2183.0
PR002786,2026-07-21,MANDI-026,Ferozepur,Sugarcane,3453.53,0.3858,0.3656,0.35
PR001631,2026-05-24,MANDI-021,Patiala,Rice,2187.95,2379.0,0.2284,2183.0
PR007909,2026-05-08,MANDI-032,Fatehabad,Wheat,2002.0,2175.48,2088.61,0.2275
PR001407,2026-02-08,MANDI-039,Ferozepur,Maize,,2026.37,1962.58,
PR005368,2026-10-03,MANDI-018,Fatehabad,Wheat,2030.07,0.2223,2126.47,2275.0
PR008465,2026-07-18,,Hisar,Cotton,0.6949,7416.502448984756,7182.8,6620.0
PR000712,2026-08-16,MANDI-003,Karnal,Sugarcane,3530.29,3714.0,0.3622,3500.0
PR000158,2026-05-25,MANDI-036,,Maize,2093.84,2549.0,2322.0,2090.0
PR011968,2026-06-25,MANDI-057,Bathinda,Rice,2241.73,2384.94,2313.34,2183.0
PR011839,2026-04-22,MANDI-009,Ludhiana,Maize,1971.5165242333524,2406.76,2189.0,
PR000289,2026-01-28,MANDI-015,Kurukshetra,Maize,,0.2241,2018.9,0.209
PR005697,2026-05-08,MANDI-010,Hisar,Mustard,5665.98,6153.28,5909.63,5650.0
PR009995,2026-06-12,MANDI-054,Ludhiana,Sugarcane,3204.34,3900.85,3552.6,
PR008065,2026-06-08,MANDI-024,Hisar,Mustard,5265.34,6354.69,5810.02,5650.0
PR009036,2026-03-26,MANDI-052,Ambala,Wheat,0.2117,2488.31,2302.43,
PR000755,2026-06-30,,Sirsa,Mustard,5193.43,6437.71,5815.57,5650.0
PR000756,2026-05-05,MANDI-020,,Mustard,5360.0,5785.43,5572.82,0.565
PR004906,2026-07-04,MANDI-040,Patiala,Maize,0.197,2162.41,0.2066,2090.0
PR001029,2026-01-28,MANDI-032,Ambala,Sugarcane,3162.09,3370.91,3266.5,3500.0
PR001233,2026-08-19,MANDI-041,Ferozepur,Sugarcane,3093.73,3485.12,3289.43,3500.0
PR006599,2026-02-16,MANDI-025,Ferozepur,Rice,0.2254,2620.8492240691216,0.2438,2183.0
PR010390,2026-08-31,MANDI-010,Kurukshetra,Rice,2039.0,2511.16,2274.92,2183.0
PR008542,2026-06-25,MANDI-010,Bathinda,Cotton,0.683,7992.95,,6620.0
PR010056,2026-07-18,MANDI-032,Fatehabad,Rice,2180.39,2359.73,2270.06,2183.0
PR007492,2026-05-02,MANDI-057,Karnal,Rice,1874.83,0.2168,2021.25,2183.0
PR006146,2026-03-15,MANDI-005,Jalandhar,Rice,2195.30900431785,2636.86,2416.09,2183.0
PR005942,2026-04-06,MANDI-018,Fatehabad,Cotton,5776.11,0.6197,0.5986,6620.0
PR006341,2026-02-11,MANDI-023,Fatehabad,Cotton,6556.763608134306,,7007.72,6620.0
PR010075,2026-07-19,MANDI-055,Sirsa,Rice,2283.242698804418,0.2695,2489.0740460348193,2183.0
PR006531,2026-03-29,MANDI-034,Moga,Wheat,0.211,0.2539,2324.82,2275.0
PR000174,2026-09-05,MANDI-015,Ferozepur,Maize,0.1896,0.2141,2019.0,2090.0
PR006164,2026-03-13,MANDI-001,Hisar,Maize,2020.91,0.2218,2119.0,2090.0
PR010041,2026-02-02,MANDI-028,Amritsar,Maize,1807.94,1920.71,1864.32,2090.0
PR008099,2026-03-13,MANDI-036,Kurukshetra,Cotton,6892.234589252508,8412.07,7652.15,6620.0
PR007577,2026-02-22,MANDI-004,Amritsar,Cotton,0.6097,6942.0,6519.79,0.662
PR007601,2026-03-07,MANDI-007,Ferozepur,Rice,1921.27,2212.29,2066.78,2183.0
PR003739,2026-01-06,MANDI-044,Karnal,Sugarcane,3283.08,3626.46,3454.77,3500.0
PR004923,2026-02-24,MANDI-010,Moga,Wheat,2005.6,2294.44,,2275.0
PR003588,2026-09-05,MANDI-005,Patiala,Rice,0.2029,2249.95,2139.41,2183.0
PR006678,2026-06-16,MANDI-020,Ambala,Cotton,6757.88,7395.0,7076.5,
PR005544,2026-07-19,MANDI-052,,Cotton,6370.57,7099.3,0.6735,0.662
PR007397,2026-06-03,MANDI-048,Sirsa,Maize,1806.0,2070.0,1938.0,2090.0
PR011961,2026-02-01,MANDI-018,Ferozepur,Maize,0.2001,2215.38,2107.94,2090.0
PR009598,2026-07-20,MANDI-046,,Maize,1806.758335643221,2227.72,2017.2378459966599,2090.0
PR006893,2026-06-07,MANDI-050,Ambala,Mustard,0.4833,5894.0,5363.67,5650.0
PR004888,2026-01-07,MANDI-007,Bathinda,Sugarcane,3345.58,0.3719,0.3532,3500.0
PR006047,2026-04-13,MANDI-047,Bathinda,Cotton,6050.658079346301,6594.01,6322.33,6620.0
PR010785,2026-02-19,MANDI-032,Ludhiana,Sugarcane,3527.14,4203.85,3865.5,3500.0
PR005968,2026-05-05,MANDI-016,Fatehabad,Wheat,2275.76,,2389.75,
PR008233,2026-05-17,MANDI-049,,Maize,1943.06,2053.63,1998.34,2090.0
PR009768,2026-06-28,MANDI-028,Ambala,Wheat,2163.19,2323.5705693636255,2243.38,0.2275
PR000421,2026-01-14,,Patiala,Maize,1916.0,2106.0,2011.0,
PR009514,2026-08-17,MANDI-045,Moga,Sugarcane,3278.11,3552.93,3415.519491822713,0.35
PR001839,2026-01-22,MANDI-026,Fatehabad,Rice,0.1917,0.231,0.2114,2183.0
PR010732,2026-03-09,,Amritsar,Sugarcane,3323.41,4004.69,3664.05,
PR002428,2026-04-15,MANDI-018,Kurukshetra,Maize,0.1843,2217.2,0.203,
PR001651,2026-04-04,MANDI-039,,Cotton,6897.81,7515.0,7206.0,6620.0
PR007940,2026-09-02,MANDI-041,Hisar,Mustard,4969.77,,5235.408676976227,5650.0
PR011915,2026-09-06,MANDI-049,Ludhiana,Maize,2160.47,2321.0,2240.98,
PR006937,2026-03-09,MANDI-029,,Maize,0.2107,0.2359,2233.0,2090.0
PR003401,2026-03-29,MANDI-026,Bathinda,Wheat,2284.2,0.2662,2473.0,2275.0
PR007825,2026-07-08,,Sirsa,Cotton,5679.8,6083.08,5881.44,
PR006605,2026-02-01,MANDI-039,Moga,Wheat,2128.0,2362.33,2244.93,2275.0
PR000252,2026-02-23,,Kurukshetra,Mustard,,7073.0,6494.397463587753,5650.0
PR011011,2026-01-19,MANDI-018,Hisar,Rice,0.2089,,2202.31,2183.0
PR006726,2026-02-23,MANDI-039,Bathinda,Maize,2161.69,2360.9,2261.29,2090.0
PR010908,2026-01-29,MANDI-048,Ambala,Rice,2008.86,2184.69,2096.77,2183.0
PR004546,2026-07-08,MANDI-030,Kurukshetra,Mustard,5689.92,0.6976,6333.14,5650.0
PR004216,2026-04-04,MANDI-032,Bathinda,Cotton,6349.0,7224.937882763069,6786.814039585832,6620.0
PR011898,2026-01-16,MANDI-044,Kurukshetra,Maize,1933.97,2310.62,2122.3,2090.0
PR000186,2026-03-18,,Moga,Maize,,1930.81,1866.23,
PR004425,2026-03-06,MANDI-041,,Cotton,5697.702241680211,6184.75,0.5941,6620.0
PR003761,2026-03-01,,,Maize,1901.2781210476574,2132.44,2016.86,2090.0
PR001115,2026-05-27,MANDI-016,Ambala,Cotton,6694.05,0.8343,7519.0,
PR007110,2026-01-26,MANDI-044,Karnal,Wheat,2379.54,,2672.560621642176,
PR000355,2026-09-04,MANDI-015,Karnal,Sugarcane,3452.701401550172,4260.77,3856.73,3500.0
PR003283,2026-04-04,MANDI-031,Sirsa,Cotton,6020.4,7249.04,0.6635,
PR004192,2026-03-26,,Ludhiana,Mustard,5479.23,6243.8669653205525,0.5862,5650.0
PR000765,2026-07-12,MANDI-018,Hisar,Maize,2188.61,,2270.49,
PR001139,2026-05-09,,,Wheat,1960.938793936261,2148.54,2055.0,2275.0
PR010768,2026-05-23,MANDI-040,Ferozepur,Mustard,5097.0,5466.13,5281.35,5650.0
PR000012,2026-07-08,MANDI-033,Patiala,Maize,1803.38,2082.62,1943.0,0.209
PR005060,2026-02-05,MANDI-012,Hisar,Cotton,6817.0,8358.94,7587.95,6620.0
PR003647,2026-01-23,MANDI-029,Jalandhar,Wheat,2009.77,2317.1,2163.0,2275.0
PR007173,2026-03-26,MANDI-050,Karnal,Rice,2218.210093192062,0.2621,2419.42,
PR001990,2026-02-23,MANDI-016,Fatehabad,Rice,1919.31,2354.42,2136.86,
PR008740,2026-07-04,MANDI-011,Kurukshetra,Cotton,6042.713504917882,7255.0,6649.03,
PR011635,2026-05-20,MANDI-003,Jalandhar,Maize,2010.49,2498.865228991804,2255.0,2090.0
PR000026,2026-03-15,MANDI-042,,Rice,2182.37,2499.0,0.2341,0.2183
PR009103,2026-03-18,MANDI-025,Hisar,Wheat,,2859.02,2615.3210199725318,2275.0
PR001156,2026-03-24,MANDI-009,Amritsar,Mustard,0.5438,0.677,6104.17,5650.0
PR006665,2026-01-21,MANDI-040,Ferozepur,Sugarcane,3433.0,3891.46,3662.29,3500.0
PR010691,2026-08-21,,Kurukshetra,Sugarcane,3467.63,3699.06,3583.0,3500.0
PR008313,2026-04-17,MANDI-057,Karnal,Rice,2090.4021380524914,2417.0,2253.63,2183.0
PR008779,2026-05-04,MANDI-009,Hisar,Maize,2029.0,2175.68,2102.58,2090.0
PR006340,2026-03-15,,,Maize,2082.0,2198.73,2140.2580829787166,
PR007376,2026-08-28,MANDI-019,Ambala,Wheat,2043.200138317237,2370.76,2206.98,
PR000168,2026-05-15,,Amritsar,Rice,2105.28,2585.0,2345.37,2183.0
PR008735,2026-07-15,,Patiala,Maize,,0.2109,,2090.0
PR011633,2026-04-17,MANDI-057,Ambala,Cotton,,8213.13,7463.38,6620.0
PR009866,2026-07-15,,Kurukshetra,Rice,2013.15,,2150.17,
PR008950,2026-09-06,MANDI-006,Karnal,Mustard,5467.0,6720.89,0.6094,5650.0
PR003397,2026-05-28,MANDI-030,Ludhiana,Maize,0.1853,1952.04,1902.76,
PR002756,2026-12-07,MANDI-053,Sirsa,Sugarcane,3526.33,3955.99,0.3741,0.35
PR008664,2026-04-15,MANDI-022,Fatehabad,Wheat,2069.8729198831534,2439.0,2255.0,2275.0
PR006205,2026-08-11,MANDI-022,Hisar,Maize,1936.0,2311.0,2123.68,
PR004661,2026-07-08,MANDI-003,Bathinda,Wheat,0.2028,2195.58,2111.7273065513023,
PR003358,2026-05-22,MANDI-035,Moga,Maize,0.2181,2424.82,2303.0,0.209
PR005546,2026-04-05,MANDI-051,Amritsar,Maize,1823.4674691791106,2256.83,2040.15,2090.0
PR004046,2026-02-23,MANDI-004,Sirsa,Sugarcane,3161.3,3918.32,3539.8099573026852,3500.0
PR006283,2026-09-09,MANDI-056,Karnal,Maize,2095.95,0.2412,2253.74,2090.0
PR002770,2026-05-16,MANDI-046,Sirsa,Wheat,2279.2,,2507.62,2275.0
PR008116,2026-01-24,MANDI-035,Amritsar,Sugarcane,3654.5773903731506,,4060.0,3500.0
PR002862,2026-07-14,MANDI-041,,Maize,0.1842,2057.77,1950.0,2090.0
PR010638,2026-03-07,MANDI-001,Ambala,Mustard,5241.99,6188.69,5715.341192718957,
PR006662,2026-03-30,MANDI-018,Sirsa,Sugarcane,0.3209,3383.87,,0.35
PR011199,2026-01-06,MANDI-025,Sirsa,Cotton,6375.55,7749.17,7062.36,6620.0
PR002534,2026-05-26,MANDI-011,Amritsar,Wheat,1959.24,2314.97,2137.0,2275.0
PR009910,2026-03-08,MANDI-009,Karnal,Rice,1955.0,2356.2583179116023,2155.6,2183.0
PR007157,2026-09-08,MANDI-028,Bathinda,Mustard,0.5763,7199.028242634574,,5650.0
PR006204,2026-03-31,MANDI-021,Ambala,Cotton,6066.38,6943.81070043048,6505.0,6620.0
PR001173,2026-04-09,MANDI-022,Bathinda,Mustard,0.5209,5857.0,5532.58,5650.0
PR010653,2026-12-08,MANDI-006,Hisar,Maize,1845.54,2254.0,2049.68,2090.0
PR008696,2026-02-05,MANDI-057,Bathinda,Wheat,1949.0,2061.45,2005.08,2275.0
PR010914,2026-01-10,MANDI-005,Kurukshetra,Sugarcane,3495.15,0.4037,3766.18,3500.0
PR002818,2026-01-22,,Moga,Maize,1978.63,2127.0,2052.7,2090.0
PR011860,2026-07-01,MANDI-008,Ambala,Mustard,5361.72,6254.33,0.5808,5650.0
PR003304,2026-05-15,MANDI-013,Bathinda,Mustard,5152.660232581992,5911.73,5532.2,
PR011653,2026-08-06,MANDI-050,Ludhiana,Mustard,5621.0,6661.0,0.6141,5650.0
PR004414,2026-05-17,MANDI-051,Ferozepur,Maize,2140.73,2649.91,2395.3191716795473,0.209
PR005768,2026-02-01,MANDI-019,Patiala,Mustard,5002.22,,5315.88,5650.0
PR003804,2026-02-02,MANDI-048,,Sugarcane,3489.0,3821.0,3655.2,3500.0
PR007488,2026-10-06,MANDI-042,Sirsa,Cotton,6899.43,7925.54,0.7412,6620.0
PR004269,2026-07-08,MANDI-003,Ludhiana,Mustard,0.5909,6527.49,,5650.0
PR000759,2026-07-06,MANDI-017,Moga,Cotton,6029.93,6475.42,6252.67,6620.0
PR006329,2026-01-03,MANDI-017,Fatehabad,Wheat,,2223.14,2113.1732090719497,
PR011022,2026-01-07,MANDI-046,Kurukshetra,Sugarcane,3369.67,3584.57,3477.12,3500.0
PR008251,2026-06-27,MANDI-047,Hisar,Maize,1920.1,2342.65,2131.37,2090.0
PR007994,2026-04-13,MANDI-045,Sirsa,Cotton,6701.71,8116.517554088457,7409.11,6620.0
PR003387,2026-11-01,,Ludhiana,Sugarcane,3649.69,4461.68,4055.69,3500.0
PR008798,2026-05-27,MANDI-049,Ludhiana,Maize,,2139.94,2008.717915864086,
PR000577,2026-08-14,MANDI-057,Bathinda,Mustard,4811.279100477938,0.5088,,
PR010149,2026-08-16,MANDI-053,Jalandhar,Wheat,2029.11,0.222,2124.31,2275.0
PR000165,2026-04-04,MANDI-029,Moga,Sugarcane,3146.42,3555.35,3351.0,3500.0
PR003178,2026-08-30,MANDI-027,Amritsar,Mustard,0.4895,0.5784,0.534,5650.0
PR011813,2026-02-02,MANDI-029,Kurukshetra,Maize,1816.1744767167215,2002.0,1909.0,2090.0
PR003885,2026-07-05,MANDI-040,Bathinda,Sugarcane,3271.449270088698,3790.29,3531.0,3500.0
PR011729,2026-03-06,MANDI-036,Bathinda,Rice,2203.22,2600.13,2401.68,2183.0
PR001674,2026-05-14,MANDI-037,Bathinda,Cotton,6722.95,0.8274,7498.0,6620.0
PR006991,2026-10-06,MANDI-005,Amritsar,Mustard,0.4842,0.521,0.5026,0.565
PR010720,2026-01-28,MANDI-010,Moga,Rice,2271.0,2698.98,2485.0,2183.0
PR000212,2026-09-01,MANDI-009,,Sugarcane,3172.56,3541.51,0.3357,
PR008478,2026-03-06,MANDI-022,,Wheat,2312.21,0.2842,2576.89,2275.0
PR006272,2026-03-27,MANDI-006,Moga,Wheat,2208.48,2705.77,2457.12,2275.0
PR000725,2026-02-19,MANDI-010,Sirsa,Wheat,0.2345,2527.43,2436.0,2275.0
PR004597,2026-04-09,MANDI-038,Bathinda,Cotton,5925.771900664806,6755.07,6340.42,6620.0
PR001576,2026-04-21,MANDI-057,Ambala,Sugarcane,3575.89,4419.18,,3500.0
PR006984,2026-03-19,MANDI-045,,Cotton,6189.49,7665.790792542497,6927.639311970666,6620.0
PR001633,2026-05-26,MANDI-015,Jalandhar,Wheat,2386.43,2566.62,2476.52,
PR002339,2026-06-09,MANDI-031,Patiala,Sugarcane,3498.06,4052.75,3775.4,3500.0
PR005277,2026-04-18,MANDI-024,Sirsa,Rice,0.1996,2204.0767622855524,2099.968695814477,2183.0
PR010118,2026-04-23,MANDI-008,Hisar,Maize,1936.09,2210.43,2073.26,2090.0
PR001006,2026-03-30,MANDI-057,Moga,Rice,2165.0,0.2465,0.2315,0.2183
PR005110,2026-04-23,,Ambala,Sugarcane,,3832.7,3509.85,0.35
PR002319,2026-04-26,MANDI-045,Ambala,Maize,0.1928,2214.0,2070.93,
PR006223,2026-08-05,MANDI-029,,Cotton,6721.0,8351.0,7535.9,
PR010919,2026-09-02,MANDI-025,Karnal,Rice,1950.75,2212.7,2081.73,
PR006003,2026-03-03,MANDI-008,Karnal,Sugarcane,3581.21,4101.45,0.3841,3500.0
PR002218,2026-08-30,MANDI-048,Ambala,Cotton,5958.97,6789.9,6374.44,6620.0
PR000424,2026-07-14,MANDI-035,Ambala,Maize,2115.86,2439.1447527068835,2277.5,2090.0
PR004098,2026-02-16,MANDI-005,Sirsa,Rice,1919.3535623246648,2065.86,1993.0,2183.0
PR000615,2026-05-26,MANDI-044,Ludhiana,Sugarcane,3152.0,0.3913,3532.4518140958485,3500.0
PR007320,2026-01-31,MANDI-011,Ambala,Wheat,2055.3168411961883,0.2441,2248.07,0.2275
PR002511,2026-03-07,MANDI-012,Kurukshetra,Mustard,5838.0,7162.38,6500.19,
PR005212,2026-07-26,MANDI-037,Bathinda,Cotton,6601.47,7942.32,7271.9,6620.0
PR011550,2026-04-29,MANDI-002,Hisar,Sugarcane,3132.28,3527.112998395451,3330.0,3500.0
PR011660,2026-02-23,MANDI-057,Amritsar,Sugarcane,3667.44,4210.3,3939.0,
PR009997,2026-07-27,MANDI-019,Jalandhar,Mustard,5726.16,0.6647,6186.38,5650.0
PR010759,2026-09-04,MANDI-017,Ambala,Rice,1867.62,2261.65,0.2065,2183.0
PR001604,2026-08-19,MANDI-042,Ludhiana,Mustard,5299.131814380878,6561.44,5930.0,5650.0
PR011352,2026-03-01,MANDI-032,Ferozepur,Mustard,5477.32,0.6596,6036.55,
PR004334,2026-01-13,MANDI-054,Ludhiana,Cotton,5696.0,6324.7,6010.46,6620.0
PR010449,2026-05-25,,,Wheat,2008.97,0.247,2240.0,0.2275
PR009635,2026-06-28,,Kurukshetra,Rice,2054.32,2481.06,0.2268,2183.0
PR005936,2026-09-01,,Ludhiana,Cotton,5685.97,6657.78,6171.87,6620.0
PR010557,2026-04-01,MANDI-015,Jalandhar,Sugarcane,3434.61,3992.09,0.3713,
PR003334,2026-02-19,MANDI-012,Ambala,Maize,2128.113779406028,2413.22,2270.665047656248,2090.0
PR008803,2026-02-04,MANDI-049,Bathinda,Wheat,2119.42,2438.91,0.2279,2275.0
PR011727,2026-09-01,MANDI-030,Ferozepur,Cotton,6663.0,0.8221,7442.16,
PR009299,2026-04-23,MANDI-010,,Wheat,2278.15,2569.08,2423.62,2275.0
PR009475,2026-08-15,MANDI-023,Kurukshetra,Mustard,4932.19,5940.02,5436.1,5650.0
PR007037,2026-03-17,MANDI-050,Karnal,Maize,2107.0,2292.16,2199.5012456541817,
PR009815,2026-08-12,MANDI-049,Bathinda,Sugarcane,,4193.48,3795.29,
PR006422,2026-08-18,MANDI-012,Ludhiana,Sugarcane,3367.52,3826.0,3596.781602112648,3500.0
PR010870,2026-08-20,MANDI-055,Ambala,Cotton,0.6669,7135.05,6901.91,6620.0
PR007219,2026-08-25,MANDI-019,Amritsar,Cotton,6505.0,7215.82,6860.63,
PR009793,2026-08-04,MANDI-040,Bathinda,Wheat,1941.56,2074.0,0.2008,2275.0
PR008197,2026-05-23,MANDI-028,Ferozepur,Cotton,6109.94,7309.0,6709.72,6620.0
PR011753,2026-06-01,MANDI-020,Amritsar,Sugarcane,3597.95,4243.981774003429,3921.0,3500.0
PR008591,2026-02-27,MANDI-001,Hisar,Mustard,5007.86,0.544,5223.86,5650.0
PR000155,2026-03-29,MANDI-038,Patiala,Sugarcane,2990.77,,3210.33,
PR010865,2026-01-28,MANDI-012,Hisar,Rice,1995.13,2322.81,2158.97,2183.0
PR007988,2026-04-05,,Hisar,Maize,2027.78,,2143.58,2090.0
PR004934,2026-04-15,MANDI-012,Ambala,Maize,2107.37,2467.17,2287.2706193480853,2090.0
PR007400,2026-05-12,MANDI-042,Bathinda,Wheat,2263.72,2530.0,2396.78,2275.0
PR004181,2026-05-10,MANDI-053,Ferozepur,Sugarcane,3321.3,,3712.0,3500.0
PR011844,2026-04-03,MANDI-027,Bathinda,Wheat,2002.0844288529456,2236.56,2119.32,2275.0
PR008734,2026-07-10,MANDI-017,Amritsar,Cotton,6896.84,7904.0,7400.305312439906,6620.0
PR006902,2026-07-18,MANDI-044,,Maize,2115.2679031771468,,0.2363,2090.0
PR001610,2026-02-09,MANDI-049,,Rice,1942.65,2392.57,2167.61,2183.0
PR003111,2026-05-14,MANDI-009,Jalandhar,Mustard,5911.294838786674,6949.36,6430.33,5650.0
PR009774,2026-05-06,MANDI-043,Fatehabad,Rice,2145.47,0.2334,0.224,
PR009094,2026-06-19,MANDI-010,Moga,Rice,2267.11,2736.84,0.2502,
PR007599,2026-01-13,MANDI-037,Ludhiana,Maize,2022.05,2459.03,0.2241,2090.0
PR007167,2026-07-11,MANDI-057,Karnal,Sugarcane,3254.73,3525.1,3389.91,0.35
PR002613,2026-01-23,MANDI-005,Kurukshetra,Maize,2188.2,0.2591,2389.7,2090.0
PR011650,2026-05-23,MANDI-033,Bathinda,Rice,1909.76,2034.31,1972.03,2183.0
PR001541,2026-07-16,MANDI-036,Kurukshetra,Wheat,2086.95,2336.0,2211.38,2275.0
PR006159,2026-09-08,MANDI-003,Ambala,Wheat,2044.54,2450.64,0.2248,0.2275
PR002561,2026-07-04,MANDI-015,Karnal,Maize,2182.0,2721.57,0.2452,2090.0
PR009491,2026-06-08,MANDI-003,Fatehabad,Mustard,5316.0,6382.46,0.5849,5650.0
PR002841,2026-05-02,MANDI-007,Ambala,Maize,2091.0,2414.0,0.2252,2090.0
PR003031,2026-01-12,MANDI-038,Hisar,Wheat,2087.6628011488824,2562.29,0.2325,2275.0
PR004954,2026-07-17,MANDI-027,Hisar,Sugarcane,3219.09,3537.35,3378.0,0.35
PR009405,2026-04-25,,,Wheat,2079.97,2321.34,2200.66,2275.0
PR001691,2026-03-24,,Ludhiana,Maize,1882.7,2283.0,,
PR002437,2026-03-10,,Moga,Wheat,0.2048,2494.9923373797897,2271.58,2275.0
PR006779,2026-01-16,MANDI-038,Bathinda,Maize,2140.93,2328.35,2234.64,2090.0
PR001945,2026-05-28,MANDI-012,Moga,Cotton,6420.48,7225.14,6822.81,6620.0
PR010154,2026-07-11,MANDI-054,Hisar,Rice,2194.08,2675.0,2434.65,2183.0
PR011403,2026-04-16,MANDI-046,Karnal,Rice,1875.21,2237.67,2056.44,
PR002431,2026-05-15,MANDI-052,Patiala,Mustard,5579.0,6605.7346782623845,6092.386088092027,5650.0
PR008415,2026-07-18,MANDI-008,Ludhiana,Cotton,5982.83,6507.18,,6620.0
PR010690,2026-11-02,MANDI-040,Hisar,Mustard,5538.08,6668.61,,5650.0
PR010559,2026-01-04,MANDI-012,Ambala,Cotton,0.6238,6934.13,0.6586,
PR005333,2026-09-09,MANDI-002,,Cotton,6890.24,7670.82489438948,7280.53,6620.0
PR011019,2026-06-22,MANDI-024,Ambala,Wheat,2335.35,,2558.62,
PR008699,2026-05-09,MANDI-024,Sirsa,Rice,1894.77,2366.0,2130.57,0.2183
PR002240,2026-07-16,,Patiala,Rice,2138.32,0.241,2274.19,2183.0
PR006782,2026-08-28,MANDI-013,Ludhiana,Maize,1887.25,2099.5282866521397,1993.0,2090.0
PR002550,2026-02-05,MANDI-011,Karnal,Wheat,2234.0,2425.086326758054,2329.44,0.2275
PR005844,2026-07-18,MANDI-039,Bathinda,Maize,2156.66,2515.9137271167406,2336.29,2090.0
PR011992,2026-06-22,MANDI-040,Kurukshetra,Wheat,2372.59,2717.42,2545.01,2275.0
PR004844,2026-04-11,MANDI-027,Ludhiana,Sugarcane,3254.53,0.3819,3536.57,3500.0
PR003723,2026-07-11,MANDI-038,Ferozepur,Cotton,6937.0,8643.54,0.779,6620.0
PR009780,2026-08-17,MANDI-050,Ambala,Cotton,6338.19,7589.58,6964.0,0.662
PR008012,2026-02-19,MANDI-045,Fatehabad,Maize,1816.58,2232.55,2024.56,2090.0
PR001694,2026-07-18,MANDI-006,Amritsar,Cotton,6544.892626412769,7800.28,7172.59,6620.0
PR003246,2026-07-09,MANDI-052,Hisar,Rice,2152.0,2622.2750343396738,2386.89,
PR002332,2026-01-07,MANDI-009,Ferozepur,Sugarcane,3414.6908527071655,,3837.41,3500.0
PR006062,2026-03-05,MANDI-039,Karnal,Cotton,5800.15,6999.14,6399.64,6620.0
PR004375,2026-04-17,,Kurukshetra,Cotton,0.6195,7610.0,6902.0,6620.0
PR004423,2026-02-21,MANDI-013,Jalandhar,Rice,2089.0,2550.0,2319.46,2183.0
PR001910,2026-01-13,MANDI-020,Jalandhar,Maize,2004.04,2312.8,2158.42,2090.0
PR006551,2026-05-11,MANDI-039,Bathinda,Mustard,5600.0,,5910.98,
PR000276,2026-07-17,MANDI-009,Fatehabad,Wheat,2370.4,0.2822,2596.15,2275.0
PR001092,2026-07-25,MANDI-022,,Mustard,5377.0,5884.28,5630.69,0.565
PR004393,2026-08-21,MANDI-028,Fatehabad,Wheat,0.2122,2576.96,2350.0,
PR011235,2026-03-09,MANDI-012,Kurukshetra,Cotton,6652.0,7680.800796162038,7166.0,6620.0
PR002894,2026-04-09,MANDI-036,Ludhiana,Cotton,6268.0,7418.0,6842.94,6620.0
PR004108,2026-06-07,MANDI-006,,Rice,0.2172,2571.29,2371.6,2183.0
PR005350,2026-10-01,MANDI-024,Karnal,Maize,2082.3,2362.34,0.2222,2090.0
PR006353,2026-04-22,MANDI-016,Moga,Mustard,5559.72,6302.4300925846655,5931.08,5650.0
PR011861,2026-08-26,MANDI-025,,Rice,0.2202,2448.0,2325.06,2183.0
PR010804,2026-01-21,,Fatehabad,Rice,1972.98,2135.01,2053.99,2183.0
PR010828,2026-09-08,,Jalandhar,Maize,2112.01,2446.677362270668,2279.0,2090.0
PR007006,2026-02-04,MANDI-025,Jalandhar,Mustard,5768.27,6531.09,6149.68,5650.0
PR007158,2026-05-23,MANDI-046,Ambala,Mustard,,6769.9,6169.78,
PR002411,2026-02-17,MANDI-023,Ferozepur,Maize,1977.0,2214.51,2096.0,2090.0
PR007769,2026-05-19,MANDI-007,Patiala,Wheat,1987.0,2111.94,2049.39,
PR003822,2026-03-15,MANDI-055,Ludhiana,Maize,1890.57,2172.0,2031.12,2090.0
PR003860,2026-07-01,MANDI-033,Jalandhar,Wheat,0.2261,2661.0,2461.0,2275.0
PR004529,2026-07-24,,Fatehabad,Cotton,,7246.9,,6620.0
PR010223,2026-06-07,MANDI-023,Ferozepur,Maize,2038.43,2234.29,2136.36,2090.0
PR000634,2026-05-20,MANDI-047,Karnal,Sugarcane,3066.6297043671616,,3194.11,3500.0
PR008826,2026-08-25,,Hisar,Cotton,5935.81,6706.84,6321.32,6620.0
PR009108,2026-12-04,MANDI-057,Karnal,Wheat,2147.3,0.2624,0.2386,2275.0
PR011068,2026-05-23,MANDI-003,Fatehabad,Sugarcane,3203.68,3950.08,3576.88,3500.0
PR002660,2026-02-09,MANDI-018,Karnal,Wheat,2179.71,2438.6,2309.16,2275.0
PR006586,2026-06-22,MANDI-013,Sirsa,Mustard,5765.81,6474.0,6120.01,5650.0
PR009819,2026-03-16,MANDI-009,Kurukshetra,Mustard,5419.47,0.6129,0.5774,0.565
PR002621,2026-07-09,MANDI-054,,Sugarcane,2995.9,3329.68,3162.79,3500.0
PR001937,2026-07-31,MANDI-007,Sirsa,Cotton,5811.0,6939.96,6375.0,6620.0
PR000036,2026-06-08,,Ludhiana,Sugarcane,3205.34,3703.79,0.3455,3500.0
PR011588,2026-02-15,MANDI-035,Kurukshetra,Maize,0.2079,2569.9537644658412,2324.2737078282125,2090.0
PR005324,2026-07-16,MANDI-048,,Sugarcane,3209.18,3994.43,3601.81,3500.0
PR007388,2026-04-19,MANDI-001,Sirsa,Cotton,6326.979643243673,6836.305077902861,6581.64,6620.0
PR004343,2026-07-29,MANDI-001,Patiala,Cotton,5944.264459939203,6582.57,6263.42,
PR005315,2026-03-10,MANDI-036,Ludhiana,Cotton,0.6075,6538.0,6306.22,0.662
PR007649,2026-02-01,MANDI-017,Amritsar,Cotton,6394.0,7089.47,6741.95,
PR007428,2026-02-26,MANDI-053,Hisar,Rice,2119.05,2320.741944230083,2219.89,2183.0
PR011694,2026-02-13,MANDI-026,Jalandhar,Mustard,5360.83,5976.38,5669.0,5650.0
PR009317,2026-04-28,MANDI-040,Ferozepur,Rice,1891.0,2232.92,2061.73,
PR003198,2026-03-14,MANDI-028,Moga,Wheat,2136.32,0.2527,0.2332,2275.0
PR002547,2026-02-03,MANDI-002,Sirsa,Maize,1870.0,2282.66,2076.57,0.209
PR007414,2026-07-30,MANDI-045,,Wheat,2152.17,2432.35,2292.26,2275.0
PR010541,2026-06-18,MANDI-009,Ambala,Mustard,4874.4,5214.54,5044.0,5650.0
PR005576,2026-08-06,MANDI-007,,Mustard,4915.74,5843.39,5379.57,5650.0
PR002037,2026-06-20,MANDI-002,,Mustard,5618.0,5957.53,5787.52,
PR000049,2026-03-17,MANDI-038,Ludhiana,Mustard,5788.77,6188.21,5988.0,0.565
PR007278,2026-04-07,MANDI-042,Moga,Maize,2019.94,2423.33,2221.63,2090.0
PR003287,2026-01-07,MANDI-046,Ludhiana,Cotton,6914.27,7569.527047187912,0.7242,6620.0
PR005851,2026-01-20,MANDI-014,Jalandhar,Cotton,6557.08,0.735,6953.4,6620.0
PR005880,2026-01-25,,Sirsa,Rice,2044.04,2377.987019814938,0.2211,2183.0
PR001053,2026-08-23,MANDI-002,Hisar,Rice,2143.18,2639.0,2390.84,
PR005112,2026-01-26,MANDI-042,Jalandhar,Maize,1804.49,2073.62,1939.05,2090.0
PR004628,2026-09-06,MANDI-027,Ludhiana,Maize,1869.27,,0.1998,
PR001641,2026-11-04,MANDI-029,Bathinda,Wheat,2096.33,2546.644566099555,2321.49,2275.0
PR005594,2026-06-23,MANDI-044,Moga,Mustard,,5175.03,5042.150359976526,
PR000110,2026-03-16,,Ludhiana,Wheat,2001.32,2165.64,2083.48,2275.0
PR003247,2026-08-03,,,Rice,2040.41,2287.0,2163.7,
PR001967,2026-02-14,MANDI-029,Ludhiana,Cotton,6265.16,7526.42555574981,0.6896,6620.0
PR000042,2026-03-23,MANDI-057,Ludhiana,Maize,0.2014,2253.13,2133.0,
PR004095,2026-03-19,MANDI-016,Sirsa,Rice,1888.0,2297.87,2092.8069657505494,
PR004786,2026-05-23,MANDI-041,Patiala,Rice,2181.01,2552.0,2366.46853694976,2183.0
PR006174,2026-05-28,MANDI-016,Sirsa,Sugarcane,3606.55,4037.94,0.3822,3500.0
PR011840,2026-04-30,,Ludhiana,Mustard,5469.76,6683.0,6076.0,
PR004526,2026-06-06,MANDI-040,Sirsa,Mustard,5743.834871263536,0.6544,6143.7,
PR004407,2026-03-09,MANDI-029,Patiala,Wheat,2078.0,2566.72,2322.1701907814754,2275.0
PR001900,2026-06-13,MANDI-031,Fatehabad,Cotton,0.6094,7480.8485657052815,6787.43,6620.0
PR002512,2026-07-17,MANDI-009,Ferozepur,Sugarcane,3528.61,4009.1,3768.8546106859394,3500.0
PR011625,2026-05-02,MANDI-011,Kurukshetra,Wheat,2122.9,2371.36,2247.13,2275.0
PR005106,2026-05-21,MANDI-029,Ambala,Mustard,5615.11,6436.52,6025.81,0.565
PR011203,2026-08-05,MANDI-035,Kurukshetra,Wheat,2033.31,2441.0,2237.25,2275.0
PR002263,2026-09-02,MANDI-032,,Sugarcane,3669.59,4355.0,4012.0,3500.0
PR010011,2026-06-27,MANDI-050,Ambala,Cotton,5651.08,6326.3750075198805,0.5989,0.662
PR004238,2026-12-06,MANDI-029,,Mustard,5269.37,5706.3,5487.84,5650.0
PR009519,2026-07-17,MANDI-050,,Wheat,,0.2309,2248.0,2275.0
PR004951,2026-05-28,MANDI-005,Bathinda,Maize,1845.08,2206.0,2025.74,0.209
PR002390,2026-09-02,MANDI-041,,Wheat,0.194,2236.39,2088.35,
PR004356,2026-08-27,MANDI-012,Patiala,Sugarcane,3025.09,3735.12,3380.0,3500.0
PR003925,2026-02-07,MANDI-022,Amritsar,Maize,1963.03,0.2401,,2090.0
PR003773,2026-05-12,MANDI-026,Ferozepur,Mustard,5592.09,6326.0,5958.84,
PR002957,2026-11-04,MANDI-020,Ferozepur,Sugarcane,3439.91,3747.0,0.3593,0.35
PR002672,2026-01-01,MANDI-005,Sirsa,Cotton,6102.2,6418.63,,6620.0
PR004346,2026-04-04,MANDI-009,Ludhiana,Mustard,5607.58,6526.66,6067.12,
PR008731,2026-02-25,MANDI-018,Bathinda,Maize,1955.23,2248.08,2101.66,2090.0
PR003131,2026-04-08,MANDI-005,Patiala,Sugarcane,3207.63,0.3653,3430.19,3500.0
PR003556,2026-01-13,MANDI-024,Kurukshetra,Sugarcane,0.3272,3676.16,3474.04,3500.0
PR002023,2026-05-03,MANDI-024,Amritsar,Sugarcane,3183.0,3399.0,3291.0,
PR002885,2026-05-05,MANDI-031,,Cotton,0.5733,0.6131,5931.922622032161,6620.0
PR011901,2026-06-09,MANDI-008,Bathinda,Cotton,,6538.23,6130.0,6620.0
PR003088,2026-01-12,MANDI-056,Fatehabad,Rice,2276.47,2522.83,0.24,2183.0
PR002701,2026-02-04,MANDI-009,Sirsa,Cotton,,0.768,6920.82,6620.0
PR006983,2026-03-15,,Bathinda,Cotton,0.6872,7949.0,0.7411,6620.0
PR002302,2026-05-07,MANDI-012,Bathinda,Sugarcane,3529.7,3962.0,3745.67,3500.0
PR010016,2026-04-03,MANDI-035,Moga,Rice,1926.0,2032.3694293777523,1979.22,2183.0
PR011410,2026-08-05,MANDI-041,Karnal,Sugarcane,3269.05,3583.31,0.3426,3500.0
PR001263,2026-05-26,MANDI-040,Moga,Sugarcane,0.3619,4235.0,3927.08,3500.0
PR003259,2026-01-17,MANDI-009,,Maize,2048.84,2368.43,2209.0,0.209
PR000411,2026-08-26,MANDI-002,,Sugarcane,3641.63,4117.683318751106,3879.66,3500.0
PR004428,2026-03-04,MANDI-019,Bathinda,Maize,1784.57,2195.47,,2090.0
PR000506,2026-06-26,MANDI-055,Sirsa,Sugarcane,3553.36,4328.61,,0.35
PR008213,2026-05-16,MANDI-001,,Maize,2077.93,2308.21,2193.07,2090.0
PR003702,2026-05-31,MANDI-012,Ambala,Rice,,2516.31,2325.66,
PR008056,2026-05-21,MANDI-055,Ferozepur,Sugarcane,3424.01,0.4155,3789.282286728617,3500.0
PR010876,2026-07-13,MANDI-029,Ambala,Wheat,,2748.06,2523.03,0.2275
PR004245,2026-01-28,MANDI-046,Patiala,Wheat,2330.49,2525.0,2427.9718917654327,2275.0
PR010993,2026-08-08,,Sirsa,Cotton,6644.479880690799,0.6983,6813.96,6620.0
PR003988,2026-08-23,MANDI-021,Amritsar,Sugarcane,3323.47,3810.21,3566.84,3500.0
PR000559,2026-08-20,MANDI-041,Fatehabad,Cotton,5943.1,0.7041,6491.88,6620.0
PR000008,2026-09-06,MANDI-032,Sirsa,Rice,0.2172,0.2393,2282.0,2183.0
PR008810,2026-08-23,MANDI-022,Moga,Cotton,5908.3,6998.67,0.6453,6620.0
PR011447,2026-01-23,MANDI-021,Karnal,Cotton,6485.23,,7142.0,6620.0
PR010930,2026-07-24,MANDI-021,Ludhiana,Rice,2251.27,2758.0,2504.82,2183.0
PR005752,2026-02-21,MANDI-017,Sirsa,Wheat,1972.0,2325.54,2148.63,2275.0
PR001808,2026-02-06,MANDI-007,Jalandhar,Maize,2002.65,2341.1262247735976,2172.0,2090.0
PR009360,2026-08-11,MANDI-051,Ambala,Mustard,5341.0,6576.528671443535,0.5959,5650.0
PR008285,2026-03-02,MANDI-033,Bathinda,Cotton,6407.0,7702.49,7055.0,6620.0
PR007481,2026-05-10,MANDI-024,Ambala,Rice,2286.56,2658.513870691479,,2183.0
PR008262,2026-06-05,MANDI-025,Bathinda,Sugarcane,3665.33,4257.0,3961.28,3500.0
PR002266,2026-03-15,MANDI-021,Fatehabad,Maize,1799.13,2056.41,0.1928,2090.0
PR008800,2026-09-06,MANDI-023,Jalandhar,Rice,1859.24,2193.01,2026.13,2183.0
PR002057,2026-05-23,MANDI-021,Moga,Wheat,1957.07,2070.95,2014.0,
PR000617,2026-06-19,MANDI-034,Fatehabad,Sugarcane,3275.0,3654.0,3464.8908540019142,
PR005759,2026-07-20,MANDI-030,Karnal,Mustard,4905.25,0.5472,5188.0,5650.0
PR011347,2026-05-03,MANDI-052,Amritsar,Maize,0.2194,2652.73,2423.0,2090.0
PR001491,2026-02-23,MANDI-039,Ambala,Maize,1815.73,0.2242,2029.0,2090.0
PR002674,2026-06-15,MANDI-041,Sirsa,Cotton,0.6059,7448.83,6754.02,6620.0
PR006635,2026-04-25,,Fatehabad,Mustard,4931.29,5236.0,5083.66038784359,5650.0
PR010158,2026-07-12,MANDI-054,,Mustard,4968.46,5278.748570918521,5124.0,5650.0
PR001458,2026-03-08,MANDI-021,Ludhiana,Wheat,2136.49,2385.0,2260.86,2275.0
PR002772,2026-03-20,MANDI-040,Bathinda,Wheat,2042.65,2426.37,2234.51,2275.0
PR003008,2026-08-02,MANDI-006,Sirsa,Maize,2125.0,0.2546,2335.49,2090.0
PR007720,2026-02-11,MANDI-021,Kurukshetra,Maize,0.1845,,0.1944,2090.0
PR008956,2026-01-20,MANDI-040,Kurukshetra,Sugarcane,0.3507,4018.38,3762.52,3500.0
PR002798,2026-07-02,MANDI-055,Kurukshetra,Mustard,5336.2,6082.17,5709.19,0.565
PR000284,2026-06-13,MANDI-010,Karnal,Wheat,2217.0,2769.96,2493.62,2275.0
PR000745,2026-05-08,MANDI-022,Hisar,Maize,0.21,2218.52,2159.27,
PR003973,2026-05-19,MANDI-032,Fatehabad,Maize,1850.0,2148.89,,2090.0
PR010026,2026-03-05,MANDI-051,Ferozepur,Wheat,2051.9,2269.39,2160.6457486674585,2275.0
PR007401,2026-09-04,MANDI-057,Bathinda,Wheat,2147.46,0.2406,2276.93,
PR001509,2026-04-07,MANDI-044,,Maize,1822.31,2148.83,1986.0,2090.0
PR000354,2026-05-24,MANDI-010,Ambala,Maize,0.2114,2303.755570176516,2208.89,2090.0
PR002546,2026-01-14,MANDI-025,Patiala,Maize,0.1834,1970.85,0.1903,2090.0
PR004649,2026-03-06,MANDI-051,Patiala,Maize,,2118.65,1963.69,0.209
PR003296,2026-08-27,MANDI-033,Fatehabad,Maize,0.2056,2282.93112849321,2169.45,
PR001850,2026-05-28,MANDI-013,Bathinda,Mustard,5535.48,6730.4662653959285,6133.0,0.565
PR009282,2026-02-16,MANDI-004,,Maize,1872.6658596853397,2115.82,1994.24,2090.0
PR009280,2026-02-08,MANDI-047,,Mustard,5449.73,6246.039106608675,5847.89,5650.0
PR003875,2026-04-08,MANDI-054,Patiala,Wheat,2054.0,2378.66,,2275.0
PR008707,2026-04-28,MANDI-031,Jalandhar,Maize,2180.85,2407.68,2294.2646682511104,2090.0
PR011149,2026-03-24,MANDI-055,Amritsar,Mustard,5010.38,5818.24,5414.0,5650.0
PR002331,2026-01-27,,Ferozepur,Mustard,5053.0,5789.34,5421.35,0.565
PR006270,2026-08-09,MANDI-056,Ferozepur,Sugarcane,3535.51,4297.0,3916.15,3500.0
PR002171,2026-08-17,MANDI-015,Bathinda,Rice,2127.11,0.2612,2369.75,2183.0
PR003097,2026-01-12,MANDI-011,Amritsar,Maize,1876.13,1980.55,1928.34,2090.0
PR009512,2026-05-01,MANDI-052,Moga,Mustard,5847.991916472565,7038.82,6443.4,5650.0
PR010534,2026-08-07,MANDI-045,Hisar,Mustard,5656.29,6169.27,5912.78,5650.0
PR003071,2026-07-10,MANDI-025,Kurukshetra,Mustard,5503.0,0.6764,6133.525667086846,5650.0
PR002032,2026-01-30,MANDI-010,Karnal,Wheat,2179.0,2517.99,2349.0,2275.0
PR011312,2026-05-09,MANDI-003,Ludhiana,Wheat,0.2059,2486.03,2272.0,2275.0
PR011648,2026-02-01,MANDI-049,Fatehabad,Cotton,,7363.688659393552,6809.42,0.662
PR010806,2026-08-06,MANDI-038,,Maize,1851.3300738569992,,2064.03,2090.0
PR002013,2026-02-27,MANDI-026,Ludhiana,Wheat,2204.41,0.2615,2409.48,0.2275
PR006890,2026-01-23,MANDI-007,Jalandhar,Maize,2023.0,2215.18,,0.209
PR007945,2026-09-07,MANDI-049,Amritsar,Cotton,6784.71,7333.88,7059.3,6620.0
PR007705,2026-08-26,MANDI-011,Karnal,Cotton,6325.0,6647.4,6486.05,6620.0
PR005124,2026-05-21,MANDI-012,Moga,Mustard,5298.11,5630.907093104667,5464.51,5650.0
PR007880,2026-03-08,MANDI-050,Amritsar,Sugarcane,0.3098,3451.39,3274.7,3500.0
PR007454,2026-06-03,MANDI-037,Patiala,Cotton,6338.88,7115.398237343679,6727.14,0.662
PR001807,2026-08-02,MANDI-048,Patiala,Sugarcane,3484.51,4287.21,3885.86,3500.0
PR003200,2026-07-28,,Bathinda,Mustard,5003.49,5460.5,5232.0,5650.0
PR008352,2026-08-17,MANDI-008,Amritsar,Mustard,5609.34,6059.572348478274,0.5834,5650.0
PR004295,2026-04-06,MANDI-008,Kurukshetra,Maize,,2116.2,,2090.0
PR009764,2026-03-12,MANDI-022,Sirsa,Maize,2132.3602786786137,2526.0,2329.1420995098747,2090.0
PR002769,2026-05-27,MANDI-048,,Sugarcane,3279.34,0.3514,3396.53,3500.0
PR003445,2026-07-15,MANDI-053,Karnal,Rice,2222.450782190105,0.2376,2299.33,2183.0
PR008121,2026-02-21,MANDI-048,Sirsa,Mustard,,5792.0,5330.71,
PR006879,2026-01-25,MANDI-053,Sirsa,Sugarcane,0.322,3526.0,3373.31,0.35
PR005477,2026-01-20,MANDI-045,Amritsar,Sugarcane,3478.71,3789.065128068596,,
PR008608,2026-09-01,MANDI-027,Amritsar,Cotton,6530.94,7536.07,7033.51,6620.0
PR005777,2026-01-12,MANDI-023,Fatehabad,Sugarcane,3670.32,4204.0,3936.97,0.35
PR002368,2026-05-23,,,Wheat,2383.52,2543.0,2463.4,
PR010711,2026-04-16,MANDI-006,Sirsa,Wheat,2060.57,2450.54,2255.56,2275.0
PR010058,2026-02-10,MANDI-051,Ludhiana,Wheat,1997.42,2371.92,2185.0,2275.0
PR010654,2026-06-10,MANDI-040,Jalandhar,Wheat,,2354.34,2278.48,2275.0
PR002988,2026-02-05,MANDI-047,Jalandhar,Rice,2094.69,0.221,2152.0,
PR001663,2026-02-06,MANDI-011,Moga,Maize,1916.4,0.2215,2065.729354081127,2090.0
PR000788,2026-07-12,MANDI-025,Karnal,Rice,1995.456340760823,2247.6753385603715,0.2122,2183.0
PR000912,2026-08-20,MANDI-009,Bathinda,Maize,1991.57,2310.4443324824033,0.2151,2090.0
PR010939,2026-08-10,MANDI-022,Karnal,Mustard,0.49,6083.95,,0.565
PR005668,2026-09-03,MANDI-013,,Mustard,5187.83,5489.0,5338.0,0.565
PR009225,2026-05-16,MANDI-004,Karnal,Mustard,5320.456530080372,6027.77,5674.0,5650.0
PR006720,2026-07-20,MANDI-042,Ambala,Cotton,6210.76,7232.21,6721.49,0.662
PR005623,2026-03-31,MANDI-048,Ferozepur,Sugarcane,3232.75,3687.25,3460.0,3500.0
PR004865,2026-08-19,MANDI-014,Ferozepur,Maize,1937.57,2270.03,0.2104,2090.0
PR006711,2026-08-16,MANDI-037,Ferozepur,Wheat,2128.19,2606.59,2367.0,2275.0
PR009114,2026-05-20,MANDI-041,Jalandhar,Rice,1864.0,2007.0,1935.63,2183.0
PR006655,2026-05-18,MANDI-046,,Sugarcane,3291.5462874908717,3511.0,3401.12,3500.0
PR010774,2026-08-22,MANDI-038,Karnal,Mustard,5278.49,6352.0,5815.16,5650.0
PR002499,2026-05-28,MANDI-034,Sirsa,Sugarcane,3400.89,3779.69,3590.29,3500.0
PR005374,2026-01-20,MANDI-010,Ludhiana,Rice,1883.21,2321.33,2102.27,2183.0
PR004773,2026-08-04,MANDI-005,,Wheat,,2298.0,2139.14,
PR003438,2026-02-19,MANDI-042,,Wheat,0.2125,2494.12,,0.2275
PR010894,2026-03-20,MANDI-033,Fatehabad,Cotton,6799.22,8448.0,,6620.0
PR006567,2026-03-18,MANDI-055,Ambala,Sugarcane,3397.1790976451975,4033.62,3715.4,0.35
PR000955,2026-08-20,MANDI-019,Fatehabad,Sugarcane,3167.86,0.3786,0.3477,3500.0
PR004711,2026-01-26,MANDI-038,Kurukshetra,Cotton,6512.0,6943.8,6728.03,6620.0
PR007270,2026-08-28,MANDI-052,Patiala,Maize,2061.61,2385.9,2223.76,
PR009928,2026-02-25,MANDI-031,Sirsa,Wheat,0.2082,2524.42,0.2303,2275.0
PR008242,2026-12-01,MANDI-015,Hisar,Wheat,2286.41,2577.0,2431.5387527534913,2275.0
PR003105,2026-02-27,MANDI-017,Amritsar,Maize,0.206,0.235,2204.73,2090.0
PR002560,2026-05-25,MANDI-054,Kurukshetra,Mustard,5593.0,6651.9,0.6123,5650.0
PR000007,2026-06-21,MANDI-057,Ambala,Maize,2048.0,0.2382,2215.02,
PR001768,2026-08-13,MANDI-016,Sirsa,Sugarcane,3370.58,3686.55,0.3529,3500.0
PR001893,2026-01-22,MANDI-029,Jalandhar,Rice,2274.26,2491.29,2383.0,
PR001007,2026-08-09,MANDI-028,Ludhiana,Wheat,2008.9471493233325,2419.47,2214.2092846788087,2275.0
PR006005,2026-04-06,MANDI-044,Karnal,Cotton,5967.96,0.6676,6321.746279937421,6620.0
PR004626,2026-08-23,MANDI-023,Karnal,Mustard,5567.0,6339.34,5953.23,5650.0
PR003219,2026-03-22,MANDI-011,Moga,Wheat,0.1948,2294.992435735895,2121.65,
PR005616,2026-03-22,MANDI-020,,Cotton,0.5911,6414.538047500294,6162.96,6620.0
PR008363,2026-10-08,MANDI-025,Karnal,Mustard,5892.36,7111.6,6501.98,
PR006326,2026-03-11,MANDI-051,Fatehabad,Mustard,5669.05,6857.75,6263.4,5650.0
PR006209,2026-01-12,MANDI-029,Moga,Wheat,2163.0,2500.46,2331.96,2275.0
PR001551,2026-05-11,MANDI-049,Moga,Maize,1928.9,0.2328,2128.67,2090.0
PR000471,2026-01-01,MANDI-014,Ferozepur,Cotton,5814.74,6282.51,6048.62,6620.0
PR003894,2026-06-16,,Fatehabad,Rice,2068.13,2322.0,2195.0,2183.0
PR005487,2026-11-02,MANDI-032,Kurukshetra,Wheat,0.2132,2259.72,,2275.0
PR000667,2026-08-22,MANDI-027,Ambala,Mustard,5790.267691480837,6558.79,6174.529667075236,
PR005741,2026-01-24,MANDI-017,Ludhiana,Mustard,4990.26,5489.13,5239.69,0.565
PR007547,2026-08-25,MANDI-040,Hisar,Cotton,6416.35,7603.0,7009.529223977707,6620.0
PR009043,2026-05-03,MANDI-030,Ferozepur,Wheat,2365.55,2788.0,2576.96,2275.0
PR007468,2026-07-15,MANDI-014,Hisar,Sugarcane,3298.14,4118.2,3708.17,
PR002063,2026-02-09,MANDI-013,Patiala,Wheat,0.2326,2491.0,2408.66,
PR006268,2026-01-08,MANDI-002,Hisar,Maize,0.1797,1958.29,1877.46,2090.0
PR003807,2026-02-07,MANDI-043,Patiala,Maize,1855.6,2230.98,0.2043,2090.0
PR002806,2026-07-02,MANDI-048,Amritsar,Maize,2152.3143045909524,2421.15,2286.7333324971087,2090.0
PR003145,2026-02-09,MANDI-050,Hisar,Mustard,5918.24,6838.487006588462,0.6378,5650.0
PR011530,2026-08-09,,Amritsar,Cotton,5651.05,6077.4,5864.227085308512,6620.0
PR007125,2026-02-22,MANDI-016,Jalandhar,Rice,0.2234,2681.66248198427,2457.59,
PR008750,2026-03-14,MANDI-003,,Cotton,6791.42,0.8388,7589.55,6620.0
PR003991,2026-05-03,MANDI-041,Ferozepur,Maize,2141.06,2555.0,2348.02,2090.0
PR006559,2026-04-17,MANDI-053,,Cotton,6101.17,7243.82,6672.5,6620.0
PR003395,2026-01-23,MANDI-009,Fatehabad,Rice,2176.0,2687.0,2431.39,
PR008093,2026-02-22,MANDI-018,Ambala,Cotton,5691.87,6507.0,6099.34,6620.0
PR010436,2026-04-17,MANDI-019,Bathinda,Cotton,0.602,6495.61,0.6258,6620.0
PR008852,2026-08-01,MANDI-031,Hisar,Cotton,6050.0,7261.18,6655.44,6620.0
PR003216,2026-02-01,MANDI-004,Karnal,Cotton,0.6753,7698.98,7226.0,6620.0
PR005796,2026-06-01,MANDI-038,Patiala,Maize,2026.41,2312.0,2169.2793631315694,2090.0
PR009859,2026-05-19,MANDI-039,Patiala,Maize,1930.96,2217.53,2074.25,2090.0
PR004845,2026-02-16,MANDI-035,Karnal,Cotton,6691.18,0.7645,7168.0,0.662
PR000909,2026-01-17,MANDI-011,Kurukshetra,Wheat,2357.25,0.2569,,2275.0
PR005901,2026-07-17,MANDI-046,Ferozepur,Sugarcane,3187.78,3455.33,3321.56,3500.0
PR002695,2026-05-16,MANDI-011,Hisar,Maize,1935.51,2170.21,2052.8605713451607,2090.0
PR003782,2026-01-12,MANDI-043,Karnal,Mustard,0.489,5643.99,5267.117961546,
PR003568,2026-02-08,,Sirsa,Sugarcane,3352.9,3795.01,3574.0,
PR008732,2026-06-14,MANDI-001,Kurukshetra,Mustard,5859.0,0.68,6330.0,0.565
PR007328,2026-08-09,MANDI-024,Patiala,Maize,,2493.62,2292.69,0.209
PR008060,2026-03-13,MANDI-043,Karnal,Mustard,0.5461,6427.743441721625,5944.347660523605,5650.0
PR002498,2026-09-01,MANDI-055,,Maize,1946.34,2351.0,2148.67,2090.0
PR008636,2026-07-01,MANDI-007,Jalandhar,Wheat,,2567.32,2444.16,
PR004589,2026-08-01,MANDI-037,Karnal,Sugarcane,3448.7,4072.25,3760.48,
PR009726,2026-08-21,MANDI-014,Kurukshetra,Cotton,5903.68,0.6258,6081.0,6620.0
PR001717,2026-04-19,MANDI-018,Moga,Rice,,2327.44,2115.508823896639,2183.0
PR008173,2026-06-01,MANDI-043,Ambala,Rice,2131.74,2395.35,0.2264,2183.0
PR009377,2026-04-25,MANDI-033,,Cotton,6016.37,7390.85,6703.61,6620.0
PR008602,2026-01-09,MANDI-044,,Mustard,5394.0,6477.12,0.5935,5650.0
PR009081,2026-07-20,,Moga,Maize,1992.68,0.2445,2218.83,2090.0
PR007928,2026-02-08,MANDI-016,Bathinda,Rice,2020.41,2448.0,,2183.0
PR009139,2026-05-08,MANDI-056,Sirsa,Cotton,6476.0,8014.61,7245.18,6620.0
PR011061,2026-07-04,MANDI-045,Kurukshetra,Maize,0.2139,2279.27,2209.35,2090.0
PR010599,2026-03-13,MANDI-046,Ludhiana,Rice,2041.0,2264.2,2152.37,
PR008248,2026-06-14,MANDI-006,Fatehabad,Wheat,,2509.66,0.2264,2275.0
PR011390,2026-02-02,MANDI-039,Sirsa,Sugarcane,3385.15,4054.77,3719.96,0.35
PR007644,2026-10-01,MANDI-039,Ambala,Sugarcane,3145.93,3420.939165658121,3283.44,
PR011228,2026-07-24,MANDI-029,,Mustard,4852.44,6017.66,5435.0,5650.0
PR010712,2026-04-01,MANDI-055,Bathinda,Sugarcane,3130.4,3484.77,3307.59,3500.0
PR002510,2026-05-10,,Ferozepur,Mustard,5587.43,0.6216,5901.722926991892,5650.0
PR006319,2026-04-21,MANDI-030,Amritsar,Sugarcane,3148.15,3342.46,3245.31,
PR004403,2026-01-25,MANDI-009,Hisar,Wheat,2017.61,2492.51,2255.06,2275.0
PR007781,2026-07-06,MANDI-005,Sirsa,Mustard,4976.04,6044.92,5510.0,5650.0
PR008622,2026-07-23,MANDI-019,Bathinda,Maize,1903.632209419019,2220.63,2062.130859005416,2090.0
PR002638,2026-01-23,MANDI-053,Ambala,Cotton,6852.978697530202,7601.64,7227.31,0.662
PR002618,2026-02-05,MANDI-001,Ambala,Rice,2188.59,2483.29,2336.0,
PR011311,2026-03-06,MANDI-010,Moga,Cotton,5912.16556313422,6809.01,6361.0,0.662
PR009153,2026-02-03,MANDI-015,Hisar,Sugarcane,3560.0,4242.0,3901.23,
PR001522,2026-03-10,MANDI-041,Hisar,Wheat,1963.0,2157.92,2060.55,2275.0
PR004056,2026-02-01,MANDI-043,,Sugarcane,3048.97,3637.11,3343.04,0.35
PR002600,2026-08-04,MANDI-022,Bathinda,Mustard,5530.0,6201.94,0.5866,5650.0
PR010758,2026-06-27,MANDI-013,Ferozepur,Rice,1883.54,2254.19,2069.0,0.2183
PR007215,2026-04-28,MANDI-038,Ambala,Cotton,6523.67,7256.02,6889.84,6620.0
PR005732,2026-09-06,MANDI-048,Sirsa,Maize,2131.83,2527.4,2329.616996794033,2090.0
PR005073,2026-06-09,MANDI-045,Ambala,Cotton,6886.68,8546.92,0.7717,6620.0
PR010903,2026-08-19,MANDI-023,,Wheat,2234.0,2626.26,2430.0,2275.0
PR009089,2026-06-26,MANDI-044,Patiala,Maize,1971.93,2086.0,0.2029,2090.0
PR000523,2026-06-02,MANDI-032,Bathinda,Wheat,2355.59,2657.0,2506.26,2275.0
PR010511,2026-07-29,MANDI-030,,Cotton,5727.56,7115.12,6421.33982752058,6620.0
PR001870,2026-07-26,MANDI-010,Ferozepur,Cotton,6107.48,6718.671664488633,6413.07,6620.0
PR000614,2026-08-07,MANDI-054,Patiala,Sugarcane,3514.07,3728.16,3621.0,
PR003576,2026-04-24,MANDI-043,Hisar,Mustard,5267.0,5830.0,5548.94,
PR001676,2026-03-11,,Sirsa,Wheat,,0.2655,2405.05,2275.0
PR003452,2026-02-16,MANDI-018,Ludhiana,Rice,2211.581083575511,2568.08,0.239,2183.0
PR001484,2026-08-27,MANDI-020,Hisar,Sugarcane,3144.7,3917.0,3530.85,3500.0
PR009502,2026-04-15,MANDI-046,Fatehabad,Maize,1919.21,2388.73,0.2154,2090.0
PR006238,2026-04-30,MANDI-034,Jalandhar,Cotton,6102.79,6634.280988393594,6368.53,6620.0
PR007456,2026-12-07,MANDI-039,Amritsar,Wheat,2110.77,0.2428,2269.57,2275.0
PR009098,2026-07-27,MANDI-029,Kurukshetra,Mustard,5619.0,6280.196099262147,5949.65,5650.0
PR011925,2026-01-24,MANDI-007,Ferozepur,Wheat,2031.36,2343.13,2187.25,2275.0
PR010231,2026-03-19,MANDI-044,Ferozepur,Rice,0.1867,,1957.0,0.2183
PR011112,2026-02-18,MANDI-002,Ambala,Rice,0.2132,2345.42,2238.5161932770234,2183.0
PR002838,2026-05-07,MANDI-039,Sirsa,Cotton,6803.11,8426.0,7615.0,6620.0
PR003507,2026-03-15,MANDI-024,,Mustard,4879.0,5244.0,5061.287209196804,5650.0
PR009977,2026-09-05,MANDI-020,Ambala,Wheat,1958.5,2430.42,0.2194,2275.0
PR003229,2026-02-18,,,Sugarcane,3581.95,0.4293,0.3938,3500.0
PR005223,2026-06-03,,,Sugarcane,3307.87,3713.36,3511.0,
PR011146,2026-04-23,MANDI-031,,Maize,1900.23,2049.0,1974.5,
PR004341,2026-09-02,,Ludhiana,Maize,1841.4,0.2116,1978.82,0.209
PR000375,2026-03-26,MANDI-022,Karnal,Mustard,5478.0,5880.13,5678.85,
PR008239,2026-01-04,MANDI-039,Ludhiana,Mustard,5763.54,6922.33,6342.93,
PR003840,2026-05-31,MANDI-005,Ludhiana,Rice,0.2003,2481.25,2242.0,0.2183
PR000663,2026-06-20,,Ludhiana,Maize,0.1822,2054.07,1938.08,2090.0
PR003421,2026-07-09,MANDI-032,Ludhiana,Sugarcane,3121.62,3568.59,3345.0,3500.0
PR002981,2026-10-07,MANDI-005,Hisar,Rice,2197.55,,2353.55,
PR009724,2026-07-29,MANDI-003,Bathinda,Wheat,2359.2125526667646,2535.15,2447.18,2275.0
PR005635,2026-03-17,MANDI-016,Sirsa,Sugarcane,3358.11,3806.79,3582.45,3500.0
PR006808,2026-03-18,MANDI-007,Hisar,Rice,0.1947,2059.7,2003.15,2183.0
PR001612,2026-02-18,MANDI-057,Kurukshetra,Rice,1986.0702062376333,2292.0,2138.79,2183.0
PR009479,2026-04-18,MANDI-019,Bathinda,Wheat,2352.9,2574.95,2463.92,0.2275
PR011835,2026-01-30,MANDI-033,Ludhiana,Maize,2156.0,2645.0,2400.09,2090.0
PR010199,2026-06-06,MANDI-011,Fatehabad,Mustard,5214.91,0.5616,5415.65,5650.0
PR006363,2026-07-16,MANDI-047,Hisar,Cotton,6282.69,6650.76,6466.72434440618,
PR009695,2026-01-28,MANDI-001,Karnal,Cotton,6860.47,7644.55,7252.51,
PR011907,2026-04-17,MANDI-004,Ludhiana,Mustard,4891.98,,5197.26,5650.0
PR009715,2026-01-23,MANDI-014,Sirsa,Wheat,0.2322,2551.71,2437.0748013846523,2275.0
PR004836,2026-08-13,,Ludhiana,Wheat,2281.78,2751.7,2516.74,2275.0
PR000836,2026-01-01,MANDI-020,Ludhiana,Wheat,1977.77,2147.83,2063.0,2275.0
PR004320,2026-04-21,MANDI-052,Ferozepur,Maize,,2106.95,2008.8854084239388,
PR010770,2026-01-03,,Fatehabad,Maize,2081.03703761835,2318.51,2199.78,2090.0
PR006376,2026-04-24,MANDI-049,Fatehabad,Cotton,5647.0,6024.581518921712,5835.78,6620.0
PR009558,2026-05-26,MANDI-021,Moga,Cotton,6492.46,8032.1,7262.28,6620.0
PR008114,2026-03-22,MANDI-021,Ferozepur,Wheat,0.2108,0.2582,2345.0,2275.0
PR004071,2026-07-30,MANDI-019,Jalandhar,Wheat,1968.32,2223.0,2095.59,
PR007292,2026-01-08,MANDI-036,Jalandhar,Maize,2054.55,2327.65,2191.1,2090.0
PR000853,2026-03-23,MANDI-013,Ambala,Rice,1897.8,0.2197,0.2047,2183.0
PR000831,2026-06-04,MANDI-027,Hisar,Sugarcane,3009.28,,3174.48,3500.0
PR004598,2026-01-17,MANDI-030,Ambala,Cotton,6031.188843968148,6925.24,6478.21,6620.0
PR000538,2026-05-27,MANDI-039,Patiala,Maize,2163.0,2378.3,2270.64,2090.0
PR011985,2026-01-21,,Ferozepur,Cotton,6611.26,7620.56,7116.0,6620.0
PR000890,2026-05-22,MANDI-001,Moga,Rice,2140.01,2594.15,2367.08,0.2183
PR003599,2026-03-16,MANDI-005,,Mustard,0.4996,5458.68,5227.38,5650.0
PR001036,2026-04-13,MANDI-034,Kurukshetra,Maize,2116.1,2386.0,0.2251,2090.0
PR009236,2026-02-26,MANDI-024,Ludhiana,Mustard,5745.15,6654.27,6200.0,5650.0
PR007709,2026-09-03,MANDI-054,Jalandhar,Cotton,5935.7,6521.0,0.6228,6620.0
PR002735,2026-06-26,MANDI-029,Bathinda,Sugarcane,3490.65,0.4064,3777.1083192574033,3500.0
PR001475,2026-01-30,MANDI-045,Kurukshetra,Sugarcane,0.3088,3662.560721549891,,3500.0
PR006195,2026-02-03,MANDI-025,Ferozepur,Sugarcane,3332.0,3901.689332964525,3616.73,3500.0
PR008500,2026-04-28,MANDI-050,,Cotton,5834.28,6627.28,0.6231,6620.0
PR000734,2026-07-23,MANDI-044,Hisar,Wheat,0.2274,2733.02,2503.5,2275.0
PR007966,2026-07-22,,Jalandhar,Mustard,0.487,5398.86,5134.47,5650.0
PR009723,2026-03-03,MANDI-051,Jalandhar,Rice,2047.68,0.2409,2228.4257371533145,2183.0
PR010779,2026-03-08,MANDI-026,,Wheat,2307.52,2733.66,2520.59,
PR000555,2026-03-27,MANDI-034,,Maize,1822.0,1994.24,1908.3017529212843,0.209
PR000319,2026-07-22,MANDI-057,Amritsar,Rice,2081.35,0.2372,2226.84,2183.0
PR008343,2026-08-12,MANDI-047,Karnal,Cotton,6264.42,7332.94,0.6799,6620.0
PR007132,2026-12-08,MANDI-030,Sirsa,Mustard,5763.69,6239.0,6001.148856761635,5650.0
PR007222,2026-07-09,,,Wheat,2169.996474205944,0.2553,2362.0,2275.0
PR009618,2026-03-22,MANDI-003,Ferozepur,Maize,0.1832,2241.97,2037.2,2090.0
PR004554,2026-01-20,MANDI-041,Moga,Mustard,5450.21,0.6092,5771.340638882627,
PR000773,2026-05-11,MANDI-005,Moga,Rice,2176.3,2328.0,2252.18,2183.0
PR000869,2026-04-04,,Ambala,Cotton,6580.06,6972.69,0.6776,6620.0
PR004021,2026-07-07,MANDI-034,Ambala,Mustard,0.4833,5257.28,5045.0,5650.0
PR001046,2026-06-09,MANDI-013,Kurukshetra,Rice,2263.0,2760.93308045025,,0.2183
PR006274,2026-08-30,MANDI-038,Ferozepur,Sugarcane,3618.1189011967654,4106.21,0.3862,3500.0
PR003284,2026-01-16,MANDI-023,Bathinda,Mustard,0.484,5560.04,5200.0,5650.0
PR004776,2026-06-29,MANDI-007,Patiala,Cotton,6769.97,8080.88,7425.42,6620.0
PR004702,2026-05-17,MANDI-018,Fatehabad,Mustard,4920.82,,5234.0,
PR008271,2026-01-14,MANDI-013,Kurukshetra,Wheat,2121.1,2448.91,0.2285,2275.0
PR009674,2026-06-16,MANDI-041,Hisar,Maize,1795.61,2200.95,0.1998,
PR002998,2026-01-07,MANDI-024,,Mustard,5210.12,5861.0,5535.73,5650.0
PR007379,2026-08-07,MANDI-014,,Mustard,0.5037,0.5618,0.5327,5650.0
PR002375,2026-01-13,MANDI-020,Sirsa,Cotton,0.6261,,,6620.0
PR003309,2026-06-04,MANDI-057,Moga,Sugarcane,3500.0,3958.17,0.3729,3500.0
PR007798,2026-04-21,MANDI-009,Fatehabad,Sugarcane,3409.47,3716.0,3562.71,3500.0
PR004939,2026-08-17,MANDI-038,Ambala,Rice,2164.0,2519.2,2341.65,2183.0
PR006897,2026-04-16,MANDI-044,Ludhiana,Wheat,2209.48,2585.86,2397.67,2275.0
PR005475,2026-01-11,MANDI-046,Patiala,Wheat,2258.0,2658.71,0.2458,2275.0
PR007399,2026-04-28,MANDI-023,Ludhiana,Sugarcane,3302.38,3961.31,3632.0,3500.0
PR001833,2026-06-26,MANDI-055,Bathinda,Rice,1976.19,2317.3189498242814,2147.0,2183.0
PR008824,2026-06-16,MANDI-045,Jalandhar,Sugarcane,3404.32,3831.04,,3500.0
PR004543,2026-02-03,MANDI-040,Hisar,Cotton,0.5931,6660.4,6295.72,
PR007802,2026-07-31,MANDI-042,Sirsa,Maize,1944.04,2082.64,2013.34,2090.0
PR005244,2026-09-09,MANDI-016,Patiala,Mustard,5869.0,6325.48,6097.11,5650.0
PR009572,2026-01-23,MANDI-042,Bathinda,Sugarcane,3054.9544668051544,3447.0,3250.79,
PR011047,2026-01-22,MANDI-017,Ferozepur,Rice,2221.48,2445.35,2333.42,
PR006153,2026-07-05,MANDI-048,,Wheat,,2263.28,2135.22,
PR001063,2026-12-05,MANDI-047,,Wheat,1999.0,2471.68,,2275.0
PR009642,2026-02-21,MANDI-001,Amritsar,Wheat,2355.83,2634.36,0.2495,
PR009397,2026-03-14,MANDI-043,Fatehabad,Maize,0.1812,2167.0,1989.72,0.209
PR008651,2026-04-16,MANDI-039,Jalandhar,Wheat,0.208,2318.36,2199.29,
PR006755,2026-01-14,MANDI-019,Hisar,Sugarcane,3089.0,3770.1429963305973,3429.7494696122694,3500.0
PR003469,2026-05-08,MANDI-054,Bathinda,Wheat,2158.0,2418.38,2287.97,2275.0
PR008856,2026-02-02,MANDI-027,Ludhiana,Rice,2238.93,2658.1,2448.52,2183.0
PR003455,2026-02-06,MANDI-022,Karnal,Maize,2146.06,2586.0,2366.02,0.209
PR009856,2026-07-24,MANDI-030,Ambala,Mustard,5806.74,6172.0,5989.36,5650.0
PR005166,2026-01-26,MANDI-014,Jalandhar,Rice,2215.76,2415.7,2315.73,2183.0
PR007504,2026-03-21,MANDI-049,Ludhiana,Cotton,0.5679,,6112.57,6620.0
PR000557,2026-06-01,MANDI-048,Moga,Mustard,5450.876499573174,6205.58,5828.23,5650.0
PR010838,2026-06-24,MANDI-040,Sirsa,Cotton,5651.53,6423.6336841780285,0.6038,
PR005904,2026-08-03,MANDI-029,Bathinda,Cotton,5922.05,6437.0,6179.47,6620.0
PR002340,2026-04-16,MANDI-032,Fatehabad,Maize,2037.2128966406685,2438.29,2237.75,2090.0
PR005164,2026-02-14,MANDI-047,Ferozepur,Sugarcane,3099.15,3561.87,3330.51,
PR005419,2026-04-04,MANDI-034,,Maize,1792.59,1989.57,1891.0801010394919,2090.0
PR003628,2026-01-31,MANDI-035,Jalandhar,Mustard,5269.3,5870.74,5570.0,5650.0
PR002326,2026-04-13,MANDI-007,Moga,Rice,1935.0,2289.6582390705435,2112.09,2183.0
PR011553,2026-06-26,,,Cotton,5868.892226950057,0.6999,6434.12,6620.0
PR004398,2026-01-19,MANDI-001,Hisar,Sugarcane,3633.16,0.42,3916.64,3500.0
PR004380,2026-06-16,MANDI-028,Ferozepur,Cotton,6461.31,7645.0,7053.19,6620.0
PR007559,2026-04-24,MANDI-033,Jalandhar,Maize,1873.39,0.1968,1920.6210452103287,2090.0
PR008715,2026-07-23,,Amritsar,Maize,2043.34,2382.2,2212.77,2090.0
PR011874,2026-04-03,MANDI-002,Jalandhar,Mustard,,6131.36,5756.15,5650.0
PR010180,2026-02-24,MANDI-044,Patiala,Wheat,2095.0583730370836,,2160.85,2275.0
PR004757,2026-04-25,MANDI-043,Kurukshetra,Cotton,6024.17,6811.0,6418.0,6620.0
PR009888,2026-03-23,MANDI-031,Karnal,Sugarcane,3072.11,0.3233,3152.32,3500.0
PR007389,2026-07-21,,Patiala,Maize,1823.0,1925.4954433755693,1874.1357287333276,0.209
PR004257,2026-04-15,MANDI-024,Fatehabad,Cotton,6458.39,7932.099288327708,0.7195,6620.0
PR005494,2026-11-01,MANDI-021,Jalandhar,Mustard,5667.0,6672.77,6169.98,5650.0
PR005574,2026-03-02,MANDI-018,Fatehabad,Mustard,0.5796,6602.0,6198.97,5650.0
PR006180,2026-02-08,MANDI-055,Patiala,Mustard,0.5257,5623.3,5440.34,5650.0
PR003458,2026-07-18,MANDI-018,Karnal,Wheat,2081.57,2384.7,,2275.0
PR009861,2026-06-02,MANDI-052,Karnal,Mustard,5653.680537122265,6633.0,,5650.0
PR007050,2026-04-18,MANDI-021,Amritsar,Wheat,2083.0,2353.68,2218.29,2275.0
PR002835,2026-05-08,MANDI-019,Ambala,Sugarcane,3538.0,4320.0,3929.11,
PR011470,2026-05-07,MANDI-002,Moga,Cotton,5978.52,7051.514916312291,6515.02,6620.0
PR008016,2026-08-07,MANDI-025,Jalandhar,Maize,2071.0,2218.89066337405,2144.89,2090.0
PR002356,2026-07-17,MANDI-020,Jalandhar,Wheat,2328.0511545049144,2704.04,2516.05,2275.0
PR006910,2026-03-22,MANDI-048,Ludhiana,Wheat,0.2373,2895.73,,0.2275
PR009409,2026-11-02,MANDI-036,Fatehabad,Mustard,5336.71,6078.18,5707.45,0.565
PR010002,2026-04-03,MANDI-012,Ferozepur,Rice,2241.0,2463.08,2352.04,2183.0
PR011071,2026-06-19,MANDI-009,Ambala,Wheat,0.2101,2382.88,2241.98,2275.0
PR008170,2026-07-08,MANDI-020,Ferozepur,Maize,0.1928,0.2251,2089.66,
PR002112,2026-06-23,,Moga,Mustard,4896.58,5683.0,5289.74,5650.0
PR000650,2026-06-06,MANDI-032,,Mustard,,6217.52,5876.565807732841,5650.0
PR004153,2026-06-23,MANDI-008,Karnal,Rice,1886.79,0.2067,1977.0,2183.0
PR006041,2026-04-19,MANDI-047,Patiala,Mustard,5812.96,7199.52,6506.24,
PR008869,2026-08-09,MANDI-005,Amritsar,Cotton,5855.3,6574.841483772062,0.6215,6620.0
PR010626,2026-05-28,MANDI-001,Ludhiana,Sugarcane,3273.83,3555.99,3414.91,
PR005762,2026-04-15,MANDI-005,Ambala,Cotton,6091.37,6852.952644196525,6472.16,
PR003040,2026-02-16,MANDI-006,Amritsar,Mustard,5173.06,5433.9,5303.484164054503,5650.0
PR005898,2026-07-26,MANDI-016,Ludhiana,Maize,0.1842,2221.3,2031.58,2090.0
PR001174,2026-06-18,,Ludhiana,Maize,1983.0,2380.65,2181.78,0.209
PR002699,2026-07-13,MANDI-003,Ambala,Wheat,2080.83,2359.83,2220.33,
PR010515,2026-01-24,MANDI-040,Bathinda,Mustard,5179.15,5474.13,5326.640849083175,0.565
PR000202,2026-07-22,,Jalandhar,Maize,1906.25,2358.0,2132.32,2090.0
PR001941,2026-08-03,MANDI-035,,Wheat,2000.87,0.2404,2202.6,2275.0
PR007603,2026-06-17,MANDI-026,,Sugarcane,3250.36,3665.7,3458.03,0.35
PR002470,2026-07-22,MANDI-043,Moga,Cotton,5670.65,6061.39,5866.02,6620.0
PR005908,2026-01-15,MANDI-046,,Sugarcane,3069.76,3400.1734314608534,3234.96,
PR005095,2026-05-03,MANDI-043,Hisar,Mustard,5552.12,6101.0,5826.59,5650.0
PR010696,2026-01-01,MANDI-038,Sirsa,Sugarcane,2998.81,3673.71,3336.2578160638777,3500.0
PR001191,2026-06-21,MANDI-045,Jalandhar,Rice,,2551.0,2345.49,0.2183
PR009438,2026-07-08,MANDI-015,Kurukshetra,Maize,0.2061,2247.93,2154.42,0.209
PR007722,2026-02-15,MANDI-021,Fatehabad,Wheat,2125.91,2511.912988087201,2318.91,2275.0
PR009193,2026-02-09,MANDI-036,Ferozepur,Sugarcane,3011.87,0.3428,3219.85,3500.0
PR006256,2026-04-25,MANDI-018,Patiala,Cotton,6457.86,6921.36,6690.0,
PR007049,2026-03-31,MANDI-037,Bathinda,Rice,0.2266,2481.0,2373.6050503720353,2183.0
PR010490,2026-07-28,MANDI-050,Hisar,Rice,2286.24,2672.75,2479.0,2183.0
PR001395,2026-02-13,,Jalandhar,Wheat,0.2042,2316.59,0.2179,2275.0
PR002190,2026-09-08,MANDI-014,Amritsar,Rice,2170.6938776793972,2387.59,2279.14,2183.0
PR004053,2026-07-01,MANDI-055,Hisar,Wheat,0.2275,2494.64,2384.74,2275.0
PR009254,2026-08-27,MANDI-019,Patiala,Sugarcane,3026.29,,,3500.0
PR009285,2026-04-03,MANDI-008,Jalandhar,Cotton,6122.62,6987.5687846095825,0.6555,6620.0
PR008470,2026-03-16,MANDI-039,Hisar,Mustard,5325.7,0.6382,5853.64,
PR007290,2026-04-12,MANDI-026,Jalandhar,Rice,0.2274,2582.5165155735763,2428.239437819129,0.2183
PR002659,2026-01-10,,,Sugarcane,3365.76,0.3814,3589.698850040233,3500.0
PR001424,2026-07-22,MANDI-021,,Rice,2077.28,2517.64,2297.46,2183.0
PR010225,2026-08-14,,Bathinda,Cotton,6101.08,6515.0,0.6308,0.662
PR003295,2026-03-21,MANDI-043,,Wheat,,2161.090916832915,2064.75,2275.0
PR001579,2026-01-22,MANDI-013,Jalandhar,Sugarcane,3061.3528715383054,3507.36,3284.35,0.35
PR007356,2026-05-14,MANDI-055,Jalandhar,Rice,2203.44,2670.0226856749564,2436.73,2183.0
PR010699,2026-04-17,MANDI-036,Sirsa,Wheat,0.2311,2433.11,2371.85,0.2275
PR003077,2026-08-04,MANDI-028,,Rice,0.1894,2257.53,2075.76,2183.0
PR005856,2026-11-03,MANDI-028,Karnal,Wheat,1952.76,0.2394,0.2173,2275.0
PR001489,2026-07-19,MANDI-010,Patiala,Rice,1921.5,0.2055,1988.2,2183.0
PR001273,2026-09-08,MANDI-026,Ambala,Rice,2143.05,2287.0,2215.03,
PR002890,2026-06-26,MANDI-006,Karnal,Wheat,0.2099,2579.42,2339.08,2275.0
PR009857,2026-07-04,MANDI-044,Ferozepur,Rice,1863.22,0.2072,0.1968,2183.0
PR008552,2026-05-10,MANDI-048,Hisar,Wheat,1957.0,2146.05,2051.6304932798303,
PR003453,2026-04-26,MANDI-002,Amritsar,Rice,0.2198,2410.25,,
PR005506,2026-05-12,MANDI-004,,Maize,1924.91,2358.2957267346837,2142.0,
PR009974,2026-02-17,MANDI-019,Moga,Wheat,2279.3786512881234,2605.0,2442.3,0.2275
PR003274,2026-08-02,MANDI-029,,Maize,0.2024,0.2504,2264.28,2090.0
PR010067,2026-04-01,MANDI-020,Ludhiana,Wheat,0.1973,2238.92,0.2106,0.2275
PR007353,2026-03-21,MANDI-057,Jalandhar,Mustard,0.5144,5816.0,5479.84,
PR009258,2026-02-27,MANDI-011,Ambala,Mustard,5679.73,6595.52,6137.63,5650.0
PR000840,2026-09-08,MANDI-026,Ludhiana,Wheat,1986.61,2256.8644535412905,0.2122,2275.0
PR004113,2026-01-01,MANDI-020,Jalandhar,Mustard,4923.81,5259.33,5092.0,5650.0
PR004788,2026-01-06,MANDI-023,Ambala,Wheat,2095.92,2290.71,0.2193,
PR005971,2026-03-30,MANDI-006,Moga,Cotton,6525.79,8144.2,7334.992674167929,6620.0
PR006018,2026-08-21,MANDI-019,Hisar,Rice,2024.17,2486.0487847049008,2255.11,2183.0
PR004785,2026-12-07,MANDI-003,Moga,Mustard,5308.72,6402.03,,5650.0
PR000444,2026-05-17,MANDI-055,Fatehabad,Maize,2181.15,0.268,2430.76,2090.0
PR000314,2026-04-25,MANDI-013,Jalandhar,Maize,1815.11,,1883.16,
PR010065,2026-08-04,MANDI-010,Fatehabad,Mustard,5716.6711002692355,6148.36,5932.52,5650.0
PR006226,2026-08-25,MANDI-002,Bathinda,Cotton,6761.36,7709.03,7235.193248891868,6620.0
PR002738,2026-01-04,MANDI-027,Patiala,Cotton,6778.59,7550.55,,6620.0
PR010274,2026-04-17,MANDI-024,Bathinda,Mustard,5019.61,6262.140704378388,5640.874664043673,
PR002687,2026-08-07,MANDI-030,Moga,Rice,1933.01,2306.67,2120.0,
PR009112,2026-08-18,,Fatehabad,Wheat,2049.86,,2153.59,2275.0
PR002154,2026-08-19,MANDI-007,Hisar,Mustard,4924.34,0.5969,5446.8,5650.0
PR011370,2026-08-12,MANDI-007,Jalandhar,Cotton,6168.39,6570.02,6369.2,6620.0
PR006885,2026-02-22,MANDI-028,Fatehabad,Mustard,5287.98,5684.62,5486.3,5650.0
PR007810,2026-04-26,,Sirsa,Mustard,,6148.489569846712,5860.0,5650.0
PR003771,2026-01-05,MANDI-034,Ambala,Maize,,2197.64,,
PR008046,2026-04-29,MANDI-027,,Mustard,5888.33,0.7149,6518.804169831982,5650.0
PR003635,2026-01-08,MANDI-016,Fatehabad,Cotton,5889.97,0.6949,6419.38,6620.0
PR001104,2026-02-05,,Moga,Mustard,5348.95,6477.53,0.5913,0.565
PR010965,2026-06-12,MANDI-001,Sirsa,Maize,2173.0,2475.97,0.2325,2090.0
PR002762,2026-09-06,MANDI-028,Ferozepur,Rice,2080.48,2261.012937782673,2170.75,2183.0
PR010745,2026-06-05,MANDI-013,Ambala,Maize,2075.0,2268.9,2171.93,0.209
PR011334,2026-05-27,MANDI-040,Ambala,Cotton,6738.49,0.7524,7131.05,6620.0
PR004944,2026-07-29,MANDI-038,Karnal,Mustard,4879.0,0.5301,0.509,5650.0
PR001600,2026-06-07,MANDI-012,Sirsa,Mustard,4812.48,5114.8,4963.64,
PR002293,2026-07-27,MANDI-041,Ambala,Cotton,6021.0,6739.0,6380.0,6620.0
PR010890,2026-05-03,MANDI-051,Kurukshetra,Wheat,2026.76,2491.76,2259.26,2275.0
PR000159,2026-02-18,MANDI-046,Patiala,Maize,1788.0,2039.1028974035803,1914.0,0.209
PR005590,2026-07-16,MANDI-019,Patiala,Mustard,5715.0,6550.21,6132.45,5650.0
PR008888,2026-04-24,MANDI-026,Bathinda,Wheat,2225.36,2556.0,0.2391,2275.0
PR002788,2026-04-18,MANDI-037,Bathinda,Maize,1932.35,2306.44,2119.39,2090.0
PR011259,2026-03-15,MANDI-005,Ambala,Rice,1995.0,2156.3771602268457,2075.91,2183.0
PR000240,2026-09-01,MANDI-036,Ambala,Cotton,5675.88,6379.41,,6620.0
PR010643,2026-07-25,MANDI-031,Ambala,Cotton,,0.801,7268.87,6620.0
PR003603,2026-06-08,MANDI-035,Kurukshetra,Mustard,5925.48,6739.96,6333.0,0.565
PR004523,2026-10-06,MANDI-033,,Maize,0.1961,2192.0,2076.66,2090.0
PR008381,2026-07-17,MANDI-007,,Cotton,6865.83,7873.61,0.737,6620.0
PR005835,2026-01-01,MANDI-004,Sirsa,Wheat,1997.69,,2063.64,2275.0
PR008257,2026-05-25,MANDI-035,Patiala,Maize,1864.08,2009.0,1937.0,2090.0
PR009927,2026-08-29,MANDI-017,,Cotton,5976.45,7009.91,6493.18,
PR006303,2026-02-24,MANDI-038,Kurukshetra,Maize,1967.39,0.2096,2031.6805215235272,
PR004326,2026-01-23,,Ferozepur,Sugarcane,3459.62,3786.83,3623.22,3500.0
PR001534,2026-04-29,MANDI-049,Amritsar,Maize,2118.31,2571.45,2344.88,2090.0
PR000040,2026-07-20,MANDI-037,Amritsar,Cotton,5781.0,6163.32,5971.95,0.662
PR009649,2026-07-17,MANDI-041,Jalandhar,Maize,2069.0,2285.0,2176.86,2090.0
PR004236,2026-08-19,MANDI-032,Patiala,Maize,2052.0,2294.7,2173.59,2090.0
PR003583,2026-04-25,,Karnal,Wheat,2205.6,0.233,2267.6452707092785,0.2275
PR006924,2026-06-18,MANDI-044,Fatehabad,Sugarcane,3120.69,3556.64,3338.67,3500.0
PR010193,2026-05-15,MANDI-013,Hisar,Sugarcane,3592.48,3782.35,,3500.0
PR004258,2026-03-29,,Moga,Rice,2135.51,2397.44,2266.0,2183.0
PR009166,2026-06-08,MANDI-043,Ferozepur,Maize,0.1946,2114.245250212813,2030.0,
PR001178,2026-05-15,MANDI-032,Ferozepur,Sugarcane,3140.94,3440.85,3290.9,3500.0
PR005772,2026-06-29,MANDI-042,Kurukshetra,Rice,2021.02,0.2277,2149.03,2183.0
PR011751,2026-07-04,MANDI-041,Jalandhar,Cotton,6573.0,7084.8,6829.13,6620.0
PR010433,2026-01-14,MANDI-045,Moga,Rice,1971.6242320743834,2333.27,2152.45,2183.0
PR011859,2026-07-05,MANDI-025,Karnal,Maize,1889.8855592704995,,2074.03,2090.0
PR006977,2026-07-10,MANDI-021,Ferozepur,Maize,2062.0,2549.5429894663584,2305.99,2090.0
PR001675,2026-01-21,MANDI-044,Fatehabad,Cotton,6625.35,7669.89,7147.62,6620.0
PR002229,2026-04-17,MANDI-048,Bathinda,Maize,0.2006,2403.79,,2090.0
PR003677,2026-08-18,MANDI-009,Amritsar,Sugarcane,3626.3,3948.14,3787.22,3500.0
PR003748,2026-08-12,MANDI-057,Hisar,Wheat,,2277.02,2106.976866284643,2275.0
PR006971,2026-08-13,MANDI-007,Ambala,Mustard,4845.57,,5270.0,5650.0
PR011685,2026-04-08,MANDI-017,Fatehabad,Mustard,0.4851,5763.16,5307.0,5650.0
PR006765,2026-05-17,MANDI-038,Ambala,Cotton,6858.0,7243.17,7050.51,6620.0
PR006596,2026-05-24,MANDI-038,Moga,Mustard,5495.18,6617.76,6056.0,5650.0
PR004913,2026-01-17,MANDI-031,,Mustard,5809.61,6479.49,6144.549398620808,5650.0
PR003683,2026-03-16,MANDI-057,Ambala,Wheat,2239.0,2526.1,0.2382,0.2275
PR005000,2026-06-09,MANDI-038,Kurukshetra,Cotton,6305.321803436482,7704.09,7004.7,6620.0
PR006690,2026-03-31,MANDI-015,,Cotton,,7497.87,7127.65,
PR005363,2026-03-14,MANDI-023,Ferozepur,Sugarcane,3344.13,3565.0,3454.38,3500.0
PR004303,2026-07-25,MANDI-004,Bathinda,Rice,1899.5,2002.67,1951.0,
PR003218,2026-02-02,MANDI-029,Kurukshetra,Cotton,6669.64,8265.61,7467.626311185693,6620.0
PR005329,2026-05-19,MANDI-035,Moga,Sugarcane,3097.0,3859.44,3478.07,3500.0
PR004300,2026-03-20,MANDI-007,Bathinda,Rice,1878.45,2001.0,0.194,2183.0
PR009230,2026-06-23,MANDI-026,Sirsa,Wheat,1946.05,0.2269,2107.3,2275.0
PR000334,2026-03-25,MANDI-048,Kurukshetra,Cotton,6700.0,0.7403,7051.42,6620.0
PR009713,2026-07-01,MANDI-055,Kurukshetra,Maize,1908.0,2313.8550590217515,2110.94,2090.0
PR001380,2026-05-24,MANDI-038,,Wheat,2005.0,2198.0,2101.908154666691,2275.0
PR008865,2026-04-08,MANDI-031,Ferozepur,Cotton,0.6339,6728.51,,6620.0
PR000832,2026-08-28,MANDI-052,Moga,Cotton,5627.49,5922.54,5775.02,6620.0
PR004938,2026-05-04,MANDI-002,Kurukshetra,Maize,1788.68,0.2176,1982.13,2090.0
PR007024,2026-04-28,MANDI-008,Kurukshetra,Mustard,,7032.73,6426.13,5650.0
PR003179,2026-07-02,MANDI-006,Sirsa,Rice,2031.88,2350.53,2191.0,
PR008284,2026-06-05,MANDI-030,Hisar,Rice,1896.85,2318.45,2107.65,2183.0
PR005930,2026-02-06,,Kurukshetra,Rice,2117.91,2492.8577607469115,2305.0,
PR000696,2026-05-24,MANDI-039,Ambala,Mustard,0.5284,5773.04,5528.7,0.565
PR011023,2026-05-27,,Jalandhar,Cotton,6013.0,0.7503,6758.38,6620.0
PR006096,2026-02-18,MANDI-037,Moga,Wheat,1961.05,0.2096,2028.31,2275.0
PR000269,2026-05-31,MANDI-034,Kurukshetra,Rice,2261.0,0.2725,,2183.0
PR007362,2026-08-06,MANDI-032,Ludhiana,Wheat,2242.43,0.255,2396.0984043067274,2275.0
PR008492,2026-08-25,MANDI-044,Ambala,Maize,1900.48,0.2023,1961.77,2090.0
PR008417,2026-11-04,MANDI-001,Fatehabad,Mustard,,0.6472,0.6105,5650.0
PR002237,2026-05-21,MANDI-044,Sirsa,Rice,1898.03,2273.43,2085.73,2183.0
PR008474,2026-01-02,MANDI-053,Jalandhar,Cotton,5726.43,6303.78,,
PR004191,2026-07-28,MANDI-004,Kurukshetra,Cotton,5816.0,6333.33,0.6075,6620.0
PR008430,2026-07-02,MANDI-001,Hisar,Wheat,2178.03,2436.0,2306.77,
PR008156,2026-06-21,MANDI-020,Bathinda,Rice,2011.0,2369.0,2190.0071446767915,2183.0
PR000544,2026-06-03,MANDI-003,Patiala,Cotton,6538.02,7448.58,6993.3,6620.0
PR005963,2026-04-05,,Ferozepur,Maize,1981.9,0.22,2091.0,2090.0
PR008661,2026-09-09,MANDI-052,Hisar,Mustard,5761.88,6890.13,6326.0,5650.0
PR002563,2026-08-09,MANDI-013,Moga,Cotton,5957.9051412492845,6883.96,,6620.0
PR001074,2026-08-31,MANDI-021,Kurukshetra,Wheat,,2517.762340249086,2333.0,
PR003146,2026-04-13,MANDI-016,Patiala,Cotton,6688.96,8070.23,7379.59,6620.0
PR003451,2026-05-27,MANDI-015,Karnal,Cotton,5997.26,7381.641096963524,6689.45,6620.0
PR000704,2026-05-25,MANDI-007,Sirsa,Sugarcane,3182.88,0.3698,3440.42,3500.0
PR008158,2026-03-10,MANDI-021,Hisar,Cotton,6115.15,6645.62,6380.0,
PR004955,2026-08-17,MANDI-020,Sirsa,Wheat,2039.36,2528.87,2284.12,2275.0
PR005306,2026-03-16,MANDI-050,Patiala,Rice,2087.78,2286.0,2187.0724774743258,2183.0
PR008620,2026-08-19,MANDI-029,Moga,Maize,1849.69,,2025.05,2090.0
PR010752,2026-02-23,MANDI-029,Karnal,Maize,2034.81,2313.88,0.2174,
PR000867,2026-02-09,MANDI-034,Hisar,Maize,0.2067,0.2529,2298.0,2090.0
PR007240,2026-03-03,MANDI-023,Ambala,Rice,1919.96,2113.59,2017.0,0.2183
PR005754,2026-04-24,MANDI-032,Sirsa,Maize,2022.49,2408.38,2215.0,2090.0
PR008724,2026-08-02,MANDI-033,Ambala,Mustard,5763.0,6867.0,6315.39,
PR008806,2026-07-04,MANDI-046,Ambala,Cotton,0.578,6396.998545757991,6088.61,0.662
PR005677,2026-05-21,,Kurukshetra,Maize,1834.43,2012.24,1923.34,2090.0
PR004855,2026-08-09,MANDI-011,Ludhiana,Mustard,0.5716,0.6185,5950.73,5650.0
PR008671,2026-08-27,MANDI-033,Kurukshetra,Cotton,5887.06,6984.45,6435.76,6620.0
PR003420,2026-04-25,MANDI-042,Fatehabad,Wheat,2295.43,2484.63,0.239,2275.0
PR009473,2026-03-30,MANDI-045,Kurukshetra,Rice,1922.16,2031.74,1976.95,2183.0
PR009373,2026-05-28,MANDI-006,Karnal,Mustard,5430.44,6269.82,5850.13,
PR005187,2026-04-21,MANDI-025,Hisar,Wheat,2343.4018168311154,2490.78,2417.0,0.2275
PR011276,2026-02-08,MANDI-053,Karnal,Mustard,5032.55,6041.54,0.5537,5650.0
PR001976,2026-03-01,MANDI-054,Ludhiana,Rice,1915.1944834591127,2324.45,2119.82,2183.0
PR004534,2026-06-24,MANDI-048,Sirsa,Cotton,5902.808590580718,0.6745,6323.77,6620.0
PR002414,2026-02-05,MANDI-034,,Mustard,0.5044,6007.79,5525.96,0.565
PR009440,2026-08-30,MANDI-039,Fatehabad,Cotton,6232.85,6899.46,6566.15,
PR002966,2026-06-08,MANDI-036,Bathinda,Rice,1948.61822236364,2352.99,2150.81,2183.0
PR008199,2026-12-06,MANDI-011,Sirsa,Wheat,2074.69,0.2582,2328.59,2275.0
PR007808,2026-08-03,MANDI-031,Kurukshetra,Sugarcane,3064.12,3236.99,3150.555177607025,3500.0
PR002545,2026-01-15,MANDI-027,,Sugarcane,0.3072,3603.32,3337.8365695635425,
PR001265,2026-06-24,MANDI-043,,Cotton,6159.0,7241.97,6700.62,
PR000431,2026-04-17,,Hisar,Maize,2095.0,2248.0,2171.33,2090.0
PR003432,2026-01-22,MANDI-024,Ludhiana,Maize,2000.91,2284.45,0.2143,2090.0
PR006602,2026-05-06,MANDI-055,Ludhiana,Rice,2207.090561605572,2587.0,2397.23,2183.0
PR009874,2026-01-13,MANDI-032,Ferozepur,Rice,2194.11,2501.0,2347.5689510942357,2183.0
PR010427,2026-08-15,MANDI-025,Fatehabad,Rice,1978.18,2154.1167365556257,2066.147888080738,2183.0
PR006273,2026-01-17,MANDI-041,Karnal,Rice,2232.08,2348.87,2290.4751382866516,2183.0
PR005613,2026-10-05,MANDI-041,Ambala,Maize,2082.0912376500014,2242.7319142488827,2162.0,2090.0
PR008901,2026-06-17,MANDI-031,Fatehabad,Rice,2058.0,2528.0,2293.08,2183.0
PR011159,2026-04-18,MANDI-046,Patiala,Sugarcane,3665.96,3938.0,0.3802,3500.0
PR010906,2026-01-20,,,Sugarcane,0.361,4341.98,3976.11,3500.0
PR008371,2026-04-07,,Sirsa,Sugarcane,3285.87,0.3462,,3500.0
PR006811,2026-02-01,MANDI-009,Hisar,Maize,0.1943,2310.0,2127.0,
PR011083,2026-07-16,MANDI-056,,Sugarcane,3519.817141719838,0.3781,3650.3,3500.0
PR004442,2026-01-09,MANDI-009,Fatehabad,Rice,2256.0,2395.26,0.2326,2183.0
PR000025,2026-02-16,MANDI-043,,Rice,0.2147,2592.2355350822318,2369.54,2183.0
PR005925,2026-09-09,MANDI-018,Ferozepur,Sugarcane,3413.0,4236.93,,3500.0
PR002035,2026-03-13,,Patiala,Cotton,6639.3,7349.006416374749,6994.15,0.662
PR009338,2026-07-13,MANDI-026,,Rice,1963.1438304238154,,2062.97,
PR011319,2026-08-28,,Sirsa,Maize,1801.0,1936.63,1868.64,0.209
PR011738,2026-01-25,MANDI-014,Moga,Sugarcane,3318.0,3639.0,3478.81,3500.0
PR002543,2026-09-08,MANDI-012,Ambala,Rice,1895.08,,0.2022,0.2183
PR000160,2026-08-03,MANDI-044,Moga,Wheat,2238.48,2462.27,2350.37,
PR004093,2026-01-01,MANDI-054,,Mustard,4935.33,5934.51,5434.92,
PR003847,2026-04-25,MANDI-005,Ambala,Cotton,6445.0,7242.306890899048,0.6844,
PR010131,2026-06-09,MANDI-029,Ludhiana,Rice,1960.0,2159.352664623796,2059.75,2183.0
PR011562,2026-02-13,MANDI-044,Jalandhar,Cotton,6528.99,6990.11,6760.0,
PR007007,2026-03-28,,Moga,Cotton,5867.0,,6521.73,6620.0
PR011938,2026-05-08,MANDI-049,,Maize,0.2092,2558.25,2325.36,0.209
PR005974,2026-09-02,MANDI-021,Bathinda,Rice,2218.1749343786264,2494.884344515872,2357.0,
PR006104,2026-01-15,MANDI-030,Amritsar,Sugarcane,3407.0,3702.77,3555.05,3500.0
PR005177,2026-02-10,MANDI-041,Ambala,Wheat,2362.4741815759226,2512.98,2437.73,2275.0
PR005006,2026-02-03,MANDI-027,Amritsar,Mustard,5532.51,5935.94,5734.227430862055,5650.0
PR002629,2026-07-21,,Ferozepur,Cotton,6578.51,7046.95,0.6813,6620.0
PR005359,2026-06-27,MANDI-052,Kurukshetra,Sugarcane,3507.24,0.3933,3720.19,3500.0
PR006515,2026-02-24,MANDI-043,Patiala,Rice,2196.04,2482.0,2339.03,2183.0
PR002374,2026-07-17,MANDI-041,Ambala,Wheat,2119.0,2584.56,2352.0,2275.0
PR007042,2026-01-25,MANDI-017,Ferozepur,Rice,0.1955,0.2102,,2183.0
PR002312,2026-08-12,MANDI-016,Patiala,Sugarcane,0.3277,0.3834,3555.72,3500.0
PR010419,2026-07-11,MANDI-039,Patiala,Mustard,5833.0,6373.4,6103.0,5650.0
PR010055,2026-05-29,MANDI-049,,Rice,0.1868,0.2047,1958.0,2183.0
PR006880,2026-02-04,MANDI-056,Amritsar,Wheat,0.2019,0.229,2154.26,
PR011723,2026-09-08,MANDI-040,Hisar,Wheat,2294.62,2845.54,2570.08,0.2275
PR007704,2026-01-03,MANDI-012,Moga,Mustard,4983.76,6212.94,5598.35,
PR001432,2026-03-03,,Ludhiana,Sugarcane,3545.0,4086.96,3816.06,
PR005357,2026-06-15,MANDI-018,,Rice,2120.29,2641.59,2381.0,
PR011853,2026-02-14,MANDI-023,,Sugarcane,3404.97,3954.14,3679.55,3500.0
PR007589,2026-06-19,MANDI-021,Hisar,Wheat,2208.78,0.2462,2335.17,2275.0
PR009456,2026-05-19,MANDI-002,,Rice,1915.95,,2134.25,2183.0
PR007998,2026-02-21,MANDI-042,Moga,Rice,2270.77,0.2673,0.2472,2183.0
PR005900,2026-08-21,,Kurukshetra,Wheat,0.2032,2168.0,2100.22,2275.0
PR005251,2026-06-20,MANDI-050,Amritsar,Rice,2102.9379376256666,2426.48,2264.71,2183.0
PR002038,2026-01-23,MANDI-048,Kurukshetra,Sugarcane,3273.5460738218567,3758.44,3516.0,3500.0
PR007489,2026-05-14,MANDI-049,Karnal,Sugarcane,3661.02,4345.0,4003.0,3500.0
PR002391,2026-04-03,MANDI-008,Ambala,Rice,2236.0,2726.78,2481.16,2183.0
PR003788,2026-06-27,MANDI-028,Ludhiana,Wheat,0.197,2405.44,2187.65,2275.0
PR008441,2026-07-19,MANDI-011,Jalandhar,Cotton,6125.499087662581,6651.0,6388.23,0.662
PR007304,2026-04-30,MANDI-041,Ferozepur,Mustard,5423.02,5755.41,0.5589,
PR004369,2026-02-26,MANDI-054,Sirsa,Maize,2048.27,2524.0,0.2286,2090.0
PR003424,2026-01-30,MANDI-034,Ludhiana,Cotton,6896.19,0.8455,7675.46,6620.0
PR002423,2026-05-03,MANDI-033,,Wheat,1976.8,2397.17,2186.99,2275.0
PR008710,2026-01-20,MANDI-029,Karnal,Rice,,2380.845620266024,,2183.0
PR006292,2026-10-02,MANDI-041,Bathinda,Maize,2121.3,2399.7075214198157,0.2261,2090.0
PR003908,2026-05-08,MANDI-057,Bathinda,Cotton,5643.15,6957.78,6300.46,
PR002419,2026-03-26,MANDI-046,Ferozepur,Mustard,5349.92,6560.05,5954.983741032466,
PR001690,2026-02-12,MANDI-009,Bathinda,Cotton,,8307.44879272969,7577.87,6620.0
PR001269,2026-01-19,,Sirsa,Mustard,5777.51,6132.83,5955.0,5650.0
PR000985,2026-05-31,MANDI-027,Ludhiana,Mustard,5855.11,6203.857379820082,6029.48,5650.0
PR008021,2026-07-06,MANDI-014,Hisar,Mustard,5453.933913878064,6504.56,5979.25,5650.0
PR002261,2026-06-08,MANDI-019,Kurukshetra,Cotton,6533.35,7850.0,7192.0,6620.0
PR009429,2026-01-25,MANDI-014,Sirsa,Rice,2130.47,2293.0,2211.7432910901234,2183.0
PR003798,2026-04-23,MANDI-042,Amritsar,Sugarcane,0.3586,4234.57,3911.0,3500.0
PR009133,2026-06-26,MANDI-019,Jalandhar,Cotton,6896.0,7249.05835595673,7072.78,6620.0
PR008690,2026-02-15,MANDI-008,,Cotton,0.633,0.7467,6898.115703781709,6620.0
PR001622,2026-06-25,MANDI-054,Bathinda,Rice,0.2185,2423.69,2304.42,2183.0
PR011841,2026-05-12,MANDI-037,Amritsar,Wheat,2031.71,2175.39,2103.55,
PR000918,2026-07-05,MANDI-041,Karnal,Cotton,6540.04,6938.03,0.6739,
PR005895,2026-06-29,MANDI-029,Karnal,Rice,,0.217,0.2061,2183.0
PR001197,2026-01-15,MANDI-005,Ludhiana,Maize,2072.52,,2285.946187089387,2090.0
PR003800,2026-08-25,,Ferozepur,Maize,2110.0,2620.0,2364.85,
PR009284,2026-02-05,MANDI-023,Sirsa,Wheat,2285.98,2539.22,2413.0,
PR003363,2026-06-06,MANDI-031,Moga,Cotton,6705.0,7299.681617803965,7002.1,6620.0
PR010731,2026-02-16,MANDI-045,Ferozepur,Maize,1937.42,0.2279,2108.15,0.209
PR008250,2026-06-03,MANDI-039,,Mustard,5143.64,5590.0,5367.0,5650.0
PR005172,2026-04-25,MANDI-018,Moga,Sugarcane,3372.44877118309,4188.91,0.3781,3500.0
PR006084,2026-01-27,MANDI-049,Amritsar,Rice,2133.0,,2352.02,0.2183
PR008463,2026-02-19,MANDI-017,Jalandhar,Maize,2185.39,0.2309,2247.22,2090.0
PR006207,2026-01-28,MANDI-038,Ambala,Rice,2051.55,2459.93,2255.74,2183.0
PR002284,2026-07-29,MANDI-026,Bathinda,Cotton,6523.42,7165.15,6844.28,
PR005670,2026-05-04,MANDI-025,Jalandhar,Mustard,5456.312819215449,6065.65,5761.0,
PR005479,2026-07-12,MANDI-054,,Wheat,2184.0,0.2297,2240.43,2275.0
PR009840,2026-01-22,MANDI-019,Karnal,Rice,2247.5429210785255,2458.56,2353.05,2183.0
PR004718,2026-01-15,MANDI-040,Jalandhar,Cotton,6034.396762989273,6468.78,6251.59,6620.0
PR003447,2026-07-31,MANDI-050,Kurukshetra,Mustard,5026.51,6246.0,5636.14,5650.0
PR010962,2026-02-21,MANDI-018,Fatehabad,Rice,1997.996977251283,2217.87,,2183.0
PR000369,2026-02-28,MANDI-043,Fatehabad,Sugarcane,3620.07,4401.43,4010.75,3500.0
PR011883,2026-04-09,MANDI-046,Patiala,Maize,2133.54,0.2497,2315.43,0.209
PR001636,2026-04-29,MANDI-020,,Sugarcane,0.3528,0.4386,3957.230974116456,3500.0
PR009085,2026-08-30,MANDI-014,Ferozepur,Sugarcane,3421.29,4075.1,0.3748,3500.0
PR002584,2026-06-14,MANDI-024,Bathinda,Wheat,2317.0,2609.75,2463.17,2275.0
PR002034,2026-01-27,MANDI-030,Ambala,Mustard,4975.1,0.6146,5560.78,5650.0
PR008769,2026-04-06,MANDI-048,Patiala,Maize,0.1907,2294.06,2100.41,2090.0
PR003449,2026-04-23,MANDI-008,Ludhiana,Sugarcane,3132.64,3573.47,3353.05,
PR004821,2026-05-17,,Hisar,Sugarcane,3058.79,3512.23,3285.51,3500.0
PR007971,2026-05-15,MANDI-016,Patiala,Wheat,2360.8,2794.87,2578.0,
PR005427,2026-08-06,MANDI-013,Fatehabad,Sugarcane,3386.0,3614.96,0.35,3500.0
PR001759,2026-04-30,MANDI-014,,Wheat,0.2208,2680.22,,2275.0
PR010672,2026-08-22,MANDI-002,Patiala,Cotton,6075.0,,6828.57,6620.0
PR001298,2026-08-10,MANDI-002,,Maize,1829.0,2238.0,2033.08,2090.0
PR000837,2026-04-18,MANDI-028,Amritsar,Cotton,5801.0,6389.74,6095.35,6620.0
PR007214,2026-08-24,MANDI-007,Ludhiana,Wheat,0.237,2753.81,2561.77,
PR001296,2026-02-08,MANDI-002,Moga,Maize,2060.27,2529.079155318747,2294.673645802734,
PR000373,2026-02-14,MANDI-033,Amritsar,Mustard,5511.36,6661.290278393943,6086.32,5650.0
PR010683,2026-04-27,MANDI-023,Bathinda,Maize,1805.4601247836652,2200.0,2002.75,2090.0
PR002119,2026-02-02,MANDI-028,Patiala,Wheat,2095.35,0.2435,2264.95,2275.0
PR011828,2026-08-19,MANDI-002,Amritsar,Sugarcane,3323.86,3982.41,0.3653,3500.0
PR000966,2026-03-31,MANDI-033,,Mustard,5506.48,0.5785,5646.0,5650.0
PR000056,2026-05-25,MANDI-001,Moga,Cotton,6658.59,0.8084,7371.3,
PR003168,2026-05-28,MANDI-008,Kurukshetra,Maize,1880.52,0.2238,2059.36,
PR008442,2026-07-31,MANDI-027,Jalandhar,Sugarcane,3641.63,,3874.65,
PR005962,2026-08-15,MANDI-051,Kurukshetra,Mustard,5698.5,6068.16,5883.33,5650.0
PR009351,2026-01-30,MANDI-056,Fatehabad,Rice,2022.51,2403.05,2212.780620310624,2183.0
PR004919,2026-08-12,MANDI-011,Ludhiana,Maize,2039.74,2480.04,0.226,2090.0
PR011914,2026-05-10,MANDI-017,Moga,Maize,2005.38,2184.94,2095.0,2090.0
PR009960,2026-04-24,MANDI-017,Amritsar,Cotton,6161.13,7399.207022739752,6780.17,
PR011811,2026-08-04,MANDI-029,Fatehabad,Rice,1894.0,2127.36,2010.8,2183.0
PR004348,2026-07-24,MANDI-024,,Maize,1982.19,2205.5959917765817,0.2094,2090.0
PR003774,2026-03-27,MANDI-001,Jalandhar,Sugarcane,3523.0,3950.22,3736.62,3500.0
PR003911,2026-05-24,MANDI-038,Patiala,Wheat,2090.18,2379.3774817044828,0.2235,2275.0
PR006982,2026-01-09,MANDI-011,Hisar,Maize,1785.0,2115.05,0.195,2090.0
PR007200,2026-04-05,MANDI-048,Karnal,Maize,0.1925,2169.0,2046.893235992456,2090.0
PR001917,2026-11-05,MANDI-006,Fatehabad,Sugarcane,3565.015230946707,4315.0,3939.98,3500.0
PR010797,2026-07-01,MANDI-038,Ambala,Rice,0.2197,2423.36,2310.0,0.2183
PR000005,2026-05-21,MANDI-005,Bathinda,Sugarcane,0.3096,0.3835,,
PR001844,2026-05-06,MANDI-009,,Rice,1928.0,2199.39,2063.83,
PR008863,2026-09-03,MANDI-038,Patiala,Mustard,0.4828,0.5461,5144.73,0.565
PR000063,2026-03-18,MANDI-011,Patiala,Wheat,2313.92,2732.8,,2275.0
PR001026,2026-01-22,MANDI-002,Kurukshetra,Mustard,5563.72,6604.87,6084.29,
PR006090,2026-04-16,MANDI-044,Ambala,Mustard,5924.49,7067.54,6496.02,
PR010640,2026-04-28,MANDI-003,Fatehabad,Wheat,2133.06,2375.27,2254.17,2275.0
PR003526,2026-01-04,,Fatehabad,Maize,1974.0,2101.4340664035567,2037.87,
PR011065,2026-02-06,MANDI-024,,Cotton,6084.16,7072.9,6578.53,
PR000969,2026-04-29,MANDI-031,,Rice,2180.0,2339.3643378165148,2259.87,0.2183
PR000013,2026-05-20,MANDI-012,Ferozepur,Maize,1892.29,2162.2699515767004,2027.28,2090.0
PR011786,2026-08-20,MANDI-001,,Wheat,2095.28,2390.97,2243.124483842301,2275.0
PR003863,2026-08-19,,Moga,Sugarcane,3254.0,3577.0,3415.77,3500.0
PR003537,2026-07-23,MANDI-026,Sirsa,Mustard,5748.99,0.6834,0.6292,5650.0
PR011181,2026-02-24,MANDI-010,Jalandhar,Cotton,6269.38,7292.85,0.6781,6620.0
PR002869,2026-06-23,MANDI-005,,Mustard,5245.09,5809.0,0.5527,5650.0
PR007613,2026-03-18,MANDI-044,,Mustard,5874.0,6737.0,6305.41,5650.0
PR007297,2026-06-09,MANDI-044,Patiala,Cotton,5629.71,6968.477878783202,6299.1,6620.0
PR005931,2026-02-13,MANDI-007,Bathinda,Cotton,5679.26,6758.97,6219.11,
PR011815,2026-02-13,MANDI-013,Bathinda,Maize,1886.0,2337.93,2112.0,2090.0
PR009174,2026-04-01,MANDI-042,Ambala,Cotton,5994.231404341045,6768.625189866317,6381.0,6620.0
PR009563,2026-05-28,MANDI-008,Karnal,Rice,1896.57,2276.17,2086.37,2183.0
PR008609,2026-05-25,MANDI-027,Karnal,Wheat,1943.71,2358.95,2151.33,0.2275
PR006245,2026-06-19,,Kurukshetra,Mustard,5166.33,6214.87,5690.6,5650.0
PR000881,2026-04-08,MANDI-010,,Cotton,0.5675,6817.48,6246.28,0.662
PR006574,2026-06-23,MANDI-014,Jalandhar,Cotton,5684.27,6385.312475328309,6034.791517699712,6620.0
PR009158,2026-04-28,MANDI-009,Bathinda,Maize,2089.97,2253.75,2171.86,2090.0
PR002492,2026-01-27,MANDI-004,Bathinda,Rice,1930.2298763250417,2045.18,1987.7,2183.0
PR004135,2026-04-18,MANDI-049,,Sugarcane,0.358,4207.13,3893.39,3500.0
PR003783,2026-04-13,MANDI-017,Hisar,Sugarcane,0.3148,3590.55,3369.0664566962764,0.35
PR008226,2026-03-16,MANDI-036,Hisar,Rice,1910.74,0.2265,0.2088,
PR008087,2026-08-31,MANDI-051,Moga,Maize,1844.72,2220.25,2032.0,2090.0
PR003955,2026-08-08,MANDI-053,Ludhiana,Cotton,6900.91,7254.0,7077.666657201823,6620.0
PR001922,2026-08-19,,,Maize,0.1873,2063.3490685829074,1968.0,2090.0
PR004422,2026-05-11,,Kurukshetra,Maize,0.1786,2190.05,1987.87,2090.0
PR007098,2026-07-03,MANDI-032,Hisar,Sugarcane,3127.135458140334,3662.147905931171,3394.6416820357526,3500.0
PR006887,2026-06-30,MANDI-052,Bathinda,Sugarcane,,3848.0,3553.0,3500.0
PR006888,2026-07-02,MANDI-024,Sirsa,Cotton,5650.72,6936.18,6293.45,6620.0
PR001070,2026-03-03,MANDI-029,Amritsar,Sugarcane,3286.32,3932.64,3609.48,
PR004179,2026-05-04,MANDI-052,Hisar,Wheat,2368.0,2583.98,0.2476,
PR006819,2026-05-23,MANDI-027,Kurukshetra,Cotton,5863.31,0.7259,6561.28,6620.0
PR010800,2026-05-04,MANDI-005,,Cotton,6462.67,6800.95,6631.81,6620.0
PR008359,2026-08-06,MANDI-003,Bathinda,Sugarcane,,3424.0,3318.3,0.35
PR002865,2026-07-14,MANDI-043,Ambala,Mustard,5363.02,0.6572,0.5968,
PR004485,2026-04-03,MANDI-032,Sirsa,Wheat,2325.01,2567.789171737712,2446.4,2275.0
PR005558,2026-04-01,MANDI-048,Jalandhar,Mustard,5138.0,5545.78,5342.14,5650.0
PR004048,2026-07-05,MANDI-044,,Mustard,5905.49,7102.472209074591,6503.98,5650.0
PR000091,2026-02-19,MANDI-036,Moga,Maize,2024.474554122038,2528.51,2276.49327116232,
PR001658,2026-03-07,MANDI-042,Bathinda,Mustard,4950.345692832505,5841.29,5396.0,5650.0
PR008222,2026-06-03,MANDI-051,Fatehabad,Mustard,5261.77,5865.48,5563.625010925354,5650.0
PR003085,2026-05-03,MANDI-010,Jalandhar,Maize,1992.0,0.2329,0.216,2090.0
PR011114,2026-01-17,MANDI-015,Amritsar,Sugarcane,3462.0,3912.8012550657854,0.3687,3500.0
PR004722,2026-02-23,,Fatehabad,Cotton,5751.5812422614945,7085.62,0.6419,6620.0
PR010437,2026-04-01,MANDI-022,,Wheat,0.2197,2710.396875900858,2453.91,2275.0
PR010783,2026-02-04,MANDI-010,Patiala,Sugarcane,3214.0,3714.07,3463.97,
PR008594,2026-01-17,MANDI-036,,Maize,1912.89,2388.0,2150.553795147408,2090.0
PR011012,2026-05-17,,Kurukshetra,Mustard,5776.0,0.6265,0.6021,5650.0
PR000430,2026-02-24,MANDI-017,Amritsar,Wheat,1977.3,2151.66,0.2064,2275.0
PR008578,2026-01-09,MANDI-050,Fatehabad,Maize,,0.225,2034.6,2090.0
PR007046,2026-08-18,MANDI-008,Sirsa,Mustard,4900.0,5238.73,5069.16,5650.0
PR011591,2026-11-07,MANDI-014,Ferozepur,Mustard,5421.06,6358.65,5889.85,
PR001810,2026-06-25,MANDI-022,Kurukshetra,Mustard,4993.28,6114.51,5554.0,5650.0
PR008082,2026-02-13,MANDI-050,Sirsa,Mustard,5058.0,5956.38,5507.31,5650.0
PR001108,2026-04-03,MANDI-051,Ferozepur,Sugarcane,3129.26,3644.92153995593,3387.09,
PR011511,2026-08-12,MANDI-057,Ambala,Maize,2140.0,0.2541,2340.36,2090.0
PR008711,2026-05-08,MANDI-002,Patiala,Cotton,6359.18,7577.3,6968.24,6620.0
PR008057,2026-06-23,MANDI-016,Karnal,Mustard,5119.25,6056.0,5587.58083830754,5650.0
PR010658,2026-03-20,MANDI-015,,Wheat,2221.84,2583.09,0.2402,2275.0
PR001898,2026-05-13,MANDI-043,Kurukshetra,Rice,2200.49,2683.63,2442.0,2183.0
PR007305,2026-05-21,MANDI-022,Ambala,Cotton,6934.09,0.8293,0.7613,0.662
PR007788,2026-12-07,MANDI-057,Kurukshetra,Cotton,6507.99,7463.0,6985.0,
PR000081,2026-01-12,MANDI-030,Moga,Wheat,2298.63,2638.78,,2275.0
PR001256,2026-07-02,MANDI-001,Moga,Sugarcane,0.3502,,3936.03,3500.0
PR010506,2026-09-07,MANDI-057,Patiala,Maize,0.1936,2221.0,2078.44,2090.0
PR000448,2026-02-02,MANDI-049,Fatehabad,Cotton,5889.72,6815.0,6352.0,6620.0
PR005758,2026-02-11,MANDI-027,Patiala,Maize,1928.47,2240.66,2084.56,2090.0
PR005912,2026-01-23,MANDI-010,Ludhiana,Mustard,5350.97,6592.05,5972.0,
PR003838,2026-02-16,MANDI-029,Sirsa,Wheat,2341.94,2579.44,2460.69,2275.0
PR009219,2026-04-23,MANDI-014,,Sugarcane,3384.0,3735.97,3559.7440434848204,3500.0
PR006873,2026-08-15,MANDI-031,,Sugarcane,3338.31,3690.34,3514.33,3500.0
PR007321,2026-01-18,MANDI-028,Bathinda,Sugarcane,3493.58,3744.48,0.3619,3500.0
PR006112,2026-06-27,,Ambala,Sugarcane,3624.32,4324.740505002215,3974.53,3500.0
PR004825,2026-01-26,MANDI-009,Kurukshetra,Sugarcane,3302.32,3979.33,3640.82,3500.0
PR008630,2026-07-15,MANDI-012,Karnal,Cotton,5683.0,6452.0,6068.0,6620.0
PR002750,2026-06-29,MANDI-030,Fatehabad,Cotton,6221.77,7722.0,6971.74,6620.0
PR003816,2026-08-19,MANDI-004,Patiala,Rice,0.1955,2395.7891992473483,2175.62,2183.0
PR011575,2026-10-06,,Jalandhar,Mustard,5725.0,6700.88,0.6213,5650.0
PR009581,2026-01-22,MANDI-015,Patiala,Cotton,0.6685,7573.12,7128.81,6620.0
PR004264,2026-02-07,MANDI-004,Bathinda,Sugarcane,3360.0,4042.0,0.3701,
PR004443,2026-02-04,MANDI-036,Moga,Mustard,5836.9671436410035,6657.0,0.6247,5650.0
PR007180,2026-03-03,MANDI-009,Bathinda,Maize,2177.55,,2373.65,2090.0
PR004431,2026-02-15,MANDI-038,Bathinda,Rice,1946.05,2100.16,2023.1,2183.0
PR003233,2026-12-05,MANDI-049,Moga,Sugarcane,3052.82,3589.0,3320.98,3500.0
PR006131,2026-07-07,MANDI-057,Hisar,Maize,2093.84,2390.0,2241.9283828532566,2090.0
PR002397,2026-12-05,MANDI-010,Sirsa,Wheat,2163.6,2400.08,2281.84,2275.0
PR008846,2026-07-03,,Sirsa,Maize,1865.66,0.2025,1945.39,2090.0
PR008911,2026-04-25,MANDI-023,Patiala,Wheat,2033.3220058189938,2460.0,0.2246,2275.0
PR001122,2026-08-28,MANDI-042,Ludhiana,Cotton,,7444.0,7125.03,6620.0
PR011205,2026-02-06,MANDI-020,Jalandhar,Sugarcane,0.3242,3744.0,3492.77,3500.0
PR000681,2026-06-13,MANDI-048,Fatehabad,Cotton,6222.03,,6658.59,6620.0
PR009209,2026-05-19,MANDI-014,Patiala,Rice,0.2051,2412.95,0.2232,2183.0
PR002749,2026-08-27,MANDI-055,Fatehabad,Cotton,5860.12,7307.0,6583.39,6620.0
PR000267,2026-03-15,MANDI-049,Fatehabad,Wheat,1989.0,2375.95,2182.6,0.2275
PR000579,2026-03-12,MANDI-041,Sirsa,Mustard,4909.92,6135.367453214348,5522.64,5650.0
PR006838,2026-05-01,MANDI-057,Hisar,Mustard,5685.196945588939,6174.75,5929.97,5650.0
PR003971,2026-03-16,MANDI-010,Sirsa,Cotton,6161.33,0.7248,0.6705,6620.0
PR002796,2026-11-02,MANDI-030,Karnal,Wheat,0.2087,2229.07,,2275.0
PR011187,2026-03-18,MANDI-022,Kurukshetra,Rice,2068.15,2536.74,2302.44,2183.0
PR000210,2026-05-16,MANDI-056,Ferozepur,Rice,1924.0,2062.0,1993.31,0.2183
PR002554,2026-08-06,MANDI-013,Patiala,Mustard,4887.0,6007.0,,5650.0
PR011950,2026-04-19,MANDI-044,Ambala,Cotton,6195.0,7647.0,6921.25764987882,6620.0
PR011278,2026-03-29,MANDI-013,Bathinda,Rice,2279.441567906561,2698.43,,2183.0
PR006672,2026-01-21,MANDI-035,,Cotton,6095.84,6975.87,6535.86,0.662
PR005285,2026-01-01,MANDI-041,Karnal,Mustard,5270.0,6228.27774774849,5749.0,5650.0
PR005988,2026-07-16,MANDI-038,Patiala,Cotton,0.5742,6160.99,5951.0,6620.0
PR002239,2026-01-09,MANDI-004,,Wheat,1945.0,2120.43,2033.0,2275.0
PR000312,2026-05-11,MANDI-023,Karnal,Maize,2083.107825543932,2593.99,2339.0,2090.0
PR011178,2026-03-17,MANDI-056,Bathinda,Rice,2083.32,0.221,2146.74,2183.0
PR003266,2026-03-13,MANDI-014,Ludhiana,Sugarcane,3122.434238866164,,3393.0,3500.0
PR000458,2026-03-23,MANDI-024,Kurukshetra,Mustard,5456.76,0.6427,5941.86,5650.0
PR000903,2026-07-19,MANDI-036,Karnal,Cotton,6775.02,7402.236322203013,7089.0,6620.0
PR003678,2026-07-05,MANDI-031,Fatehabad,Maize,1913.0,0.2051,0.1982,2090.0
PR002320,2026-08-28,MANDI-029,,Mustard,5180.0,5921.16,5550.73,5650.0
PR003646,2026-08-16,MANDI-031,Karnal,Wheat,2028.9634290144168,2529.04,2279.0,2275.0
PR010577,2026-12-08,MANDI-012,Ferozepur,Mustard,5199.0,6152.52,5675.720350464778,0.565
PR011313,2026-03-30,MANDI-009,Moga,Sugarcane,3422.09,,3772.185321091014,3500.0
PR002851,2026-06-20,MANDI-045,Fatehabad,Wheat,2149.83,0.2546,2348.0,0.2275
PR002794,2026-08-15,MANDI-049,Fatehabad,Wheat,1967.8,2432.0,0.22,
PR006309,2026-04-19,MANDI-032,Kurukshetra,Sugarcane,0.3483,4191.36,0.3837,
PR007172,2026-05-13,MANDI-022,Moga,Mustard,,5573.14,5256.0,5650.0
PR005681,2026-03-26,MANDI-052,Fatehabad,Rice,2289.06,2455.9,2372.0,2183.0
PR000307,2026-07-22,MANDI-019,Fatehabad,Rice,2241.0,0.2685,,2183.0
PR001015,2026-06-08,MANDI-041,Fatehabad,Wheat,1938.68,2240.3689150504492,2089.52,
PR009203,2026-06-11,MANDI-009,Ludhiana,Cotton,6808.22,0.8308,0.7558,6620.0
PR007627,2026-02-10,MANDI-011,Bathinda,Wheat,2157.87,0.2587,2372.23,2275.0
PR001013,2026-08-01,MANDI-005,Karnal,Wheat,1974.0,2087.1821199962687,2030.42,2275.0
PR006860,2026-12-05,MANDI-008,Ferozepur,Wheat,0.2143,2467.42123244255,2305.2372821632175,2275.0
PR004203,2026-03-19,MANDI-004,Karnal,Maize,2041.93,2185.0,0.2113,2090.0
PR001116,2026-04-23,MANDI-055,,Cotton,6808.69,7506.14,7157.42,6620.0
PR000893,2026-02-01,MANDI-016,Fatehabad,Cotton,6393.08,7086.68,6739.88163167877,6620.0
PR010705,2026-01-19,MANDI-032,Karnal,Wheat,2330.69,2572.18,2451.43,
PR004621,2026-05-23,MANDI-042,Sirsa,Maize,2141.41,2533.37,2337.0,2090.0
PR009854,2026-07-31,MANDI-026,Amritsar,Rice,1986.16,2464.73,2225.44,2183.0
PR010085,2026-04-22,MANDI-047,Hisar,Wheat,0.1992,2212.74,2102.282925652455,0.2275
PR009253,2026-07-15,,Sirsa,Wheat,2031.311154550831,2269.0,0.215,2275.0
PR006440,2026-06-18,MANDI-039,Jalandhar,Sugarcane,3454.0,4003.480654872797,3729.0,
PR011299,2026-11-04,MANDI-022,Moga,Cotton,5709.0,7083.52,6396.15,6620.0
PR005042,2026-04-03,MANDI-025,Bathinda,Sugarcane,3441.95,3653.96,3548.0,
PR000294,2026-06-24,MANDI-027,Fatehabad,Rice,2259.96,2717.723379752362,2488.84,0.2183
PR007322,2026-01-03,MANDI-056,Fatehabad,Rice,1922.06,2183.65,,
PR004211,2026-05-16,MANDI-014,Karnal,Cotton,0.6834,7343.26,7088.55,6620.0
PR010507,2026-12-07,MANDI-036,Moga,Rice,2089.98,2309.27,2199.6230993561912,0.2183
PR004293,2026-02-14,MANDI-056,,Cotton,6535.2,7815.13,0.7175,6620.0
PR008495,2026-03-07,MANDI-041,Karnal,Cotton,5898.85,6286.574804271278,6092.714633890475,0.662
PR001928,2026-06-24,MANDI-053,Ambala,Mustard,5271.94,6430.61,5851.28,5650.0
PR003675,2026-03-22,MANDI-021,Ferozepur,Mustard,5276.15,6099.22,5687.68,5650.0
PR009205,2026-02-22,MANDI-021,Hisar,Mustard,5445.96,5908.96,5677.46,5650.0
PR005188,2026-04-04,MANDI-040,Bathinda,Maize,2166.9714461322674,2407.48,0.2287,0.209
PR006656,2026-05-14,MANDI-007,Hisar,Mustard,5267.222770086152,5673.38,5470.298948091531,
PR002086,2026-02-22,MANDI-029,Ferozepur,Mustard,0.4852,5324.413432497354,5088.06,
PR001735,2026-03-27,MANDI-033,Ferozepur,Mustard,5827.987578913328,7187.61,6507.8,0.565
PR000079,2026-01-14,MANDI-039,Bathinda,Sugarcane,,0.3425,3212.250525058389,3500.0
PR007943,2026-05-15,MANDI-017,,Maize,1792.489330026825,1951.38,1871.94,2090.0
PR005632,2026-04-09,,Hisar,Mustard,5044.83,5690.0,5367.0,
PR000494,2026-08-21,,,Mustard,0.5825,6208.39,6016.52,5650.0
PR005361,2026-01-25,MANDI-046,Moga,Wheat,2383.45,2528.4,2455.93,2275.0
PR010762,2026-03-21,MANDI-056,Kurukshetra,Cotton,6453.0,7885.13,7168.92,6620.0
PR000769,2026-03-25,MANDI-036,Sirsa,Cotton,6934.06,0.8082,7508.21,0.662
PR011600,2026-02-10,MANDI-006,,Rice,2005.36,2422.03,2213.7,2183.0
PR008986,2026-04-22,MANDI-037,Bathinda,Sugarcane,3406.43,3739.22,3572.82,
PR006851,2026-07-26,MANDI-038,Patiala,Wheat,1958.62,2255.68,2107.15,2275.0
PR005606,2026-10-03,MANDI-047,Fatehabad,Wheat,2207.0,2433.0,2320.19,2275.0
PR001043,2026-06-22,,Ambala,Rice,1937.6891984563424,2191.71,2064.7,2183.0
PR008076,2026-01-11,MANDI-051,,Rice,2117.61,0.2462,2290.0,
PR010869,2026-01-01,MANDI-052,Bathinda,Mustard,5615.0,6480.56,6047.837947404732,5650.0
PR001739,2026-03-19,MANDI-004,Fatehabad,Cotton,,7876.5,7254.135686931819,6620.0
PR005040,2026-02-21,MANDI-043,Amritsar,Rice,1911.1,2086.37,1998.73,2183.0
PR002141,2026-01-07,MANDI-014,Jalandhar,Cotton,6852.01,0.8206,7529.03,
PR004682,2026-03-24,MANDI-020,Bathinda,Cotton,6934.96,0.7478,7206.41,6620.0
PR008605,2026-01-20,MANDI-028,Sirsa,Wheat,2322.2,2676.55,2499.3731976184536,2275.0
PR011792,2026-03-17,MANDI-011,Ferozepur,Wheat,2307.66,2719.73,2513.7,
PR010931,2026-06-14,MANDI-009,,Maize,2127.44,2374.13,2250.79,2090.0
PR006348,2026-02-24,MANDI-049,Hisar,Rice,2174.8,2346.17,2260.49,2183.0
PR000394,2026-09-04,MANDI-054,Jalandhar,Maize,1968.98,2291.0,2130.0,2090.0
PR011669,2026-04-18,MANDI-035,Amritsar,Maize,0.1935,0.2144,2039.52,2090.0
PR006558,2026-04-08,,,Cotton,6757.97,7800.78,7279.38,6620.0
PR011310,2026-04-02,MANDI-039,Karnal,Cotton,5710.57,7000.62,6355.59,6620.0
PR007443,2026-05-05,MANDI-010,Moga,Sugarcane,3241.0,3624.92,0.3433,3500.0
PR001231,2026-04-02,MANDI-009,Jalandhar,Cotton,6335.74,7166.32,6751.03,
PR003313,2026-06-22,MANDI-044,Amritsar,Cotton,6487.18,0.7434,0.6961,
PR001316,2026-03-14,MANDI-034,Bathinda,Sugarcane,0.3075,3295.04,3184.87,3500.0
PR009359,2026-01-03,MANDI-047,Kurukshetra,Rice,2221.48,,0.248,2183.0
PR000709,2026-12-03,MANDI-033,Kurukshetra,Mustard,5164.1,5875.19,0.552,5650.0
PR002087,2026-03-13,,Fatehabad,Rice,2049.0,2318.96,2184.0,2183.0
PR007275,2026-05-07,MANDI-040,Patiala,Mustard,5163.25,0.5476,5319.5,5650.0
PR010453,2026-04-29,MANDI-019,Kurukshetra,Maize,1923.84,2245.0,2084.17,
PR008073,2026-04-05,MANDI-001,Ambala,Rice,2104.72,2417.6,2261.16,2183.0
PR008224,2026-08-25,,Ferozepur,Mustard,4871.09,5717.0,5294.1,5650.0
PR006324,2026-01-21,MANDI-023,Ludhiana,Mustard,5552.05,0.6725,6138.63,5650.0
PR007444,2026-06-22,,Kurukshetra,Rice,2256.41,2415.86,2336.13,2183.0
PR003887,2026-04-16,MANDI-027,Ambala,Sugarcane,3538.812907848765,4276.0,3907.31,3500.0
PR003011,2026-02-11,MANDI-057,Sirsa,Wheat,2042.36,2191.0,2116.590744840276,2275.0
PR004090,2026-06-22,MANDI-031,Fatehabad,Wheat,1997.04,2249.56,0.2123,2275.0
PR009142,2026-08-02,MANDI-012,Karnal,Wheat,2244.72,2595.0,2420.0,2275.0
PR002627,2026-01-17,MANDI-051,Moga,Rice,2145.48,2671.68,2408.578445560862,
PR003029,2026-12-01,MANDI-046,Moga,Mustard,0.4844,5770.0,5307.0,
PR011852,2026-04-29,MANDI-029,Karnal,Wheat,1937.43,0.2155,2046.1375738426748,2275.0
PR001960,2026-06-15,MANDI-032,Sirsa,Wheat,1951.79,2333.06,2142.42,0.2275
PR004631,2026-08-03,MANDI-011,Moga,Wheat,0.2338,2732.0,2535.24,2275.0
PR001100,2026-04-14,MANDI-037,Ferozepur,Maize,1813.67,2258.73,0.2036,
PR008367,2026-05-09,MANDI-014,Karnal,Sugarcane,3522.44,3801.0,3661.707333440511,
PR008247,2026-08-16,MANDI-021,Bathinda,Sugarcane,3633.17,4420.52,4026.8451727986358,
PR004186,2026-01-24,MANDI-042,Sirsa,Wheat,2104.27,2599.766503465157,0.2352,
PR011816,2026-08-16,MANDI-002,Ferozepur,Wheat,,2523.18,0.2358,
PR002042,2026-01-20,MANDI-028,Kurukshetra,Rice,2133.47,2493.21,2313.34,
PR011231,2026-07-22,MANDI-045,Ferozepur,Rice,2265.3699624676287,2828.2876263599687,2546.83,2183.0
PR009583,2026-04-21,MANDI-024,Hisar,Maize,2091.18,2292.21,2192.0,0.209
PR010224,2026-08-14,MANDI-017,Hisar,Mustard,0.5042,,5315.027578900945,5650.0
PR005342,2026-06-30,MANDI-013,Amritsar,Rice,2228.222128702534,2435.0,2331.71,2183.0
PR000477,2026-03-04,MANDI-054,Fatehabad,Rice,2111.34,2324.82,2218.08,2183.0
PR001564,2026-07-10,MANDI-039,Karnal,Wheat,0.2032,2158.62,0.2095,2275.0
PR001971,2026-02-08,MANDI-051,Sirsa,Rice,1944.07,0.2418,2180.89,2183.0
PR008935,2026-06-01,MANDI-007,Bathinda,Mustard,5292.955483663655,,0.5837,5650.0
PR006732,2026-09-07,,,Sugarcane,3418.55,4154.2,3786.38,0.35
PR002765,2026-06-06,MANDI-057,,Mustard,4823.65,6014.0,5419.0,5650.0
PR002914,2026-07-08,MANDI-041,Sirsa,Maize,1989.97,2241.757662668336,2115.87,2090.0
PR006427,2026-09-02,MANDI-049,,Cotton,6823.25,7918.44,7370.8454035573795,6620.0
PR001281,2026-08-12,MANDI-050,Moga,Mustard,0.5219,6355.458870053714,5787.25,5650.0
PR004721,2026-01-27,MANDI-037,Karnal,Rice,1875.23,2192.84,0.2034,2183.0
PR000920,2026-06-15,MANDI-054,Moga,Cotton,6582.59,8215.88,7399.23,
PR004764,2026-07-30,MANDI-024,Patiala,Maize,1894.5413904781094,2340.9516972767237,2117.75,2090.0
PR009687,2026-01-21,MANDI-005,Patiala,Sugarcane,3394.48,3589.26,,0.35
PR010929,2026-03-23,MANDI-016,Ferozepur,Wheat,2361.47,2486.36,2424.0,2275.0
PR009184,2026-03-16,,,Cotton,6476.9,7729.67,7103.0,6620.0
PR004571,2026-08-20,MANDI-011,Jalandhar,Sugarcane,,0.3723,3421.77,3500.0
PR009392,2026-10-05,MANDI-046,Sirsa,Cotton,5737.39,6464.02,0.6101,6620.0
PR007726,2026-08-18,MANDI-016,Kurukshetra,Sugarcane,3129.5,3696.67,3413.09,0.35
PR008163,2026-03-14,MANDI-006,Patiala,Sugarcane,3144.33,3444.19,3294.26,3500.0
PR009018,2026-08-11,MANDI-039,Fatehabad,Rice,2086.15,2260.89,2173.52,
PR001823,2026-02-25,MANDI-033,Ambala,Maize,2023.91,2175.7,2099.81,0.209
PR008117,2026-01-23,MANDI-002,Patiala,Mustard,4888.0,5459.0,0.5174,5650.0
PR002939,2026-01-15,MANDI-030,Moga,Wheat,2107.74,2364.57,,2275.0
PR003322,2026-05-23,MANDI-021,Amritsar,Mustard,5284.41,6523.0,5903.88,5650.0
PR005005,2026-11-04,MANDI-040,,Sugarcane,3383.22,0.4095,0.3739,3500.0
PR004813,2026-03-27,MANDI-045,Patiala,Sugarcane,3600.93,4461.02,4030.98,3500.0
PR002187,2026-04-07,MANDI-029,Sirsa,Rice,2268.0,2653.45,2460.56,2183.0
PR006125,2026-07-19,,,Sugarcane,3657.8,4406.37,4032.083023897795,3500.0
PR010190,2026-08-04,,Amritsar,Maize,2024.83,2511.0,2267.91,2090.0
PR009941,2026-02-02,MANDI-057,Amritsar,Mustard,5250.0,6424.0,5836.89,5650.0
PR007209,2026-10-03,MANDI-042,Fatehabad,Cotton,6931.74,7683.863907310575,7307.8,
PR004240,2026-03-20,MANDI-002,Sirsa,Wheat,2215.35,,2365.18,
PR005457,2026-02-25,MANDI-049,Sirsa,Sugarcane,3592.35,4088.18,3840.26,0.35
PR003619,2026-08-28,MANDI-020,Ferozepur,Rice,2007.31,2447.0,2227.39,0.2183
PR001338,2026-08-24,MANDI-010,,Maize,1835.630919646727,2097.14,1966.3863792977959,2090.0
PR010520,2026-08-30,MANDI-020,Moga,Maize,1923.06,2081.4461944693135,2002.25,2090.0
PR003956,2026-06-22,MANDI-036,Jalandhar,Rice,0.1941,2381.95,2161.52,2183.0
PR001490,2026-08-15,MANDI-008,Patiala,Cotton,6710.09,7355.83,7032.96,6620.0
PR006667,2026-08-15,MANDI-005,,Sugarcane,0.3208,0.3375,3291.51,3500.0
PR000045,2026-03-18,MANDI-030,Ambala,Wheat,2115.15,2272.36,2194.0,
PR011726,2026-07-11,,Sirsa,Cotton,5923.69,6678.0,6300.68,
PR002961,2026-03-03,MANDI-025,Patiala,Sugarcane,2976.28,3656.8648081091665,3316.57,3500.0
PR005471,2026-08-21,,Ludhiana,Cotton,6928.0,0.7525,7226.18,6620.0
PR009062,2026-01-06,MANDI-056,Kurukshetra,Mustard,0.5502,6735.91,6118.91,
PR004863,2026-02-26,,,Rice,2016.83,0.2476,0.2247,
PR010492,2026-01-25,MANDI-011,Ferozepur,Rice,2132.93,0.2609,2371.0,2183.0
PR002219,2026-03-23,MANDI-042,Ludhiana,Sugarcane,3205.41177552901,,0.3462,3500.0
PR010483,2026-08-10,MANDI-003,Ludhiana,Maize,0.2158,2595.33,2376.43,2090.0
PR008358,2026-06-11,MANDI-035,Kurukshetra,Mustard,5040.86,5790.0,5415.34,5650.0
PR011957,2026-03-15,MANDI-019,Patiala,Sugarcane,3494.29,3708.0,3601.0,0.35
PR004067,2026-07-30,MANDI-042,Hisar,Mustard,5353.707405217309,6116.39,5735.05,5650.0
PR007332,2026-08-08,MANDI-054,,Cotton,6245.0,6727.96,6486.0,
PR009633,2026-08-03,MANDI-039,Fatehabad,Mustard,4830.0,5948.59,5389.26,5650.0
PR005689,2026-02-23,MANDI-044,Ambala,Maize,2052.467473981898,2254.31,2153.0,0.209
PR001921,2026-08-22,MANDI-047,Amritsar,Sugarcane,3321.5012275309236,4072.0,3696.66,3500.0
PR006449,2026-03-02,,Moga,Cotton,5709.85,6227.0,5969.0,6620.0
PR002235,2026-07-28,MANDI-007,Karnal,Mustard,0.5748,6110.42064017064,0.5929,
PR010523,2026-06-15,,Fatehabad,Wheat,2078.62,2582.71,2330.66,2275.0
PR010624,2026-01-19,MANDI-026,Jalandhar,Wheat,2264.17,2820.91,2542.5394228213836,2275.0
PR008733,2026-03-14,MANDI-025,Sirsa,Cotton,6579.75,7184.0,6882.029714017117,6620.0
PR004823,2026-03-11,MANDI-002,,Maize,0.1941,2286.27,2113.0,2090.0
PR004323,2026-07-06,MANDI-057,Moga,Sugarcane,3380.97,3830.08,3605.53,0.35
PR009442,2026-03-17,,Moga,Sugarcane,3648.58,4079.8,3864.19,3500.0
PR011628,2026-03-11,MANDI-055,Fatehabad,Cotton,5660.68,7024.79,6342.74,6620.0
PR009869,2026-03-16,MANDI-018,Ludhiana,Wheat,,2575.0,0.2327,
PR009228,2026-04-27,MANDI-012,Karnal,Cotton,,7390.85,7082.77,6620.0
PR000041,2026-08-08,MANDI-040,Karnal,Maize,0.1851,2194.88,2023.13,
PR008218,2026-08-14,MANDI-046,,Maize,1843.0,2126.98,1984.98,0.209
PR011900,2026-07-21,MANDI-002,Karnal,Sugarcane,3300.4,0.4082,3690.97,
PR004452,2026-02-03,MANDI-023,Ludhiana,Mustard,5907.0,6705.68,0.6307,
PR009276,2026-06-06,MANDI-017,Kurukshetra,Rice,2289.48,0.2825,2557.0,2183.0
PR007657,2026-01-31,MANDI-011,Ludhiana,Maize,1854.0,2248.45,2051.32,0.209
PR009778,2026-04-26,MANDI-037,Moga,Mustard,5396.978579591415,6453.63,5925.3,0.565
PR001903,2026-05-25,MANDI-034,Hisar,Cotton,0.6266,7502.17,6883.976845798077,
PR000420,2026-04-19,MANDI-054,Ludhiana,Wheat,2261.06,2787.97,2524.51,2275.0
PR006426,2026-05-14,MANDI-039,Karnal,Cotton,,7072.0,6372.45,6620.0
PR000674,2026-08-13,MANDI-032,Fatehabad,Cotton,0.6623,7639.0,7130.94,6620.0
PR004741,2026-04-18,,Hisar,Wheat,0.2303,2544.69,2423.83,2275.0
PR003769,2026-08-12,MANDI-004,Patiala,Rice,2250.41,2585.0,2417.523519512435,
PR007764,2026-02-25,MANDI-051,Kurukshetra,Mustard,5757.24,6297.7,0.6027,5650.0
PR005243,2026-09-04,MANDI-052,Ferozepur,Sugarcane,3423.97,4053.953888499371,3738.96,3500.0
PR007433,2026-04-05,MANDI-023,Ludhiana,Mustard,5070.0,6112.0,0.5591,5650.0
PR003611,2026-03-09,MANDI-049,Jalandhar,Sugarcane,3574.39,4022.0,0.3798,3500.0
PR004789,2026-05-02,MANDI-026,Karnal,Cotton,6395.11,6947.91,6672.0,6620.0
PR004531,2026-07-10,MANDI-005,Ludhiana,Rice,2028.02,2522.93,2275.47,2183.0
PR004528,2026-08-27,,,Sugarcane,,4050.37,3748.29,3500.0
PR007464,2026-02-11,MANDI-041,,Maize,2159.24,2383.71,0.2271,
PR010693,2026-04-17,MANDI-054,,Rice,1952.7,2140.87,2046.78,2183.0
PR004157,2026-07-27,MANDI-056,Kurukshetra,Sugarcane,3192.33,3898.56,3545.44,3500.0
PR010262,2026-02-26,MANDI-027,Patiala,Cotton,6177.91,,6447.77,6620.0
PR011804,2026-05-22,MANDI-041,Jalandhar,Rice,1910.32,2055.98,1983.0,2183.0
PR001332,2026-02-02,MANDI-002,Hisar,Wheat,2173.1799201632016,2496.19,2334.68,2275.0
PR003036,2026-05-29,MANDI-013,Ludhiana,Cotton,5996.0,6864.35,6430.3,
PR006190,2026-04-08,MANDI-008,Fatehabad,Mustard,5124.0,5939.98,5532.2,5650.0
PR002067,2026-06-30,MANDI-001,Kurukshetra,Sugarcane,2997.95,0.3594,3296.16,3500.0
PR007460,2026-03-28,MANDI-053,Hisar,Maize,1913.13,2167.41,2040.0,2090.0
PR006070,2026-05-01,MANDI-038,Sirsa,Maize,0.1851,2152.7188349075186,2001.86,2090.0
PR007217,2026-08-22,MANDI-035,Karnal,Wheat,2253.84,2560.69,0.2407,2275.0
PR003931,2026-03-15,MANDI-008,Fatehabad,Wheat,2247.47,2558.39,2403.0,2275.0
PR001487,2026-03-14,,Fatehabad,Cotton,6169.93,6671.13,6420.53,6620.0
PR003540,2026-05-04,MANDI-054,Ambala,Maize,0.2139,2505.23,2322.12,2090.0
PR003878,2026-07-01,MANDI-005,Patiala,Sugarcane,0.3376,3991.13,0.3683,0.35
PR001510,2026-06-15,MANDI-022,,Sugarcane,3563.6,3893.0,3728.23,3500.0
PR010736,2026-01-12,MANDI-010,Fatehabad,Cotton,6510.85,8016.46,7263.6590311974505,
PR009146,2026-10-05,MANDI-001,Bathinda,Rice,2093.29,2513.54,2303.42,2183.0
PR006019,2026-05-27,MANDI-050,Hisar,Mustard,0.5854,0.6684,6269.2330028946735,5650.0
PR005107,2026-01-04,MANDI-018,Ludhiana,Cotton,6542.418628086731,7509.65,7026.0,0.662
PR003046,2026-02-10,MANDI-054,Bathinda,Wheat,2309.572247708698,,2417.01,0.2275
PR008859,2026-01-19,MANDI-045,Kurukshetra,Wheat,2091.93,2604.82,2348.37,2275.0
PR007184,2026-02-07,MANDI-055,Ferozepur,Mustard,4864.67,5175.9,5020.284783659821,5650.0
PR009979,2026-08-16,,Ambala,Maize,2137.02,2317.44,2227.228990434986,2090.0
PR010282,2026-04-30,MANDI-035,Amritsar,Sugarcane,3380.3,0.4222,0.3801,3500.0
PR007071,2026-01-17,MANDI-044,Patiala,Mustard,4965.75,0.5318,5142.0,0.565
PR009167,2026-02-03,,Sirsa,Wheat,0.2099,0.2566,2332.56,2275.0
PR007369,2026-05-23,MANDI-014,Fatehabad,Cotton,6138.0,0.7327,6732.21,
PR007521,2026-08-29,MANDI-016,,Wheat,2198.08,2736.9,2467.49,2275.0
PR008336,2026-01-10,MANDI-013,Sirsa,Rice,2214.64,2577.19,2395.91,2183.0
PR005492,2026-07-22,MANDI-032,Moga,Wheat,2358.5811081167094,2684.64,2522.0,2275.0
PR000813,2026-07-14,,Ferozepur,Rice,2130.0,2582.0,2355.85,2183.0
PR008471,2026-06-28,MANDI-002,Patiala,Rice,2282.43,2554.7,2418.57,2183.0
PR005955,2026-02-15,MANDI-035,Fatehabad,Mustard,5092.0,0.6313,0.5702,
PR006606,2026-02-16,MANDI-028,Patiala,Wheat,2261.0,2459.15,2360.24,2275.0
PR001970,2026-01-15,MANDI-057,,Mustard,5731.0,6365.38,0.6048,5650.0
PR011170,2026-03-23,MANDI-031,Ludhiana,Wheat,2384.0,2768.0,0.2576,2275.0
PR011361,2026-01-11,MANDI-036,Karnal,Rice,2034.88,2406.34,2221.0,2183.0
PR004822,2026-07-12,MANDI-036,Kurukshetra,Sugarcane,3368.61,4022.0,,0.35
PR001559,2026-07-01,MANDI-026,,Sugarcane,3038.076419901754,3351.65,0.3195,3500.0
PR011265,2026-06-02,MANDI-027,Patiala,Maize,1921.9864699757002,2395.93,2158.96,2090.0
PR002533,2026-02-28,,Bathinda,Sugarcane,3217.49,3750.74,3484.11,3500.0
PR002290,2026-11-01,MANDI-042,Sirsa,Rice,1889.62,2102.0,1995.8715036927101,2183.0
PR011162,2026-02-09,MANDI-039,,Cotton,6780.94,7717.2,7249.07,6620.0
PR009459,2026-03-23,MANDI-002,Sirsa,Sugarcane,3437.76,3635.9662730324785,0.3537,
PR009320,2026-09-03,MANDI-004,Ludhiana,Sugarcane,3052.274264368677,3618.95,0.3336,0.35
PR001099,2026-08-24,MANDI-009,Fatehabad,Wheat,0.2275,2765.19,2519.87,0.2275
PR009424,2026-04-19,MANDI-016,Amritsar,Mustard,5637.18,6805.08,6221.13,5650.0
PR008270,2026-05-09,MANDI-022,Karnal,Cotton,6183.0,0.6938,0.6561,6620.0
PR007831,2026-04-06,MANDI-046,Fatehabad,Wheat,2382.73,0.2874,2628.53,2275.0
PR008574,2026-07-21,MANDI-028,Bathinda,Cotton,0.5865,7069.59,6467.084969925172,6620.0
PR008673,2026-04-24,MANDI-009,Sirsa,Cotton,5744.52,0.6543,0.6144,6620.0
PR009144,2026-03-04,MANDI-013,Bathinda,Wheat,1940.02,2218.0,2079.0,2275.0
PR006217,2026-04-04,MANDI-002,Hisar,Sugarcane,,3546.7,3270.93,0.35
PR003292,2026-01-17,,Ludhiana,Wheat,2074.2,2338.77,2206.49,
PR010615,2026-04-16,,Patiala,Mustard,0.5054,5799.1,5426.0,5650.0
PR001727,2026-03-16,MANDI-022,Karnal,Cotton,6378.47,7428.48,6903.0,6620.0
PR008317,2026-08-13,MANDI-001,,Sugarcane,3209.04,3994.34,3601.69,
PR008274,2026-05-11,MANDI-022,Amritsar,Cotton,5930.28,7181.28,0.6556,6620.0
PR001800,2026-06-07,MANDI-045,Karnal,Cotton,6055.62,6706.04,6380.83,
PR000308,2026-07-09,MANDI-044,Fatehabad,Wheat,2121.9,2605.0,2363.663029804059,
PR004930,2026-07-02,MANDI-015,Moga,Maize,2075.41,0.2292,2183.4536498195725,2090.0
PR006243,2026-06-30,MANDI-026,Kurukshetra,Wheat,1982.0,2467.24,2224.76,2275.0
PR010777,2026-04-21,MANDI-040,Hisar,Cotton,6543.999115389633,8115.028260993039,,6620.0
PR002465,2026-06-04,MANDI-025,Moga,Mustard,0.5298,0.6029,5663.62,5650.0
PR003950,2026-05-18,MANDI-013,Fatehabad,Rice,2103.0,2592.44,,2183.0
PR010765,2026-04-06,MANDI-049,Patiala,Sugarcane,0.3245,3834.0,3539.39,3500.0
PR003601,2026-05-21,MANDI-008,Jalandhar,Maize,2102.88,2249.65,2176.26,2090.0
PR001915,2026-02-16,MANDI-020,Bathinda,Cotton,,6998.44,0.6573,0.662
PR004672,2026-01-17,MANDI-040,,Sugarcane,3122.44,3728.45,3425.45,0.35
PR001130,2026-08-06,MANDI-021,Ferozepur,Rice,1938.0,2400.0,2169.052905633279,0.2183
PR009047,2026-01-26,,Fatehabad,Wheat,2363.3802381446603,,2555.55,2275.0
PR001755,2026-01-04,MANDI-052,Fatehabad,Cotton,,6394.91,0.6135,6620.0
PR005726,2026-07-08,,,Rice,1952.67,2122.84,2037.75,2183.0
PR007861,2026-01-27,MANDI-053,Kurukshetra,Maize,0.2012,0.2216,2114.0,2090.0
PR001410,2026-01-08,MANDI-021,Sirsa,Sugarcane,0.3393,0.3725,,3500.0
PR004949,2026-08-20,,Ferozepur,Maize,2124.0,2313.56,2219.0,0.209
PR005348,2026-07-08,MANDI-056,Ambala,Mustard,5292.58,0.6072,5682.27,5650.0
PR005675,2026-03-15,MANDI-042,Kurukshetra,Cotton,,6702.97,6183.04,
PR005199,2026-03-22,MANDI-020,Ambala,Sugarcane,3395.09,3685.53,0.354,3500.0
PR011088,2026-01-14,MANDI-025,Moga,Sugarcane,3581.02,3975.850477347332,3778.4329373973833,3500.0
PR011943,2026-02-22,MANDI-051,Jalandhar,Mustard,5043.6,0.5933,5488.0,5650.0
PR004893,2026-03-25,MANDI-033,Ludhiana,Wheat,2147.77,,2352.7,2275.0
PR011708,2026-08-23,MANDI-048,,Mustard,0.5381,5918.18,5649.74,5650.0
PR005587,2026-02-23,MANDI-036,Bathinda,Sugarcane,3012.16,3727.09,,0.35
PR003468,2026-07-09,MANDI-011,,Mustard,4986.92,,5312.64,5650.0
PR000305,2026-02-26,MANDI-028,Fatehabad,Maize,2124.18,2482.96,2303.57,
PR010776,2026-02-20,MANDI-007,Ambala,Mustard,5928.04,0.6667,0.6298,0.565
PR001965,2026-04-07,MANDI-029,Jalandhar,Maize,1898.75,0.2329,2114.0,2090.0
PR008420,2026-09-02,MANDI-001,Karnal,Sugarcane,3603.0,3901.17,0.3752,3500.0
PR006386,2026-05-06,MANDI-031,Ludhiana,Rice,2253.06,2602.12,2428.0,
PR002051,2026-03-19,MANDI-038,Fatehabad,Sugarcane,3671.9,0.4003,3837.0,3500.0
PR006882,2026-06-17,MANDI-015,Bathinda,Rice,2059.316202459405,0.2452,2256.0,2183.0
PR009658,2026-07-24,MANDI-051,Hisar,Wheat,2053.3557754451163,2260.82,0.2157,
PR002820,2026-05-13,MANDI-005,Patiala,Maize,,2193.0,1995.53,2090.0
PR004399,2026-07-14,MANDI-057,Karnal,Cotton,0.5967,,6161.29,6620.0
PR002370,2026-06-11,MANDI-006,,Rice,1963.02,0.2075,2019.2,2183.0
PR006212,2026-07-19,MANDI-002,Moga,Wheat,2206.58,2687.0,2447.0,2275.0
PR004950,2026-06-04,MANDI-047,Ferozepur,Mustard,5598.98,6272.31,5936.0,0.565
PR004508,2026-06-11,MANDI-018,Ambala,Mustard,,6464.82,6127.34,5650.0
PR010639,2026-03-17,MANDI-055,Amritsar,Sugarcane,,0.3535,3317.0,
PR005084,2026-01-31,MANDI-008,Ambala,Mustard,,6112.23,5739.91,5650.0
PR008068,2026-08-23,MANDI-035,Ferozepur,Mustard,0.4978,,5407.0,0.565
PR005176,2026-09-03,MANDI-056,,Cotton,5865.073006794688,6341.99,6103.53017698785,6620.0
PR002903,2026-07-09,MANDI-004,Hisar,Wheat,2356.0,2486.896591205236,0.2422,2275.0
PR009757,2026-08-07,,Ambala,Cotton,6436.02,7237.0,0.6836,
PR003443,2026-01-02,MANDI-036,Jalandhar,Wheat,2377.75,2871.95,2624.85,2275.0
PR001882,2026-04-13,,Ludhiana,Rice,1964.0,2092.71,2028.44,2183.0
PR008468,2026-03-14,MANDI-013,Sirsa,Rice,2083.02,2318.67,2200.84,2183.0
PR007824,2026-05-06,,Ambala,Mustard,0.4867,0.5302,5084.29,5650.0
PR006396,2026-06-10,MANDI-002,Sirsa,Rice,2067.0,0.2173,2119.91,2183.0
PR008382,2026-01-17,MANDI-023,Bathinda,Wheat,0.2288,,0.2474,2275.0
PR010873,2026-05-11,,Ambala,Mustard,4884.39,5682.94,0.5284,5650.0
PR010754,2026-07-18,MANDI-023,Patiala,Rice,2189.0,2595.33,2392.31,2183.0
PR000894,2026-08-08,MANDI-014,,Maize,2078.55,2519.0,2298.54,
PR002469,2026-03-26,MANDI-031,Moga,Maize,1886.732445154576,0.2309,2098.0,2090.0
PR005783,2026-06-07,MANDI-020,Sirsa,Rice,2156.0,2553.51,2354.71,0.2183
PR011676,2026-04-13,MANDI-029,Jalandhar,Maize,1915.7,2209.0,2062.55,2090.0
PR005450,2026-06-25,MANDI-046,Fatehabad,Maize,1872.51,2177.5,2025.01,2090.0
PR010217,2026-07-06,MANDI-006,Fatehabad,Cotton,6217.87,0.6559,0.6389,
PR004670,2026-09-07,MANDI-005,Patiala,Mustard,5442.72,,6084.56,5650.0
PR000833,2026-02-06,MANDI-031,Kurukshetra,Maize,1857.6273970183531,2243.243364763335,2050.435380890844,2090.0
PR010258,2026-04-28,MANDI-024,Patiala,Wheat,2147.29,2383.69,0.2265,
PR003737,2026-05-24,,Ludhiana,Maize,2075.0,0.2575,2324.77,
PR011827,2026-03-03,,Moga,Cotton,6242.0,6951.34,6596.87,6620.0
PR009380,2026-10-05,MANDI-009,,Sugarcane,3634.0,4440.16,4037.0174113318867,3500.0
PR002422,2026-03-24,MANDI-001,,Sugarcane,3197.6,3477.21,3337.41,
PR001815,2026-06-26,MANDI-042,Sirsa,Maize,0.1858,2029.64,1943.9072145373534,2090.0
PR004701,2026-01-27,MANDI-019,Ludhiana,Cotton,5761.245466031317,6214.0,5987.54,6620.0
PR005182,2026-02-20,MANDI-023,Ferozepur,Maize,2007.22,2311.8196920385003,2159.52,2090.0
PR010185,2026-05-13,MANDI-054,Bathinda,Cotton,0.656,7659.49,7109.96,6620.0
PR011275,2026-10-08,,Ferozepur,Sugarcane,3214.809772187784,0.3753,0.3484,3500.0
PR005869,2026-03-04,MANDI-032,Ambala,Sugarcane,3247.3148532055934,3976.92,3612.0,
PR003536,2026-01-24,MANDI-054,Ferozepur,Sugarcane,3483.08,3870.26,3676.67,3500.0
PR008254,2026-08-16,MANDI-017,Moga,Mustard,5713.38,6111.002751242942,5912.0,0.565
PR010273,2026-08-26,MANDI-040,,Maize,,2245.75,2161.93,0.209
PR001766,2026-06-12,MANDI-023,Sirsa,Maize,1934.43,2356.028998755845,0.2145,0.209
PR001187,2026-06-22,,Fatehabad,Mustard,5910.59,6360.53,6135.56041429061,
PR008175,2026-06-19,MANDI-020,Ambala,Rice,0.2138,2490.96,2315.0,2183.0
PR004174,2026-01-06,MANDI-011,Patiala,Mustard,4923.65,5326.0,0.5125,5650.0
PR000011,2026-04-09,MANDI-045,Kurukshetra,Rice,2000.27,0.227,2135.28,2183.0
PR009591,2026-08-19,MANDI-005,Ferozepur,Sugarcane,3013.29,3648.32,3330.81,
PR001704,2026-08-21,MANDI-039,Kurukshetra,Wheat,0.2264,2562.49,2413.2,2275.0
PR000428,2026-01-19,MANDI-038,Patiala,Cotton,0.5894,0.7055,6474.35,6620.0
PR005941,2026-02-15,MANDI-035,,Rice,2149.46,2466.41,2308.0,2183.0
PR011462,2026-08-16,MANDI-055,Ambala,Maize,2048.31,,2215.64,0.209
PR007035,2026-04-02,MANDI-026,Kurukshetra,Mustard,5279.69,0.6003,5641.17,5650.0
PR008424,2026-07-18,MANDI-036,Hisar,Maize,1816.09,1909.0,1862.67,2090.0
PR005550,2026-01-08,MANDI-052,,Rice,2072.59,2239.0,2155.88,2183.0
PR011584,2026-02-24,MANDI-030,Sirsa,Mustard,0.5811,6578.06,6194.58,5650.0
PR009328,2026-01-25,MANDI-050,Sirsa,Wheat,2304.39,2739.0,2521.65,
PR010448,2026-02-19,MANDI-035,Ferozepur,Rice,1974.0,2244.697200887353,0.2109,0.2183
PR009263,2026-04-15,MANDI-008,Bathinda,Wheat,2211.43,0.2474,2342.78,
PR009507,2026-08-21,MANDI-015,Kurukshetra,Maize,2105.0,2437.42,2271.0,2090.0
PR007898,2026-11-07,MANDI-009,Fatehabad,Sugarcane,3359.8221082446025,3760.37,3560.0,3500.0
PR002217,2026-01-27,MANDI-007,Kurukshetra,Maize,1918.0,0.2061,0.1989,
PR010050,2026-08-01,MANDI-043,Sirsa,Rice,0.2134,0.2649,2392.0,2183.0
PR005463,2026-07-24,MANDI-032,Moga,Rice,2122.79,2323.7186629264274,0.2223,2183.0
PR003850,2026-06-18,,Fatehabad,Cotton,6757.100759737092,7771.34,,6620.0
PR011085,2026-05-25,MANDI-028,Jalandhar,Rice,2118.15,2623.21,2370.68,
PR001229,2026-04-04,MANDI-038,Jalandhar,Mustard,5779.44,6648.33,,5650.0
PR010417,2026-02-25,MANDI-032,Jalandhar,Cotton,6062.15,6400.0,0.6231,
PR007987,2026-01-17,MANDI-045,Patiala,Rice,1860.18,2196.85,2028.52,
PR006066,2026-03-25,MANDI-029,Hisar,Maize,2009.0,2194.13,2101.701898487153,2090.0
PR002959,2026-09-01,MANDI-016,Jalandhar,Rice,0.2171,2330.25,2250.66,0.2183
PR010945,2026-03-26,MANDI-003,Amritsar,Sugarcane,3215.87,3782.15,3499.012788205662,0.35
PR002676,2026-06-21,MANDI-023,,Mustard,0.5024,0.5976,5500.2603854656645,5650.0
PR000441,2026-07-14,MANDI-049,Fatehabad,Wheat,2173.02,0.2371,2272.0,
PR010435,2026-04-03,MANDI-044,Amritsar,Rice,1936.5,2268.88,2102.69,2183.0
PR001148,2026-05-21,MANDI-045,Jalandhar,Sugarcane,3488.06,4261.0,3874.59,3500.0
PR005026,2026-02-11,MANDI-053,Fatehabad,Maize,,2085.33,2028.39,2090.0
PR005160,2026-03-08,MANDI-003,Moga,Sugarcane,,3533.6748874924083,3338.48,
PR008137,2026-05-08,,Fatehabad,Maize,0.2086,2457.74,0.2272,2090.0
PR011308,2026-06-21,MANDI-016,Ambala,Maize,1844.0,2263.177684454792,2053.47,2090.0
PR000463,2026-07-18,MANDI-037,Kurukshetra,Wheat,2119.5,,2365.92,2275.0
PR005878,2026-07-31,MANDI-031,Ambala,Mustard,0.5331,5884.0,5607.7,5650.0
PR010950,2026-08-29,MANDI-048,Moga,Wheat,2238.0,0.2446,2341.67,
PR007977,2026-05-06,MANDI-012,Patiala,Wheat,2006.598474611768,0.222,2113.08,2275.0
PR009539,2026-07-18,MANDI-054,Amritsar,Maize,0.205,2195.15,2122.5957046913472,2090.0
PR005906,2026-06-24,MANDI-056,Fatehabad,Maize,1871.08,2176.0,2024.0,2090.0
PR008998,2026-06-18,MANDI-008,Patiala,Sugarcane,3347.86,3834.19,3591.02,3500.0
PR007136,2026-03-03,MANDI-036,Kurukshetra,Rice,2139.69,2578.2,2358.944778263258,
PR000167,2026-02-03,MANDI-035,Moga,Rice,1872.74,1972.4690678987477,1922.6,
PR007563,2026-06-27,MANDI-051,Fatehabad,Wheat,1954.42,2058.35,2006.38,2275.0
PR010795,2026-02-21,MANDI-016,Amritsar,Sugarcane,0.3459,4134.7,3796.68,3500.0
PR003244,2026-02-12,,Patiala,Wheat,0.218,2402.98,2291.518961478842,2275.0
PR010886,2026-04-25,MANDI-039,Ferozepur,Rice,0.2277,0.2646,2461.27,2183.0
PR006102,2026-08-04,MANDI-051,Karnal,Cotton,6321.67,7093.74,,6620.0
PR007561,2026-08-02,,Bathinda,Rice,0.2167,2384.0,0.2275,0.2183
PR003664,2026-02-06,MANDI-012,,Maize,1916.0360319735228,0.213,2023.0,2090.0
PR005036,2026-01-12,MANDI-029,Karnal,Wheat,1933.97,2292.16,2113.0,0.2275
PR001723,2026-05-17,MANDI-033,Patiala,Mustard,5216.67,5629.0,5422.6,5650.0
PR002146,2026-05-23,MANDI-015,,Sugarcane,3486.0,3662.29,3573.91,3500.0
PR001545,2026-05-31,MANDI-050,Hisar,Maize,2166.8858272800353,0.2519,2343.0,2090.0
PR010949,2026-05-21,MANDI-015,Ferozepur,Mustard,5159.07,0.5939,5548.88,
PR000118,2026-07-24,MANDI-052,Ferozepur,Wheat,2388.504739165336,2605.0,2497.0,2275.0
PR009676,2026-02-04,MANDI-032,Bathinda,Cotton,5911.3,0.662,6265.43,
PR001628,2026-02-25,MANDI-050,Jalandhar,Cotton,5808.04,6734.0,6271.23,6620.0
PR006410,2026-02-10,MANDI-057,Sirsa,Maize,1997.01,2108.18,0.2053,2090.0
PR003897,2026-08-31,MANDI-039,Hisar,Wheat,2265.81,2517.9,2392.0,0.2275
PR004167,2026-03-17,MANDI-009,,Wheat,0.1984,2397.72,2191.0,0.2275
PR006516,2026-06-08,MANDI-017,Patiala,Cotton,6886.0,8388.767679226059,,6620.0
PR003365,2026-08-31,MANDI-006,Amritsar,Sugarcane,3505.11,3715.0,3609.960329083858,3500.0
PR008215,2026-08-17,MANDI-015,Sirsa,Maize,1922.08,2324.43,2123.25,2090.0
PR004107,2026-03-04,,,Sugarcane,3382.632178322075,0.4094,0.3739,3500.0
PR008752,2026-03-16,,Moga,Cotton,6950.69,7524.5,7238.0,0.662
PR004497,2026-04-27,MANDI-047,Hisar,Rice,1856.75,1988.0,,2183.0
PR003474,2026-04-03,MANDI-004,Jalandhar,Wheat,1936.14,2040.09,0.1988,2275.0
PR006852,2026-10-05,MANDI-028,Moga,Mustard,5187.0,6379.12,5783.05,5650.0
PR011105,2026-07-27,MANDI-010,Ambala,Cotton,5706.97,6851.06,6279.01,6620.0
PR005071,2026-05-08,,Ludhiana,Maize,2147.15,2337.64,2242.39,2090.0
PR010394,2026-05-17,MANDI-033,Ambala,Maize,2130.0,2357.0,2243.12,2090.0
PR001451,2026-01-28,MANDI-005,Moga,Cotton,6907.41,8319.71,7613.558729229673,
PR004116,2026-06-23,MANDI-017,Amritsar,Sugarcane,3041.59,3603.68,3322.6359211326553,3500.0
PR002602,2026-01-05,MANDI-056,Jalandhar,Wheat,,2499.77,2319.59,0.2275
PR011075,2026-02-03,MANDI-013,,Sugarcane,3489.16,3886.8414427166203,3688.0,3500.0
PR011446,2026-03-10,MANDI-038,Kurukshetra,Mustard,5539.615952203506,6072.45,5806.0,5650.0
PR011490,2026-02-06,MANDI-043,,Maize,1863.7,2164.0158366644105,2013.86,2090.0
PR009433,2026-07-04,MANDI-012,Amritsar,Rice,,2476.0,2311.54,0.2183
PR004861,2026-08-05,MANDI-013,Ferozepur,Maize,,2045.88,1943.85,2090.0
PR008286,2026-02-01,,Patiala,Maize,2091.73,2299.61,,2090.0
PR010415,2026-08-02,MANDI-005,Ludhiana,Sugarcane,,3818.55,3709.21,3500.0
PR005704,2026-07-11,MANDI-015,Patiala,Mustard,4866.0,5557.46,5212.0,
PR003806,2026-07-07,MANDI-036,,Mustard,4893.11,5271.29,5082.2,5650.0
PR008996,2026-07-27,MANDI-031,Ferozepur,Sugarcane,3543.84924972235,4305.64,3924.75,3500.0
PR011825,2026-02-09,MANDI-021,Hisar,Rice,2291.3688862708277,2658.0,0.2475,2183.0
PR001336,2026-08-13,MANDI-014,,Maize,2129.68,2381.67,2255.67,0.209
PR004163,2026-05-15,MANDI-044,Jalandhar,Wheat,2381.0,2675.0,0.2528,2275.0
PR003329,2026-06-05,MANDI-040,Bathinda,Maize,1949.07,2425.0,2187.21,2090.0
PR005288,2026-02-23,,Jalandhar,Sugarcane,3006.24,,3237.34,
PR008849,2026-07-21,MANDI-047,Sirsa,Rice,1999.71,2241.99,,
PR010517,2026-02-17,MANDI-008,Sirsa,Cotton,6664.14,0.813,7397.06,
PR011350,2026-08-17,MANDI-002,Patiala,Mustard,5734.226205471681,7166.9,6450.56,
PR011551,2026-05-28,MANDI-051,Ferozepur,Sugarcane,3671.9,3998.0,3835.14,0.35
PR008447,2026-03-09,MANDI-019,Ferozepur,Wheat,2061.93,2165.0,2113.69,
PR003202,2026-02-03,MANDI-056,Ambala,Rice,1973.93,2387.0,2180.0,2183.0
PR008321,2026-01-06,MANDI-003,Bathinda,Sugarcane,0.3543,4182.514737056169,3862.75,
PR006935,2026-05-21,,Patiala,Cotton,0.6874,7391.7205524500505,7132.98,6620.0
PR003539,2026-01-30,MANDI-048,Karnal,Sugarcane,3447.05,,0.365,3500.0
PR008592,2026-02-08,MANDI-017,Hisar,Maize,2152.44,2644.15,2398.0,0.209
PR009775,2026-05-13,MANDI-036,Ludhiana,Rice,1906.0,2061.59,0.1984,2183.0
PR008122,2026-08-21,MANDI-038,,Maize,2070.57,2194.02,0.2132,2090.0
PR006966,2026-06-28,,Kurukshetra,Mustard,5129.4,5411.0,5270.16,5650.0
PR007143,2026-07-09,,Fatehabad,Rice,0.215,2498.91,2324.380239614625,2183.0
PR009244,2026-02-17,,Ludhiana,Rice,1874.0,2043.0,,
PR007679,2026-06-17,MANDI-030,Hisar,Sugarcane,0.3214,3428.0,3320.987493239721,3500.0
PR006249,2026-06-24,MANDI-019,Amritsar,Wheat,2304.0,2764.0,2534.0248266797857,2275.0
PR005411,2026-02-23,MANDI-052,Sirsa,Wheat,2296.13,2677.36,0.2487,0.2275
PR004125,2026-07-13,MANDI-030,,Maize,2048.8,2171.08,0.211,0.209
PR007445,2026-01-22,MANDI-017,Patiala,Cotton,6660.0797658701595,7483.83,7071.95,6620.0
PR009871,2026-07-02,MANDI-010,Ludhiana,Cotton,6846.7,8378.982072794648,7612.843501516165,
PR007309,2026-08-08,MANDI-051,Kurukshetra,Mustard,5159.83,0.5599,5380.0,5650.0
PR001588,2026-08-11,MANDI-024,Bathinda,Sugarcane,3393.43,4132.2,3763.0,3500.0
PR011283,2026-04-05,MANDI-054,Bathinda,Mustard,5227.25,6144.0,5685.39,
PR010899,2026-04-26,MANDI-031,Hisar,Mustard,0.5876,6505.89,6190.78,
PR010584,2026-11-06,MANDI-023,Patiala,Rice,0.2108,2243.47,2175.55,2183.0
PR005531,2026-07-25,MANDI-009,Hisar,Sugarcane,3054.36,0.3527,3290.7,3500.0
PR007302,2026-08-08,MANDI-040,Kurukshetra,Mustard,5380.0,6590.33,5985.0,
PR005999,2026-03-21,MANDI-017,Jalandhar,Mustard,,5788.0,5599.182009109562,0.565
PR000277,2026-02-05,MANDI-025,Moga,Mustard,5138.54,0.5805,5471.86,5650.0
PR000361,2026-04-04,MANDI-032,Jalandhar,Mustard,5482.0,5927.0,5704.55,
PR010807,2026-05-01,MANDI-018,Sirsa,Mustard,5785.85,7129.81,6457.83,5650.0
PR007932,2026-03-20,MANDI-009,Hisar,Wheat,0.208,2258.0,0.2169,
PR011195,2026-07-06,MANDI-033,,Cotton,6018.0,0.7003,6510.37,6620.0
PR004263,2026-04-19,MANDI-053,Karnal,Maize,0.1875,2206.75,2041.11,2090.0
PR003756,2026-05-14,,,Rice,2031.51,2224.0,2127.68,
PR000487,2026-01-31,MANDI-036,Patiala,Mustard,5871.04,6803.3,6337.17,5650.0
PR009048,2026-05-25,MANDI-015,Amritsar,Rice,2041.0,2495.28,2267.9,2183.0
PR010896,2026-08-26,MANDI-029,Ferozepur,Mustard,5777.47,6285.8,6032.0,
PR001996,2026-06-22,,Hisar,Sugarcane,2986.71,3590.92,0.3289,3500.0
PR010840,2026-08-01,MANDI-028,Kurukshetra,Maize,1868.95,,1996.0,2090.0
PR005866,2026-05-04,MANDI-031,Fatehabad,Cotton,6640.77,8042.18,7341.48,6620.0
PR002702,2026-07-19,MANDI-003,Sirsa,Sugarcane,3265.13,3660.8,3462.96,
PR011732,2026-04-02,MANDI-030,Karnal,Sugarcane,3039.04,3290.93,3164.98,
PR000657,2026-03-13,,Bathinda,Cotton,6088.88,,6700.0,6620.0
PR002662,2026-07-27,MANDI-057,Bathinda,Maize,1791.4,2208.04,0.2,2090.0
PR004301,2026-05-09,MANDI-033,Karnal,Wheat,2126.96,2603.0,2364.8237240347135,2275.0
PR009064,2026-05-01,MANDI-034,Jalandhar,Sugarcane,0.3415,4113.47,3764.06,0.35
PR004767,2026-05-29,MANDI-026,Jalandhar,Wheat,0.2063,2271.15,2167.0869627129887,2275.0
PR011401,2026-05-04,MANDI-057,Amritsar,Rice,2180.24,2641.0,2410.47,2183.0
PR009223,2026-02-13,,Ludhiana,Rice,2176.73,,2369.23,2183.0
PR007512,2026-11-06,MANDI-014,Hisar,Maize,1785.85,2072.62,1929.0,2090.0
PR010103,2026-08-05,MANDI-057,Sirsa,Mustard,4879.67,5329.64,5104.65,5650.0
PR008282,2026-03-20,MANDI-045,Ambala,Cotton,5952.66,6973.23,6462.94,6620.0
PR004347,2026-03-03,MANDI-001,Sirsa,Rice,2251.33,2605.92,2428.6244465897953,
PR009006,2026-02-15,,Ludhiana,Rice,1935.0,2184.99,2059.94,2183.0
PR008995,2026-08-08,MANDI-015,,Cotton,,6749.32,6556.43,6620.0
PR000148,2026-03-13,MANDI-055,Kurukshetra,Maize,1823.38,2246.6,2034.99,2090.0
PR005225,2026-03-27,MANDI-039,Karnal,Cotton,6815.33,0.7561,0.7188,6620.0
PR000285,2026-05-24,MANDI-013,Sirsa,Wheat,1982.88,2125.0,2054.16,2275.0
PR005041,2026-07-12,MANDI-033,Hisar,Cotton,5853.08,6634.08,6243.58,6620.0
PR006562,2026-07-31,MANDI-027,,Mustard,5119.0,5382.84,5251.0,
PR009596,2026-02-02,MANDI-022,Bathinda,Wheat,2197.66,0.264,0.2419,2275.0
PR011096,2026-08-20,MANDI-028,Fatehabad,Sugarcane,3336.84,0.3831,0.3584,
PR001721,2026-07-30,MANDI-033,Ambala,Mustard,5121.0,,5606.0,5650.0
PR011903,2026-03-31,MANDI-022,Ferozepur,Wheat,0.2133,0.2375,2253.88,2275.0
PR001285,2026-07-22,MANDI-046,Hisar,Cotton,5785.73570829236,6885.0,6335.59,
PR005066,2026-04-13,MANDI-052,Patiala,Maize,1961.29,2233.61,2097.45,2090.0
PR008607,2026-02-25,MANDI-007,Moga,Mustard,5149.0,0.6298,5723.43,5650.0
PR007762,2026-05-22,MANDI-036,,Mustard,0.5103,6288.71,5695.87,5650.0
PR009794,2026-06-07,MANDI-056,Ludhiana,Mustard,5471.05,6457.333433331212,0.5964,5650.0
PR002220,2026-08-22,,Ferozepur,Wheat,2240.1949747517724,2576.21,2408.2,2275.0
PR001397,2026-06-18,MANDI-012,Amritsar,Wheat,1989.22,0.2309,2149.0,2275.0
PR001141,2026-03-30,MANDI-028,Kurukshetra,Cotton,5916.3,,6602.73,
PR007312,2026-07-17,MANDI-046,Kurukshetra,Sugarcane,3072.11,3478.86,3275.49,3500.0
PR002844,2026-07-06,MANDI-041,Ferozepur,Rice,2003.23,2412.39,2207.81,2183.0
PR003235,2026-06-08,,,Mustard,5076.76,5663.77,5370.27,5650.0
PR007732,2026-07-31,MANDI-023,Jalandhar,Mustard,5931.72,6405.0,6168.36,5650.0
PR009522,2026-03-06,MANDI-043,Moga,Mustard,5926.0,7218.0,6572.14,5650.0
PR008174,2026-09-09,MANDI-019,,Wheat,,2462.02,2395.44,2275.0
PR011803,2026-07-26,MANDI-008,Ludhiana,Rice,2008.0742467238285,2249.01,2129.0,2183.0
PR004457,2026-03-02,MANDI-019,Ambala,Wheat,2305.52,2537.922988936667,2421.72,2275.0
PR007452,2026-07-23,MANDI-022,Hisar,Sugarcane,3631.74,4365.01,3998.371918859567,3500.0
PR001979,2026-06-03,MANDI-050,Karnal,Sugarcane,3431.62,4238.0,3834.99,3500.0
PR009557,2026-01-08,MANDI-038,Fatehabad,Cotton,0.68,7698.57,7249.49,6620.0
PR007059,2026-03-05,MANDI-007,Hisar,Mustard,5842.96,6390.0,6116.53,5650.0
PR002896,2026-01-14,MANDI-015,Hisar,Rice,1938.26,0.2117,,0.2183
PR002712,2026-05-19,MANDI-052,Sirsa,Cotton,6869.36,7303.0,0.7086,6620.0
PR011163,2026-04-22,MANDI-012,Bathinda,Sugarcane,3436.73,4189.795177019828,3813.26,3500.0
PR001780,2026-01-19,MANDI-054,Karnal,Maize,1853.37,1982.3558807662632,1917.87,2090.0
PR006627,2026-07-22,MANDI-050,Bathinda,Maize,2091.83,2315.64,2203.73,2090.0
PR006334,2026-03-27,MANDI-036,Ferozepur,Cotton,6127.31,7529.79,6829.0,6620.0
PR003163,2026-06-14,MANDI-030,Ambala,Wheat,1972.71,2372.34,2172.53,2275.0
PR006729,2026-05-01,MANDI-051,,Mustard,5289.03,6282.1,5785.56,0.565
PR006536,2026-05-21,MANDI-049,,Cotton,6445.0,7597.0,7020.77,6620.0
PR000997,2026-02-24,MANDI-046,Kurukshetra,Sugarcane,0.3275,3978.168880536137,3626.47,3500.0
PR005778,2026-08-05,MANDI-052,,Wheat,,2439.93,2223.0,0.2275
PR003394,2026-07-25,MANDI-052,Hisar,Cotton,5919.72,6682.628426547855,6301.0,6620.0
PR000380,2026-01-30,MANDI-046,,Maize,0.2125,2602.0,2364.0,
PR001597,2026-04-01,MANDI-048,,Maize,1933.8238000474219,2104.5,2019.16,2090.0
PR003032,2026-07-30,MANDI-019,Moga,Cotton,6817.65,7282.01,7050.0,0.662
PR003160,2026-08-21,MANDI-049,Ferozepur,Wheat,0.2058,2392.579263848662,2225.37,2275.0
PR001661,2026-06-21,MANDI-039,Karnal,Wheat,2196.27,2709.7,2452.986100918878,2275.0
PR002713,2026-01-14,MANDI-012,Moga,Sugarcane,3307.7945182356643,3833.88,3570.84,3500.0
PR004907,2026-05-04,MANDI-034,Fatehabad,Mustard,0.5779,6676.12,6227.65,5650.0
PR001611,2026-06-15,MANDI-023,Amritsar,Cotton,0.5664,6045.48,,
PR008981,2026-01-01,MANDI-044,Bathinda,Mustard,5148.0,6387.23,5767.6,0.565
PR008018,2026-05-22,MANDI-051,,Wheat,2100.22,2267.592462962958,0.2184,2275.0
PR000935,2026-04-23,MANDI-010,Ambala,Cotton,5733.07,7130.0,6431.3,6620.0
PR001301,2026-11-01,MANDI-025,Moga,Cotton,6158.93,7390.0,6774.62,6620.0
PR003953,2026-02-04,MANDI-049,Karnal,Wheat,0.217,2634.48,,2275.0
PR010897,2026-07-13,MANDI-014,Bathinda,Rice,1978.05,0.2253,2115.44,
PR005631,2026-03-09,MANDI-002,Kurukshetra,Mustard,5874.99,7147.059748135417,6511.0,5650.0
PR003571,2026-01-28,MANDI-035,Ambala,Wheat,2327.892625530787,0.2897,2612.6,2275.0
PR000970,2026-01-08,MANDI-054,Hisar,Wheat,2075.0,2359.9816849137123,2217.0,2275.0
PR008709,2026-02-15,MANDI-025,Patiala,Mustard,5378.82,6224.07,5801.44,
PR011533,2026-04-07,MANDI-038,Ambala,Sugarcane,0.3418,3911.0,3664.61,3500.0
PR006034,2026-04-05,,Kurukshetra,Cotton,5682.87,7055.37,6369.12,6620.0
PR010884,2026-05-31,MANDI-044,Hisar,Mustard,5267.0,6014.846365257278,5641.164461955812,5650.0
PR011536,2026-05-19,MANDI-048,Ludhiana,Wheat,2267.0,0.2762,2514.55,2275.0
PR007614,2026-07-28,MANDI-001,Kurukshetra,Maize,2180.14,2689.0,2434.58,
PR003428,2026-01-04,,Bathinda,Maize,1871.0,2288.05,2079.2946461226443,2090.0
PR009277,2026-06-15,MANDI-010,Moga,Sugarcane,3645.46,3905.0,3775.2335422901715,0.35
PR007244,2026-01-03,MANDI-008,Ambala,Sugarcane,3155.6016989376085,3654.1,3404.8529140117953,3500.0
PR008677,2026-06-15,MANDI-030,Ambala,Maize,2090.0,2369.0,2230.0,
PR009195,2026-06-01,MANDI-032,Hisar,Maize,2187.8506423894137,2487.0,2337.67,
PR004657,2026-07-23,MANDI-028,Bathinda,Cotton,,6782.89,0.6322,6620.0
PR005662,2026-01-08,MANDI-011,Ambala,Wheat,2119.10509401776,2331.52,2225.310376841018,2275.0
PR001831,2026-02-25,MANDI-034,Karnal,Maize,0.1904,2260.07,2081.87,
PR006503,2026-03-31,MANDI-002,Kurukshetra,Wheat,2327.68,2455.82,0.2392,2275.0
PR009718,2026-04-01,MANDI-012,,Maize,0.2187,2492.0389981004764,,2090.0
PR004123,2026-03-23,MANDI-010,Fatehabad,Wheat,0.2261,2394.0,2327.48,2275.0
PR006485,2026-07-07,MANDI-032,,Mustard,5918.49,7212.0,6565.0,
PR000318,2026-08-24,MANDI-036,,Sugarcane,3629.0,3852.0,,
PR006577,2026-03-27,MANDI-031,Ferozepur,Wheat,1954.0,2264.61,2109.18,0.2275
PR006436,2026-07-10,MANDI-008,Bathinda,Rice,2195.69,2381.87,2288.78,2183.0
PR000812,2026-02-02,,,Rice,2101.31,2524.39,2313.0,0.2183
PR010176,2026-02-17,MANDI-011,Amritsar,Mustard,5566.88,5950.468967611571,0.5759,
PR001235,2026-03-05,MANDI-039,Jalandhar,Cotton,6258.19,7757.45,7008.0,
PR006481,2026-02-03,MANDI-022,Karnal,Wheat,2343.53,0.2472,2407.95,2275.0
PR006185,2026-04-24,MANDI-019,Sirsa,Wheat,2086.69,2221.0,2153.7581169903106,2275.0
PR007689,2026-04-28,MANDI-003,Kurukshetra,Cotton,6783.5,7287.476836493817,7035.0,
PR006598,2026-08-18,MANDI-052,Ambala,Wheat,2068.33,2228.66,2148.49,2275.0
PR009911,2026-05-03,MANDI-039,Fatehabad,Cotton,6382.27,7813.87,7098.07,6620.0
PR003640,2026-06-14,MANDI-011,Ferozepur,Rice,0.1862,2156.23,2009.13,2183.0
PR000194,2026-06-20,MANDI-047,Kurukshetra,Wheat,2237.06,2472.0,2355.0,
PR009446,2026-08-22,MANDI-048,Kurukshetra,Rice,0.2233,2496.81,2365.04,2183.0
PR008719,2026-05-18,MANDI-051,Patiala,Mustard,5232.77,0.5682,5457.3,
PR002923,2026-03-21,MANDI-002,Fatehabad,Mustard,5172.9262749507425,6111.76,5642.34,0.565
PR010775,2026-01-14,MANDI-029,Moga,Sugarcane,3452.12,3644.68,,0.35
PR002163,2026-08-22,MANDI-006,Ludhiana,Wheat,,2314.17,0.2142,
PR008416,2026-04-13,MANDI-024,Ludhiana,Wheat,0.2006,2356.47,2181.38,
PR004284,2026-01-02,MANDI-042,Sirsa,Sugarcane,3237.432897221974,3944.5645404868465,3591.0,3500.0
PR008746,2026-05-14,MANDI-015,Jalandhar,Rice,1875.5,,0.1971,2183.0
PR000753,2026-06-04,MANDI-057,Fatehabad,Sugarcane,3490.03,0.4317,3903.68,0.35
PR001757,2026-03-21,MANDI-012,Bathinda,Cotton,6904.62,0.8018,7461.2,6620.0
PR005355,2026-04-02,MANDI-017,Jalandhar,Rice,2225.91,2539.46,2382.69,0.2183
PR007065,2026-07-31,MANDI-002,Jalandhar,Sugarcane,3385.251365647633,3726.35,3555.8,0.35
PR007884,2026-06-25,,Jalandhar,Maize,1779.08,2004.66,1891.87,2090.0
PR009477,2026-08-14,MANDI-004,Ferozepur,Cotton,5811.59,7001.892333381872,0.6407,6620.0
PR009951,2026-06-05,MANDI-005,Jalandhar,Cotton,5678.0,6406.61,6042.0,
PR000125,2026-03-30,MANDI-005,Sirsa,Wheat,2322.88,2857.0,2589.73,
PR011425,2026-03-05,MANDI-046,Sirsa,Maize,0.1958,2118.35,2038.31,2090.0
PR000669,2026-06-01,MANDI-041,Moga,Wheat,2050.23,0.2229,2139.55,
PR002675,2026-03-05,MANDI-043,Fatehabad,Mustard,5755.56,0.634,6047.861611512393,0.565
PR007251,2026-05-18,MANDI-054,Ambala,Wheat,2210.8,2348.992227507968,2279.89,2275.0
PR000341,2026-06-25,MANDI-024,Jalandhar,Sugarcane,3035.8377528488268,3656.0,3346.0,0.35
PR008647,2026-08-19,MANDI-053,Patiala,Mustard,5082.65,5473.0,5277.61,5650.0
PR011571,2026-09-07,MANDI-053,Amritsar,Cotton,0.6447,,0.6903,6620.0
PR011895,2026-02-26,MANDI-012,Hisar,Mustard,5399.0,6063.18,5730.88,5650.0
PR004917,2026-04-19,MANDI-019,Patiala,Mustard,0.5065,5710.0,5387.25,5650.0
PR008834,2026-03-26,MANDI-018,Patiala,Wheat,2148.5540058913703,2256.26,,2275.0
PR001543,2026-01-16,MANDI-012,Amritsar,Cotton,0.6823,8335.31,7579.28,6620.0
PR011408,2026-05-29,MANDI-011,Bathinda,Mustard,0.5239,6443.21,5841.16,5650.0
PR010751,2026-05-11,MANDI-056,,Mustard,5488.26,,5692.0,5650.0
PR004977,2026-05-22,,Fatehabad,Maize,2146.38,2527.25,2336.81,2090.0
PR009675,2026-03-02,MANDI-056,Amritsar,Sugarcane,3224.139620974188,3572.83,3398.48,
PR009518,2026-01-21,MANDI-050,Hisar,Mustard,0.5615,5921.65,,
PR009057,2026-05-11,MANDI-009,Jalandhar,Sugarcane,3672.82,4505.58,4089.2,3500.0
PR000456,2026-03-13,MANDI-043,,Rice,2099.466016872157,2442.12,2270.79,2183.0
PR010675,2026-02-13,MANDI-046,Moga,Mustard,5874.81,,6225.98,5650.0
PR010447,2026-01-27,MANDI-049,Ferozepur,Wheat,1999.0,2359.13,2178.89,2275.0
PR010546,2026-03-14,MANDI-033,Ambala,Sugarcane,,3741.0,3514.0,3500.0
PR003459,2026-05-12,,Kurukshetra,Mustard,5327.73,0.5966,5647.02,
PR011269,2026-02-24,MANDI-042,Fatehabad,Sugarcane,3053.0,3668.95,3361.0,
PR011322,2026-04-23,,Patiala,Rice,0.2136,0.2504,0.232,2183.0
PR000849,2026-04-13,MANDI-023,Bathinda,Rice,0.2263,2605.89,2434.2,2183.0
PR011597,2026-06-05,MANDI-038,Ludhiana,Rice,2284.05,2430.09,0.2357,2183.0
PR004948,2026-04-14,MANDI-031,Hisar,Cotton,5668.68,6352.33,6010.5,6620.0
PR008903,2026-03-25,MANDI-015,Amritsar,Rice,1960.75,2089.01,2024.88,
PR001128,2026-04-30,MANDI-049,Patiala,Mustard,5694.71,,6010.626347941649,5650.0
PR009361,2026-08-03,MANDI-013,Fatehabad,Maize,1997.0,2446.39,2221.88,2090.0
PR008881,2026-06-14,MANDI-010,Sirsa,Rice,1891.57,0.2044,1967.56,2183.0
PR010881,2026-11-05,MANDI-005,Ludhiana,Wheat,2211.38,2696.0,2453.61,2275.0
PR005394,2026-05-16,MANDI-028,Fatehabad,Maize,2024.32,2183.79,0.2104,2090.0
PR010909,2026-08-11,MANDI-049,,Sugarcane,0.3119,3454.0,3286.2100891853556,3500.0
PR008841,2026-02-22,MANDI-035,Karnal,Wheat,2387.56,2952.934488369668,2670.25,2275.0
PR004689,2026-03-07,MANDI-023,Hisar,Mustard,5822.04,6667.77,6244.91,0.565
PR003671,2026-05-03,MANDI-042,Jalandhar,Rice,,0.228,2108.0,2183.0
PR011668,2026-02-17,MANDI-002,Hisar,Cotton,6402.69,7514.38,6958.54,6620.0
PR003007,2026-07-27,MANDI-002,Ferozepur,Maize,,0.2101,0.1998,2090.0
PR003092,2026-02-10,MANDI-033,Ambala,Sugarcane,2987.61,,3142.15,3500.0
PR003112,2026-12-05,MANDI-054,Fatehabad,Sugarcane,3217.04,3796.28,3506.66,3500.0
PR001247,2026-08-03,MANDI-018,Karnal,Maize,1991.91,2225.58,2108.74,2090.0
PR003933,2026-05-07,MANDI-043,Hisar,Mustard,0.5487,6709.86,6098.0,0.565
PR003038,2026-03-28,MANDI-035,Bathinda,Wheat,2189.32,2574.1,0.2382,
PR006278,2026-04-19,MANDI-027,,Cotton,6234.22,7783.07,7008.64,
PR009966,2026-04-04,MANDI-055,Hisar,Sugarcane,0.3489,0.4296,3892.58,3500.0
PR005280,2026-09-06,MANDI-005,Karnal,Mustard,0.5456,5790.72,5623.0,
PR001770,2026-03-12,MANDI-005,Bathinda,Cotton,6216.82,7057.49,6637.15,6620.0
PR007171,2026-04-11,MANDI-027,Fatehabad,Maize,1877.0,0.2171,0.2024,2090.0
PR002090,2026-03-20,MANDI-021,Moga,Sugarcane,0.3368,4023.28,3695.81,3500.0
PR003302,2026-03-09,MANDI-027,Patiala,Maize,1959.79,2171.0,2065.0,2090.0
PR011971,2026-08-29,MANDI-027,Hisar,Mustard,5727.54,6876.56,6302.05,0.565
PR000408,2026-06-03,MANDI-005,,Cotton,5701.89,6645.170193243233,6173.53,0.662
PR003858,2026-03-14,MANDI-043,Patiala,Mustard,5735.59,6140.0,5938.0,5650.0
PR003655,2026-01-17,,Ferozepur,Sugarcane,0.3313,3617.22,3465.14,
PR010968,2026-02-09,MANDI-008,Karnal,Cotton,,,6930.0,6620.0
PR011257,2026-03-04,MANDI-011,Ambala,Rice,2165.0,2678.0,2421.56,2183.0
PR003264,2026-05-04,MANDI-008,,Rice,1884.9457823285193,2288.72,2086.84,2183.0
PR005327,2026-04-10,,Amritsar,Mustard,5408.777109964395,6350.0,5879.0,5650.0
PR006474,2026-02-03,MANDI-046,Moga,Rice,2283.0,2550.92,2417.0,
PR008791,2026-04-20,,Jalandhar,Sugarcane,3282.2961537744077,3654.24,3468.27,0.35
PR004616,2026-07-25,MANDI-017,Patiala,Mustard,5499.83,6650.54,6075.19,5650.0
PR011244,2026-06-06,MANDI-002,,Mustard,5556.65024830461,,5943.04,5650.0
PR007465,2026-02-19,,,Mustard,5331.171120005295,6438.06,5884.62,5650.0
PR011663,2026-07-31,MANDI-007,,Cotton,5844.61,6849.96,6347.28,6620.0
PR001101,2026-07-28,MANDI-042,,Sugarcane,2990.34,3354.0,3171.96,
PR003104,2026-04-20,,Fatehabad,Rice,0.2045,2523.0,0.2284,2183.0
PR005821,2026-04-20,MANDI-034,Moga,Wheat,2363.21,2891.81,2628.0,2275.0
PR005767,2026-03-17,MANDI-029,,Cotton,0.5646,6499.0,6072.24,6620.0
PR001986,2026-04-13,MANDI-036,Fatehabad,Mustard,5531.72,6585.0,6058.54,5650.0
PR000303,2026-02-01,MANDI-037,,Cotton,5843.0,7193.6,6518.27,6620.0
PR001787,2026-01-01,MANDI-046,Hisar,Maize,1953.0,2245.76,0.2099,
PR009498,2026-04-24,MANDI-055,Kurukshetra,Wheat,2365.0,2903.92,0.2634,
PR001798,2026-07-05,MANDI-010,Bathinda,Sugarcane,3297.81,0.3603,3450.57,3500.0
PR004730,2026-06-09,MANDI-013,Hisar,Cotton,0.6284,6688.52,6486.03,6620.0
PR005308,2026-03-15,MANDI-036,Patiala,Sugarcane,0.3313,,3537.69,0.35
PR006546,2026-02-17,MANDI-030,Karnal,Wheat,2066.31,2559.55,2312.93,2275.0
PR003142,2026-02-02,MANDI-057,Ludhiana,Mustard,5272.0,6237.870573106542,0.5755,5650.0
PR008294,2026-07-28,MANDI-051,Jalandhar,Mustard,0.5164,5937.74,,5650.0
PR005624,2026-02-14,MANDI-034,Kurukshetra,Wheat,2280.0,2597.56,2438.71,2275.0
PR010864,2026-04-23,MANDI-012,Moga,Rice,,2377.62,2313.0,2183.0
PR005549,2026-08-25,MANDI-010,Fatehabad,Cotton,6668.57,8293.4,7480.99,6620.0
PR007318,2026-04-23,MANDI-016,Patiala,Maize,1874.65,2131.0,2003.0,0.209
PR000548,2026-02-23,MANDI-032,Ludhiana,Wheat,2037.0,2511.74,,2275.0
PR004666,2026-05-03,MANDI-014,Amritsar,Rice,2101.52,2311.1529667779178,2206.34,
PR007696,2026-06-21,MANDI-038,Moga,Sugarcane,3416.97,3922.0,3669.42,3500.0
PR007724,2026-08-16,MANDI-022,Moga,Rice,2251.3,0.2418,2334.86,
PR009749,2026-03-28,MANDI-027,Patiala,Sugarcane,3511.15,0.4133,0.3822,
PR000491,2026-01-21,MANDI-054,Patiala,Wheat,2199.96,2467.11,2333.53,0.2275
PR006143,2026-03-14,MANDI-026,,Maize,2109.34,2563.55,2336.443122701112,0.209
PR002624,2026-04-07,MANDI-031,,Mustard,5914.09,7053.0,6483.51,
PR011027,2026-06-01,,Bathinda,Mustard,5117.33,5822.72,5470.0,5650.0
PR006115,2026-04-09,MANDI-007,Patiala,Sugarcane,0.3338,3660.84,3499.4,3500.0
PR009499,2026-01-21,MANDI-050,Karnal,Mustard,5846.52,6167.476728591307,6007.0,5650.0
PR006252,2026-07-07,MANDI-011,,Wheat,2053.9,0.2556,2305.06,0.2275
PR005353,2026-03-06,MANDI-030,Ludhiana,Sugarcane,3077.0,3245.51,3161.25,0.35
PR000854,2026-03-18,MANDI-039,Sirsa,Rice,2183.0,0.2683,2433.07,2183.0
PR008678,2026-01-12,MANDI-008,Patiala,Maize,1861.23,0.226,0.206,2090.0
PR007766,2026-06-24,MANDI-036,Kurukshetra,Mustard,5779.0,6717.37,6248.344044008549,5650.0
PR007636,2026-07-11,MANDI-009,,Mustard,5202.68,6172.92,5687.8,
PR008096,2026-01-02,MANDI-015,Moga,Cotton,,6619.95,6217.0,0.662
PR005882,2026-02-20,MANDI-043,Ferozepur,Mustard,0.5795,7014.0,,
PR011626,2026-05-30,MANDI-002,,Rice,2230.09,0.235,0.229,2183.0
PR004587,2026-07-03,MANDI-048,Ambala,Wheat,2126.0,2414.0,2270.0,2275.0
PR007032,2026-07-19,MANDI-037,Kurukshetra,Sugarcane,0.3387,3910.35,3648.525016681966,3500.0
PR004069,2026-07-24,MANDI-050,Patiala,Rice,0.1965,2423.7,2194.44,
PR002294,2026-08-29,MANDI-036,,Mustard,4974.42,6152.74,5563.575870713181,0.565
PR006242,2026-03-14,MANDI-031,Karnal,Rice,1966.76,,2208.33,2183.0
PR008134,2026-08-08,MANDI-017,Amritsar,Sugarcane,,3566.57,0.3458,3500.0
PR010860,2026-07-29,MANDI-048,Ferozepur,Mustard,5908.62,7141.135340866453,6524.88,
PR008161,2026-08-17,MANDI-005,Patiala,Maize,2100.0,2415.79,2257.73,2090.0
PR011768,2026-03-12,MANDI-011,Ambala,Mustard,5525.8,0.6367,5946.24,0.565
PR006800,2026-08-03,MANDI-052,Ludhiana,Cotton,,0.8456,0.7629,
PR001929,2026-04-22,MANDI-050,,Sugarcane,0.3487,3905.97,3696.7196188326902,
PR006009,2026-03-04,MANDI-023,,Sugarcane,3534.62,3881.0,3707.86,3500.0
PR003249,2026-06-18,MANDI-049,Karnal,Rice,2127.0,2595.63,2361.32,2183.0
PR011523,2026-02-28,MANDI-011,Moga,Cotton,6212.27,7225.4632608986485,,0.662
PR004709,2026-07-30,MANDI-034,Jalandhar,Mustard,5361.0,6415.07,5888.17,5650.0
PR002096,2026-09-09,MANDI-020,Fatehabad,Rice,2000.0,2192.14,2096.29,2183.0
PR009472,2026-06-15,MANDI-009,Jalandhar,Mustard,0.5889,7214.98,6552.0,5650.0
PR006224,2026-07-21,MANDI-025,Amritsar,Cotton,0.6628,0.7674,7151.13,6620.0
PR002899,2026-05-15,MANDI-052,,Sugarcane,,4278.0,3872.0,3500.0
PR011978,2026-06-03,,Kurukshetra,Mustard,5586.07,,6000.72,5650.0
PR005823,2026-05-03,MANDI-049,Bathinda,Cotton,6577.94,0.6998,0.6788,6620.0
PR011637,2026-02-04,MANDI-031,Patiala,Mustard,5281.26,5880.0,5580.394156518776,5650.0
PR002698,2026-02-13,MANDI-009,Kurukshetra,Rice,0.2077,2594.61,2335.583556532266,
PR010304,2026-03-14,MANDI-031,,Cotton,6798.18,8279.85,0.7539,0.662
PR000816,2026-07-06,MANDI-056,Patiala,Rice,1857.06,2184.42,2020.74,2183.0
PR008726,2026-01-12,MANDI-042,Sirsa,Cotton,6824.25,8136.99,7480.62,6620.0
PR006582,2026-03-08,MANDI-056,Jalandhar,Mustard,5446.57,6721.16,0.6084,
PR009742,2026-08-14,MANDI-026,Amritsar,Wheat,1942.23,2228.52,2085.37,
PR005929,2026-01-19,MANDI-011,Hisar,Sugarcane,3026.16,3196.73,3111.45,
PR004968,2026-07-10,MANDI-023,Ambala,Mustard,5891.99,0.7222,6556.92,
PR010314,2026-12-06,MANDI-009,Amritsar,Maize,1933.21,2044.15,1988.68,0.209
PR008524,2026-11-03,MANDI-029,Moga,Cotton,0.6326,7298.0,6811.99,6620.0
PR001959,2026-04-28,MANDI-053,Fatehabad,Rice,2287.0,2703.36,2495.28,2183.0
PR011736,2026-04-02,MANDI-045,Fatehabad,Wheat,0.1968,0.215,0.2059,
PR008135,2026-06-30,MANDI-021,Hisar,Sugarcane,3387.0,3641.4069179772846,3514.32,
PR007186,2026-04-05,,Fatehabad,Wheat,2069.9527226699165,2337.16,2203.56,2275.0
PR006232,2026-03-04,MANDI-046,,Rice,1963.0,2372.0,0.2168,2183.0
PR004255,2026-04-20,MANDI-007,Bathinda,Maize,1860.14,,,2090.0
PR005048,2026-04-01,MANDI-018,Kurukshetra,Sugarcane,3223.05,3472.62,0.3348,3500.0
PR001143,2026-04-02,MANDI-033,Patiala,Sugarcane,3041.49,0.3298,3170.0,0.35
PR009950,2026-07-22,MANDI-033,Jalandhar,Sugarcane,0.3531,,3631.94,3500.0
PR009179,2026-03-23,MANDI-013,Ferozepur,Wheat,2176.12,2460.77,2318.444050248994,2275.0
PR005438,2026-02-28,MANDI-039,Moga,Cotton,6146.78,7379.91,0.6763,6620.0
PR010053,2026-02-07,MANDI-039,Jalandhar,Cotton,6863.65,0.795,7407.02,
PR003197,2026-07-30,MANDI-054,Amritsar,Sugarcane,3201.0,3417.35,3308.94,0.35
PR000126,2026-07-19,MANDI-018,Ambala,Sugarcane,3485.0,4271.752987360922,0.3878,3500.0
PR004564,2026-05-12,MANDI-057,,Maize,,2296.03,2077.3571664511674,2090.0
PR003016,2026-01-13,MANDI-024,Ambala,Cotton,6384.71,7589.84,6987.28,
PR001408,2026-07-20,,,Maize,1888.12,0.2327,2107.77,2090.0
PR010851,2026-04-17,,Fatehabad,Maize,2018.43,2271.61,2145.02,2090.0
PR005747,2026-06-07,MANDI-028,Bathinda,Mustard,5565.26,6741.77,6154.0,5650.0
PR008568,2026-04-18,,Ambala,Sugarcane,3373.0,0.3746,0.356,
PR009222,2026-04-12,MANDI-004,Ludhiana,Cotton,6011.69,0.6817,6414.13,6620.0
PR000271,2026-05-16,MANDI-028,Fatehabad,Maize,2084.05,2247.15,2165.6,2090.0
PR006825,2026-08-14,MANDI-042,Ludhiana,Maize,2144.0,2644.77,2394.58,2090.0
PR002950,2026-06-06,MANDI-056,Moga,Sugarcane,3140.76,0.3923,3532.008218364857,
PR005370,2026-03-13,MANDI-037,Ambala,Maize,2093.11,2419.94,0.2257,2090.0
PR003261,2026-05-18,MANDI-048,Fatehabad,Maize,2016.0,2326.8630820392145,2172.0,2090.0
PR008010,2026-03-30,MANDI-057,Fatehabad,Wheat,2204.91,0.2595,2400.0,2275.0
PR008957,2026-06-02,MANDI-035,Moga,Wheat,0.213,,2291.43,2275.0
PR009613,2026-02-25,MANDI-057,Hisar,Maize,2124.92,0.225,0.2188,
PR010531,2026-08-08,MANDI-032,,Maize,1880.79,2317.91,2099.35,
PR006142,2026-06-15,MANDI-029,,Wheat,2076.35,2343.88,2210.12,2275.0
PR006323,2026-02-09,MANDI-004,Ferozepur,Wheat,2030.0,2188.4554010717247,2109.0,2275.0
PR008717,2026-01-08,MANDI-012,,Rice,2194.9,0.2394,2294.33,0.2183
PR006587,2026-01-25,MANDI-007,Ludhiana,Wheat,0.2153,2575.88,2365.0,2275.0
PR011515,2026-12-02,MANDI-051,Kurukshetra,Rice,2072.05,2573.0,2322.63,2183.0
PR010141,2026-03-28,MANDI-015,Amritsar,Rice,2154.57,2317.0,0.2236,2183.0
PR001728,2026-07-02,MANDI-029,Ambala,Maize,2055.57,2450.3749582195,2252.97,2090.0
PR009070,2026-04-26,MANDI-007,Hisar,Wheat,1935.26,2155.03,2045.15,
PR001354,2026-02-18,MANDI-044,Patiala,Sugarcane,3498.88,4270.2,0.3885,3500.0
PR007472,2026-05-14,,,Wheat,2328.94,2713.85,2521.394060602976,2275.0
PR008026,2026-05-04,MANDI-041,Fatehabad,Mustard,5093.0,0.5898,5495.26,
PR003477,2026-03-08,MANDI-041,Fatehabad,Maize,2111.69,2632.83,2372.0,2090.0
PR000613,2026-01-18,MANDI-038,Amritsar,Rice,1930.92,2245.3239181434446,2088.1203902369325,2183.0
PR007430,2026-02-18,MANDI-015,Hisar,Sugarcane,3305.14,0.3752,3529.0,3500.0
PR006184,2026-02-25,MANDI-044,Fatehabad,Sugarcane,3406.0,,,3500.0
PR002461,2026-05-02,MANDI-043,Amritsar,Mustard,5618.91,6202.97,5910.94,5650.0
PR010857,2026-03-11,MANDI-032,Hisar,Cotton,6703.8713456912565,0.7507,7105.35485129507,6620.0
PR009916,2026-01-01,MANDI-042,Ferozepur,Sugarcane,3442.79,4171.68,3807.24,3500.0
PR011341,2026-04-05,MANDI-037,Ambala,Maize,1800.25,0.197,1885.1988089448857,2090.0
PR010108,2026-06-11,MANDI-030,Ferozepur,Wheat,1977.0,0.2349,2162.91,2275.0
PR008541,2026-02-28,MANDI-008,Jalandhar,Maize,1920.0,0.2101,2010.41,2090.0
PR009084,2026-04-28,MANDI-016,Sirsa,Sugarcane,3173.5,0.3935,,
PR000300,2026-02-03,MANDI-033,Ambala,Wheat,1962.5679027292995,2440.07,0.2201,2275.0
PR010375,2026-02-04,,,Mustard,5693.89,7054.56,6374.23,5650.0
PR003276,2026-04-14,MANDI-001,Fatehabad,Rice,1961.8,0.2318,2139.98,
PR006673,2026-02-09,MANDI-016,Kurukshetra,Mustard,4955.0,5310.0,5132.0,
PR008646,2026-03-11,MANDI-039,,Wheat,2279.21274644306,2553.73,0.2416,
PR008837,2026-05-11,MANDI-036,Jalandhar,Sugarcane,3396.96,3914.41,3655.68,3500.0
PR011107,2026-05-25,MANDI-015,Amritsar,Mustard,4827.99,5258.01,5043.0,5650.0
PR005976,2026-05-10,,,Rice,2235.1,2592.9,,2183.0
PR010175,2026-01-28,MANDI-014,Moga,Maize,1842.27,2263.19,2053.0,2090.0
PR003457,2026-07-21,MANDI-047,Sirsa,Cotton,6533.997872718656,7842.0,0.7188,6620.0
PR005872,2026-01-10,MANDI-048,Moga,Rice,1965.49,2132.99,2049.2390833950512,2183.0
PR009211,2026-07-16,MANDI-014,Bathinda,Maize,2042.71,,2228.0,2090.0
PR003922,2026-09-08,MANDI-029,Jalandhar,Sugarcane,3655.813725764469,3929.0,3792.16,3500.0
PR003727,2026-06-03,MANDI-036,Karnal,Sugarcane,0.3242,,3360.54,3500.0
PR002930,2026-05-16,MANDI-004,Kurukshetra,Sugarcane,3380.6177999629763,4007.926728163156,3694.27,3500.0
PR009973,2026-01-27,,Karnal,Cotton,6126.87,,6631.02,6620.0
PR007381,2026-08-18,MANDI-005,Bathinda,Mustard,5006.99,5622.628377661291,5314.81,5650.0
PR001783,2026-08-20,MANDI-010,Fatehabad,Sugarcane,3111.48,3838.42,0.3475,3500.0
PR006193,2026-01-30,MANDI-034,,Cotton,0.5954,0.7268,6611.07,6620.0
PR006074,2026-03-22,MANDI-004,Kurukshetra,Sugarcane,3025.24,3403.0,0.3214,3500.0
PR007635,2026-01-22,MANDI-045,Patiala,Rice,1981.5,2416.63,2199.06,0.2183
PR008842,2026-08-14,MANDI-008,,Sugarcane,3000.35,3688.164550093473,3344.26,0.35
PR005755,2026-07-03,MANDI-033,,Wheat,1941.37,2314.1272378821664,2128.0,2275.0
PR011211,2026-03-04,MANDI-024,Amritsar,Wheat,2203.15,2391.45,0.2297,
PR004087,2026-03-31,MANDI-027,Kurukshetra,Wheat,2090.68,2593.0,2341.64,
PR009207,2026-07-17,MANDI-017,,Sugarcane,3608.25,3840.6758732420885,3724.46,3500.0
PR006118,2026-01-12,MANDI-023,Karnal,Wheat,2316.22,2523.5103629700707,2419.86,2275.0
PR004370,2026-02-18,MANDI-049,Karnal,Sugarcane,3017.87,3621.0,3319.45,3500.0
PR010498,2026-03-17,MANDI-008,,Mustard,4889.0,6098.38,5493.6,5650.0
PR005380,2026-06-01,MANDI-014,Karnal,Sugarcane,3373.0,3667.47,3520.34,3500.0
PR002915,2026-04-18,MANDI-030,Ferozepur,Rice,2038.0,2337.8759177115,2187.7,2183.0
PR009686,2026-09-06,MANDI-020,Kurukshetra,Maize,2057.39,0.2437,,2090.0
PR002926,2026-07-04,MANDI-024,Kurukshetra,Maize,2135.94,2251.9642887579735,2193.95,2090.0
PR010279,2026-07-16,MANDI-028,Fatehabad,Rice,2156.65,2632.0,0.2394,
PR004599,2026-06-08,MANDI-049,,Sugarcane,3531.88,4370.05,3950.97,3500.0
PR002591,2026-08-13,MANDI-005,Jalandhar,Cotton,6804.0,7792.05,7298.24,
PR007286,2026-03-06,MANDI-030,Jalandhar,Maize,1943.68,2320.78,2132.2325132307938,2090.0
PR004992,2026-05-16,,Ambala,Sugarcane,3574.98,4425.0,0.4,3500.0
PR007480,2026-07-08,MANDI-001,Patiala,Rice,2136.1306630228437,2323.0,0.223,2183.0
PR009954,2026-05-13,,Hisar,Sugarcane,3285.57,3837.35,0.3561,3500.0
PR003913,2026-04-03,MANDI-036,Kurukshetra,Wheat,2303.2,2646.84,2475.02,2275.0
PR003706,2026-06-18,MANDI-044,,Wheat,2065.0,2512.890308075632,2289.04,
PR004519,2026-01-10,MANDI-051,Ambala,Wheat,2110.06,0.2458,0.2284,2275.0
PR001169,2026-06-08,MANDI-036,,Maize,1963.12,2298.310496164595,2130.71,2090.0
PR004366,2026-03-24,MANDI-001,,Rice,2021.0,2192.63,2107.05,2183.0
PR010186,2026-05-30,MANDI-011,Ludhiana,Mustard,5189.42,5550.67,5370.0,5650.0
PR004492,2026-10-08,MANDI-022,Hisar,Wheat,0.2079,2326.62,2202.77,2275.0
PR003861,2026-07-25,MANDI-046,,Wheat,2194.0,2646.43,0.242,2275.0
PR006970,2026-01-11,MANDI-036,Sirsa,Maize,2071.81,2194.77,2133.29,2090.0
PR003431,2026-08-26,MANDI-052,Ferozepur,Mustard,5240.0,0.5544,5391.86,5650.0
PR005086,2026-05-17,MANDI-038,Amritsar,Sugarcane,3348.6203544680347,3831.92,3590.27,3500.0
PR010151,2026-02-01,MANDI-009,Karnal,Rice,1904.14,2083.09,1994.0,2183.0
PR011300,2026-03-01,MANDI-051,Moga,Wheat,2009.16,2351.000123128081,2180.08,2275.0
PR002836,2026-02-18,MANDI-004,Ludhiana,Mustard,5547.98,5859.0,5703.33,5650.0
PR006666,2026-12-06,MANDI-034,Hisar,Mustard,5538.98,6888.33,0.6214,5650.0
PR003371,2026-04-04,MANDI-001,Karnal,Rice,2205.22,2697.55,2451.39,
PR007553,2026-05-11,MANDI-057,Ambala,Rice,2253.69,2676.06,2465.0,
PR005836,2026-06-11,,Ferozepur,Maize,2101.7,2579.0,2340.55,
PR011808,2026-03-26,MANDI-011,Ferozepur,Sugarcane,3524.73,3718.22,3621.48,3500.0
PR003725,2026-06-17,MANDI-014,Fatehabad,Wheat,2115.83,2495.56,2305.69,2275.0
PR007263,2026-01-16,MANDI-053,Jalandhar,Sugarcane,3212.74,3983.0,3598.0,
PR010164,2026-03-11,MANDI-018,Bathinda,Mustard,4997.3,5830.32,5414.0,0.565
PR010125,2026-02-26,MANDI-031,Amritsar,Rice,,2070.8,0.2009,2183.0
PR001854,2026-01-08,MANDI-015,Moga,Maize,2146.4,2472.29,,
PR006046,2026-09-06,,Moga,Maize,1852.68,2221.97,2037.322689982585,2090.0
PR011427,2026-04-07,MANDI-046,Ambala,Wheat,2115.35,0.2437,,2275.0
PR007661,2026-03-01,MANDI-020,,Maize,1965.61,2134.92,2050.0,2090.0
PR006037,2026-06-29,MANDI-024,Kurukshetra,Maize,1812.32,0.192,1866.19,
PR003650,2026-03-22,MANDI-046,Bathinda,Mustard,5639.45,6329.0,0.5984,5650.0
PR001731,2026-02-26,MANDI-029,Amritsar,Wheat,0.2223,,2426.81,2275.0
PR004283,2026-02-26,MANDI-015,Ferozepur,Sugarcane,3075.51,3785.7585132420922,0.3431,
PR007970,2026-10-05,MANDI-009,Amritsar,Wheat,2343.0,2572.01,2458.0,2275.0
PR008655,2026-03-06,MANDI-027,Ambala,Rice,1961.26,0.2387,0.2174,
PR011572,2026-06-23,MANDI-015,Karnal,Cotton,6242.56,7406.88,6824.72,
PR002711,2026-04-02,MANDI-042,Patiala,Maize,2187.0,2458.0,2323.0,2090.0
PR005299,2026-04-23,MANDI-050,Karnal,Mustard,5503.29,6844.28,6173.78,
PR007927,2026-03-17,MANDI-014,Amritsar,Maize,0.1815,2090.95,1953.0,2090.0
PR010916,2026-07-17,MANDI-042,Kurukshetra,Rice,2183.8010439128993,0.2596,2390.0,2183.0
PR011638,2026-02-09,MANDI-024,Karnal,Sugarcane,3643.983812382767,0.4322,3982.99,3500.0
PR001626,2026-04-06,MANDI-054,Fatehabad,Maize,2019.21,2484.0,2251.42,2090.0
PR007303,2026-05-03,MANDI-035,Karnal,Mustard,4847.01,,5160.721308630724,5650.0
PR002599,2026-06-03,MANDI-050,Ambala,Mustard,5230.0,6302.08,5766.2,5650.0
PR010809,2026-01-06,MANDI-036,Ludhiana,Cotton,6080.876624577334,0.6483,6282.0,6620.0
PR003398,2026-06-18,MANDI-011,Hisar,Rice,0.211,2629.94717163021,2369.78,2183.0
PR011724,2026-06-18,MANDI-026,Patiala,Mustard,0.5595,6846.78,6221.0,5650.0
PR001032,2026-05-21,MANDI-013,Ludhiana,Cotton,6338.14,7172.48,6755.309971928591,6620.0
PR010372,2026-07-27,MANDI-054,Jalandhar,Mustard,5892.47,0.7107,0.65,0.565
PR008383,2026-03-19,MANDI-040,Amritsar,Sugarcane,3108.0,3346.0,3227.12,3500.0
PR000027,2026-02-07,,Amritsar,Wheat,2052.0,,2306.02,0.2275
PR008091,2026-04-09,MANDI-035,Kurukshetra,Rice,1983.15,2193.09,2088.12,2183.0
PR008206,2026-06-23,MANDI-035,Jalandhar,Cotton,6217.28437471682,0.7169,6693.0,0.662
PR003316,2026-05-16,MANDI-052,Fatehabad,Sugarcane,3628.69,3999.0,3813.75,3500.0
PR001615,2026-02-09,MANDI-021,Bathinda,Sugarcane,0.3507,3722.449238578277,3614.908484237815,3500.0
PR009396,2026-08-08,MANDI-056,Hisar,Wheat,2094.18,2598.14,2346.16,2275.0
PR011001,2026-07-12,MANDI-050,,Wheat,,2192.0,2114.91,2275.0
PR004409,2026-02-19,MANDI-017,,Wheat,2312.87,2878.25,0.2596,
PR009083,2026-06-08,MANDI-014,Hisar,Mustard,0.532,5862.74,5591.47,5650.0
PR003366,2026-06-27,MANDI-040,Moga,Mustard,5616.6,6188.74,5902.67,5650.0
PR002344,2026-07-06,,Ambala,Wheat,2194.03,2654.62,0.2424,2275.0
PR011262,2026-05-23,MANDI-035,Kurukshetra,Sugarcane,3040.0,0.3583,3311.511309071975,0.35
PR009074,2026-02-24,MANDI-044,Moga,Mustard,4989.92,0.6043,5516.42,5650.0
PR007639,2026-02-25,,Jalandhar,Mustard,5061.0,5681.23,5371.03,5650.0
PR011503,2026-02-06,MANDI-029,Fatehabad,Wheat,0.2094,2396.73,2245.49,2275.0
PR000225,2026-01-06,MANDI-017,Hisar,Sugarcane,3636.6865828690547,3821.0,0.3729,3500.0
PR011120,2026-07-30,MANDI-051,Fatehabad,Maize,2190.0,2608.0,2399.0,2090.0
PR004734,2026-01-14,MANDI-007,Patiala,Wheat,2020.793728954413,2474.22,2247.51,
PR005194,2026-02-08,MANDI-043,Hisar,Sugarcane,3011.43,0.3364,3187.49,3500.0
PR011821,2026-07-16,MANDI-012,Amritsar,Rice,1944.69,2180.5,2062.59,0.2183
PR002313,2026-01-15,,Jalandhar,Maize,0.1871,0.2152,2011.5,2090.0
PR003689,2026-07-25,MANDI-015,Ambala,Cotton,0.5875,6959.92,6417.48,
PR000746,2026-02-18,MANDI-011,Ambala,Mustard,0.5796,0.6522,6158.85,5650.0
PR004791,2026-01-02,MANDI-010,Bathinda,Sugarcane,0.3498,3930.94,3714.65,
PR007761,2026-04-13,MANDI-026,,Maize,0.1972,0.2413,2192.37,0.209
PR007675,2026-01-28,MANDI-027,Kurukshetra,Sugarcane,3257.69,3901.73,0.358,3500.0
PR004506,2026-02-23,MANDI-044,Bathinda,Sugarcane,,4528.0,4075.19,
PR008517,2026-08-30,MANDI-010,Fatehabad,Maize,1780.63,2075.81,1928.2202188797817,2090.0
PR010101,2026-01-14,,Bathinda,Mustard,5493.84,,0.5937,5650.0
PR000071,2026-07-15,MANDI-017,Ferozepur,Cotton,,6958.44,6344.92,
PR002707,2026-07-30,,,Cotton,6230.25,7435.0,6832.63,6620.0
PR006840,2026-04-16,MANDI-004,,Cotton,,6822.98,6456.28108863687,6620.0
PR007784,2026-06-22,MANDI-049,Patiala,Mustard,5029.96,5632.546938635507,5331.25,
PR006381,2026-08-15,MANDI-014,Patiala,Cotton,5789.62,6168.74,5979.18,
PR003174,2026-08-01,MANDI-054,,Mustard,5343.81,6248.4,5796.0,
PR000635,2026-02-25,MANDI-040,Sirsa,Wheat,2264.06,0.2828,2545.98,
PR009579,2026-05-02,MANDI-003,,Cotton,6385.49,7774.0,7080.0,0.662
PR006335,2026-01-17,,Ambala,Wheat,1962.21,2250.63,2106.421408691409,0.2275
PR004061,2026-04-12,MANDI-056,Bathinda,Sugarcane,3028.2299876681736,0.357,3299.31,3500.0
PR007422,2026-06-02,MANDI-032,Sirsa,Sugarcane,3412.0,3654.44,3533.0,3500.0
PR010755,2026-02-14,MANDI-049,Kurukshetra,Maize,1901.23,0.2154,2027.4,2090.0
PR005462,2026-04-21,MANDI-043,Karnal,Wheat,0.1947,0.2104,2025.0,2275.0
PR008050,2026-09-07,MANDI-028,Moga,Wheat,2223.9404523394896,0.2504,2363.9310226153866,
PR000886,2026-04-18,MANDI-054,Patiala,Maize,2110.0,2614.92,2362.6,
PR009470,2026-04-19,MANDI-006,Ludhiana,Maize,2105.463700075033,2431.93,2268.7,2090.0
PR011422,2026-08-16,MANDI-036,Moga,Cotton,5986.09,6989.0,0.6487,6620.0
PR005686,2026-03-09,,,Maize,1869.85,0.2137,2003.59,2090.0
PR007952,2026-04-18,MANDI-053,Patiala,Mustard,0.5594,6016.07,5805.0,5650.0
PR006710,2026-10-07,MANDI-038,Patiala,Mustard,5241.0,5568.23,5404.4,5650.0
PR009027,2026-03-06,,Fatehabad,Cotton,5963.65,7061.77,0.6513,0.662
PR005509,2026-08-31,MANDI-048,Ferozepur,Maize,1992.6676645836146,0.2449,2220.73,2090.0
PR005884,2026-01-12,MANDI-024,Fatehabad,Wheat,0.2177,0.229,2233.57,2275.0
PR009536,2026-05-14,MANDI-032,Sirsa,Wheat,0.215,2633.42,2391.510617995322,
PR000844,2026-06-30,MANDI-056,Karnal,Sugarcane,3234.52,3475.2,3354.86,3500.0
PR004512,2026-07-07,MANDI-022,Amritsar,Mustard,,6197.42,6016.34,5650.0
PR002104,2026-08-08,MANDI-019,Ferozepur,Sugarcane,3330.16,3682.96,,3500.0
PR002036,2026-01-01,MANDI-044,Ambala,Wheat,2279.54,2429.86514635192,2355.0,2275.0
PR006943,2026-02-09,MANDI-022,Karnal,Rice,2078.8097680377664,,2193.43,0.2183
PR010678,2026-06-14,MANDI-055,Bathinda,Cotton,5957.0,0.703,6493.76,6620.0
PR004329,2026-08-16,MANDI-005,Fatehabad,Cotton,5817.81,,6228.43,
PR008644,2026-03-31,,Ludhiana,Sugarcane,3427.88,0.3716,3572.0995883635596,0.35
PR004739,2026-06-24,MANDI-043,Kurukshetra,Maize,2077.69,2483.0,2280.44,2090.0
PR008455,2026-03-26,MANDI-038,Hisar,Sugarcane,0.312,3703.397718268506,3411.67,3500.0
PR004928,2026-02-28,MANDI-018,Amritsar,Sugarcane,3313.4700972707205,3847.0678538219263,3580.0,
PR005295,2026-06-26,MANDI-029,Hisar,Wheat,2072.79,2303.993052218202,2188.39,2275.0
PR000311,2026-06-17,,Kurukshetra,Rice,2223.7,,2373.8,0.2183
PR005569,2026-11-06,MANDI-047,Ambala,Wheat,2304.11,0.2852,2577.9,0.2275
PR002333,2026-01-12,MANDI-031,Ludhiana,Cotton,5934.58,6522.0,,
PR003388,2026-07-23,MANDI-008,Bathinda,Maize,2084.2,2471.49,2277.85,2090.0
PR003113,2026-01-18,MANDI-043,Ludhiana,Mustard,5892.52,6309.0,6101.0,5650.0
PR004651,2026-07-07,MANDI-017,Bathinda,Sugarcane,3541.68,4087.93,0.3815,
PR008645,2026-01-14,MANDI-014,Jalandhar,Maize,1985.26,2129.59,0.2057,
PR011535,2026-02-06,MANDI-034,Fatehabad,Wheat,2328.0,2821.64,2574.82,2275.0
PR005101,2026-02-01,MANDI-025,Ludhiana,Mustard,5695.0,7109.75,6402.6,
PR011339,2026-04-14,MANDI-012,Ambala,Sugarcane,3004.0,3559.64,0.3282,
PR005972,2026-03-07,MANDI-028,,Cotton,0.6408,0.7321,6864.0,6620.0
PR004797,2026-05-18,MANDI-046,Ferozepur,Wheat,1977.98,2388.0,2182.97204906294,2275.0
PR010142,2026-06-23,MANDI-016,,Rice,2282.0,,0.2342,2183.0
PR009662,2026-05-03,MANDI-025,Patiala,Sugarcane,3122.4,3903.0,3512.47,3500.0
PR007695,2026-02-04,MANDI-054,Amritsar,Rice,1931.62,2395.43,2163.53,2183.0
PR004481,2026-04-20,MANDI-015,Bathinda,Maize,,2006.58,1945.37,
PR004005,2026-05-02,MANDI-051,Karnal,Rice,1952.35,2387.8,0.217,2183.0
PR000818,2026-04-08,MANDI-028,Moga,Mustard,,6101.66,0.5908,5650.0
PR006446,2026-03-04,,Bathinda,Maize,2050.58,0.2401,2225.56,2090.0
PR007068,2026-03-16,MANDI-013,Fatehabad,Wheat,2074.59,0.2569,0.2322,
PR000003,2026-07-10,MANDI-045,Bathinda,Sugarcane,3138.2,3510.13,3324.16,3500.0
PR011481,2026-04-30,MANDI-036,Moga,Cotton,6193.08,7109.76,6651.42,6620.0
PR011489,2026-08-05,MANDI-004,Hisar,Sugarcane,3667.59,,3868.95,3500.0
PR007284,2026-04-15,MANDI-054,Kurukshetra,Maize,2190.4,2308.0,0.2249,2090.0
PR006814,2026-07-23,MANDI-020,Karnal,Sugarcane,0.3331,4090.4,3710.92,3500.0
PR009760,2026-02-03,MANDI-040,Kurukshetra,Wheat,2108.0,2228.12,2168.12,2275.0
PR001740,2026-02-20,MANDI-007,Jalandhar,Rice,0.2268,0.2413,2340.714182031212,2183.0
PR002911,2026-08-27,MANDI-018,Ferozepur,Sugarcane,3308.7,4130.941980275606,3719.820409768218,
PR000295,2026-08-29,MANDI-012,Ambala,Maize,2139.45,2370.83,2255.14,2090.0
PR001829,2026-07-03,MANDI-011,Ambala,Cotton,5734.17,6214.0,5974.09,
PR007264,2026-07-18,MANDI-057,Amritsar,Wheat,0.2224,0.2408,2316.0,2275.0
PR001151,2026-04-13,MANDI-048,Kurukshetra,Cotton,6661.30884919097,0.7303,6982.38,
PR000804,2026-08-08,MANDI-045,Bathinda,Rice,0.2202,2590.0307522155804,2395.92,2183.0
PR005523,2026-06-21,,Ludhiana,Sugarcane,3638.52,4414.15,4026.33,3500.0
PR008562,2026-04-11,MANDI-010,Fatehabad,Mustard,5109.69,5589.54,5350.0,0.565
PR004566,2026-10-03,MANDI-009,Karnal,Wheat,1942.0,2138.59,0.204,2275.0
PR004148,2026-06-06,,Patiala,Mustard,5712.99,0.6419,6066.12,5650.0
PR011756,2026-09-05,MANDI-054,Ambala,Wheat,0.204,2252.0,2145.96,
PR006330,2026-01-21,MANDI-029,Karnal,Mustard,0.5501,0.6425,0.5963,5650.0
PR009750,2026-05-25,MANDI-020,Ludhiana,Rice,1906.25,0.2309,2107.7306257333853,2183.0
PR004279,2026-05-17,MANDI-038,Sirsa,Mustard,5791.0,6986.92,6389.19,
PR009088,2026-03-19,MANDI-044,Jalandhar,Wheat,2173.6785658195804,2500.4517379954996,2337.07,2275.0
PR007056,2026-07-01,MANDI-049,Karnal,Maize,1823.0,2271.97,2047.55,2090.0
PR005563,2026-05-26,MANDI-011,,Rice,2152.54,2480.27,2316.41,2183.0
PR008516,2026-04-28,MANDI-018,Jalandhar,Mustard,5930.0,6841.0,0.6385,5650.0
PR010579,2026-01-02,MANDI-007,Amritsar,Sugarcane,0.3274,3961.86,3618.0,3500.0
PR009541,2026-02-20,MANDI-026,Ferozepur,Cotton,6059.0,6977.675260506676,6518.13,0.662
PR007144,2026-07-03,MANDI-041,Ferozepur,Sugarcane,0.3607,4437.82,4022.59,3500.0
PR011198,2026-06-14,MANDI-023,,Sugarcane,3572.0,4089.0,3830.5,3500.0
PR005603,2026-02-04,MANDI-049,Patiala,Sugarcane,3405.2,3632.0,3519.0,0.35
PR010439,2026-09-08,MANDI-042,Sirsa,Mustard,5214.32,0.5871,5542.52,5650.0
PR005195,2026-01-23,MANDI-045,Ambala,Maize,2059.72,2319.6,2189.66,0.209
PR001760,2026-03-15,,Sirsa,Mustard,5156.91,5465.0,0.5311,
PR003826,2026-07-11,MANDI-016,Ambala,Sugarcane,3343.42,3723.0,3533.0,3500.0
PR010134,2026-02-26,MANDI-041,Ferozepur,Mustard,5700.625951995007,6043.12,5871.87,
PR001642,2026-05-19,MANDI-001,Patiala,Mustard,5727.56,6820.9,6274.0,
PR010996,2026-07-26,MANDI-020,Jalandhar,Cotton,0.5636,6285.09,5960.3,
PR009461,2026-11-05,MANDI-015,Sirsa,Rice,1885.9025564320725,2128.0546280094154,2007.0,
PR011559,2026-04-26,MANDI-044,Ambala,Maize,2023.94,2323.53,2173.74,2090.0
PR011002,2026-10-07,MANDI-027,Bathinda,Wheat,2212.0,2408.43,2310.09,
PR001460,2026-12-02,MANDI-026,Ludhiana,Wheat,0.2286,2532.0,2408.87,2275.0
PR011391,2026-02-18,,Kurukshetra,Cotton,6557.53,7229.83,6893.68,6620.0
PR006647,2026-04-23,MANDI-023,Karnal,Rice,2185.86,2329.0,2257.23,2183.0
PR007524,2026-04-30,MANDI-056,Hisar,Cotton,0.6403,6764.0,0.6583,0.662
PR007519,2026-03-02,MANDI-047,,Maize,1786.08,1889.0,1837.7,2090.0
PR003256,2026-08-23,MANDI-027,,Rice,2233.69,0.2721,2477.12,2183.0
PR010536,2026-07-20,MANDI-055,Ambala,Sugarcane,3445.75,0.4051,3748.49,3500.0
PR002158,2026-04-04,,Patiala,Rice,2217.27,2731.39,2474.33,
PR001196,2026-08-03,MANDI-031,Kurukshetra,Maize,0.1943,2118.63,2030.98,2090.0
PR010102,2026-04-18,MANDI-002,Ferozepur,Maize,2052.71,2435.37,2244.04,2090.0
PR011580,2026-03-20,MANDI-052,Fatehabad,Rice,2008.08,2501.0,2254.76,
PR004395,2026-01-05,MANDI-002,Jalandhar,Maize,1819.25,2119.19,1969.0,2090.0
PR000372,2026-08-08,MANDI-009,Ferozepur,Wheat,2065.0,2242.42,2153.776067213754,0.2275
PR005601,2026-05-15,MANDI-037,,Rice,1941.5009627123206,2254.64,2098.0,2183.0
PR006165,2026-06-17,MANDI-032,Kurukshetra,Wheat,2049.36,2223.84,0.2137,2275.0
PR000683,2026-07-10,MANDI-028,Moga,Sugarcane,3673.22,4385.0,4029.2,3500.0
PR006701,2026-05-24,MANDI-035,Ferozepur,Rice,1902.31,2217.03,2059.67,0.2183
PR004549,2026-06-17,,Jalandhar,Rice,2081.2176486010476,2462.0,,0.2183
PR010409,2026-01-04,MANDI-015,Ludhiana,Cotton,0.6805,8305.24,0.7555,6620.0
PR010537,2026-01-01,MANDI-039,Sirsa,Maize,2118.79,0.2579,2348.7,2090.0
PR002661,2026-07-26,MANDI-023,Sirsa,Maize,1925.97,0.2335,2131.0,0.209
PR006147,2026-07-09,MANDI-011,Jalandhar,Cotton,6106.22,7427.63,0.6767,6620.0
PR010116,2026-06-07,MANDI-025,,Rice,1965.04,2206.0,2085.36,
PR003298,2026-01-01,MANDI-004,,Cotton,6673.83,7825.48,7249.66,6620.0
PR000473,2026-04-16,MANDI-006,Hisar,Rice,2041.0,2531.25,2285.95,2183.0
PR006521,2026-07-19,MANDI-050,Kurukshetra,Maize,1880.6,2004.0,1942.5043754022104,2090.0
PR008399,2026-05-08,MANDI-030,Ferozepur,Cotton,,7377.68,0.6905,
PR011328,2026-04-08,MANDI-025,Ludhiana,Mustard,5668.38,6090.920515263565,5879.65,5650.0
PR000087,2026-03-23,MANDI-048,Ludhiana,Cotton,5993.0,6870.79,6432.11,6620.0
PR009504,2026-05-01,MANDI-025,Amritsar,Sugarcane,3643.67,4105.87,3874.77,3500.0
PR002633,2026-04-11,MANDI-048,Patiala,Mustard,,6366.36,5749.0,5650.0
PR011155,2026-05-29,MANDI-044,Sirsa,Wheat,2091.78,2298.7,0.2195,
PR002977,2026-08-12,MANDI-025,Jalandhar,Maize,1856.830697550591,2300.34,0.2079,2090.0
PR003061,2026-04-05,MANDI-035,,Cotton,0.6615,0.8247,7431.0,6620.0
PR010808,2026-02-25,MANDI-044,Jalandhar,Cotton,5675.0,6676.39,0.6176,0.662
PR008148,2026-01-03,MANDI-050,Hisar,Wheat,2065.7426505268495,2357.97,2211.86,2275.0
PR001112,2026-01-06,MANDI-057,Ludhiana,Mustard,4954.35,5285.98,5120.16,
PR000480,2026-08-05,,,Wheat,2339.15,2883.21,2611.18,2275.0
PR003719,2026-04-07,MANDI-004,Hisar,Wheat,2000.402965532587,2315.72,2158.06,2275.0
PR005664,2026-03-04,MANDI-052,,Wheat,1978.57,2335.34,2156.96,2275.0
PR009185,2026-02-20,,Ambala,Cotton,6471.14,8034.33,7252.74,6620.0
PR011351,2026-06-18,,,Maize,2147.86,2567.0,2357.245505134594,2090.0
PR011437,2026-11-06,MANDI-048,Amritsar,Mustard,5730.97,6198.87,5964.92,5650.0
PR000735,2026-06-12,MANDI-042,Jalandhar,Wheat,1954.4527316631602,0.2282,2118.1,
PR001158,2026-10-07,MANDI-012,Jalandhar,Wheat,,2364.65,,2275.0
PR008953,2026-04-13,MANDI-055,Kurukshetra,Wheat,1960.0,2375.76,2168.0,
PR003584,2026-01-02,MANDI-031,,Wheat,2302.97,2842.62,2572.8,2275.0
PR004377,2026-05-06,MANDI-042,Sirsa,Cotton,6133.721419008144,6541.37,0.6338,0.662
PR005393,2026-06-11,,Ferozepur,Cotton,6785.0,7586.0,7186.0,6620.0
PR004250,2026-06-02,MANDI-050,Jalandhar,Wheat,2045.8196408766657,2233.148324971373,2139.483982924019,2275.0
PR006608,2026-04-12,MANDI-039,Fatehabad,Sugarcane,3250.79,3889.0,3569.98,
PR000680,2026-08-17,MANDI-020,Fatehabad,Sugarcane,3523.19,3710.14,3616.67,3500.0
PR011602,2026-06-21,MANDI-013,Fatehabad,Cotton,5883.6,7165.0,,6620.0
PR003767,2026-06-08,MANDI-025,Sirsa,Rice,2222.41,,2305.019968012686,2183.0
PR003326,2026-05-20,MANDI-015,,Wheat,2257.063191755116,2665.44,2461.25,2275.0
PR011079,2026-05-07,MANDI-014,,Sugarcane,3280.280525355578,3699.22,3489.75,
PR006460,2026-03-21,,,Wheat,2139.24,2658.819447477061,2399.0,2275.0
PR009731,2026-04-09,MANDI-033,Ludhiana,Cotton,,7146.94,6488.69,6620.0
PR009297,2026-01-17,MANDI-015,Hisar,Rice,2014.0,2233.49,2123.89,2183.0
PR005088,2026-04-27,MANDI-003,,Maize,1818.65,2007.07,0.1913,0.209
PR011542,2026-03-06,MANDI-043,Amritsar,Rice,2114.0,2606.68,2360.0,2183.0
PR004469,2026-02-09,MANDI-043,,Mustard,5151.0,5762.0,5456.58,5650.0
PR003613,2026-08-23,MANDI-047,Kurukshetra,Mustard,5261.430704252819,6426.05,5843.74,5650.0
PR005439,2026-04-08,MANDI-043,Patiala,Wheat,0.2195,2475.0,0.2335,2275.0
PR001257,2026-02-01,MANDI-025,,Cotton,,6758.54735579293,6448.32,6620.0
PR000571,2026-03-24,MANDI-043,,Cotton,0.6067,6590.21,6328.0,6620.0
PR009901,2026-07-10,MANDI-017,Karnal,Mustard,0.5551,6272.73,,5650.0
PR010291,2026-03-18,MANDI-046,,Wheat,2273.0,2741.0,2507.0,2275.0
PR001331,2026-05-01,MANDI-019,Amritsar,Wheat,1938.39,2062.68,0.2001,2275.0
PR007117,2026-07-18,MANDI-023,Patiala,Rice,2172.89,2538.0,2355.25,2183.0
PR007026,2026-05-17,MANDI-016,Jalandhar,Rice,,0.2312,2169.96,
PR008496,2026-03-25,MANDI-005,Ambala,Maize,2153.933151233241,2329.92,2241.926227252412,0.209
PR000695,2026-07-17,MANDI-036,Karnal,Rice,0.2199,2548.0,0.2373,2183.0
PR000157,2026-07-19,MANDI-017,Sirsa,Wheat,2201.18,0.2343,0.2272,2275.0
PR000163,2026-06-03,MANDI-036,Sirsa,Wheat,,2434.96,2199.2,0.2275
PR004515,2026-04-11,MANDI-016,Ludhiana,Wheat,2235.705773654978,0.261,2422.69,2275.0
PR006388,2026-04-09,MANDI-037,Jalandhar,Wheat,,2473.0,2258.09,2275.0
PR005139,2026-01-16,MANDI-027,Fatehabad,Mustard,,5830.008465259425,5343.71,5650.0
PR011452,2026-04-03,MANDI-021,Ambala,Mustard,0.5424,6088.37,5756.3,5650.0
PR011054,2026-05-28,MANDI-004,Ferozepur,Maize,2133.53,2485.43,2309.0,2090.0
PR009849,2026-06-24,MANDI-008,Karnal,Cotton,,7383.45,0.6742,6620.0
PR004963,2026-03-04,MANDI-017,,Wheat,0.2253,2597.66,,
PR009802,2026-05-07,MANDI-037,,Mustard,5225.78,5900.36,5563.068334158452,5650.0
PR007606,2026-06-27,MANDI-035,Kurukshetra,Rice,2204.05,2720.78,2462.0,2183.0
PR009398,2026-02-24,,Hisar,Sugarcane,3630.34,4355.081877376504,3993.0,0.35
PR007548,2026-02-20,MANDI-042,Hisar,Maize,1958.2421395467688,0.2303,2130.43,0.209
PR007682,2026-01-28,MANDI-049,Kurukshetra,Rice,1904.83,2013.65,1959.24,0.2183
PR008337,2026-06-23,MANDI-022,Moga,Rice,1943.29,2328.4461745685117,2136.0,2183.0
PR004137,2026-06-20,MANDI-045,Fatehabad,Rice,2111.0,2339.9,,2183.0
PR010040,2026-07-08,MANDI-051,Sirsa,Mustard,5811.611380771555,6267.43,6039.52,5650.0
PR006358,2026-03-30,MANDI-010,Bathinda,Maize,1836.0,2241.37,2038.92,2090.0
PR004299,2026-07-14,MANDI-036,Amritsar,Maize,1792.6996928479737,0.1911,0.1852,2090.0
PR007740,2026-02-14,MANDI-013,Moga,Sugarcane,3444.86,0.4249,0.3847,0.35
PR007003,2026-06-26,MANDI-010,Fatehabad,Rice,2138.0641477693835,2644.0,0.2391,
PR010533,2026-07-03,MANDI-001,Ambala,Maize,1847.41,0.2215,2031.06,2090.0
PR003916,2026-06-08,MANDI-012,Jalandhar,Maize,2108.08,2564.4139666256647,0.2336,0.209
PR009721,2026-02-18,MANDI-028,Hisar,Wheat,2148.1,0.2555,2351.46,
PR004627,2026-01-27,MANDI-017,Sirsa,Mustard,0.5761,6595.0,6177.9,5650.0
PR005184,2026-04-03,MANDI-017,Bathinda,Maize,2014.3990049905235,0.2166,0.209,
PR006417,2026-05-14,MANDI-025,Fatehabad,Sugarcane,3577.0,4416.31,3996.5874717008646,0.35
PR003805,2026-09-01,MANDI-006,,Sugarcane,3344.0,3834.0,3588.850287018544,3500.0
PR007253,2026-07-01,MANDI-041,Kurukshetra,Cotton,6570.0,8030.466564645444,7300.48,6620.0
PR006617,2026-02-05,MANDI-016,Bathinda,Wheat,2379.75,0.2501,2440.3513929418864,2275.0
PR000863,2026-07-22,MANDI-024,Ludhiana,Rice,2191.0,2568.46,2379.75,2183.0
PR002197,2026-10-01,MANDI-028,Patiala,Wheat,2023.0,2277.65,2150.52,2275.0
PR002523,2026-03-29,MANDI-007,Ambala,Rice,2170.1628711854987,2341.03,2255.6,
PR002497,2026-04-08,MANDI-028,Ferozepur,Cotton,6799.66,8145.46,7472.56,0.662
PR011690,2026-08-08,MANDI-031,Patiala,Sugarcane,3200.09,3700.7,3450.39,
PR006540,2026-04-28,,Kurukshetra,Cotton,6713.67,7584.75,7149.21,6620.0
PR009515,2026-01-29,MANDI-033,Ambala,Wheat,2225.96,2611.96,,2275.0
PR002071,2026-03-30,MANDI-005,Ferozepur,Cotton,6529.51,7763.06,7146.28,6620.0
PR011102,2026-08-31,,Amritsar,Maize,2034.38,2452.73,2243.55,2090.0
PR005854,2026-03-09,MANDI-039,,Maize,1817.4544190060763,2244.23,0.2031,2090.0
PR009266,2026-05-17,MANDI-040,Karnal,Cotton,5802.0,6900.26,6350.908377606398,6620.0
PR011349,2026-03-16,MANDI-038,Ambala,Rice,2240.24,2498.66,2369.449478858214,
PR008401,2026-06-15,MANDI-031,,Maize,1915.58,2122.25,2018.92,2090.0
PR006206,2026-06-24,MANDI-020,Ferozepur,Sugarcane,0.305,3544.87,3297.63,
PR010153,2026-08-17,MANDI-019,,Cotton,0.6918,8092.49,,6620.0
PR011993,2026-08-12,MANDI-008,Kurukshetra,Sugarcane,3381.2222213435793,3660.0,3520.36,3500.0
PR011667,2026-02-19,MANDI-055,Kurukshetra,Sugarcane,3326.0073200329516,3986.22,3656.11,3500.0
PR010156,2026-01-24,,,Mustard,0.4856,0.5271,5063.32,5650.0
PR009891,2026-08-02,MANDI-007,Jalandhar,Mustard,4926.13,5658.37,,5650.0
PR002784,2026-01-26,MANDI-003,,Maize,2169.74,2543.17,2356.0,
PR010031,2026-04-05,MANDI-038,Patiala,Sugarcane,3230.36,3556.49,3393.43,0.35
PR004582,2026-04-28,MANDI-022,,Wheat,2138.7,2592.0,2365.42,
PR011956,2026-07-08,MANDI-008,Bathinda,Cotton,5665.38,6052.73,5859.0,6620.0
PR000184,2026-08-27,MANDI-053,Ludhiana,Sugarcane,3382.02,4168.78,3775.0,3500.0
PR002819,2026-05-18,,Jalandhar,Rice,,0.2306,2122.0,
PR003721,2026-01-17,MANDI-005,Karnal,Maize,1941.33,,2050.62,
PR010598,2026-07-03,MANDI-011,Sirsa,Rice,2233.7,2548.93,2391.31,2183.0
PR000501,2026-05-24,MANDI-007,Kurukshetra,Mustard,0.5887,,0.6164,5650.0
PR011483,2026-05-02,MANDI-029,,Wheat,2071.95,2401.98,2236.96,2275.0
PR004420,2026-07-07,MANDI-033,Amritsar,Mustard,0.5217,5849.03,5533.14,5650.0
PR011207,2026-03-12,,Ferozepur,Cotton,5820.12,6247.57,6033.85,6620.0
PR002186,2026-06-15,,Fatehabad,Sugarcane,0.3119,3609.94,3364.64,3500.0
PR007580,2026-08-25,MANDI-040,Ludhiana,Cotton,6214.83,6926.8,6571.0,0.662
PR011823,2026-05-22,MANDI-046,Moga,Mustard,5298.49,,5540.67,
PR009307,2026-01-26,MANDI-023,Sirsa,Cotton,0.6686,8159.337659681038,7422.72,6620.0
PR001167,2026-04-22,MANDI-057,Ludhiana,Sugarcane,0.3105,3341.0246172920342,3222.83,0.35
PR005015,2026-04-24,MANDI-038,Ferozepur,Rice,2096.3976229738064,0.2314,2205.23,2183.0
PR010946,2026-01-06,MANDI-034,Sirsa,Rice,2134.0,0.2374,2253.73,2183.0
PR009692,2026-01-14,MANDI-002,Kurukshetra,Wheat,0.2327,2577.8076675257516,0.2452,2275.0
PR005100,2026-05-25,,Amritsar,Cotton,,7487.0,6970.11,6620.0
PR010999,2026-07-28,MANDI-042,Amritsar,Maize,1882.0,2262.37,2072.14,2090.0
PR000239,2026-04-26,MANDI-022,Moga,Cotton,,7351.0,6663.86,6620.0
PR007391,2026-08-24,MANDI-055,Jalandhar,Maize,1953.52,2146.92,2050.22,0.209
PR011035,2026-04-27,MANDI-020,Ludhiana,Cotton,6373.22,6888.64,6631.0,
PR006594,2026-05-30,MANDI-011,Kurukshetra,Wheat,,2481.35,0.2242,0.2275
PR005186,2026-03-07,MANDI-023,Moga,Maize,2116.79,2366.9,,2090.0
PR011457,2026-09-01,MANDI-017,Ludhiana,Mustard,5370.49,5839.29,5605.0,5650.0
PR008917,2026-04-07,MANDI-031,,Maize,1806.85,1956.64,1881.74,0.209
PR010181,2026-09-03,MANDI-004,Karnal,Wheat,2173.39,2656.77,2415.08,0.2275
PR003206,2026-03-31,MANDI-001,Hisar,Mustard,0.5926,0.6272,0.6099,5650.0
PR007121,2026-07-06,MANDI-029,Karnal,Maize,1924.99,2378.97,2151.98,
PR005773,2026-09-09,MANDI-014,Amritsar,Maize,2112.22,2534.28,2323.0,
PR005197,2026-02-04,MANDI-005,Jalandhar,Maize,0.1838,2247.16,2042.44,
PR003240,2026-02-23,MANDI-031,Sirsa,Cotton,6277.56,,,
PR011237,2026-01-21,MANDI-034,,Mustard,5796.03,6947.96,6372.0,5650.0
PR006687,2026-02-28,MANDI-037,Bathinda,Sugarcane,3390.0,3634.73,3512.29,3500.0
PR001946,2026-05-24,MANDI-047,Kurukshetra,Mustard,5731.0,6727.815895564753,0.6229,
PR001587,2026-03-10,MANDI-027,Ferozepur,Wheat,2324.65,2613.0,2468.58,0.2275
PR009551,2026-04-06,MANDI-042,Fatehabad,Maize,1926.54,2355.24,2140.89,
PR000035,2026-05-02,MANDI-046,Sirsa,Rice,2141.15,2410.28,,2183.0
PR004031,2026-09-01,MANDI-039,Patiala,Wheat,2034.52,2447.0,0.2241,2275.0
PR011399,2026-02-28,MANDI-017,Fatehabad,Wheat,0.2066,0.2402,0.2234,0.2275
PR001656,2026-07-19,MANDI-004,Sirsa,Maize,0.2081,,2266.39,2090.0
PR007862,2026-06-06,MANDI-049,Sirsa,Wheat,2198.0,2315.99,2256.75,2275.0
PR002733,2026-07-30,MANDI-044,Moga,Maize,2183.0,2637.18,,2090.0
PR008319,2026-08-22,MANDI-045,Moga,Mustard,5765.15,7151.91,,0.565
PR007800,2026-05-24,MANDI-050,Amritsar,Maize,1965.86,2405.18,2185.52,2090.0
PR002271,2026-05-16,MANDI-037,Ambala,Maize,1875.75,1988.46,0.1932,2090.0
PR002173,2026-08-30,MANDI-031,Patiala,Mustard,4829.76,5638.2,5233.98,5650.0
PR003083,2026-02-13,,,Sugarcane,3107.42,,3368.98,3500.0
PR004435,2026-01-16,MANDI-019,Hisar,Mustard,5799.72,7089.34,6444.53,5650.0
PR006218,2026-05-05,MANDI-044,Fatehabad,Rice,2196.44,2591.04,2393.74,2183.0
PR003786,2026-06-01,MANDI-047,Ferozepur,Rice,0.193,2167.96,2048.93,2183.0
PR009908,2026-03-29,MANDI-014,Sirsa,Cotton,0.6793,7980.049119590743,7386.65,
PR011417,2026-02-19,MANDI-001,,Maize,2071.73,2365.38,0.2219,2090.0
PR004728,2026-06-23,MANDI-030,,Maize,0.2043,2153.42,2098.04,2090.0
PR007913,2026-09-05,MANDI-036,Karnal,Cotton,6130.26,0.7185,6658.0,
PR011836,2026-08-18,MANDI-005,Bathinda,Mustard,0.5075,5734.0,,5650.0
PR000861,2026-02-26,MANDI-049,,Maize,2178.46,2535.23,0.2357,2090.0
PR011713,2026-03-23,MANDI-035,Fatehabad,Mustard,5445.49,6699.99,6072.742983619948,5650.0
PR010847,2026-08-13,MANDI-016,Hisar,Rice,0.2286,2411.7,2348.6,0.2183
PR004402,2026-09-03,MANDI-037,Sirsa,Sugarcane,3451.73,3792.46,0.3622,3500.0
PR006706,2026-02-22,MANDI-051,Patiala,Maize,2093.52,2444.0,2268.66,2090.0
PR001733,2026-03-04,MANDI-048,,Wheat,2161.12,2658.0,2409.56,2275.0
PR002001,2026-04-10,MANDI-033,Karnal,Mustard,5117.61,0.5746,5431.56,5650.0
PR006263,2026-05-24,,Moga,Rice,2153.96,2544.91,2349.44,2183.0
PR007448,2026-08-25,MANDI-027,Ludhiana,Wheat,2218.0,2612.72,2415.24,2275.0
PR002159,2026-07-20,MANDI-054,Fatehabad,Mustard,5673.85,6233.564241277839,5953.71,5650.0
PR009019,2026-02-22,MANDI-036,Kurukshetra,Rice,0.2022,2275.6815466996622,0.2149,2183.0
PR004837,2026-07-16,MANDI-034,Sirsa,Rice,2161.35,2505.0,0.2333,0.2183
PR000006,2026-06-29,MANDI-053,Bathinda,Mustard,5095.43,5360.64,5228.04,
PR002976,2026-06-20,MANDI-002,Ferozepur,Maize,1937.73,2150.3917306699273,2044.06,0.209
PR003824,2026-08-20,MANDI-023,,Maize,2070.79,2191.0,,0.209
PR009984,2026-08-28,MANDI-041,Karnal,Rice,2069.95,0.2334,2202.160714142401,2183.0
PR006357,2026-01-18,MANDI-030,Kurukshetra,Wheat,1975.1316161559712,2174.76,2074.94,
PR005742,2026-03-17,MANDI-050,Bathinda,Maize,1849.5767020035153,2173.78,2011.68,2090.0
PR008024,2026-04-23,MANDI-005,Ludhiana,Cotton,5761.33,,6457.0,6620.0
PR003989,2026-05-20,MANDI-015,,Wheat,1988.0,2196.73,2092.0,2275.0
PR003199,2026-05-26,MANDI-006,Kurukshetra,Maize,0.1815,2189.287494816416,2002.35,2090.0
PR010284,2026-02-17,MANDI-047,Bathinda,Cotton,5733.66,6155.0,,0.662
PR009837,2026-01-22,MANDI-029,,Cotton,6134.9,0.7032,6583.35,0.662
PR008580,2026-02-23,,Bathinda,Maize,0.2149,2504.86,2326.789446514696,0.209
PR001345,2026-06-21,MANDI-030,Fatehabad,Wheat,2218.0659661322798,2551.62,2385.0,2275.0
PR009814,2026-07-31,MANDI-040,Karnal,Maize,2116.14,2592.9,2354.52,2090.0
PR001307,2026-04-04,MANDI-018,,Sugarcane,3030.07,0.3519,0.3275,3500.0
PR009813,2026-03-07,MANDI-046,Bathinda,Cotton,6208.0,0.76,6903.95,6620.0
PR002945,2026-02-27,MANDI-054,Ludhiana,Cotton,5858.0,7146.92,6502.42,6620.0
PR004568,2026-02-18,MANDI-008,Jalandhar,Cotton,0.6596,0.8188,7392.0,6620.0
PR003106,2026-04-27,MANDI-035,Ferozepur,Maize,1847.74119798367,2221.0,2034.28,2090.0
PR008123,2026-03-21,MANDI-027,Amritsar,Maize,0.1871,2065.33,0.1968,2090.0
PR005537,2026-02-14,MANDI-049,,Maize,1819.482419520931,1960.12,0.189,2090.0
PR009673,2026-04-24,MANDI-041,Patiala,Sugarcane,3080.94,0.3705,3393.0,3500.0
PR011778,2026-02-01,MANDI-041,Bathinda,Maize,1904.53,2338.13,0.2121,
PR010583,2026-08-24,MANDI-020,Ambala,Rice,2281.51,2538.11,0.241,2183.0
PR004353,2026-02-24,MANDI-041,Kurukshetra,Wheat,2244.51,0.275,,2275.0
PR008754,2026-03-31,MANDI-047,Kurukshetra,Wheat,2306.95,2574.64,2440.79,0.2275
PR007718,2026-05-16,MANDI-047,,Maize,1849.26,2068.85,1959.06,2090.0
PR007821,2026-05-22,MANDI-026,Fatehabad,Sugarcane,,3779.0,3476.23,3500.0
PR005287,2026-04-16,MANDI-035,Amritsar,Maize,2071.56,2438.73,2255.15,
PR009593,2026-01-31,MANDI-057,Kurukshetra,Maize,1977.75,2299.3,2138.52,2090.0
PR009992,2026-06-11,MANDI-052,Bathinda,Wheat,2061.0,,2201.6,
PR005527,2026-02-10,MANDI-002,,Cotton,6649.829844018347,0.7635,7142.42,6620.0
PR011305,2026-07-16,MANDI-016,Bathinda,Cotton,0.6717,8279.98,7499.0,
PR001679,2026-04-19,MANDI-057,Hisar,Cotton,0.611,7482.0,0.6796,6620.0
PR010958,2026-05-20,MANDI-052,Bathinda,Maize,2037.7930312131,2320.0,2179.06,2090.0
PR010253,2026-06-23,MANDI-002,Bathinda,Cotton,6771.6,8047.185371933632,7409.39,6620.0
PR010459,2026-01-18,MANDI-028,Jalandhar,Wheat,2262.22,2541.83,2402.0,2275.0
PR004766,2026-08-14,MANDI-019,,Wheat,1934.05,,2120.9483937869577,2275.0
PR007476,2026-08-29,MANDI-051,,Maize,2157.6,0.2409,2283.35,2090.0
PR011073,2026-02-03,MANDI-028,Karnal,Mustard,4951.05,5331.88,5141.0,5650.0
PR009523,2026-08-20,MANDI-028,Hisar,Maize,2118.88,2461.9,2290.39,2090.0
PR003550,2026-05-30,MANDI-002,Jalandhar,Cotton,6943.96,7799.042835866654,7371.5,6620.0
PR001334,2026-02-10,MANDI-049,,Rice,2120.57,2482.0,2301.504513695795,2183.0
PR000724,2026-07-05,MANDI-030,Moga,Maize,2123.5,2632.56,2378.03,2090.0
PR010460,2026-05-06,MANDI-037,Sirsa,Wheat,2127.04,2239.26,2183.15,
PR003731,2026-08-08,MANDI-036,Ambala,Cotton,0.6125,6601.26,6363.05,0.662
PR003720,2026-04-23,MANDI-041,Amritsar,Mustard,,,6466.24,5650.0
PR009291,2026-06-02,,Bathinda,Maize,1844.01,2125.31,1984.6598343853398,0.209
PR007999,2026-09-09,MANDI-030,Sirsa,Rice,2290.857858972138,2740.096862601947,2515.0,2183.0
PR010716,2026-01-22,MANDI-043,Hisar,Sugarcane,3102.03,3648.0,0.3375,3500.0
PR000462,2026-04-02,MANDI-032,Ludhiana,Wheat,2075.36,2358.06,2216.71,2275.0
PR004105,2026-03-15,MANDI-003,Bathinda,Sugarcane,3463.58,4269.41,3866.4923452058893,3500.0
PR008409,2026-02-06,MANDI-004,Amritsar,Rice,2093.99,2609.0,2352.0,2183.0
PR004242,2026-11-01,MANDI-007,Moga,Maize,1989.0,0.2415,2202.24,2090.0
PR010998,2026-01-15,MANDI-023,Patiala,Mustard,5598.634365751678,6957.2,6277.92,5650.0
PR008763,2026-06-05,MANDI-046,,Mustard,5191.78,6070.94,5631.36,5650.0
PR006850,2026-04-25,MANDI-040,Bathinda,Rice,2136.64,0.2359,0.2248,2183.0
PR004758,2026-02-01,MANDI-039,,Maize,2091.22,0.247,2280.3805277136016,0.209
PR003866,2026-04-09,MANDI-023,Ludhiana,Rice,2179.86,2570.33,0.2375,2183.0
PR008149,2026-02-22,MANDI-050,Fatehabad,Mustard,5789.84,6818.0,6303.76,
PR006923,2026-09-05,MANDI-040,,Maize,1935.0,2323.0019598307617,2129.025833676267,2090.0
PR004869,2026-08-22,MANDI-020,Kurukshetra,Maize,0.1862,2186.01,2023.94,2090.0
PR000937,2026-01-17,MANDI-039,Amritsar,Wheat,2074.84,2458.0,2266.0,2275.0
PR005816,2026-06-18,MANDI-002,,Cotton,0.6574,8200.82,7387.0,0.662
PR008034,2026-05-11,MANDI-032,Jalandhar,Cotton,6505.43,7695.14,7100.28,6620.0
PR006636,2026-05-30,MANDI-035,Bathinda,Cotton,5948.859809881207,6867.0,6408.1,
PR007525,2026-05-24,MANDI-007,Sirsa,Mustard,0.4988,5794.22,5391.0,5650.0
PR011948,2026-04-28,MANDI-021,Bathinda,Wheat,2349.0,2494.46,2421.5,
PR009761,2026-02-05,MANDI-001,Ludhiana,Rice,2216.37,2444.964309608373,2330.67,2183.0
PR011421,2026-06-23,,Bathinda,Sugarcane,3050.07,0.3562,3306.0,3500.0
PR000923,2026-06-07,MANDI-022,Moga,Mustard,0.55,6105.22,5802.52,5650.0
PR011719,2026-08-12,,Karnal,Wheat,,2414.45,2296.0,2275.0
PR005339,2026-06-19,MANDI-002,,Rice,2084.3,2259.69,2171.99,
PR010470,2026-06-22,MANDI-050,Ferozepur,Mustard,5582.63,0.6131,0.5857,5650.0
PR007965,2026-02-09,MANDI-009,Fatehabad,Sugarcane,3168.05,3828.4,3498.0,0.35
PR010250,2026-05-06,MANDI-010,Ambala,Sugarcane,3160.0,3938.66,3549.267329592042,0.35
PR006972,2026-06-11,MANDI-023,Kurukshetra,Rice,2207.88,,2416.47,2183.0
PR010586,2026-07-17,MANDI-012,Bathinda,Cotton,,6469.71,,0.662
PR001662,2026-01-16,MANDI-019,Bathinda,Rice,1992.0,2354.0,2172.66,2183.0
PR008794,2026-08-28,MANDI-047,,Wheat,2001.0,2203.0,2102.03,
PR000916,2026-04-12,MANDI-019,Ferozepur,Maize,0.185,2204.47,2027.24,2090.0
PR002474,2026-06-03,MANDI-013,Moga,Maize,2014.6,2325.47,2170.03,0.209
PR005570,2026-01-05,MANDI-056,Moga,Cotton,5805.38,6288.07,6046.72,6620.0
PR002714,2026-05-26,MANDI-049,Moga,Rice,2127.6039390006285,2572.67,2350.13,2183.0
PR006394,2026-05-01,MANDI-055,Moga,Cotton,6413.567086088405,8013.9,,6620.0
PR000409,2026-03-02,MANDI-039,Amritsar,Wheat,2280.0,2674.1677688714785,2477.08,2275.0
PR006775,2026-08-14,MANDI-022,,Wheat,2091.76,2546.26,2319.009279586182,2275.0
PR010410,2026-06-28,MANDI-029,Amritsar,Rice,2135.1894355234685,2439.96,2288.0,2183.0
PR007404,2026-07-13,,Sirsa,Mustard,0.51,0.6282,5691.06,5650.0
PR003642,2026-05-22,MANDI-013,Ferozepur,Cotton,6780.92,8231.29,7506.1,6620.0
PR010912,2026-06-30,MANDI-038,Amritsar,Sugarcane,3124.03,3759.0,3441.29,3500.0
PR010907,2026-03-02,MANDI-036,Moga,Rice,0.2167,2631.71,2399.4,2183.0
PR009055,2026-02-02,MANDI-015,Jalandhar,Maize,2048.62,2495.69,2272.159464157935,
PR007735,2026-07-01,MANDI-048,Moga,Maize,1795.31,2110.7,1953.01,2090.0
PR003772,2026-07-02,MANDI-050,Fatehabad,Mustard,4858.28,5504.4,5181.34,0.565
PR004839,2026-10-04,MANDI-031,Jalandhar,Sugarcane,0.3493,4153.72,,3500.0
PR009306,2026-08-26,MANDI-029,Kurukshetra,Maize,0.201,0.2333,2171.46,2090.0
PR007875,2026-08-28,MANDI-001,Patiala,Wheat,2028.48,2535.0,0.2282,2275.0
PR006579,2026-02-07,MANDI-034,Ferozepur,Rice,2060.087907550838,2567.291850168524,2313.69,
PR004445,2026-06-06,MANDI-011,Ferozepur,Mustard,5197.47,6230.03595891309,,5650.0
PR008088,2026-02-09,,Fatehabad,Wheat,2138.0,2483.1686957203992,2310.77,
PR002138,2026-02-09,MANDI-007,Jalandhar,Sugarcane,3437.0,3815.94,,3500.0
PR006585,2026-01-07,MANDI-006,,Maize,2112.1894070725557,2564.34,2338.26,2090.0
PR005582,2026-03-31,MANDI-051,Ferozepur,Wheat,1938.75,2364.0,2151.424364169544,2275.0
PR004573,2026-02-27,MANDI-007,Ferozepur,Mustard,5304.0,6079.69,0.5692,5650.0
PR011498,2026-06-16,MANDI-023,Sirsa,Maize,1853.2882857697696,2165.66,2009.47,2090.0
PR003736,2026-07-29,MANDI-005,,Sugarcane,0.3287,3835.13,3561.0,3500.0
PR000581,2026-02-19,MANDI-003,Moga,Cotton,6914.44,8109.054404371883,7511.75,
PR010609,2026-04-17,MANDI-032,Karnal,Cotton,6679.0,,7230.09,6620.0
PR001496,2026-02-21,MANDI-044,,Wheat,2000.46,2177.996480925447,0.2089,2275.0
PR004016,2026-02-05,MANDI-031,Amritsar,Cotton,6292.96,0.7403,0.6848,6620.0
PR008858,2026-02-08,MANDI-011,Amritsar,Rice,1909.4757034210702,2154.98,0.2032,2183.0
PR005174,2026-03-06,MANDI-053,Moga,Rice,1914.11,2310.68,2112.4,2183.0
PR011289,2026-01-05,MANDI-035,Ferozepur,Wheat,2266.93,2771.0,2519.2,2275.0
PR000595,2026-09-04,MANDI-014,Karnal,Mustard,5306.89,5756.07,5531.48,
PR007447,2026-08-12,,,Cotton,5911.01,6825.89,0.6368,0.662
PR010177,2026-01-29,MANDI-051,Ambala,Sugarcane,3580.918321968989,3766.17,3674.0,3500.0
PR011150,2026-07-21,MANDI-047,Ambala,Sugarcane,0.3583,3847.92,3715.35,
PR010673,2026-08-11,MANDI-044,Karnal,Sugarcane,0.3249,0.3684,0.3466,3500.0
PR001897,2026-02-17,MANDI-028,Moga,Maize,1826.0,2171.0,,2090.0
PR005122,2026-02-10,,Bathinda,Wheat,2343.0,2848.55,2595.86,0.2275
PR006595,2026-03-31,MANDI-018,Ludhiana,Mustard,0.5246,5956.0,5600.77,5650.0
PR009798,2026-06-08,MANDI-040,Patiala,Wheat,2225.92,2534.59,2380.26,
PR005521,2026-02-15,MANDI-016,Jalandhar,Rice,2153.93,,2298.34,0.2183
PR004540,2026-08-06,MANDI-042,Ferozepur,Wheat,0.202,2216.16,2117.9,2275.0
PR011348,2026-04-01,MANDI-056,Kurukshetra,Cotton,5793.01,6680.55,0.6237,6620.0
PR006597,2026-07-21,MANDI-035,Bathinda,Mustard,5605.55,6237.6,5922.0,5650.0
PR001599,2026-01-22,MANDI-019,Sirsa,Rice,1901.4257792244362,2299.2232579116253,2100.32,2183.0
PR002984,2026-04-26,,Kurukshetra,Wheat,2282.0,0.2599,2441.0,2275.0
PR000892,2026-08-29,MANDI-030,Ludhiana,Wheat,2175.46,2531.0,2353.0,0.2275
PR004439,2026-04-10,MANDI-001,Ferozepur,Cotton,6912.16,8083.0,7497.69,6620.0
PR008355,2026-06-28,MANDI-028,,Wheat,1997.92,,2235.85,2275.0
PR010022,2026-03-13,MANDI-028,Jalandhar,Cotton,6182.17,7151.0,6666.41,6620.0
PR000348,2026-08-04,MANDI-031,Kurukshetra,Mustard,5063.11,6193.61,5628.36,5650.0
PR003679,2026-01-18,MANDI-033,Kurukshetra,Cotton,0.575,7015.72,,6620.0
PR007499,2026-08-30,MANDI-028,,Mustard,0.5177,6387.0,5781.62,
PR003409,2026-08-17,MANDI-028,Sirsa,Mustard,4907.7548983719125,5642.0,5275.13,
PR005424,2026-07-06,,Bathinda,Cotton,5703.266294426099,6455.376489008087,6079.321391717093,6620.0
PR004848,2026-07-28,,Fatehabad,Wheat,2297.21,2633.91,2465.5573436273517,2275.0
PR005909,2026-08-25,MANDI-007,Amritsar,Rice,2191.45,2732.13,2462.0,2183.0
PR009913,2026-05-13,MANDI-051,Ludhiana,Maize,1797.62,1975.87,1886.74,2090.0
PR002405,2026-03-05,MANDI-016,Karnal,Mustard,0.5865,0.6633,0.6249,5650.0
PR009842,2026-01-06,MANDI-021,Kurukshetra,Sugarcane,3594.89,3861.0,3727.84,
PR005593,2026-01-12,MANDI-028,Kurukshetra,Sugarcane,3508.0,0.3853,3680.07,3500.0
PR007004,2026-05-08,MANDI-003,,Cotton,6712.2,0.7943,7327.75,6620.0
PR009652,2026-05-13,MANDI-032,Fatehabad,Cotton,6474.73,7386.24,6930.48,6620.0
PR009152,2026-03-04,MANDI-036,Kurukshetra,Maize,1950.0,2365.0,2157.65,2090.0
PR008483,2026-01-02,MANDI-045,Kurukshetra,Mustard,5774.12,6147.0,5960.43,5650.0
PR006716,2026-02-08,MANDI-017,,Wheat,2231.4281663850975,2622.85,2427.14,
PR004738,2026-05-27,MANDI-030,Hisar,Cotton,6924.893844091284,8295.0,7610.02,6620.0
PR000379,2026-02-21,MANDI-002,Jalandhar,Rice,2213.68,,2288.05,2183.0
PR002091,2026-06-23,MANDI-019,Patiala,Maize,2102.61,2362.0,2232.12,2090.0
PR008987,2026-09-09,MANDI-020,Fatehabad,Maize,2130.77,2471.08,2300.93,2090.0
PR006014,2026-05-01,MANDI-041,Fatehabad,Cotton,0.5995,6618.0,6306.3,6620.0
PR009068,2026-03-30,MANDI-005,Bathinda,Cotton,6550.8,0.7941,7245.79,6620.0
PR006081,2026-05-21,MANDI-033,Ferozepur,Mustard,4889.21,5229.89,5059.55,0.565
PR004890,2026-06-08,MANDI-049,Ludhiana,Cotton,6582.03,8219.38,7401.0,6620.0
PR009215,2026-07-11,MANDI-041,Ferozepur,Mustard,5265.451498029301,6089.0,5677.23,5650.0
PR007839,2026-04-08,MANDI-053,Kurukshetra,Sugarcane,3530.98,4260.22,3896.0,3500.0
PR002723,2026-08-17,MANDI-010,Karnal,Cotton,5859.0,6612.0,,0.662
PR004740,2026-04-04,MANDI-010,,Maize,0.2187,2426.2916289139353,2307.0,2090.0
PR006390,2026-01-15,MANDI-028,Karnal,Cotton,6291.0,7129.844053290254,6710.62,
PR000094,2026-02-14,MANDI-018,Ferozepur,Rice,2101.0,2583.98,0.2342,0.2183
PR008454,2026-03-01,MANDI-020,Amritsar,Mustard,5176.0,5909.52,5542.637807226309,5650.0
PR005827,2026-06-25,MANDI-005,Ludhiana,Mustard,4990.0,0.6195,5592.56,5650.0
PR004133,2026-01-16,MANDI-010,Hisar,Sugarcane,3310.44,3791.1539551219407,3550.8,
PR003632,2026-06-08,MANDI-017,Amritsar,Mustard,5724.03,6420.75,6072.0,5650.0
PR011856,2026-04-30,MANDI-032,Ludhiana,Cotton,6424.35,0.689,6657.38,6620.0
PR005683,2026-08-25,MANDI-015,,Rice,2024.3566079023592,2374.91,2199.63,2183.0
PR007276,2026-05-16,MANDI-033,Hisar,Rice,1906.12,2374.16,2140.136901733467,
PR011733,2026-02-22,MANDI-011,,Sugarcane,3273.88,3510.47,3392.18,
PR007747,2026-01-12,MANDI-052,Patiala,Wheat,2354.052697834721,2758.71,2556.38,2275.0
PR004461,2026-05-07,MANDI-025,Ambala,Sugarcane,3271.0,3973.0,3622.25,
PR004209,2026-08-09,MANDI-021,Moga,Wheat,2054.0,2350.1,2201.94,2275.0
PR004004,2026-07-04,MANDI-053,,Wheat,2101.67,2427.43,2264.55,0.2275
PR002358,2026-01-17,MANDI-053,Ferozepur,Maize,0.2175,2313.09,2244.0,2090.0
PR009588,2026-07-18,MANDI-052,Moga,Sugarcane,0.3257,3825.0,3540.85,3500.0
PR000948,2026-04-28,MANDI-048,Kurukshetra,Maize,1812.05,2201.227624777099,0.2007,
PR005482,2026-06-19,MANDI-036,Patiala,Maize,2193.3,2469.85,2331.57,2090.0
PR008062,2026-07-24,MANDI-026,Jalandhar,Wheat,1953.0,0.2253,2103.39,2275.0
PR004248,2026-04-05,MANDI-009,Patiala,Maize,2140.0,2453.0,2296.4305183873703,2090.0
PR011865,2026-03-23,MANDI-033,,Maize,0.2178,2695.36,2436.6338122633215,2090.0
PR008421,2026-06-15,MANDI-051,Ambala,Rice,1916.53,2076.477322711451,1996.5044785676992,2183.0
PR011606,2026-03-07,,Ferozepur,Maize,2024.0,2214.8385472679033,2120.0,2090.0
PR007852,2026-04-09,MANDI-006,Amritsar,Rice,2226.064661410877,2395.65,2311.0,0.2183
PR004337,2026-05-30,,Karnal,Mustard,,6391.208073571549,,
PR001073,2026-02-03,MANDI-029,Fatehabad,Sugarcane,3584.81,4379.0,3982.0,0.35
PR009899,2026-06-08,MANDI-031,Jalandhar,Cotton,,6235.78,,6620.0
PR004879,2026-10-06,MANDI-014,Ferozepur,Sugarcane,3421.11,,3739.7,3500.0
PR000828,2026-05-30,MANDI-039,Amritsar,Rice,0.1863,,1936.06,2183.0
PR006106,2026-05-20,MANDI-047,Fatehabad,Wheat,2157.4375513293808,0.2526,2341.67,2275.0
PR002314,2026-04-27,MANDI-054,Ferozepur,Wheat,2024.01,2244.95,2134.48,2275.0
PR004314,2026-07-16,MANDI-042,Ludhiana,Sugarcane,0.3493,3957.0,0.3725,
PR010019,2026-06-11,MANDI-012,Ferozepur,Cotton,6637.49,7987.54,7312.52,
PR006996,2026-07-09,MANDI-039,Ferozepur,Cotton,0.6373,7623.85,6998.33,
PR000249,2026-03-07,,Amritsar,Sugarcane,0.298,3442.66,3211.44,3500.0
PR010165,2026-06-07,MANDI-054,Moga,Wheat,1983.3,0.216,2071.7972193745063,2275.0
PR007348,2026-03-04,MANDI-034,Ludhiana,Cotton,5785.21,6347.78,6066.49,6620.0
PR010835,2026-05-29,MANDI-036,,Maize,1789.54,2174.0,,2090.0
PR004065,2026-02-14,MANDI-019,Bathinda,Sugarcane,3545.71,4379.0,3962.0,
PR008595,2026-03-08,MANDI-049,Sirsa,Sugarcane,3585.0,3984.7984499405243,3784.69,
PR001729,2026-11-07,MANDI-020,Ambala,Sugarcane,3639.98,3917.0,3778.55,0.35
PR006560,2026-01-02,MANDI-015,Kurukshetra,Maize,2049.0,2376.19,2212.54,2090.0
PR006170,2026-06-04,MANDI-003,,Sugarcane,,,3466.8326738814385,3500.0
PR011006,2026-02-02,MANDI-030,,Maize,0.1884,0.214,2012.05,2090.0
PR006464,2026-01-28,MANDI-020,Ambala,Rice,0.2148,2536.91,2342.42,2183.0
PR011045,2026-10-07,MANDI-056,Kurukshetra,Rice,0.2251,2491.0,0.2371,2183.0
PR006949,2026-07-08,MANDI-035,Amritsar,Mustard,5496.0,6380.0,5938.22,
PR007877,2026-03-03,MANDI-006,Karnal,Sugarcane,0.3455,4060.73,3757.8055531114624,3500.0
PR006973,2026-01-17,MANDI-034,Hisar,Mustard,5352.53,0.5865,0.5609,5650.0
PR004792,2026-03-20,MANDI-048,Ambala,Rice,0.2132,2328.0,2230.0180904474746,
PR001546,2026-11-02,MANDI-044,Jalandhar,Sugarcane,3618.34,3973.17,3795.75,0.35
PR011173,2026-03-28,MANDI-057,Fatehabad,Maize,0.2027,0.2327,2176.73,
PR000213,2026-04-22,,Bathinda,Maize,2025.0407629271315,0.2218,2121.67,2090.0
PR009534,2026-01-17,MANDI-004,Karnal,Maize,2136.75,0.2508,2322.0,
PR006762,2026-01-03,MANDI-052,Fatehabad,Maize,1989.7420256616524,2196.0,2092.6528396932986,2090.0
PR007317,2026-06-06,MANDI-048,Bathinda,Cotton,6429.956239168812,8018.37,7224.16,6620.0
PR002384,2026-05-06,MANDI-050,Moga,Cotton,6555.58,7857.56,7206.57,0.662
PR001669,2026-08-30,MANDI-004,Karnal,Rice,2230.92,,2490.2,2183.0
PR000742,2026-02-07,,,Mustard,5003.65,5690.0,5346.76,0.565
PR001163,2026-05-13,MANDI-042,Amritsar,Cotton,6332.0,0.7375,6853.29,0.662
PR009611,2026-03-19,MANDI-006,Ferozepur,Rice,2111.0,0.2591,2351.13,2183.0
PR002757,2026-05-08,MANDI-048,Ferozepur,Rice,2017.65,2146.19,,2183.0
PR006722,2026-02-27,MANDI-007,Moga,Cotton,5967.0,7282.0,,6620.0
PR011693,2026-06-29,MANDI-046,Jalandhar,Sugarcane,0.3374,3546.55,0.346,3500.0
PR010685,2026-07-11,MANDI-051,,Cotton,6017.81,7325.0,6671.48,6620.0
PR003245,2026-05-31,MANDI-038,,Rice,2259.0,2486.41,2372.679864674289,2183.0
PR003508,2026-04-29,MANDI-029,Karnal,Maize,2054.39,2471.72,2263.0557381300273,2090.0
PR011930,2026-04-23,,Jalandhar,Cotton,6083.02891662705,7341.324525870937,0.6712,6620.0
PR010237,2026-08-06,MANDI-056,,Sugarcane,3467.18,4198.6,,3500.0
PR000482,2026-06-27,MANDI-049,,Mustard,5514.14,0.6288,0.5901,
PR000396,2026-01-13,MANDI-044,,Cotton,6359.0,7159.56,6759.4869261309395,6620.0
PR007792,2026-08-25,MANDI-047,Kurukshetra,Mustard,4858.768865499172,6046.0,5452.0,
PR007934,2026-07-06,MANDI-008,Jalandhar,Sugarcane,,4467.05,4051.07,3500.0
PR000847,2026-04-17,MANDI-023,Moga,Sugarcane,3104.0,3415.57,3259.7,3500.0
PR003799,2026-03-19,MANDI-022,Karnal,Cotton,6813.77,8303.43,0.7559,6620.0
PR007836,2026-04-08,MANDI-042,Sirsa,Mustard,5154.62,6383.1,0.5769,5650.0
PR003834,2026-06-25,MANDI-015,Amritsar,Wheat,2059.16,2430.62,2245.0,2275.0
PR000629,2026-03-28,MANDI-028,,Maize,0.2074,2461.0,2267.0740542762046,0.209
PR008861,2026-07-26,,Patiala,Cotton,5664.88,6613.0,0.6139,0.662
PR006500,2026-05-28,MANDI-036,Amritsar,Cotton,5930.83,6458.75,6194.79,6620.0
PR000242,2026-06-23,MANDI-005,Patiala,Maize,0.2129,0.2468,2298.36,2090.0
PR010463,2026-04-19,MANDI-056,Sirsa,Maize,2185.0,2499.7255154897057,2342.52025392837,2090.0
PR004595,2026-09-09,MANDI-044,Ludhiana,Rice,2148.54,2425.0,2287.0,2183.0
PR002520,2026-04-05,MANDI-027,Kurukshetra,Mustard,5642.0,6937.37,6289.800671089331,5650.0
PR008558,2026-05-24,MANDI-054,Ambala,Mustard,0.5416,6062.7,5739.335604800961,5650.0
PR005167,2026-08-22,MANDI-048,Fatehabad,Wheat,2108.0,2602.7880248119886,2356.0,0.2275
PR004886,2026-08-01,MANDI-048,,Sugarcane,3203.9,3912.0,3557.96,
PR009612,2026-08-26,MANDI-011,Sirsa,Cotton,0.5825,6213.1,6019.03,6620.0
PR008506,2026-01-16,MANDI-051,Kurukshetra,Maize,2029.11,2228.0,2129.0,2090.0
PR005965,2026-07-08,MANDI-040,Kurukshetra,Maize,1861.0,2007.3,1934.0,
PR010007,2026-06-21,MANDI-017,Ludhiana,Cotton,5829.0,6967.657846548809,6398.38,
PR011142,2026-03-27,MANDI-009,Ambala,Cotton,0.6328,0.764,6984.277964494723,6620.0
PR003692,2026-07-09,MANDI-055,Kurukshetra,Mustard,4950.0,0.5531,5240.8,5650.0
PR002145,2026-03-29,MANDI-052,Ferozepur,Mustard,,6830.45,6185.49,5650.0
PR011478,2026-03-27,MANDI-014,Ludhiana,Cotton,6690.69,7531.940605389672,7111.0,
PR007575,2026-03-26,MANDI-037,,Sugarcane,3366.0,3594.24,3479.93,
PR005614,2026-03-05,MANDI-031,Sirsa,Rice,2237.33,2552.61,0.2395,2183.0
PR007339,2026-04-23,MANDI-014,Ferozepur,Sugarcane,3479.94,3709.8230096803645,3594.8792205182244,3500.0
PR009822,2026-06-19,MANDI-025,Bathinda,Rice,2150.53,2448.93,2299.73,2183.0
PR010421,2026-04-12,MANDI-042,Ambala,Sugarcane,3254.58,0.3592,3423.23,3500.0
PR001958,2026-06-08,,Moga,Mustard,4970.36,5990.0,5480.29,5650.0
PR003230,2026-01-18,MANDI-018,Amritsar,Wheat,2238.28,2357.94,2298.11,2275.0
PR005023,2026-01-18,MANDI-038,Sirsa,Mustard,5806.795851949369,0.679,0.6298,5650.0
PR003091,2026-07-02,MANDI-030,Amritsar,Mustard,5886.0,6964.0,6425.124469410437,0.565
PR003318,2026-03-26,MANDI-016,Hisar,Rice,2225.53,2544.15,2384.841860781103,2183.0
PR007045,2026-09-04,MANDI-044,Kurukshetra,Maize,1968.43,2120.34,2044.384126688834,0.209
PR005873,2026-02-19,MANDI-055,Karnal,Wheat,2126.08,2505.63,0.2316,2275.0
PR003217,2026-07-16,,,Wheat,2122.4,2642.5,2382.4506115805607,2275.0
PR008814,2026-05-01,MANDI-027,Amritsar,Cotton,5688.12,6171.0,5929.7,
PR008086,2026-04-22,,Kurukshetra,Maize,1822.84,1992.0,1908.0,2090.0
PR004632,2026-07-03,MANDI-032,Amritsar,Mustard,5337.0,6602.04,5969.33,5650.0
PR009274,2026-10-06,MANDI-057,Moga,Cotton,6790.4,7779.81,7285.0,0.662
PR003051,2026-06-25,MANDI-014,Sirsa,Wheat,1976.7,2094.07,2035.39,2275.0
PR004962,2026-07-04,MANDI-020,Karnal,Cotton,0.5858,7255.4,6556.71,6620.0
PR001644,2026-04-23,MANDI-037,Ferozepur,Mustard,4995.74,5345.0,5170.26964708067,5650.0
PR000089,2026-06-16,MANDI-052,Amritsar,Maize,1796.8,2008.09,1902.44,2090.0
PR008053,2026-06-03,,,Mustard,5511.0,6057.62,5784.12,5650.0
PR001450,2026-01-28,MANDI-034,,Sugarcane,3247.15,3668.96,0.3458,3500.0
PR002230,2026-08-08,MANDI-010,Ambala,Mustard,,0.5363,5107.8,5650.0
PR005189,2026-02-20,MANDI-017,Moga,Wheat,1994.0,2370.03,,2275.0
PR003506,2026-05-03,MANDI-033,Ferozepur,Mustard,5194.89,5976.14,5585.52,
PR009448,2026-07-07,MANDI-038,Bathinda,Cotton,0.5726,0.6179,5952.26,
PR009462,2026-06-30,MANDI-056,,Rice,2286.0,2585.0,2435.27,2183.0
PR005069,2026-01-02,MANDI-013,Jalandhar,Rice,1993.11,2097.48,2045.29,
PR002258,2026-08-25,,Sirsa,Rice,2044.22,2540.37,2292.29,2183.0
PR011822,2026-04-02,MANDI-019,Patiala,Maize,1799.62,2074.14,1937.0,2090.0
PR010097,2026-01-06,,Sirsa,Maize,2056.0,0.245,2253.0,
PR003243,2026-06-20,MANDI-014,Fatehabad,Mustard,,5970.0,5549.88,5650.0
PR009053,2026-06-23,MANDI-053,Moga,Maize,2134.125506757009,2507.93,2321.03,
PR009765,2026-01-22,MANDI-002,Hisar,Sugarcane,3545.83,3962.94,3754.0,3500.0
PR005811,2026-03-09,MANDI-053,Ludhiana,Mustard,5269.54,6564.45,5917.0,0.565
PR007538,2026-11-06,MANDI-045,Jalandhar,Rice,0.1937,0.2283,2110.1846707589607,2183.0
PR000814,2026-01-19,MANDI-030,Ambala,Wheat,2073.0,0.2579,2325.68,2275.0
PR007607,2026-05-22,MANDI-019,Ambala,Rice,1875.47,2060.09,1967.78,
PR002103,2026-05-18,MANDI-032,Sirsa,Rice,0.2202,2380.66,2291.52,2183.0
PR001323,2026-07-28,MANDI-032,Ambala,Maize,0.2061,2434.36,2247.61,2090.0
PR005994,2026-03-16,MANDI-052,Moga,Mustard,5895.0,6725.83,6310.63,5650.0
PR005034,2026-01-18,MANDI-057,Ludhiana,Sugarcane,3370.65,4173.23,3771.94,
PR003482,2026-05-28,MANDI-002,,Rice,2166.63,2451.24,2309.0,2183.0
PR001060,2026-01-10,MANDI-033,,Rice,2098.33,2391.65,2244.99,2183.0
PR000690,2026-04-21,MANDI-025,Patiala,Wheat,2018.26,2289.0,2153.63,
PR004747,2026-02-03,MANDI-048,,Mustard,0.4906,6121.87,5514.0,5650.0
PR005655,2026-01-29,MANDI-055,Ambala,Cotton,6378.71,7343.33,6861.02,6620.0
PR001767,2026-05-13,MANDI-048,Fatehabad,Mustard,5511.55,0.6537,6024.06,5650.0
PR001920,2026-09-04,MANDI-010,Sirsa,Mustard,5801.96,7187.0,6494.46,5650.0
PR002424,2026-03-03,MANDI-029,,Maize,1896.3,2102.28,1999.29,2090.0
PR003467,2026-07-10,MANDI-022,Bathinda,Rice,1897.3738891722992,2010.0,1954.0,2183.0
PR004355,2026-01-29,MANDI-022,Patiala,Cotton,6712.26,0.818,7446.09,6620.0
PR003006,2026-03-02,MANDI-030,Jalandhar,Cotton,6145.11,0.6677,6410.88,
PR002857,2026-04-20,MANDI-056,Hisar,Mustard,5762.78,6844.0,6303.438513255587,
PR000086,2026-05-04,MANDI-040,Hisar,Maize,1814.95,0.2006,1911.0,2090.0
PR002462,2026-12-01,MANDI-013,Ludhiana,Wheat,,2362.57,2233.0,2275.0
PR011110,2026-05-19,MANDI-024,Karnal,Mustard,5531.2,6842.5,,5650.0
PR002260,2026-05-22,MANDI-031,Moga,Mustard,5595.3,5963.23,5779.27,0.565
PR002116,2026-10-05,MANDI-052,Bathinda,Rice,2183.35,2683.05,2433.2,2183.0
PR006194,2026-03-25,MANDI-038,Sirsa,Rice,0.2,2366.49,,
PR007296,2026-03-02,MANDI-020,Bathinda,Rice,1951.5,2257.1,2104.0,2183.0
PR009889,2026-04-13,MANDI-037,Patiala,Maize,0.2004,2159.57,2081.8428494225027,
PR008854,2026-08-23,MANDI-021,,Wheat,2310.96,2502.6016721187025,2406.78,2275.0
PR006694,2026-03-07,MANDI-052,Fatehabad,Sugarcane,3144.535833006067,3373.84,3259.0,3500.0
PR005133,2026-02-06,MANDI-020,Hisar,Mustard,5033.82,5846.0,5439.88,5650.0
PR001789,2026-06-18,MANDI-008,,Cotton,6913.229724887688,8519.91,7716.57,6620.0
PR002264,2026-06-01,MANDI-042,Kurukshetra,Maize,2041.0,0.2246,0.2144,2090.0
PR003562,2026-05-12,,Jalandhar,Sugarcane,0.3365,4147.08,3756.07,3500.0
PR011168,2026-09-04,MANDI-024,Patiala,Rice,1894.02,2135.94,2014.98,2183.0
PR001905,2026-02-17,MANDI-027,Patiala,Maize,1939.15,0.2058,0.1999,0.209
PR005920,2026-03-24,MANDI-022,Kurukshetra,Sugarcane,3279.57,4035.15,3657.0,3500.0
PR001024,2026-02-04,,Kurukshetra,Wheat,2306.72,2823.77,2565.2433587236146,2275.0
PR002744,2026-07-06,MANDI-054,Bathinda,Wheat,2352.0,2572.0,2462.41,0.2275
PR004198,2026-01-19,MANDI-019,,Maize,1887.67,1988.78,1938.23,0.209
PR001571,2026-05-25,MANDI-001,Bathinda,Wheat,2311.52,,2485.82,2275.0
PR001242,2026-08-22,MANDI-028,Bathinda,Cotton,6240.58,7203.0,6721.916466480194,6620.0
PR009482,2026-04-26,MANDI-024,Amritsar,Sugarcane,3053.71,3779.0,0.3416,0.35
PR011775,2026-05-30,MANDI-051,Bathinda,Cotton,6191.0,6602.29,6397.0,6620.0
PR006707,2026-03-30,MANDI-019,,Maize,1914.86,2296.75,0.2106,2090.0
PR000686,2026-07-22,MANDI-035,Kurukshetra,Sugarcane,3193.0,3520.65,3356.61,
PR005649,2026-09-04,MANDI-017,Kurukshetra,Mustard,4822.28,5870.59,5346.43,5650.0
PR007618,2026-03-17,MANDI-011,Karnal,Mustard,5170.61,5829.11,0.55,5650.0
PR006749,2026-02-01,MANDI-034,Karnal,Maize,0.1804,0.1903,1853.31,2090.0
PR002052,2026-07-04,MANDI-045,Kurukshetra,Maize,0.2018,2178.91,2098.49,
PR000926,2026-04-03,MANDI-014,Amritsar,Wheat,2001.4496523743137,2479.56,2240.51,2275.0
PR010933,2026-07-11,,,Rice,2050.93,2240.0,,0.2183
PR009790,2026-05-16,MANDI-021,Ludhiana,Rice,1883.0,2089.0,1985.94,2183.0
PR000954,2026-06-27,MANDI-051,Hisar,Sugarcane,0.3465,4111.0,3788.16,3500.0
PR010842,2026-08-08,MANDI-007,Ferozepur,Wheat,0.1994,2151.36,0.2072,2275.0
PR009576,2026-03-12,MANDI-007,Bathinda,Mustard,5894.0,6933.16,6413.5365093901255,5650.0
PR011091,2026-01-18,MANDI-048,Ludhiana,Mustard,5722.0,6106.95,5914.46,
PR000553,2026-03-28,MANDI-057,Patiala,Sugarcane,3554.9057523467573,3739.0,3646.82,3500.0
PR010580,2026-03-08,MANDI-040,Moga,Mustard,5198.29,6365.970397845661,5782.13,
PR005173,2026-04-29,MANDI-033,Patiala,Maize,2132.77,2365.206668831777,2248.99,
PR005432,2026-04-24,MANDI-052,Ludhiana,Cotton,6389.043783638165,6843.42,6616.0,6620.0
PR008451,2026-07-31,MANDI-055,,Mustard,4983.62,5435.0,5209.09,5650.0
PR011807,2026-01-15,MANDI-055,Bathinda,Mustard,5025.03,0.6203,5614.080663381963,5650.0
PR009855,2026-04-07,MANDI-027,Ferozepur,Mustard,5350.12,5788.35,5569.0,5650.0
PR007785,2026-11-08,MANDI-029,Bathinda,Mustard,5259.0,0.6265,,
PR011805,2026-03-16,MANDI-020,,Wheat,,2363.86,2211.94,2275.0
PR009732,2026-07-07,MANDI-022,Bathinda,Sugarcane,0.3601,3803.13,0.3702,3500.0
PR010814,2026-02-05,,Ludhiana,Maize,1866.89,2050.7,0.1959,2090.0
PR003545,2026-05-05,MANDI-037,Jalandhar,Cotton,5958.86,0.7351,6655.0,6620.0
PR005620,2026-06-20,MANDI-040,Jalandhar,Wheat,,2300.64,2168.65,2275.0
PR002407,2026-01-24,MANDI-014,Ludhiana,Wheat,2075.15,2591.08,2333.12,2275.0
PR001809,2026-02-21,MANDI-006,Karnal,Mustard,0.537,6609.55,5989.98,5650.0
PR003728,2026-02-08,MANDI-003,Bathinda,Maize,2110.5,0.2355,0.2233,2090.0
PR006077,2026-06-16,MANDI-005,Ludhiana,Sugarcane,,3637.03,3393.95,0.35
PR005671,2026-05-02,MANDI-007,Karnal,Maize,0.2105,2280.87,2192.7515109344795,2090.0
PR001539,2026-07-20,MANDI-017,,Rice,0.2252,2593.4,2422.59,
PR005780,2026-03-03,MANDI-047,Bathinda,Mustard,5162.0,0.5585,5374.0,0.565
PR002322,2026-08-26,MANDI-028,Bathinda,Sugarcane,3159.3145177569654,3937.3042400589748,3548.31,3500.0
PR006947,2026-03-02,,Fatehabad,Mustard,4953.97,6038.75,5496.0,5650.0
PR000298,2026-04-15,MANDI-044,Ambala,Cotton,6891.0,8438.0,7664.66,6620.0
PR011366,2026-02-09,MANDI-011,Fatehabad,Rice,1958.6,2425.3,0.2192,2183.0
PR005021,2026-05-30,MANDI-006,Jalandhar,Maize,1957.2,0.2134,2045.5637585925324,2090.0
PR009102,2026-07-21,MANDI-006,Hisar,Mustard,,6474.05,6012.0,
PR009631,2026-03-08,MANDI-053,Jalandhar,Wheat,2091.66,2520.67,2306.0,0.2275
PR003018,2026-02-14,,Bathinda,Maize,1828.0,2212.5764718878813,0.202,
PR008531,2026-01-18,MANDI-048,Ferozepur,Rice,2264.741702255456,2663.03,2463.89,2183.0
PR007431,2026-03-20,MANDI-008,Hisar,Rice,2057.21,2264.7,2161.0,2183.0
PR005289,2026-06-16,MANDI-020,,Cotton,6320.62,7077.7,6699.16,
PR011891,2026-07-05,,Amritsar,Maize,,2447.5,2207.49,2090.0
PR000058,2026-06-09,,Patiala,Wheat,2229.7,2597.85,0.2414,2275.0
PR005713,2026-08-08,MANDI-003,Kurukshetra,Wheat,2025.31,,2164.0,2275.0
PR002396,2026-01-17,MANDI-054,Ambala,Sugarcane,3169.8949262282663,3717.08,3443.485439373989,3500.0
PR009521,2026-05-18,MANDI-057,Patiala,Maize,,2284.8,2125.53,2090.0
PR000810,2026-07-10,,Sirsa,Cotton,6597.81,0.7967,0.7282,
PR009255,2026-04-17,MANDI-022,Ferozepur,Rice,0.199,2303.05,0.2147,2183.0
PR007638,2026-01-04,MANDI-047,Kurukshetra,Maize,2065.5,2331.24,,2090.0
PR009229,2026-06-19,MANDI-035,Fatehabad,Cotton,6034.562908699304,0.705,0.6542,0.662
PR009061,2026-06-20,MANDI-040,Hisar,Wheat,2253.72,2675.02,2464.37,2275.0
PR008997,2026-01-31,MANDI-015,Moga,Maize,0.2106,2295.2,0.2201,2090.0
PR001051,2026-10-08,MANDI-011,Bathinda,Maize,1791.74,2233.0,0.2012,2090.0
PR005740,2026-10-06,MANDI-022,Fatehabad,Sugarcane,3037.0,3537.0,0.3287,3500.0
PR011837,2026-08-21,MANDI-031,Amritsar,Wheat,2265.11,0.2674,0.2469,
PR002383,2026-01-15,,Hisar,Rice,1899.7070382339077,2112.73,2006.22,2183.0
PR010944,2026-03-02,MANDI-032,Amritsar,Sugarcane,3590.49,4035.88,3813.0,3500.0
PR005241,2026-07-26,MANDI-021,Ambala,Rice,2138.53,2595.0,2366.54,
PR005978,2026-03-01,MANDI-008,Amritsar,Cotton,6766.956302051428,,7130.0,6620.0
PR002922,2026-01-08,MANDI-021,Karnal,Cotton,5863.0,7321.690582402938,6592.26,6620.0
PR004305,2026-07-24,MANDI-025,Bathinda,Mustard,5881.81,6976.0,6428.66,5650.0
PR008621,2026-03-17,MANDI-021,Ferozepur,Cotton,0.5753,0.709,6421.48,6620.0
PR001219,2026-12-05,MANDI-002,Kurukshetra,Sugarcane,3081.95,3490.96,3286.46,3500.0
PR008738,2026-06-17,MANDI-045,Amritsar,Rice,2262.69,2797.11,2529.9,0.2183
PR004391,2026-06-26,,Bathinda,Rice,2219.21,2353.57,2286.39,
PR003904,2026-05-04,MANDI-042,Kurukshetra,Rice,0.1936,2345.8883324279905,2141.11,2183.0
PR003020,2026-07-08,MANDI-006,Sirsa,Rice,1949.51,2249.75,2099.63,2183.0
PR011180,2026-07-21,,Fatehabad,Mustard,5750.59,6135.47,5943.02826005763,5650.0
PR006603,2026-07-22,MANDI-034,Sirsa,Rice,2128.87,2614.77,2372.0,
PR004367,2026-08-03,MANDI-056,Moga,Maize,1825.16,0.1977,1901.0,2090.0
PR005215,2026-02-24,MANDI-039,Moga,Mustard,5327.43,6491.44,5909.44,5650.0
PR009817,2026-05-29,,,Maize,1926.57,2364.08,2145.32,2090.0
PR006733,2026-02-25,MANDI-005,Ferozepur,Maize,2004.0,2228.97,2116.67,2090.0
PR000961,2026-02-05,MANDI-044,Ludhiana,Rice,1959.59,0.2235,0.2097,2183.0
PR009186,2026-07-25,MANDI-023,Ludhiana,Sugarcane,3375.99,3765.0,3570.38,
PR010542,2026-02-24,MANDI-047,Ferozepur,Sugarcane,,3716.2293749233245,3557.0303795317423,
PR011510,2026-01-15,,Karnal,Mustard,0.5513,0.5874,5694.0,
PR009574,2026-06-05,MANDI-029,Kurukshetra,Cotton,6441.0,7011.45,6726.13,6620.0
PR008030,2026-05-17,MANDI-027,Patiala,Cotton,6711.0,7151.0,6930.818807678319,6620.0
PR008335,2026-01-17,MANDI-015,Sirsa,Mustard,0.5586,6946.87,6266.35766198528,5650.0
PR009625,2026-02-14,MANDI-021,Fatehabad,Maize,2082.61,0.2569,2325.63,2090.0
PR006504,2026-01-15,MANDI-047,Kurukshetra,Cotton,6716.35,7922.0,7319.07,6620.0
PR004062,2026-05-05,MANDI-014,Amritsar,Mustard,0.4975,6161.21,5568.03,5650.0
PR011274,2026-02-07,MANDI-021,Jalandhar,Maize,1987.84,2236.0,2111.67,
PR005599,2026-02-24,,,Rice,,2236.0,2121.45,2183.0
PR005367,2026-04-27,MANDI-052,,Sugarcane,,3252.0,3158.52,3500.0
PR006841,2026-07-21,MANDI-042,Hisar,Maize,2086.16,2583.49,2334.83,2090.0
PR009610,2026-01-17,MANDI-051,Amritsar,Cotton,6293.81,6784.480337393765,6539.15,
PR006016,2026-07-05,MANDI-037,Ferozepur,Rice,1897.22,2183.0,2039.88,2183.0
PR003049,2026-03-27,MANDI-010,Sirsa,Rice,2147.97,2613.95,2380.96,2183.0
PR006881,2026-07-22,MANDI-035,Ludhiana,Mustard,5199.08,5813.0,0.5506,5650.0
PR007140,2026-04-17,MANDI-044,Amritsar,Cotton,5695.71,6807.51,6251.61,6620.0
PR003758,2026-06-07,MANDI-027,,Sugarcane,3503.0,4360.37,3931.9,3500.0
PR010062,2026-08-30,MANDI-026,Karnal,Sugarcane,3499.290397906438,4269.5,3884.0,
PR002484,2026-05-18,MANDI-042,Moga,Cotton,6310.19,7542.4,6926.29,6620.0
PR003343,2026-03-22,MANDI-012,Patiala,Rice,0.1989,2317.0,2152.88,2183.0
PR000883,2026-02-26,MANDI-036,Amritsar,Mustard,5093.27,6245.07,5669.0,
PR000682,2026-02-22,,Karnal,Wheat,1967.4256196614938,,,0.2275
PR005171,2026-06-26,MANDI-049,Fatehabad,Rice,2001.79,2270.5,0.2136,2183.0
PR004449,2026-08-30,MANDI-053,Sirsa,Cotton,5646.13,6191.78,5918.96,0.662
PR001467,2026-07-29,MANDI-040,Sirsa,Wheat,2363.73,2562.0,2462.62,2275.0
PR005428,2026-09-02,MANDI-007,Karnal,Maize,2026.22,2446.85,0.2237,2090.0
PR006527,2026-04-05,MANDI-057,Ferozepur,Rice,0.217,2314.790689735341,2242.29,0.2183
PR007426,2026-09-08,MANDI-021,Ludhiana,Rice,2190.15,2641.07,2415.61,0.2183
PR005807,2026-08-15,MANDI-020,Jalandhar,Mustard,5886.174864476197,7164.32,6525.25,5650.0
PR003255,2026-10-06,MANDI-007,,Cotton,5662.26,6878.0,0.627,6620.0
PR002222,2026-08-04,MANDI-035,,Cotton,6296.0,7431.45,6863.68,6620.0
PR011934,2026-07-31,MANDI-048,Hisar,Wheat,0.2248,2629.66,2438.6359979637377,0.2275
PR009196,2026-08-24,MANDI-024,Ferozepur,Sugarcane,3154.7,3694.02,3424.36,3500.0
PR007078,2026-05-14,MANDI-036,Sirsa,Rice,0.1968,0.2092,0.203,2183.0
PR009314,2026-08-07,MANDI-037,Ludhiana,Mustard,5915.528229664214,6745.31,6330.42,0.565
PR006073,2026-01-18,MANDI-001,Moga,Wheat,0.2236,2704.67,,0.2275
PR009067,2026-07-09,MANDI-002,Ferozepur,Rice,2128.97,2346.06,0.2238,2183.0
PR002093,2026-03-19,MANDI-005,Bathinda,Cotton,6112.87,6702.79,6407.83,6620.0
PR011728,2026-11-03,MANDI-054,Patiala,Maize,2057.57,2262.24,0.216,2090.0
PR002587,2026-08-18,MANDI-024,Patiala,Mustard,5349.88,5798.0,5574.03,0.565
PR011999,2026-05-07,MANDI-010,Hisar,Rice,2078.0,2392.0,2235.26,2183.0
PR008221,2026-04-26,MANDI-051,,Maize,1833.5,2221.14,2027.0,2090.0
PR004498,2026-07-09,MANDI-003,Ambala,Sugarcane,3509.59,4050.39,3780.0,0.35
PR007196,2026-07-06,MANDI-010,Moga,Wheat,2368.03,2649.7,2508.87,2275.0
PR006171,2026-08-24,MANDI-039,Karnal,Maize,2034.72,2312.0,2173.14,2090.0
PR011649,2026-06-29,MANDI-037,Moga,Cotton,5686.32,6201.18,5943.75,
PR001952,2026-06-23,MANDI-038,Ludhiana,Maize,2015.0,0.2368,2191.56,2090.0
PR009833,2026-01-14,MANDI-011,Sirsa,Rice,1978.5233397779116,2136.87,0.2058,2183.0
PR011928,2026-08-30,MANDI-016,Ambala,Wheat,2102.99,2460.0,2281.66,2275.0
PR004504,2026-08-27,MANDI-007,,Maize,1900.0,0.2359,2129.66,2090.0
PR006045,2026-07-09,MANDI-022,Kurukshetra,Cotton,5673.36,6143.534156107296,5908.45,0.662
PR005156,2026-03-07,MANDI-009,Ferozepur,Wheat,0.225,2797.9381512344703,0.2524,2275.0
PR003944,2026-07-09,MANDI-001,Fatehabad,Wheat,2157.8,2362.0,2260.0,2275.0
PR001012,2026-04-28,MANDI-056,Kurukshetra,Cotton,0.65,7261.59,6881.0,6620.0
PR002089,2026-03-28,MANDI-057,Hisar,Mustard,5908.0,6453.25,6180.0,5650.0
PR003830,2026-01-06,MANDI-044,Fatehabad,Wheat,0.1986,2445.87,0.2216,2275.0
PR003551,2026-08-08,MANDI-035,Ludhiana,Rice,2007.36,0.237,2188.78,
PR004057,2026-03-10,MANDI-034,Bathinda,Maize,1881.93,2140.69,2011.3100768343756,
PR001685,2026-06-25,MANDI-008,Kurukshetra,Cotton,6387.04,7151.74,0.6769,0.662
PR010464,2026-01-13,MANDI-047,Jalandhar,Maize,1813.0,2134.0,1973.57,2090.0
PR002476,2026-04-06,MANDI-020,Ambala,Sugarcane,3478.4758088779545,0.3953,,3500.0
PR007010,2026-06-13,MANDI-015,Moga,Rice,2006.36,0.2481,0.2244,
PR002246,2026-03-02,MANDI-039,Amritsar,Rice,0.2129,2652.0,2390.0,2183.0
PR004532,2026-03-07,MANDI-026,Karnal,Sugarcane,3602.0,4343.71,3972.76,3500.0
PR000917,2026-04-19,MANDI-050,Moga,Cotton,5703.96,7076.81,6390.38,0.662
PR011025,2026-07-23,MANDI-001,,Sugarcane,0.3526,3926.23,3726.097578261707,3500.0
PR001325,2026-09-02,MANDI-008,Ludhiana,Wheat,2113.71,,2362.86,2275.0
PR001994,2026-11-06,MANDI-017,Patiala,Maize,2102.17,2550.61,2326.39,2090.0
PR011206,2026-02-26,MANDI-008,Kurukshetra,Mustard,5917.93,0.678,0.6349,5650.0
PR003427,2026-05-24,MANDI-016,Sirsa,Rice,0.2031,2330.59,2181.0,
PR007660,2026-03-15,MANDI-008,,Cotton,6002.0,7352.18613470381,6677.0,0.662
PR004324,2026-01-18,MANDI-022,Hisar,Maize,0.2132,2525.63,2329.02,2090.0
PR003315,2026-01-16,MANDI-037,Jalandhar,Mustard,5419.57,0.6059,5739.0,
PR007588,2026-01-23,MANDI-023,Fatehabad,Cotton,5693.26,0.6315,6003.91,6620.0
PR010757,2026-01-22,MANDI-041,Jalandhar,Cotton,6407.0,0.7554,6980.0,6620.0
PR006271,2026-09-09,MANDI-030,Moga,Maize,2107.76,2221.0,2164.42,
PR006192,2026-04-19,MANDI-006,Bathinda,Mustard,0.5479,6313.26,5896.09,0.565
PR007166,2026-08-18,MANDI-007,Hisar,Rice,0.2158,2273.9152895289,0.2216,2183.0
PR011695,2026-05-16,MANDI-001,Ludhiana,Wheat,0.2035,2305.73,2170.32,
PR003429,2026-02-09,,Patiala,Mustard,5781.0,6279.57,6030.47,5650.0
PR001111,2026-07-16,MANDI-057,Moga,Wheat,2172.84,2490.28,,
PR005718,2026-01-21,MANDI-046,Bathinda,Maize,2153.51,2616.0,2384.52,2090.0
PR007953,2026-02-11,MANDI-054,Amritsar,Cotton,0.6563,8049.32,7305.99,6620.0
PR010622,2026-02-18,,Bathinda,Rice,1869.0,2110.28,1989.59,2183.0
PR005382,2026-07-17,MANDI-040,Jalandhar,Cotton,6682.08,7750.88,7216.0,6620.0
PR007619,2026-02-26,MANDI-041,Kurukshetra,Maize,0.216,0.2348,2253.77,0.209
PR003466,2026-01-13,MANDI-023,Bathinda,Rice,2199.29,2559.37,2379.0,0.2183
PR002590,2026-04-17,MANDI-034,Ambala,Rice,2186.73,0.2357,2271.99,2183.0
PR000973,2026-02-08,MANDI-031,,Sugarcane,3130.799518099099,3744.72,3438.0,3500.0
PR001493,2026-02-15,MANDI-026,Kurukshetra,Sugarcane,0.3137,,3515.0,3500.0
PR011329,2026-02-19,MANDI-022,Kurukshetra,Wheat,2183.89,0.24,2291.75,2275.0
PR011794,2026-03-25,MANDI-011,Moga,Wheat,2170.28,,0.2384,2275.0
PR008107,2026-03-02,MANDI-012,Hisar,Wheat,2267.391545728288,2786.7,2527.05,2275.0
PR003090,2026-08-01,MANDI-037,Amritsar,Mustard,5741.0,6230.126152168126,0.5986,5650.0
PR010509,2026-01-23,MANDI-003,,Sugarcane,3546.18,0.4138,0.3842,3500.0
PR003052,2026-04-26,MANDI-014,,Wheat,2067.68,2192.77,2130.22,2275.0
PR005228,2026-03-22,MANDI-037,Patiala,Rice,,2270.76,2071.6,2183.0
PR009173,2026-04-23,,Bathinda,Maize,0.2153,2322.38,2237.6,
PR007622,2026-09-09,MANDI-039,Hisar,Cotton,6493.17,7377.81,6935.49,6620.0
PR003975,2026-08-13,MANDI-003,Jalandhar,Cotton,6266.03,6764.18,0.6515,6620.0
PR007316,2026-11-06,MANDI-015,Ludhiana,Maize,0.2143,2431.62,0.2287,2090.0
PR003994,2026-05-25,MANDI-014,Kurukshetra,Rice,1917.5966398576497,2142.07,2029.8357632073883,2183.0
PR001086,2026-08-24,MANDI-055,Karnal,Maize,0.1883,2101.0,1991.97,2090.0
PR009079,2026-07-01,MANDI-012,Hisar,Wheat,2107.07,0.2275,2190.99,2275.0
PR007608,2026-08-09,MANDI-031,Patiala,Wheat,2069.37,2493.874821478596,2281.62,
PR003405,2026-04-09,MANDI-012,Bathinda,Mustard,5392.0,5901.96,5646.978435323439,
PR005889,2026-05-23,MANDI-018,Jalandhar,Wheat,0.2314,2845.183380512313,2579.0,2275.0
PR007483,2026-04-13,MANDI-030,Sirsa,Wheat,2264.46,2774.68,2519.57,2275.0
PR001974,2026-05-18,,Ludhiana,Wheat,2154.89,2523.23,2339.0,0.2275
PR010461,2026-01-04,,Karnal,Rice,0.204,,2211.59,0.2183
PR005290,2026-06-25,MANDI-052,Amritsar,Sugarcane,3004.0,3326.51,3165.04,
PR002276,2026-01-23,MANDI-003,Hisar,Wheat,2053.0,,0.229,2275.0
PR004218,2026-06-22,MANDI-004,,Sugarcane,3238.15,3443.26,3340.71,3500.0
PR004274,2026-03-22,MANDI-029,Moga,Sugarcane,0.3253,0.3936,3594.22,
PR003524,2026-06-03,MANDI-054,Sirsa,Mustard,0.5776,6173.74,,5650.0
PR001764,2026-08-04,MANDI-049,Fatehabad,Cotton,6496.01,,6680.79,
PR010496,2026-02-16,MANDI-037,Jalandhar,Wheat,2210.77,2396.0,2303.46,
PR007487,2026-08-19,MANDI-037,Jalandhar,Cotton,6329.466800663352,7260.25,6794.86,6620.0
PR009383,2026-08-04,MANDI-021,Sirsa,Wheat,2275.46,2766.0,2520.9,2275.0
PR001400,2026-01-26,MANDI-036,Patiala,Cotton,6462.42,,7259.69,
PR008348,2026-08-16,MANDI-048,Amritsar,Mustard,5311.8,6327.23,5819.52,0.565
PR004696,2026-03-11,MANDI-020,Patiala,Maize,0.1964,2149.7,2057.0,2090.0
PR005206,2026-03-07,,Hisar,Cotton,6670.45,7146.0,6908.43,0.662
PR004038,2026-09-02,MANDI-001,Bathinda,Rice,1877.0,2312.53,2094.75,2183.0
PR007072,2026-06-03,MANDI-033,Sirsa,Maize,1810.956845934408,2164.62,1987.7875160003446,
PR003770,2026-06-26,MANDI-043,Ferozepur,Sugarcane,0.3505,3695.09,3600.14,3500.0
PR007482,2026-02-01,MANDI-037,,Maize,2171.14,2329.07,0.225,2090.0
PR001584,2026-02-04,MANDI-057,Kurukshetra,Rice,2092.45,2282.19,2187.32,2183.0
PR011919,2026-02-28,MANDI-024,Kurukshetra,Rice,2061.42,2199.0,0.213,2183.0
PR000521,2026-04-01,MANDI-053,Amritsar,Wheat,1957.28,0.2097,0.2027,2275.0
PR005763,2026-01-16,MANDI-032,Patiala,Sugarcane,3498.0,3954.92,3726.33,3500.0
PR003781,2026-01-31,,,Sugarcane,3524.0,3903.8070080703355,3713.72,0.35
PR001635,2026-08-17,MANDI-027,Jalandhar,Sugarcane,0.3111,3371.22,0.3241,3500.0
PR010820,2026-01-29,MANDI-053,Moga,Sugarcane,3647.1951749363748,4022.68,3834.94,0.35
PR004197,2026-03-22,MANDI-039,Fatehabad,Mustard,0.5436,5834.98,5636.0,5650.0
PR005951,2026-05-04,MANDI-003,Moga,Maize,0.1851,1943.74,1897.27,2090.0
PR002941,2026-04-08,MANDI-034,Amritsar,Wheat,2278.84,2821.36,2550.0,
PR001982,2026-04-30,MANDI-057,Kurukshetra,Cotton,6799.0,8184.272979105089,7491.7,0.662
PR000829,2026-08-10,MANDI-018,Kurukshetra,Maize,1832.03,,0.199,0.209
PR000981,2026-06-24,MANDI-012,Bathinda,Mustard,,,5975.04,
PR009538,2026-02-11,MANDI-028,Moga,Mustard,5546.87,6423.385939214099,,5650.0
PR002795,2026-04-02,MANDI-010,Amritsar,Rice,2202.03,2320.21,2261.12,2183.0
PR006304,2026-02-17,MANDI-013,Sirsa,Maize,1851.0,0.2061,1956.38,2090.0
PR004947,2026-05-17,MANDI-054,Jalandhar,Maize,,1948.45,1867.08,2090.0
PR000280,2026-08-27,MANDI-042,Fatehabad,Maize,2160.0,2681.77,0.2421,2090.0
PR003141,2026-01-22,MANDI-034,Ferozepur,Maize,1791.72,2111.04,1951.38,2090.0
PR002136,2026-07-27,MANDI-016,Sirsa,Cotton,5945.24,6753.74,6349.49,6620.0
PR001039,2026-09-02,MANDI-056,Hisar,Cotton,,6862.1,6442.65,
PR006063,2026-06-18,MANDI-008,Moga,Wheat,2287.0,2641.0,2464.25,
PR000801,2026-08-02,MANDI-033,Fatehabad,Mustard,5565.88,6098.87,5832.37,5650.0
PR002291,2026-04-23,MANDI-030,Moga,Cotton,6941.88671528948,8433.0,7687.58,6620.0
PR004669,2026-08-11,MANDI-045,Moga,Sugarcane,3133.0,3916.0,3524.0,3500.0
PR000472,2026-08-28,MANDI-053,Sirsa,Cotton,6254.0,0.7548,6901.27,6620.0
PR003364,2026-04-23,MANDI-013,Bathinda,Maize,1861.0,0.2003,1932.0,2090.0
PR001435,2026-01-20,MANDI-046,Jalandhar,Cotton,6231.68,7602.18,0.6917,
PR003555,2026-03-16,MANDI-012,Amritsar,Mustard,4908.7,5537.91,0.5223,
PR000575,2026-02-02,MANDI-003,Amritsar,Mustard,4881.0,0.5734,5307.63,0.565
PR000029,2026-07-09,MANDI-002,Karnal,Rice,2031.65,2363.99,2197.82,0.2183
PR010493,2026-01-26,MANDI-019,Ludhiana,Sugarcane,3667.41,4420.56,4043.99,3500.0
PR010281,2026-08-08,MANDI-027,Moga,Rice,0.2168,0.252,2344.14,2183.0
PR001533,2026-08-31,MANDI-013,Kurukshetra,Rice,2270.81,2672.28,2471.54,2183.0
PR000516,2026-02-06,MANDI-001,Moga,Rice,2013.86,2409.01,2211.43,2183.0
PR009408,2026-03-17,MANDI-030,Moga,Maize,0.2031,2417.14,0.2224,2090.0
PR011547,2026-04-30,MANDI-037,,Wheat,2317.87,2533.0,2425.51,
PR001515,2026-08-17,MANDI-015,Ludhiana,Maize,1835.04,1976.0,1905.35,2090.0
PR000096,2026-04-27,MANDI-003,Ferozepur,Sugarcane,,0.3836,,3500.0
PR006676,2026-08-25,MANDI-014,Patiala,Rice,1915.26,2344.11,2129.69,0.2183
PR009924,2026-08-12,MANDI-028,Fatehabad,Sugarcane,0.3351,3543.36,3447.3,0.35
PR006945,2026-08-29,MANDI-034,,Rice,2011.34,2428.04,0.222,
PR011362,2026-12-07,MANDI-020,Bathinda,Sugarcane,3091.0,3298.34,3194.49,
PR004981,2026-02-11,MANDI-017,,Cotton,6365.88,,6652.57,6620.0
PR005855,2026-01-29,MANDI-054,Sirsa,Maize,2044.0,2475.68,0.226,2090.0
PR008770,2026-06-25,MANDI-047,Bathinda,Sugarcane,3303.0,4072.9017035126813,3688.06,3500.0
PR009604,2026-01-30,MANDI-032,Karnal,Wheat,1990.9538250918977,2463.87,2227.41,
PR004828,2026-10-04,MANDI-038,Hisar,Sugarcane,3055.38,3392.899979852883,0.3224,3500.0
PR006483,2026-08-16,MANDI-044,Ludhiana,Sugarcane,3160.17,3461.55,3311.0,3500.0
PR006197,2026-07-19,MANDI-037,Kurukshetra,Sugarcane,,,0.3293,
PR010268,2026-02-23,,Moga,Wheat,1949.0,2267.0847925870817,2108.0,2275.0
PR003489,2026-08-22,MANDI-006,Sirsa,Sugarcane,3052.241184168186,3423.85,0.3238,3500.0
PR006463,2026-04-21,MANDI-013,Amritsar,Mustard,5561.0,6799.33,6180.3,0.565
PR002049,2026-02-25,MANDI-026,Hisar,Maize,1853.0,1998.6547479401981,1925.7,2090.0
PR006373,2026-02-06,MANDI-001,Moga,Mustard,,6438.0,5835.1,5650.0
PR009371,2026-06-11,MANDI-052,Jalandhar,Rice,0.2016,2449.3,2232.59787255946,2183.0
PR010300,2026-04-21,MANDI-027,Amritsar,Cotton,,7025.27,6695.01,6620.0
PR007882,2026-02-03,MANDI-035,Sirsa,Mustard,5531.16,5983.21,5757.0,5650.0
PR002792,2026-07-17,MANDI-026,Patiala,Cotton,6735.524598202122,,7416.0,6620.0
PR003172,2026-05-06,MANDI-031,Ludhiana,Wheat,2039.99,2149.34,2094.67,2275.0
PR008860,2026-06-19,MANDI-017,Bathinda,Maize,0.1976,2229.45,,2090.0
PR001699,2026-07-26,MANDI-041,Karnal,Sugarcane,0.3177,3584.67,0.3381,0.35
PR002726,2026-08-04,,Karnal,Sugarcane,3245.0,3437.0,3341.04,0.35
PR001152,2026-06-09,MANDI-012,,Cotton,6279.1,6613.81,,0.662
PR004900,2026-07-13,MANDI-054,Sirsa,Mustard,0.5337,6628.560406747979,5983.0,5650.0
PR001376,2026-09-09,MANDI-054,,Wheat,,2289.85,2198.0,2275.0
PR004104,2026-03-20,MANDI-036,Jalandhar,Rice,1874.49,2137.624937994184,2006.06,2183.0
PR010076,2026-02-10,MANDI-008,Ludhiana,Cotton,6650.0,7017.70216938786,0.6834,6620.0
PR005984,2026-03-11,MANDI-025,Fatehabad,Sugarcane,3189.66,3803.95,3496.8,
PR003127,2026-08-29,,Patiala,Maize,1942.0,0.2363,,2090.0
PR010983,2026-01-04,MANDI-046,Ludhiana,Cotton,5889.596356305939,0.6645,6267.32,6620.0
PR011671,2026-03-09,MANDI-043,Moga,Maize,2131.91,2622.8,0.2377,2090.0
PR002151,2026-05-29,MANDI-025,Ambala,Rice,2043.34,,2259.74,2183.0
PR010010,2026-04-24,MANDI-036,Hisar,Maize,2075.75,2192.6597830023597,2134.21,2090.0
PR011298,2026-04-29,MANDI-027,Ludhiana,Maize,2067.9907557941406,0.2191,2129.6908497399845,0.209
PR008836,2026-05-29,MANDI-028,Jalandhar,Maize,0.1985,2416.349820557798,0.22,2090.0
PR001275,2026-01-13,,Fatehabad,Mustard,,6501.43,5903.715394496389,5650.0
PR006584,2026-09-01,MANDI-032,Fatehabad,Rice,2236.97,2733.68,2485.32,
PR005554,2026-02-19,MANDI-056,Bathinda,Rice,2060.567143610495,2388.43,2224.0,2183.0
PR002327,2026-08-17,MANDI-010,Hisar,Wheat,2242.0,2496.13,2369.13,2275.0
PR011997,2026-03-31,MANDI-025,Patiala,Cotton,0.6536,7219.34,6877.45,6620.0
PR007016,2026-03-16,MANDI-028,Ludhiana,Rice,1920.48,2073.0,1997.0,2183.0
PR009698,2026-05-26,MANDI-029,,Cotton,5847.58,6403.0,6125.38,6620.0
PR003352,2026-05-16,MANDI-049,Ambala,Maize,1872.98,2319.88,0.2096,
PR009023,2026-06-02,MANDI-050,Jalandhar,Mustard,5915.57,6572.49,6244.03,5650.0
PR008544,2026-04-11,MANDI-024,Sirsa,Maize,2163.46,0.2661,2412.36,2090.0
PR001392,2026-01-12,MANDI-027,Amritsar,Rice,2144.84,2446.5119734226087,2295.67,2183.0
PR004802,2026-05-21,MANDI-055,Amritsar,Sugarcane,0.3208,3933.14,3570.65,3500.0
PR007150,2026-12-01,MANDI-024,Ambala,Rice,2108.532893684059,2624.73,2366.63,0.2183
PR006993,2026-05-17,MANDI-021,Jalandhar,Wheat,0.2242,2794.65,0.2518,2275.0
PR007573,2026-02-13,MANDI-007,Patiala,Maize,2052.72,2207.57,2130.14,2090.0
PR011191,2026-04-08,MANDI-041,Fatehabad,Cotton,6116.81,6468.0,,6620.0
PR005408,2026-02-28,MANDI-026,Fatehabad,Sugarcane,0.358,3899.7,3740.06,3500.0
PR004143,2026-06-25,MANDI-057,Sirsa,Rice,1915.0,2109.37,2012.2,0.2183
PR008812,2026-05-19,MANDI-034,Ferozepur,Maize,0.2103,2356.69,0.223,
PR011582,2026-06-23,,Ferozepur,Maize,0.2192,2579.9810991164113,2386.03,2090.0
PR004761,2026-04-18,MANDI-017,,Maize,0.1879,2016.4,0.1948,2090.0
PR006160,2026-04-18,MANDI-007,Bathinda,Cotton,6894.95,7541.0,7218.0,6620.0
PR003265,2026-06-01,MANDI-056,Sirsa,Rice,1987.6,2447.13,2217.37,2183.0
PR002406,2026-02-27,MANDI-032,Bathinda,Sugarcane,3041.31,3632.96,3337.14,
PR008366,2026-07-07,MANDI-030,Moga,Wheat,2078.0,2480.98,2279.56,2275.0
PR003347,2026-03-19,MANDI-057,Karnal,Rice,2183.0929174828525,0.2295,2239.0,2183.0
PR007698,2026-03-21,MANDI-022,Kurukshetra,Sugarcane,3496.85,3793.0,0.3645,0.35
PR004607,2026-08-04,MANDI-039,Bathinda,Mustard,4884.867396561412,5517.3,,5650.0
PR011060,2026-04-26,MANDI-029,,Rice,2180.95,2545.99,0.2363,2183.0
PR005481,2026-06-04,MANDI-015,Karnal,Rice,,2645.28,2466.77,2183.0
PR009245,2026-01-26,MANDI-017,Fatehabad,Mustard,5246.58,6486.51,5866.545099467126,5650.0
PR007231,2026-09-03,MANDI-049,Fatehabad,Mustard,5103.33,5388.3188640959315,,5650.0
PR006784,2026-05-20,MANDI-007,Jalandhar,Wheat,2174.26,2625.56,0.24,0.2275
PR000498,2026-07-21,MANDI-009,Sirsa,Sugarcane,3266.32,3463.77,3365.04,3500.0
PR000540,2026-08-10,MANDI-030,Sirsa,Mustard,5711.99,6330.4882550711345,,5650.0
PR008302,2026-06-05,,Sirsa,Rice,2112.56,2556.4,2334.48,2183.0
PR003886,2026-05-03,MANDI-015,Ferozepur,Sugarcane,3107.8251209436175,3727.53,3417.68,3500.0
PR003578,2026-04-16,MANDI-033,Sirsa,Sugarcane,0.3514,3945.0,3729.31,0.35
PR004318,2026-03-02,MANDI-021,Sirsa,Maize,2072.98,2207.128278736866,2140.05,2090.0
PR002657,2026-01-05,MANDI-056,Bathinda,Sugarcane,3498.2,0.4023,3761.0,0.35
PR004724,2026-06-04,,Kurukshetra,Wheat,2109.12,2348.6,2228.86,
PR007145,2026-09-09,MANDI-018,Hisar,Rice,,2355.23,2145.12,2183.0
PR000055,2026-03-28,MANDI-039,Fatehabad,Wheat,1948.11,2382.31,2165.21,2275.0
PR006488,2026-05-16,MANDI-038,Hisar,Rice,2064.426971440994,2208.62,2136.53,2183.0
PR011882,2026-07-16,MANDI-046,Ludhiana,Sugarcane,3020.37,3643.76,3332.0661828503694,3500.0
PR007005,2026-06-05,MANDI-051,,Rice,2186.708559635277,2530.0,2358.579787521304,2183.0
PR005903,2026-08-30,MANDI-040,Ludhiana,Sugarcane,3315.63,4115.6596834305965,3716.0,3500.0
PR007436,2026-12-03,MANDI-003,Patiala,Rice,2193.04,2445.34,2319.19,2183.0
PR011242,2026-04-18,MANDI-040,,Maize,0.2113,2388.0,2250.52,2090.0
PR006360,2026-06-02,MANDI-009,Karnal,Maize,,2152.2,1977.96,2090.0
PR005656,2026-05-21,MANDI-025,Karnal,Wheat,2131.92,2380.08,2256.0,
PR005834,2026-05-16,MANDI-026,Jalandhar,Cotton,0.598,7445.44,6712.87,0.662
PR004321,2026-01-02,MANDI-041,Moga,Wheat,2131.5417704341603,2644.49,0.2388,2275.0
PR009395,2026-08-25,MANDI-012,Moga,Wheat,2372.64,2706.0,2539.0,2275.0
PR003490,2026-02-14,,Amritsar,Wheat,2381.0,2623.77,,2275.0
PR010297,2026-03-19,MANDI-045,Jalandhar,Rice,1959.3784992251606,2292.74,2126.059590606228,
PR003205,2026-04-10,MANDI-043,Fatehabad,Maize,1917.7082045954073,0.2232,2075.0,2090.0
PR006120,2026-03-12,MANDI-025,,Rice,2028.28,2454.2,0.2241,2183.0
PR006138,2026-06-21,MANDI-008,,Rice,1936.0,2102.84,2019.5,2183.0
PR005989,2026-06-26,MANDI-005,Amritsar,Sugarcane,,3525.0,3274.7,0.35
PR003653,2026-08-02,MANDI-017,,Sugarcane,3430.0,3718.4912312030265,3574.06,3500.0
PR007594,2026-07-17,MANDI-052,Hisar,Mustard,5616.11,5915.0,0.5766,5650.0
PR002450,2026-03-01,MANDI-003,Moga,Mustard,5205.6189862862975,,5717.33,0.565
PR002967,2026-02-26,MANDI-025,Karnal,Rice,2258.35059383597,2465.93,0.2362,
PR002244,2026-04-18,MANDI-024,,Maize,2114.0,2580.950405731793,0.2347,2090.0
PR002996,2026-01-06,MANDI-008,,Mustard,4937.0,0.5746,5341.26,5650.0
PR004139,2026-02-25,,Sirsa,Mustard,5157.01,6436.0,5796.41,5650.0
PR011201,2026-08-14,MANDI-043,,Wheat,0.2058,2386.14,2222.17,2275.0
PR005553,2026-04-02,MANDI-001,,Wheat,2183.3155571812504,2698.89,2441.1,0.2275
PR009517,2026-11-02,MANDI-033,Patiala,Mustard,5591.3,6037.0,5813.945862160526,5650.0
PR008577,2026-05-25,MANDI-018,Sirsa,Cotton,6323.33,6765.05,6544.19,6620.0
PR000922,2026-10-04,MANDI-025,Fatehabad,Maize,1936.48,2324.87,2131.0,2090.0
PR006891,2026-07-02,MANDI-010,,Sugarcane,3606.63,4345.81,3976.2186490319823,0.35
PR006634,2026-05-24,,,Wheat,1941.72,2337.68,,2275.0
PR006830,2026-08-23,MANDI-051,,Sugarcane,3029.78,3384.0,3207.01,
PR008400,2026-07-18,MANDI-018,Hisar,Mustard,5624.02,6710.4,6167.21,5650.0
PR003561,2026-07-04,MANDI-051,Ludhiana,Rice,2171.24,2437.46,0.2304,2183.0
PR004434,2026-01-25,MANDI-007,Bathinda,Cotton,5699.88,0.7099,0.6399,6620.0
PR000543,2026-11-07,MANDI-010,Karnal,Wheat,0.1987,2323.77,2155.35,2275.0
PR005885,2026-01-05,MANDI-035,Karnal,Wheat,2270.0,2572.29,2421.3,2275.0
PR007134,2026-06-08,MANDI-042,,Cotton,6843.53,7428.23,7135.88,6620.0
PR000941,2026-04-25,MANDI-055,,Maize,1821.62,2046.9201396463768,0.1934,2090.0
PR001188,2026-09-06,,Ludhiana,Maize,1865.46,,2062.1513582540288,
PR007975,2026-02-22,MANDI-040,Ambala,Maize,1897.0,2334.93,2115.82,2090.0
PR007725,2026-07-19,MANDI-057,Fatehabad,Cotton,6169.9,0.7524,6846.884576572764,6620.0
PR007130,2026-03-14,MANDI-021,Kurukshetra,Cotton,6544.37,,7066.98,0.662
PR000792,2026-05-08,MANDI-042,Moga,Rice,1953.54,2327.4608715048817,2140.5,2183.0
PR008600,2026-07-11,,Ferozepur,Cotton,,7146.4693241004115,6709.58,6620.0
PR004561,2026-03-24,MANDI-046,Bathinda,Rice,2229.72,2343.35,2286.54,2183.0
PR006027,2026-08-22,MANDI-007,Ludhiana,Mustard,5896.49,6489.765822085237,0.6193,
PR001289,2026-08-21,MANDI-013,Ambala,Wheat,2353.25,2642.95,2498.0,0.2275
PR007863,2026-03-14,MANDI-003,Bathinda,Mustard,0.5487,6567.74,6027.31,5650.0
PR004715,2026-02-07,MANDI-006,Amritsar,Wheat,1975.0,2205.638572364987,2090.46,2275.0
PR001820,2026-08-30,MANDI-022,Amritsar,Rice,2075.87,0.2223,2149.37,2183.0
PR008225,2026-08-01,MANDI-045,Amritsar,Maize,1781.05,0.2145,0.1963,2090.0
PR005201,2026-02-15,,Ludhiana,Wheat,2157.0,2397.92,2277.399130596543,
PR001478,2026-05-02,MANDI-052,Kurukshetra,Sugarcane,3241.95,3849.55,3545.75,0.35
PR001540,2026-12-07,,Ferozepur,Sugarcane,3193.0,3516.01,3354.0,3500.0
PR004281,2026-04-24,MANDI-012,Ambala,Mustard,0.5457,5733.19,5595.25,5650.0
PR001452,2026-05-23,MANDI-053,Patiala,Rice,1908.46,2284.0,2096.12,2183.0
PR005390,2026-08-09,MANDI-021,Bathinda,Maize,2144.5306092746396,2355.37,0.225,
PR003370,2026-05-02,MANDI-001,Ferozepur,Cotton,6309.25,7314.49,6811.87,6620.0
PR001803,2026-02-24,,Ambala,Sugarcane,3397.68,3932.11,3664.89,3500.0
PR010749,2026-06-08,,Patiala,Maize,2174.42,2598.6,2386.51,
PR003639,2026-01-05,MANDI-027,,Cotton,,6313.18,6077.39,0.662
PR011042,2026-03-29,MANDI-010,Kurukshetra,Cotton,6202.551994561976,6588.66,6396.0,6620.0
PR005579,2026-03-03,MANDI-036,Karnal,Cotton,6470.42,0.6869,6669.77,6620.0
PR005456,2026-02-13,MANDI-032,Jalandhar,Mustard,5718.81,7130.56,0.6425,5650.0
PR000658,2026-04-01,MANDI-030,Amritsar,Rice,2011.26,2257.45,2134.36,2183.0
PR006040,2026-06-29,MANDI-017,Bathinda,Rice,2063.46,0.2242,2153.0,
PR003825,2026-06-20,MANDI-023,Fatehabad,Wheat,2224.29,0.2361,2292.87,2275.0
PR006565,2026-02-09,MANDI-031,Fatehabad,Cotton,0.6792,8175.0,7483.0,0.662
PR006612,2026-02-20,,Patiala,Wheat,2263.74,2448.63,2356.18,2275.0
PR010109,2026-03-04,MANDI-054,Amritsar,Maize,2119.23,2340.46,2229.85,2090.0
PR011255,2026-06-05,MANDI-027,,Cotton,6237.15,6718.9,6478.024139185776,6620.0
PR008339,2026-06-19,MANDI-027,Amritsar,Rice,,0.219,2048.521023286257,2183.0
PR003382,2026-04-21,MANDI-053,Moga,Cotton,5713.15,6824.42,6268.79,6620.0
PR006490,2026-05-02,MANDI-048,,Sugarcane,,4290.53,3963.68,
PR000454,2026-04-22,MANDI-044,Patiala,Sugarcane,3659.7,4071.13,3865.41,3500.0
PR000263,2026-02-16,,Amritsar,Cotton,5959.07,6426.07,6192.57,6620.0
PR005840,2026-02-11,MANDI-011,Kurukshetra,Rice,1931.6,0.2314,2122.59,2183.0
PR006124,2026-03-15,MANDI-013,Patiala,Sugarcane,3016.35,3613.32,3314.84,3500.0
PR005776,2026-05-28,MANDI-001,Karnal,Rice,2011.11,2451.31586529729,2231.21,2183.0
PR007833,2026-04-08,MANDI-017,Patiala,Maize,2051.6,2433.69,2242.64,2090.0
PR010443,2026-06-13,MANDI-028,,Cotton,6313.7,0.6878,6595.65,6620.0
PR003151,2026-04-07,,Ferozepur,Mustard,0.5361,5837.1,5599.04,5650.0
PR011476,2026-07-03,MANDI-054,Karnal,Maize,2162.87,2625.94,2394.0,2090.0
PR008329,2026-09-05,MANDI-019,Bathinda,Mustard,5243.03,6129.0,5686.17,0.565
PR004760,2026-08-20,MANDI-031,Patiala,Cotton,,0.6483,6273.0,6620.0
PR005992,2026-09-02,MANDI-018,Fatehabad,Cotton,6686.42,0.7315,7000.8,
PR010147,2026-03-08,MANDI-029,Amritsar,Cotton,6265.19,6808.07,0.6537,
PR004078,2026-03-03,MANDI-056,Patiala,Cotton,0.622,7532.34,,6620.0
PR003707,2026-01-30,MANDI-029,Sirsa,Sugarcane,0.3602,4053.34,3827.57,3500.0
PR005666,2026-07-31,MANDI-057,Ferozepur,Cotton,6100.78,7311.47,6706.0,6620.0
PR002128,2026-03-05,MANDI-042,Kurukshetra,Cotton,5673.19,6497.23,6085.21,0.662
PR011264,2026-01-12,MANDI-002,Kurukshetra,Cotton,6293.81,7717.4,7006.0,6620.0
PR001223,2026-06-13,MANDI-035,Ambala,Wheat,,2688.0,2435.85,
PR008969,2026-04-08,MANDI-048,Jalandhar,Maize,2101.77980352717,,0.2337,
PR000979,2026-04-25,MANDI-033,Jalandhar,Mustard,5625.678469841902,6196.33,0.5911,5650.0
PR007393,2026-08-12,MANDI-031,Ferozepur,Wheat,0.2365,2897.8725888409,2631.34,2275.0
PR006896,2026-01-24,MANDI-034,Ferozepur,Rice,1918.34,,2067.22,2183.0
PR003385,2026-06-06,MANDI-007,Jalandhar,Cotton,5809.41,0.6989,6399.02,6620.0
PR001090,2026-07-30,MANDI-021,Patiala,Cotton,5988.0,7432.45,0.671,6620.0
PR006137,2026-07-13,MANDI-049,Karnal,Mustard,5592.4,6248.57,0.592,5650.0
PR002126,2026-01-03,MANDI-019,Patiala,Rice,1950.0555024937628,2311.34,2130.7,2183.0
PR010475,2026-05-27,,,Cotton,6325.44,,7024.31,
PR007310,2026-01-19,,Amritsar,Wheat,2154.0,2314.53,2234.06,2275.0
PR008045,2026-08-04,MANDI-016,,Cotton,6891.83,7920.25,7406.0,6620.0
PR010072,2026-12-06,MANDI-004,Amritsar,Rice,1877.72,2284.8414560241067,2081.0,2183.0
PR005233,2026-01-22,MANDI-012,Jalandhar,Maize,2163.34,2523.388030736337,2343.36,
PR008674,2026-08-29,MANDI-047,Ferozepur,Wheat,,2698.11,2471.8,0.2275
PR010467,2026-04-09,MANDI-055,Jalandhar,Maize,1911.71,0.2169,2040.0,2090.0
PR006100,2026-07-07,MANDI-007,Bathinda,Sugarcane,3311.0,3726.69,3518.88,
PR010911,2026-03-22,MANDI-037,Ludhiana,Cotton,0.6843,7215.77,7029.55,6620.0
PR011400,2026-06-14,MANDI-018,Moga,Wheat,,0.2249,2107.0,2275.0
PR008693,2026-03-10,,Karnal,Sugarcane,3117.06,3380.48,3248.77,3500.0
PR008549,2026-06-25,MANDI-051,Karnal,Sugarcane,3279.91,3994.9,3637.4,3500.0
PR000268,2026-07-04,MANDI-041,Karnal,Sugarcane,3065.0,3830.0,3447.0,3500.0
PR005414,2026-06-16,MANDI-006,Karnal,Cotton,0.6552,0.805,0.7301,6620.0
PR001356,2026-01-29,MANDI-022,Amritsar,Rice,2143.11,0.2261,0.2202,
PR000668,2026-04-22,MANDI-045,Ferozepur,Rice,0.2122,2435.61,2278.9,0.2183
PR004126,2026-08-05,MANDI-052,Fatehabad,Mustard,5063.75,5938.0,5501.05,5650.0
PR011250,2026-05-29,MANDI-051,Fatehabad,Cotton,6458.37,6880.187430207275,6669.28,6620.0
PR003129,2026-01-06,,Patiala,Mustard,5845.73,7134.97,6490.35,5650.0
PR009934,2026-05-25,MANDI-010,,Maize,1782.0,2219.99,2000.95,2090.0
PR000237,2026-06-25,MANDI-005,,Sugarcane,3363.65,3890.0,3626.62,3500.0
PR010132,2026-07-01,MANDI-050,Jalandhar,Wheat,2192.57,2345.904579838334,2269.24,2275.0
PR008052,2026-12-02,MANDI-054,Ferozepur,Mustard,5301.17,6548.18,5925.0,5650.0
PR011552,2026-06-15,MANDI-040,Bathinda,Sugarcane,3458.06,3709.4,3583.73,3500.0
PR006632,2026-04-06,MANDI-013,Karnal,Sugarcane,0.3624,4000.93,3812.54,0.35
PR005598,2026-05-05,,Ludhiana,Rice,2177.98,2369.0,0.2274,
PR008788,2026-06-26,MANDI-011,,Maize,,2560.202191213163,2365.0,2090.0
PR006459,2026-12-06,MANDI-050,Karnal,Maize,0.1779,2079.0,1929.0,0.209
PR002528,2026-07-25,MANDI-005,Sirsa,Maize,1805.0,2192.0,1998.6944369609396,
PR007152,2026-01-26,MANDI-020,Moga,Mustard,5816.14,6588.39,6202.27,5650.0
PR005871,2026-06-17,MANDI-013,Ambala,Cotton,5889.38,0.7133,6511.27,
PR000771,2026-05-21,MANDI-018,Karnal,Rice,1867.0,2167.71,2017.33,0.2183
PR007485,2026-08-30,MANDI-003,Sirsa,Mustard,4837.11,5966.88,5402.0,0.565
PR000936,2026-06-04,MANDI-038,Kurukshetra,Wheat,2081.446123566664,0.2258,2170.0,2275.0
PR003617,2026-01-04,MANDI-001,,Maize,2047.3673732995533,0.2477,2262.39,
PR000731,2026-01-15,MANDI-054,Bathinda,Wheat,2197.0,2389.75,2293.15,
PR004611,2026-08-28,MANDI-047,,Mustard,,6256.292640058587,5691.2,0.565
PR002298,2026-11-08,MANDI-032,Fatehabad,Sugarcane,3303.712691190894,3659.88,3482.0,3500.0
PR010504,2026-07-25,MANDI-023,Jalandhar,Mustard,5418.15,5742.507844251503,0.558,0.565
PR002928,2026-06-09,MANDI-036,Hisar,Maize,1843.92,2127.87,1985.9,2090.0
PR007174,2026-04-20,MANDI-051,Kurukshetra,Mustard,,0.5952,5716.957469484747,5650.0
PR001583,2026-08-27,MANDI-013,Jalandhar,Rice,2198.47,0.2367,2282.71,2183.0
PR001652,2026-01-20,MANDI-012,,Maize,1788.217917421095,0.2041,1914.83,
PR008300,2026-05-02,,Ferozepur,Rice,2249.33,2521.76,2385.548647226364,
PR006572,2026-05-01,MANDI-049,,Mustard,0.5932,6853.72,6393.0,5650.0
PR003893,2026-01-05,MANDI-027,Amritsar,Mustard,0.4813,5407.48,5110.0,5650.0
PR007225,2026-02-21,MANDI-023,Ferozepur,Rice,2082.8,2342.79,0.2213,2183.0
PR011952,2026-03-29,MANDI-025,Karnal,Cotton,6100.0,0.6713,6406.77,6620.0
PR004778,2026-03-04,MANDI-049,Kurukshetra,Rice,2146.46,2467.0,2306.49,2183.0
PR006702,2026-02-17,MANDI-002,Sirsa,Rice,2225.32,2634.46,2429.89,0.2183
PR011444,2026-03-14,MANDI-037,Kurukshetra,Wheat,2322.48,2530.15,2426.31,2275.0
PR010530,2026-05-01,MANDI-050,Moga,Wheat,0.1958,0.21,0.2029,2275.0
PR011137,2026-01-31,MANDI-037,Sirsa,Mustard,5683.0,6342.59,6012.92,5650.0
PR008398,2026-03-23,MANDI-048,Bathinda,Maize,1899.0,2125.652612734001,2012.44,2090.0
PR006420,2026-08-29,MANDI-012,Amritsar,Maize,2118.09,2541.73,2330.0,
PR011820,2026-04-12,MANDI-038,Fatehabad,Wheat,1946.8280091202635,2431.3537537530738,0.2189,2275.0
PR001425,2026-05-14,MANDI-040,,Cotton,5724.24,7068.59,0.6396,
PR004221,2026-07-30,MANDI-026,Amritsar,Wheat,,0.2405,2292.39,
PR002357,2026-06-29,MANDI-024,Ludhiana,Sugarcane,3521.88,4237.0,3879.49,0.35
PR009264,2026-04-24,MANDI-051,Bathinda,Cotton,6046.67,7134.61,6590.64,
PR005964,2026-07-24,MANDI-009,,Maize,0.2048,2289.0,2168.42,2090.0
PR001232,2026-01-23,MANDI-039,Fatehabad,Sugarcane,3651.34,,3899.7563042666397,
PR001314,2026-04-03,,Patiala,Mustard,5601.31,6677.7,6139.51,0.565
PR007079,2026-06-21,MANDI-011,Kurukshetra,Mustard,5507.0,6469.56,5988.0,
PR003035,2026-04-12,MANDI-046,,Sugarcane,3653.0,3961.32,3807.0,3500.0
PR010942,2026-06-27,MANDI-034,Patiala,Wheat,1999.39,2449.9328944146596,2224.66,
PR006048,2026-01-31,MANDI-045,Karnal,Wheat,2276.0,2630.0,2453.0,
PR010764,2026-03-24,MANDI-040,Hisar,Wheat,2330.41,2625.25,2477.83,2275.0
PR007946,2026-10-03,MANDI-002,Amritsar,Cotton,5970.0,6312.09,6141.12,6620.0
PR007749,2026-04-04,MANDI-014,Jalandhar,Rice,2254.91,2497.1015648296666,2376.01,2183.0
PR000069,2026-08-31,MANDI-020,Karnal,Sugarcane,3638.68,4385.227763244665,4012.0,3500.0
PR007550,2026-05-15,MANDI-002,Patiala,Mustard,,5469.16,5270.0,5650.0
PR004502,2026-01-20,,Ludhiana,Cotton,0.637,7947.0,7158.52,0.662
PR002371,2026-02-18,MANDI-035,Kurukshetra,Sugarcane,0.3488,4210.86,3849.55,3500.0
PR002548,2026-04-28,MANDI-040,Ferozepur,Wheat,1964.92,2232.96,2098.94,2275.0
PR010228,2026-03-29,MANDI-040,,Maize,1981.93,2214.2,2098.07,2090.0
PR005130,2026-04-26,,Sirsa,Cotton,6024.74,6583.0,6304.0,6620.0
PR001463,2026-07-31,MANDI-022,Ambala,Wheat,2119.73,2372.0,2245.69,0.2275
PR002791,2026-08-05,MANDI-047,Patiala,Maize,1874.26,2264.09,2069.18,
PR011715,2026-04-02,MANDI-008,Patiala,Wheat,1996.98,2135.52,0.2066,
PR000136,2026-08-18,MANDI-024,Ambala,Mustard,4879.8,5883.6,5382.0,5650.0
PR005847,2026-06-26,MANDI-029,Sirsa,Sugarcane,3309.8295223452524,3909.13,3609.48,3500.0
PR005332,2026-03-04,MANDI-008,Bathinda,Mustard,5271.23,0.5707,5489.0,5650.0
PR009247,2026-04-29,MANDI-003,Sirsa,Wheat,,2763.53,2544.65,0.2275
PR008920,2026-04-21,MANDI-016,Hisar,Mustard,5198.62,5605.79,5402.0,
PR007398,2026-01-16,MANDI-021,Moga,Mustard,4927.88,,5094.34,5650.0
PR004456,2026-07-22,MANDI-022,Hisar,Mustard,5387.0,,5948.013024994518,5650.0
PR001773,2026-06-22,MANDI-022,Amritsar,Sugarcane,3171.9154743980744,3448.83,3310.38,3500.0
PR011359,2026-03-26,,Moga,Maize,2156.4039012943263,2360.0,2258.05,2090.0
PR002574,2026-07-21,MANDI-037,Jalandhar,Sugarcane,3451.0,3717.41,0.3584,3500.0
PR007604,2026-05-22,MANDI-037,Karnal,Mustard,5734.15,0.6841,6287.8022028722735,
PR003060,2026-05-13,MANDI-055,Moga,Sugarcane,3096.0,3262.63,3179.07,3500.0
PR000770,2026-04-30,MANDI-003,Jalandhar,Rice,1960.63,0.2421,2190.7,0.2183
PR005025,2026-04-06,MANDI-027,Moga,Cotton,6935.69,7549.69,,
PR009335,2026-01-21,MANDI-053,,Mustard,5911.22,6450.87,6181.05,5650.0
PR004453,2026-05-06,MANDI-026,Ludhiana,Sugarcane,3025.478929512032,0.3536,3281.0,3500.0
PR005721,2026-06-09,MANDI-016,Amritsar,Wheat,2090.0,2217.5,0.2154,
PR008844,2026-03-15,MANDI-016,Sirsa,Rice,0.2038,2183.02,0.211,2183.0
PR007807,2026-05-20,,Patiala,Maize,1892.17,2010.45,1951.0,2090.0
PR007969,2026-08-31,MANDI-052,Ferozepur,Sugarcane,3340.41,3999.07,3670.0,3500.0
PR000965,2026-06-09,MANDI-041,Jalandhar,Wheat,2329.58,,0.2562,2275.0
PR004231,2026-06-09,,,Sugarcane,3408.31,4143.0,3775.58,
PR008228,2026-06-09,MANDI-035,Fatehabad,Rice,1979.85,2446.0,2213.0,2183.0
PR006291,2026-07-17,MANDI-014,Kurukshetra,Sugarcane,3340.0,3529.11,0.3435,
PR009366,2026-01-24,MANDI-005,Karnal,Cotton,0.5772,7159.1,6465.786605703503,
PR002667,2026-06-01,MANDI-015,Moga,Mustard,5918.434303279341,,6542.58,5650.0
PR005905,2026-01-15,MANDI-026,,Cotton,6710.75,7337.69,0.7024,0.662
PR010241,2026-02-05,MANDI-036,Fatehabad,Maize,0.1957,2384.73,2171.0,0.209
PR001287,2026-07-26,MANDI-027,Sirsa,Sugarcane,3453.0,0.3898,3675.43,3500.0
PR004012,2026-07-30,MANDI-007,Amritsar,Rice,1905.49,,2123.51,2183.0
PR009494,2026-04-12,MANDI-010,,Rice,0.218,2413.14,2296.46,2183.0
PR011165,2026-08-01,MANDI-034,Bathinda,Wheat,2029.71,0.2483,2256.23,0.2275
PR010209,2026-03-24,MANDI-047,Ferozepur,Mustard,5488.31,6366.86,5927.58,5650.0
PR009624,2026-08-02,MANDI-032,Sirsa,Rice,2019.9868807954222,2178.13,2099.060163296088,2183.0
PR001429,2026-12-06,MANDI-004,Moga,Wheat,,2253.47,2110.77,
PR010900,2026-06-16,MANDI-024,Kurukshetra,Sugarcane,3321.67,3809.31,0.3565,3500.0
PR010887,2026-01-30,MANDI-023,Karnal,Rice,0.2158,2586.3,2372.39,2183.0
PR007944,2026-08-09,MANDI-028,,Cotton,6538.09,7009.929233760028,6774.01,6620.0
PR007405,2026-02-09,MANDI-008,Jalandhar,Sugarcane,3327.18,3827.0,,3500.0
PR003656,2026-01-25,MANDI-039,Moga,Maize,1923.72,0.2271,,2090.0
PR011869,2026-01-03,,Moga,Cotton,6040.0,,6526.35,6620.0
PR002873,2026-06-06,MANDI-042,,Wheat,2009.79,,2171.35,
PR000339,2026-10-07,MANDI-004,,Cotton,6189.4840134409205,7080.42,0.6635,6620.0
PR006470,2026-07-20,MANDI-028,Ludhiana,Mustard,4900.54,5393.47,5147.0,
PR007895,2026-05-24,MANDI-028,Hisar,Mustard,5597.52,0.6629,6113.2,0.565
PR000043,2026-05-28,MANDI-045,Ludhiana,Cotton,0.6506,7250.84,6878.18,
PR008406,2026-01-18,MANDI-041,Jalandhar,Cotton,6294.0,7099.36,6696.86,6620.0
PR000099,2026-10-08,,Ambala,Mustard,,6353.05,5988.0,5650.0
PR011041,2026-03-06,,Fatehabad,Mustard,5159.0,6078.17,5618.748519815836,5650.0
PR004421,2026-03-28,MANDI-001,Patiala,Cotton,5786.670688914706,,5991.35,6620.0
PR009001,2026-06-23,MANDI-049,Karnal,Sugarcane,2991.0745278155887,3588.3,3289.69,3500.0
PR008599,2026-05-29,MANDI-042,Fatehabad,Maize,2171.3844792774007,2561.037316348275,2366.0,2090.0
PR010330,2026-08-21,,Ambala,Wheat,2341.17,2717.73,2529.0,2275.0
PR009117,2026-08-27,MANDI-001,,Rice,,2409.0,2182.6,2183.0
PR005802,2026-04-25,MANDI-015,,Wheat,1992.19,2255.42,2124.0,2275.0
PR009337,2026-04-20,MANDI-020,Ambala,Cotton,5697.28,0.6553,0.6125,6620.0
PR000530,2026-08-15,MANDI-045,Fatehabad,Wheat,0.2084,2490.64,2287.44,2275.0
PR000593,2026-02-18,MANDI-020,Karnal,Cotton,0.6644,0.7845,7245.0,6620.0
PR009717,2026-04-20,MANDI-036,Bathinda,Maize,0.1987,2245.83,2116.59,
PR003439,2026-04-14,MANDI-043,Jalandhar,Mustard,5664.2,6759.75441531283,6211.98,
PR003236,2026-08-17,MANDI-056,Moga,Mustard,4836.59,5198.03,5017.31,5650.0
PR005270,2026-02-13,MANDI-057,Hisar,Sugarcane,3295.78,3797.24,,
PR007526,2026-06-21,MANDI-031,Sirsa,Wheat,2243.030222657838,,2470.89,0.2275
PR009177,2026-06-24,MANDI-015,,Cotton,5972.96,0.6852,6412.35,
PR004205,2026-05-25,,Jalandhar,Sugarcane,3036.67,3582.68,3309.67,3500.0
PR008743,2026-05-16,MANDI-010,Karnal,Sugarcane,3608.0,3802.0,3705.07,3500.0
PR000531,2026-08-01,,Karnal,Sugarcane,3406.4,,0.3498,0.35
PR007981,2026-07-04,MANDI-033,Ferozepur,Mustard,5782.144672292427,6850.0,,5650.0
PR005272,2026-02-15,MANDI-015,Bathinda,Rice,1856.1,2180.9810219048254,2018.54,2183.0
PR000483,2026-02-04,MANDI-029,Bathinda,Mustard,5223.27,6484.73,0.5854,0.565
PR004212,2026-08-17,MANDI-041,Ludhiana,Mustard,5689.0,6031.16,5860.18,
PR009545,2026-03-27,MANDI-024,Karnal,Sugarcane,3306.05,3835.43,3570.74,3500.0
PR006858,2026-06-28,MANDI-057,Jalandhar,Sugarcane,3670.02,,3767.0,3500.0
PR011051,2026-08-27,MANDI-023,,Cotton,5869.37,6926.97,6398.0,6620.0
PR004336,2026-08-23,,Ferozepur,Maize,2138.55,2309.29,0.2224,2090.0
PR006210,2026-01-16,MANDI-047,Hisar,Cotton,6270.34,6673.0,6471.55,0.662
PR005628,2026-07-20,,Hisar,Rice,1991.98,2406.52,2199.25,2183.0
PR000942,2026-03-22,MANDI-011,Kurukshetra,Mustard,5884.54,6641.0,6263.0,5650.0
PR002106,2026-08-14,MANDI-034,Amritsar,Mustard,5660.22,6086.16,5873.19,
PR008695,2026-05-14,MANDI-013,,Mustard,0.5655,6130.0,5892.67,
PR011537,2026-08-08,MANDI-020,Amritsar,Rice,2134.479425969366,2625.8194169246644,0.238,2183.0
PR003820,2026-03-30,MANDI-010,Hisar,Cotton,6789.04,7774.46,0.7282,6620.0
PR008428,2026-10-04,,Ferozepur,Cotton,6776.28,0.7791,7283.59,6620.0
PR004563,2026-03-01,MANDI-008,Moga,Rice,2014.0,2256.73,2135.34,2183.0
PR001328,2026-07-27,MANDI-032,Ambala,Rice,2209.0,2522.6431470972543,2366.0,2183.0
PR011442,2026-08-17,MANDI-003,Moga,Rice,2249.2606437221034,2418.26,2333.76,2183.0
PR004432,2026-05-10,MANDI-010,Patiala,Sugarcane,3084.45,0.3507,3295.84,3500.0
PR001251,2026-05-15,MANDI-020,,Sugarcane,3350.19,4179.45,3765.0,0.35
PR010232,2026-02-02,MANDI-023,,Rice,2065.89,2180.52,2123.21,2183.0
PR010194,2026-06-21,MANDI-041,Ludhiana,Rice,0.1925,2027.52,1976.32,0.2183
PR004009,2026-08-20,,Hisar,Maize,2138.33,2418.72,2278.53,2090.0
PR005959,2026-02-19,MANDI-015,Amritsar,Mustard,5152.32,5790.0,5471.0,5650.0
PR010713,2026-08-21,MANDI-009,Amritsar,Rice,1898.0,2288.0,2092.7327879397735,2183.0
PR009884,2026-05-09,MANDI-043,,Maize,2034.0,2196.36,2115.2,0.209
PR005222,2026-02-10,MANDI-034,Sirsa,Sugarcane,3161.38,3713.0,3437.2156514277694,0.35
PR000405,2026-03-08,MANDI-055,Moga,Rice,0.2141,2479.6,2310.0,2183.0
PR008059,2026-04-22,,,Mustard,5882.05,6272.91,6077.48,5650.0
PR002973,2026-01-06,MANDI-033,,Wheat,0.2387,0.2801,2593.9,
PR010257,2026-03-10,MANDI-018,Jalandhar,Cotton,6157.0,,,6620.0
PR006294,2026-10-05,MANDI-043,Hisar,Cotton,0.6921,7514.07,0.7218,6620.0
PR010162,2026-01-27,MANDI-002,Bathinda,Cotton,6700.65,7115.52602748182,,6620.0
PR002279,2026-09-09,MANDI-013,,Mustard,5036.6,6013.633710213045,0.5525,5650.0
PR005291,2026-07-05,MANDI-003,,Sugarcane,3137.05,3875.92,3506.49,3500.0
PR002207,2026-08-12,MANDI-027,Ludhiana,Sugarcane,3475.91,0.3693,3584.0,
PR006826,2026-01-06,MANDI-003,Jalandhar,Rice,,2535.32,2296.99,2183.0
PR001444,2026-09-07,MANDI-056,Patiala,Rice,2275.22,2550.88,2413.05,2183.0
PR009469,2026-04-16,MANDI-007,Fatehabad,Mustard,5810.77,6665.28,6238.0,5650.0
PR006479,2026-08-07,MANDI-033,Bathinda,Maize,1936.0,2220.96,2078.0,2090.0
PR004448,2026-01-29,MANDI-020,,Sugarcane,3408.89,0.4023,3716.0,3500.0
PR003204,2026-08-21,MANDI-017,Kurukshetra,Mustard,0.5413,0.6715,6064.02,0.565
PR008316,2026-06-29,MANDI-023,Fatehabad,Maize,1983.0,,2094.5,2090.0
PR003841,2026-01-17,MANDI-007,Patiala,Wheat,0.2029,2176.48,2102.52,2275.0
PR002971,2026-07-15,MANDI-007,,Maize,1955.86,2066.6,2011.23,2090.0
PR007192,2026-07-26,MANDI-021,Karnal,Cotton,5916.86,6244.38,0.6081,6620.0
PR009350,2026-02-26,MANDI-015,Amritsar,Maize,,2343.92,0.2196,2090.0
PR000241,2026-05-31,MANDI-030,Ambala,Cotton,5641.76,6597.0,,6620.0
PR008771,2026-05-02,MANDI-014,Fatehabad,Sugarcane,2980.823437299841,3719.118168521044,3350.0,
PR002454,2026-04-30,MANDI-013,Bathinda,Maize,0.191,2216.17,2062.84,2090.0
PR011208,2026-04-25,MANDI-044,Sirsa,Cotton,6744.67,7120.01,0.6932,6620.0
PR002681,2026-06-25,,Karnal,Cotton,6176.32,6546.19,6361.26,6620.0
PR007089,2026-06-17,MANDI-028,Amritsar,Wheat,2136.0,0.2592,2364.11,0.2275
PR005508,2026-02-08,MANDI-012,Hisar,Maize,1893.99,2205.846580622579,2049.92,2090.0
PR003139,2026-08-24,MANDI-052,Hisar,Sugarcane,3020.37,3487.72,3254.05,3500.0
PR010889,2026-05-11,MANDI-033,Hisar,Mustard,5501.5,6000.0,5751.0,5650.0
PR002854,2026-07-30,,Sirsa,Maize,2061.703873683244,2379.0,2220.0,0.209
PR001913,2026-11-08,MANDI-041,Bathinda,Cotton,,6641.138535473076,6318.0,6620.0
PR010708,2026-08-22,MANDI-001,Jalandhar,Mustard,5363.69,0.6541,5952.56,5650.0
PR009938,2026-03-29,MANDI-038,Fatehabad,Rice,2109.75,2281.670232972851,2195.71,2183.0
PR003751,2026-09-07,MANDI-051,Hisar,Maize,1834.6986195178115,2265.36,2050.0,2090.0
PR009898,2026-08-16,MANDI-029,,Mustard,0.4988,5909.2,0.5448,
PR000587,2026-02-10,MANDI-033,Patiala,Sugarcane,,3786.55,3436.92,3500.0
PR002043,2026-03-30,MANDI-042,Ludhiana,Cotton,6764.9,,0.7065,6620.0
PR007936,2026-03-05,,Patiala,Mustard,5921.64,7350.51,0.6636,5650.0
PR003941,2026-07-13,MANDI-002,Hisar,Maize,2057.01,0.2472,2264.0,2090.0
PR010553,2026-05-22,MANDI-015,Amritsar,Cotton,6474.1,0.6888,6680.82,6620.0
PR010202,2026-02-03,MANDI-014,,Mustard,5516.09,6043.17,0.578,5650.0
PR007477,2026-04-02,MANDI-028,Karnal,Rice,2262.83,2507.31,2385.0,2183.0
PR002088,2026-08-12,MANDI-030,Ludhiana,Sugarcane,3150.47,0.3318,3234.23,3500.0
PR007216,2026-03-24,MANDI-055,Ludhiana,Mustard,0.5687,6663.027822018651,0.6175,5650.0
PR001881,2026-04-12,MANDI-037,Ferozepur,Maize,2011.02,2380.18,2195.6,2090.0
PR004714,2026-08-13,MANDI-052,Bathinda,Rice,2147.72,2342.66,2245.19,2183.0
PR003406,2026-02-27,MANDI-033,Ferozepur,Maize,2047.25,2524.32,2285.78,
PR002118,2026-10-07,MANDI-041,Ferozepur,Cotton,5981.09,6921.11,6451.0,6620.0
PR002123,2026-07-12,MANDI-027,Ferozepur,Mustard,5654.53,0.6804,0.6229,
PR008207,2026-02-16,MANDI-003,Ambala,Rice,0.1972,2133.22,0.2053,2183.0
PR006903,2026-05-05,MANDI-047,,Mustard,5595.0,5945.89,0.577,5650.0
PR001775,2026-06-22,MANDI-010,Kurukshetra,Maize,1825.19,1964.85,1895.02,2090.0
PR008933,2026-01-09,MANDI-010,Bathinda,Cotton,6126.49,7273.2,6699.842448321481,6620.0
PR010083,2026-07-18,MANDI-044,Sirsa,Wheat,2386.84,2672.0864052421807,2529.465150797028,2275.0
PR008433,2026-03-17,MANDI-055,Kurukshetra,Wheat,2347.845708433545,2832.04,,2275.0
PR006241,2026-05-11,MANDI-027,Karnal,Rice,2054.0,2177.0,2115.0,2183.0
PR006865,2026-05-24,MANDI-041,Amritsar,Mustard,0.5373,6157.07,5765.02,5650.0
PR003201,2026-02-11,MANDI-001,Moga,Sugarcane,3636.69,4360.24,3998.0,3500.0
PR004781,2026-05-27,MANDI-028,Sirsa,Rice,2028.1162344527918,2309.11,0.2169,2183.0
PR003012,2026-02-03,,Kurukshetra,Wheat,2163.478698038407,2478.75,,2275.0
PR003115,2026-03-15,MANDI-054,Moga,Sugarcane,2995.41,3398.53,3196.9724274017744,3500.0
PR005454,2026-03-23,MANDI-054,Amritsar,Cotton,,7405.0,6712.5447106446645,6620.0
PR000255,2026-06-24,MANDI-036,Ludhiana,Wheat,2310.96,2492.61,2401.79,
PR008181,2026-06-27,MANDI-011,Ludhiana,Mustard,4912.947732363098,5827.44,0.537,5650.0
PR001406,2026-04-17,MANDI-057,Jalandhar,Wheat,0.2155,2455.64,2305.0,2275.0
PR004018,2026-02-24,MANDI-039,Moga,Cotton,5642.29,6338.61,0.599,6620.0
PR008962,2026-03-17,MANDI-006,Karnal,Sugarcane,3594.7,3889.42,3742.0,0.35
PR010495,2026-03-17,MANDI-042,Moga,Maize,1983.78,2356.3184084995364,2170.0,2090.0
PR002296,2026-05-22,,Sirsa,Rice,2066.26,2466.88,0.2267,
PR009865,2026-05-24,MANDI-014,Kurukshetra,Wheat,2262.84,0.2543,2403.0,0.2275
PR006857,2026-04-13,MANDI-010,Ludhiana,Cotton,6787.05,0.773,7258.618468957931,6620.0
PR003939,2026-02-05,MANDI-012,Sirsa,Cotton,0.6338,0.6819,6578.34,6620.0
PR010836,2026-06-25,MANDI-008,Patiala,Maize,1986.9644679045423,2316.4839696910244,0.2152,2090.0
PR008829,2026-03-17,MANDI-020,Ambala,Sugarcane,3222.93,3833.95,3528.44,3500.0
PR007799,2026-02-03,MANDI-054,Amritsar,Cotton,6609.33,8130.32,7369.83,
PR002641,2026-08-04,MANDI-055,Jalandhar,Wheat,2165.91,2497.0,2331.21,2275.0
PR005429,2026-04-24,MANDI-032,Amritsar,Rice,2120.99,2611.73,2366.360441749698,
PR004207,2026-02-16,MANDI-034,Patiala,Cotton,6350.9,0.7,6675.22,
PR007162,2026-05-02,MANDI-026,Ludhiana,Mustard,0.5003,5500.0,5251.0,
PR004936,2026-05-23,MANDI-032,Kurukshetra,Cotton,6310.89,7353.2802796478045,0.6832,
PR007816,2026-04-25,MANDI-024,,Cotton,0.5734,6354.47,6044.45,0.662
PR004063,2026-05-08,MANDI-043,Hisar,Cotton,5783.12,6499.16,0.6141,6620.0
PR006872,2026-06-23,MANDI-033,,Sugarcane,3535.53,4147.0,,
PR003514,2026-08-20,MANDI-048,Ambala,Sugarcane,3658.0,0.4496,4077.032212476233,3500.0
PR008450,2026-04-24,MANDI-014,Ambala,Cotton,5643.32,6826.84,6235.08,6620.0
PR004846,2026-08-08,MANDI-029,Moga,Rice,2228.0,2474.46,2351.38,
PR011492,2026-04-27,MANDI-015,,Maize,1893.21,2200.33,2046.77,2090.0
PR002252,2026-02-18,MANDI-013,Jalandhar,Sugarcane,3621.88,3946.0223573594403,3783.95,
PR006778,2026-01-16,,Sirsa,Mustard,5113.0,0.5995,5554.12,5650.0
PR009702,2026-08-21,,Fatehabad,Wheat,2134.0,2524.333757106041,2328.99,0.2275
PR007252,2026-07-25,MANDI-051,Ambala,Cotton,6056.63,0.7471,6763.87,6620.0
PR009587,2026-02-16,MANDI-045,,Mustard,5714.400811382672,6151.0,5932.57,5650.0
PR009841,2026-03-08,MANDI-003,Ambala,Cotton,6308.816817815582,7753.0,7031.09,6620.0
PR010017,2026-01-27,MANDI-029,Karnal,Maize,1938.76,2170.03,2054.4,2090.0
PR006387,2026-02-15,MANDI-024,Bathinda,Rice,2214.2883935951886,2631.0,2422.7428201281605,2183.0
PR009189,2026-09-04,,Jalandhar,Cotton,6576.0,0.7016,6795.81,6620.0
PR004447,2026-10-03,MANDI-050,Moga,Maize,1815.26,2181.53,1998.0,
PR000224,2026-06-19,MANDI-028,Ambala,Wheat,2165.17,2370.77,2267.97,2275.0
PR009015,2026-01-13,MANDI-031,Ferozepur,Cotton,6355.0,0.7061,,6620.0
PR008761,2026-04-01,MANDI-014,Amritsar,Maize,2033.4,0.2273,2153.00096317549,2090.0
PR008966,2026-09-04,MANDI-035,,Wheat,2074.64,2409.51,2242.07,2275.0
PR008449,2026-07-09,MANDI-019,,Mustard,5247.0,5628.28,5438.0,5650.0
PR001978,2026-08-04,MANDI-011,,Mustard,5112.104624814977,5700.5926451056375,5406.348634960307,
PR010573,2026-08-28,MANDI-031,Amritsar,Mustard,0.4993,5807.21,5399.88,
PR006455,2026-05-11,MANDI-029,Fatehabad,Rice,1870.0,2235.6545261263036,0.2053,
PR003921,2026-05-28,MANDI-057,,Rice,2231.11,2436.0,2333.68,
PR006116,2026-01-06,MANDI-009,Patiala,Cotton,0.5793,6996.41,6394.56,
PR000297,2026-03-04,MANDI-026,Fatehabad,Sugarcane,3466.64,4019.55,3743.1,
PR003192,2026-01-01,MANDI-047,Kurukshetra,Sugarcane,3056.64,3611.39,0.3334,3500.0
PR004036,2026-01-21,MANDI-050,,Cotton,6649.57,,7101.31881856467,6620.0
PR007522,2026-05-05,MANDI-029,Bathinda,Cotton,5837.4,6291.38,6064.39,
PR010088,2026-02-18,MANDI-040,Kurukshetra,Maize,0.2182,2674.0,0.2428,
PR006259,2026-06-26,MANDI-038,Fatehabad,Cotton,6831.67,,7216.03,6620.0
PR002540,2026-07-05,,Patiala,Wheat,2319.87,2597.07,2458.47,0.2275
PR004920,2026-02-17,MANDI-054,Ambala,Sugarcane,3089.62,3484.6,3287.110655641866,
PR005489,2026-05-25,,Patiala,Mustard,5200.77,0.5653,5426.8,5650.0
PR007597,2026-03-22,MANDI-016,Sirsa,Mustard,0.5837,6843.9,6340.423136404105,0.565
PR011430,2026-04-21,,Hisar,Cotton,6716.96,8265.11,7491.032799081325,
PR001216,2026-11-02,MANDI-014,Patiala,Maize,0.2043,2407.931531423394,,2090.0
PR003505,2026-06-28,MANDI-040,,Maize,1901.19,2375.0,2137.95,2090.0
PR004956,2026-01-29,MANDI-037,Jalandhar,Sugarcane,3140.100429053954,0.3386,0.3263,3500.0
PR009958,2026-02-20,MANDI-018,Ferozepur,Maize,1865.0,2040.765279844614,1952.68,2090.0
PR003068,2026-07-06,MANDI-011,Jalandhar,Sugarcane,3595.0,0.4451,4022.78,3500.0
PR009300,2026-03-22,MANDI-049,Fatehabad,Wheat,2347.53,2692.16,2520.0,2275.0
PR003633,2026-06-22,MANDI-014,Ludhiana,Mustard,5374.81,6636.94,6005.88,
PR004755,2026-07-01,MANDI-033,Ambala,Wheat,2324.173555114505,2475.0,2399.59,2275.0
PR002058,2026-07-15,MANDI-041,Jalandhar,Cotton,6356.59,6714.430045504572,6535.51,6620.0
PR010306,2026-05-01,MANDI-045,Bathinda,Mustard,5119.0,0.6226,0.5673,5650.0
PR011176,2026-08-02,MANDI-044,Hisar,Rice,0.1977,2314.9491038327487,2145.86,2183.0
PR011818,2026-09-02,MANDI-030,Sirsa,Mustard,5930.835282389902,7000.88,6465.86,
PR001414,2026-07-25,MANDI-016,Fatehabad,Wheat,2200.0,2615.83,2407.94,2275.0
PR011346,2026-02-06,MANDI-040,Bathinda,Wheat,0.2092,2325.97,2208.88,2275.0
PR010602,2026-04-10,MANDI-039,Hisar,Maize,1961.07,2223.34,0.2092,2090.0
PR000628,2026-05-28,,,Rice,0.203,,2250.26,2183.0
PR000059,2026-04-21,MANDI-014,Patiala,Cotton,6369.4,7302.17,6835.783933715105,
PR000934,2026-07-08,,Bathinda,Wheat,2292.25,0.2679,2486.0,0.2275
PR004708,2026-02-27,,Patiala,Cotton,0.5762,0.6631,6196.16,6620.0
PR005437,2026-01-21,MANDI-029,Bathinda,Wheat,0.224,2403.95,2322.04,0.2275
PR007959,2026-05-17,MANDI-042,Ambala,Cotton,6576.0,7589.2,7082.82,6620.0
PR005181,2026-06-30,MANDI-013,Ludhiana,Sugarcane,3637.22,4048.63,3842.9250084509226,0.35
PR006661,2026-05-02,MANDI-053,Hisar,Maize,1841.52,2006.88,1924.2,0.209
PR007754,2026-05-30,,Jalandhar,Sugarcane,3091.0,3578.428082113624,0.3335,
PR009093,2026-06-28,MANDI-027,Jalandhar,Sugarcane,3184.0,3464.0,3323.62,3500.0
PR001899,2026-02-13,MANDI-020,Fatehabad,Cotton,5929.48,0.7077,0.6503,6620.0
PR008982,2026-04-29,MANDI-054,Ludhiana,Mustard,0.5871,7044.0,6457.64,0.565
PR004147,2026-08-18,MANDI-042,Hisar,Wheat,2271.83,2697.79,2485.0,0.2275
PR007385,2026-05-13,MANDI-003,,Sugarcane,3449.0,3885.77,3667.33,3500.0
PR008157,2026-03-05,MANDI-050,,Sugarcane,3591.03,3880.5,0.3736,
PR002122,2026-04-10,MANDI-040,Ferozepur,Wheat,1958.57,2193.0,2075.96,2275.0
PR006795,2026-08-09,,Sirsa,Sugarcane,3638.22,3983.74,3810.98,
PR003940,2026-08-01,MANDI-026,Hisar,Maize,0.2111,2558.51,0.2335,
PR010987,2026-03-27,MANDI-007,Amritsar,Wheat,0.236,2871.8,2615.90684628943,2275.0
PR008684,2026-08-29,MANDI-049,Moga,Cotton,6115.11,7494.92,6805.02,6620.0
PR003625,2026-01-31,,Amritsar,Wheat,2344.6,2669.4923814127637,,2275.0
PR011252,2026-08-16,MANDI-031,,Rice,0.1932,2163.0,2047.7,
PR004690,2026-01-11,MANDI-033,Bathinda,Wheat,0.2264,2540.66,0.2402,2275.0
PR006921,2026-03-11,MANDI-052,Ferozepur,Wheat,2065.0,2316.0,0.2191,2275.0
PR000720,2026-07-13,,Kurukshetra,Cotton,0.6142,0.6524,6332.83,6620.0
PR010947,2026-05-27,MANDI-019,Ferozepur,Maize,,2096.87,1958.08,2090.0
PR003391,2026-04-17,MANDI-053,Jalandhar,Rice,0.2037,2375.45,0.2206,2183.0
PR000113,2026-03-30,MANDI-043,Sirsa,Rice,2132.22,2333.19,0.2233,2183.0
PR003488,2026-09-08,MANDI-014,Kurukshetra,Cotton,5723.58,7094.0,6408.8,6620.0
PR001879,2026-12-05,MANDI-032,,Rice,2057.68,,,
PR010743,2026-07-20,MANDI-014,Patiala,Mustard,0.5692,6816.0,,5650.0
PR007612,2026-05-19,MANDI-056,Kurukshetra,Cotton,5974.0,6788.0,6381.0,6620.0
PR001549,2026-07-20,MANDI-002,Ludhiana,Cotton,6804.14,8151.890866455033,7478.01,6620.0
PR010564,2026-04-25,MANDI-008,Bathinda,Sugarcane,3326.65,4017.65,3672.15,3500.0
PR008129,2026-10-07,MANDI-050,,Cotton,6288.0,7071.55,6679.971137910305,6620.0
PR005723,2026-02-16,,Karnal,Maize,0.1993,2304.938412324952,,2090.0
PR001700,2026-03-04,MANDI-026,Karnal,Wheat,2198.0,2347.49,2272.89,2275.0
PR007218,2026-08-25,MANDI-018,Jalandhar,Mustard,5325.0,0.5627,0.5476,
PR004039,2026-06-05,,Hisar,Maize,2156.2,2289.06,2222.63,2090.0
PR009026,2026-02-08,,Moga,Maize,2069.96,2257.02,2163.49,2090.0
PR003372,2026-02-10,MANDI-022,Moga,Maize,2187.26,2423.69,0.2305,
PR008818,2026-02-18,MANDI-047,Ambala,Mustard,5875.28,6632.0,6253.73,5650.0
PR007834,2026-04-02,MANDI-041,Ludhiana,Maize,,2371.0,0.2237,0.209
PR007820,2026-02-25,MANDI-024,Moga,Sugarcane,3372.61,3768.7,0.3571,3500.0
PR009725,2026-07-17,MANDI-010,Sirsa,Rice,0.1963,2155.85,2059.0,2183.0
PR000608,2026-05-23,MANDI-043,Sirsa,Cotton,6797.53,7389.456168117426,0.7093,6620.0
PR008801,2026-04-14,MANDI-047,Fatehabad,Wheat,0.2241,0.2485,2363.2,
PR001403,2026-06-21,MANDI-024,Ferozepur,Cotton,6798.76,,7567.29,6620.0
PR008659,2026-04-07,MANDI-019,Karnal,Rice,1909.0,2083.0,0.1996,2183.0
PR007272,2026-03-29,MANDI-052,Hisar,Sugarcane,3399.65,3655.68,3527.67,3500.0
PR000838,2026-07-07,MANDI-049,Karnal,Wheat,0.2164,2662.0,2412.99,0.2275
PR003810,2026-03-02,MANDI-041,Ambala,Cotton,0.6045,6963.695343606928,6504.52,0.662
PR004204,2026-02-12,MANDI-037,,Mustard,5832.609044663368,6645.0,6238.74,5650.0
PR009827,2026-06-26,MANDI-002,Hisar,Sugarcane,,3785.0,,3500.0
PR007666,2026-04-03,MANDI-048,Kurukshetra,Cotton,0.6591,7197.05,6894.07,6620.0
PR009384,2026-06-02,MANDI-009,Ludhiana,Wheat,2036.98,2497.071387999637,0.2267,2275.0
PR007717,2026-01-15,MANDI-038,Bathinda,Wheat,2263.38,2741.31,2502.35,
PR001370,2026-08-27,MANDI-039,Moga,Mustard,5923.11,7285.91,0.6605,5650.0
PR011594,2026-01-01,MANDI-015,Fatehabad,Mustard,0.5808,0.652,6163.797798596429,
PR004357,2026-01-20,MANDI-002,Ambala,Cotton,6890.0,0.7925,7407.64,6620.0
PR008130,2026-03-21,MANDI-043,Patiala,Sugarcane,3002.22,3729.0,0.3366,3500.0
PR007778,2026-02-08,MANDI-005,Moga,Sugarcane,0.3391,0.4143,3767.0,0.35
PR002887,2026-03-30,MANDI-025,Jalandhar,Cotton,0.6582,7179.18,6880.63,6620.0
PR011569,2026-05-09,MANDI-051,Sirsa,Wheat,1995.0,0.2325,2160.31,2275.0
PR002634,2026-06-22,MANDI-022,Bathinda,Cotton,0.5669,6823.82,6246.0,6620.0
PR001106,2026-07-15,,Fatehabad,Rice,0.1872,2020.0,0.1946,0.2183
PR007596,2026-08-23,MANDI-005,Bathinda,Cotton,6299.0,7185.68,6742.34,
PR004308,2026-12-01,MANDI-012,Karnal,Mustard,4810.71,5372.18,5091.4444625466585,
PR000785,2026-02-26,MANDI-057,Ludhiana,Maize,0.1981,,2212.0,2090.0
PR008177,2026-02-15,MANDI-028,Karnal,Rice,0.2206,2658.323305809221,,2183.0
PR007712,2026-08-26,MANDI-044,Patiala,Mustard,5472.65,0.6354,5913.53,5650.0
PR010650,2026-01-14,MANDI-011,Sirsa,Cotton,5999.35,0.6726,6362.77,6620.0
PR006640,2026-08-10,MANDI-040,Fatehabad,Rice,1944.46,2280.0,,
PR003582,2026-08-16,MANDI-047,Patiala,Rice,2193.53,,,2183.0
PR004889,2026-02-19,MANDI-043,Ferozepur,Wheat,2260.0,,2374.0,2275.0
PR003598,2026-09-01,MANDI-001,,Sugarcane,3634.47,4331.324008875819,3982.9,0.35
PR004615,2026-02-08,MANDI-041,Bathinda,Mustard,4957.5,,5381.0,5650.0
PR003983,2026-01-17,MANDI-033,Bathinda,Cotton,5988.7,6515.444868978728,6252.07,0.662
PR010057,2026-04-25,MANDI-020,Fatehabad,Cotton,6363.0,7426.13,6894.43,
PR010486,2026-01-29,MANDI-003,Ludhiana,Cotton,6057.0,6878.18,6467.62,6620.0
PR006199,2026-05-27,MANDI-026,Ludhiana,Rice,2277.67,2643.22,0.246,2183.0
PR003254,2026-07-23,MANDI-045,,Sugarcane,3439.4689824889565,4041.0,3740.04,
PR003203,2026-04-02,,Ferozepur,Wheat,2021.33,2381.4,2201.37,2275.0
PR000460,2026-03-06,,Kurukshetra,Sugarcane,3548.07,3760.13,3654.1,3500.0
PR006979,2026-04-07,MANDI-038,Karnal,Sugarcane,3003.7201748983834,3274.17,3138.9469740519216,
PR011184,2026-08-05,MANDI-020,Karnal,Mustard,5485.25,,5902.42,5650.0
PR004161,2026-05-13,MANDI-047,Moga,Rice,0.2292,2550.84,2421.0,2183.0
PR003164,2026-01-12,,Jalandhar,Rice,2068.66,2561.28,2314.97,2183.0
PR009965,2026-09-08,MANDI-015,Amritsar,Maize,1838.29,0.2061,0.195,
PR005950,2026-06-02,MANDI-001,Fatehabad,Rice,0.1876,2335.0,,2183.0
PR009987,2026-02-25,MANDI-035,,Rice,,2666.058836099982,2471.0,2183.0
PR005311,2026-06-26,,Bathinda,Rice,2267.58,2476.0,2372.002768658568,2183.0
PR011200,2026-02-15,MANDI-031,Sirsa,Sugarcane,0.3157,3463.2,3310.0,0.35
PR001686,2026-07-26,MANDI-021,Hisar,Maize,1839.0,2035.71,1937.27,2090.0
PR010148,2026-06-25,MANDI-054,Karnal,Wheat,0.2121,2305.77,2213.0,2275.0
PR002238,2026-07-08,MANDI-028,Moga,Sugarcane,3011.86,3426.0,3218.72,3500.0
PR007038,2026-08-14,MANDI-057,Hisar,Maize,2110.47,2515.0,2312.5,2090.0
PR011880,2026-08-31,MANDI-005,Ludhiana,Wheat,0.2,2102.0,2051.04,
PR007371,2026-06-14,MANDI-015,Karnal,Rice,2021.4,0.2439,2230.0,2183.0
PR008217,2026-04-02,MANDI-016,Bathinda,Sugarcane,3258.95,3643.0,3451.0,3500.0
PR005152,2026-09-01,MANDI-042,Sirsa,Wheat,2027.58,2209.3000090880378,2118.44,2275.0
PR011072,2026-03-25,MANDI-045,,Cotton,6153.0,6491.23,6322.24,6620.0
PR009641,2026-03-21,,Moga,Cotton,0.6856,0.8341,7598.46,0.662
PR001535,2026-02-21,MANDI-016,Patiala,Cotton,6755.0,7973.08,7363.79,6620.0
PR002812,2026-04-12,MANDI-016,Ambala,Wheat,2333.603734987886,2639.75,2486.68,2275.0
PR009680,2026-07-23,MANDI-036,,Cotton,5646.047335610214,,5871.03,6620.0
PR005552,2026-10-02,MANDI-030,Ambala,Sugarcane,3582.98,3766.1240474982797,3674.55,0.35
PR010502,2026-02-07,MANDI-042,Moga,Sugarcane,0.3301,,3645.56,3500.0
PR002918,2026-03-17,MANDI-029,Karnal,Sugarcane,3211.93,4004.75,3608.0,3500.0
PR007656,2026-05-27,MANDI-056,Moga,Mustard,5812.0,6975.9,6393.84,0.565
PR005928,2026-02-10,MANDI-015,Ludhiana,Rice,1864.39,2061.25,1962.82,2183.0
PR006555,2026-02-11,MANDI-011,Hisar,Sugarcane,3392.49,3795.05,3593.77,3500.0
PR001437,2026-07-02,MANDI-036,,Sugarcane,0.3494,4201.0,3847.0,3500.0
PR011486,2026-05-09,,Jalandhar,Rice,2156.0,2624.22,2390.01,
PR001324,2026-02-12,MANDI-050,Ambala,Wheat,2229.04,2747.0,2488.13,2275.0
PR000438,2026-12-06,MANDI-057,Ferozepur,Mustard,5870.23,7243.396486713769,6556.81,
PR006253,2026-11-04,MANDI-027,Ludhiana,Mustard,4884.43,5212.08,5048.0,5650.0
PR007372,2026-08-04,,Jalandhar,Cotton,6767.724348110159,0.7482,7124.98,6620.0
PR004285,2026-03-21,MANDI-018,Ferozepur,Rice,0.1974,2130.0,0.2052,2183.0
PR011099,2026-04-26,MANDI-030,Sirsa,Maize,0.1782,2199.82,1990.69,2090.0
PR001150,2026-06-20,MANDI-038,Amritsar,Wheat,2277.24,2840.51,2558.87,2275.0
PR010389,2026-06-02,MANDI-013,Amritsar,Mustard,0.5386,6148.73,5767.54424882374,5650.0
PR005254,2026-03-20,MANDI-024,Fatehabad,Cotton,6757.81,7461.02,7109.42,6620.0
PR001776,2026-01-13,MANDI-034,Bathinda,Sugarcane,0.3056,0.37,3377.8,3500.0
PR003667,2026-04-25,MANDI-030,Ferozepur,Mustard,0.4862,5261.523711960114,5061.81,0.565
PR001160,2026-01-16,MANDI-056,Ferozepur,Mustard,5602.02,6645.568293959211,6123.79,5650.0
PR008452,2026-06-04,MANDI-041,Ambala,Mustard,5527.283542904516,,5916.77,5650.0
PR004704,2026-01-16,MANDI-039,Ambala,Rice,2173.3,2480.87,2327.09,2183.0
PR006965,2026-06-27,MANDI-039,Kurukshetra,Wheat,1981.0,2115.16,2048.08,0.2275
PR011954,2026-06-10,MANDI-057,Ludhiana,Mustard,5544.0,5876.81,5710.33,0.565
PR010144,2026-10-03,,,Cotton,6393.52,7899.83,7146.68,6620.0
PR001110,2026-04-23,MANDI-006,Ambala,Rice,2176.61,2610.96,0.2394,
PR010276,2026-10-07,,Hisar,Rice,2051.91,2563.0,2307.0,2183.0
PR010735,2026-08-08,MANDI-007,Amritsar,Rice,2112.0,2594.0,2352.89,
PR001876,2026-03-28,MANDI-026,Ludhiana,Cotton,6016.55,6821.3,6418.9232845389415,6620.0
PR002297,2026-02-23,MANDI-008,Bathinda,Mustard,4847.35,5884.0,5365.89,5650.0
PR000556,2026-09-02,MANDI-005,Ferozepur,Mustard,5760.99,0.6389,0.6075,5650.0
PR011215,2026-09-03,MANDI-015,Ferozepur,Mustard,5218.33,0.644,5829.04,
PR003843,2026-07-15,MANDI-006,,Maize,1779.05,2016.8340713610482,0.1898,2090.0
PR003162,2026-08-23,MANDI-024,Patiala,Maize,2045.0,2432.9,2239.0,2090.0
PR001294,2026-02-12,MANDI-053,Patiala,Rice,2218.95,2587.95,2403.0,2183.0
PR001445,2026-12-06,MANDI-038,Karnal,Cotton,0.5748,6230.45,5989.43,
PR004641,2026-04-30,MANDI-056,Hisar,Rice,2154.38,2284.82,2219.6,2183.0
PR010967,2026-06-08,MANDI-027,Ambala,Rice,2033.07,2145.62,2089.0,0.2183
PR004311,2026-07-26,MANDI-024,Kurukshetra,Cotton,0.5721,6018.32,5870.0,6620.0
PR007002,2026-05-03,MANDI-003,Moga,Cotton,5759.1,7093.0,6426.0,
PR001466,2026-08-31,MANDI-020,Fatehabad,Rice,1962.51,2365.0691083462098,2163.79,0.2183
PR004182,2026-04-17,,,Sugarcane,0.3007,3719.0,0.3363,3500.0
PR007490,2026-04-11,MANDI-056,Amritsar,Mustard,5735.0,,5955.0,5650.0
PR010505,2026-06-14,MANDI-051,Ludhiana,Sugarcane,3606.82,3838.93,3722.87,3500.0
PR001678,2026-08-26,MANDI-033,Ferozepur,Mustard,5264.43,5537.64,5401.0,5650.0
PR009340,2026-04-04,MANDI-003,Jalandhar,Sugarcane,3353.7,3789.0,3571.28,3500.0
PR001925,2026-04-05,MANDI-011,,Maize,1874.75,2054.17,1964.46,2090.0
PR010312,2026-03-29,MANDI-055,Jalandhar,Rice,2245.26,2542.12,2393.69,2183.0
PR009278,2026-03-09,MANDI-042,,Mustard,5823.19,6920.17,6371.68,5650.0
PR010465,2026-01-07,MANDI-043,Karnal,Maize,1835.189038260037,1954.94,,
PR001966,2026-04-18,MANDI-050,Kurukshetra,Mustard,4899.01,5669.51,5284.0,5650.0
PR008596,2026-04-09,MANDI-056,Ambala,Rice,2251.04,2788.32,2519.68,2183.0
PR006456,2026-03-31,MANDI-029,Amritsar,Maize,2066.38,2523.92,2295.15,0.209
PR009281,2026-09-04,MANDI-030,Patiala,Mustard,0.4857,5158.0,5007.37,
PR008289,2026-02-21,MANDI-034,Karnal,Rice,1898.11,2359.35,,2183.0
PR007773,2026-01-21,MANDI-036,Patiala,Cotton,6565.39,0.7988,,6620.0
PR006290,2026-06-25,,Sirsa,Wheat,2322.9994714522827,0.2478,,2275.0
PR006477,2026-07-26,MANDI-053,,Mustard,4987.53,6149.05,5568.29,
PR004860,2026-02-01,,Ambala,Rice,0.207,2471.0,0.2271,2183.0
PR007915,2026-09-01,MANDI-002,Ferozepur,Rice,0.2147,2653.62,2400.065389189027,
PR005081,2026-01-01,MANDI-013,Sirsa,Rice,2143.43,2647.41,2395.42,2183.0
PR001973,2026-06-15,MANDI-035,,Maize,1870.82,2084.24,1978.0,2090.0
PR003374,2026-07-07,MANDI-033,,Maize,2140.69,2522.163735271646,2331.43,2090.0
PR005140,2026-06-08,MANDI-047,Fatehabad,Rice,2212.75,0.274,2476.0,2183.0
PR002875,2026-02-20,MANDI-024,Patiala,Wheat,2002.76,2367.09,2184.92,2275.0
PR004418,2026-01-11,MANDI-057,Kurukshetra,Cotton,,7592.38,7153.644301484192,6620.0
PR002813,2026-06-19,,Ferozepur,Rice,1988.75,2342.0,2165.6,2183.0
PR007075,2026-02-10,,Bathinda,Wheat,2127.35,2342.0,2234.73,2275.0
PR002677,2026-08-13,MANDI-053,Jalandhar,Mustard,5018.0,5691.3,5354.59,5650.0
PR005916,2026-02-24,,Kurukshetra,Rice,1946.0,2135.9,2041.02,2183.0
PR007347,2026-08-05,MANDI-020,Sirsa,Rice,2043.0,2368.97,0.2206,2183.0
PR005727,2026-05-11,MANDI-054,,Cotton,5955.96,7323.0,6639.66,
PR004327,2026-05-27,MANDI-050,,Mustard,5245.09,6393.804918340543,5819.446706480942,
PR006997,2026-02-13,MANDI-031,Hisar,Mustard,5445.93,0.6443,5945.0,5650.0
PR004864,2026-03-06,MANDI-014,Ambala,Wheat,0.214,2645.0,2392.35,
PR003867,2026-05-02,MANDI-030,Ferozepur,Wheat,0.1965,2374.85,2170.12,2275.0
PR002754,2026-01-13,MANDI-009,Ambala,Cotton,6339.0,7458.54,6898.75,6620.0
PR008727,2026-07-19,MANDI-055,Patiala,Rice,,2150.55,2045.47,
PR005330,2026-08-26,MANDI-025,Hisar,Wheat,2197.93,2309.58,2254.0,2275.0
PR001813,2026-08-31,MANDI-001,,Sugarcane,3674.92,4220.7,3947.81,3500.0
PR010665,2026-08-25,MANDI-031,Fatehabad,Wheat,2343.0,2837.87,2590.42,0.2275
PR006258,2026-09-09,MANDI-010,Ambala,Rice,2277.65,2576.1770050010077,2426.91,2183.0
PR001209,2026-01-19,MANDI-040,Sirsa,Wheat,0.1991,2150.14,2070.43,0.2275
PR004325,2026-03-26,MANDI-055,Bathinda,Maize,0.2017,2211.0,2114.0,2090.0
PR003357,2026-05-03,MANDI-054,,Mustard,5659.93,6160.86,5910.0,5650.0
PR005447,2026-06-10,MANDI-047,Karnal,Sugarcane,3264.93,3949.0,3606.86,3500.0
PR005945,2026-02-01,MANDI-015,Ambala,Maize,1866.0,2171.74,2018.87,2090.0
PR005301,2026-05-01,MANDI-018,Hisar,Mustard,5068.78,5977.38,5523.08,
PR006325,2026-01-15,MANDI-044,Ferozepur,Wheat,2011.29,2328.48,0.217,2275.0
PR007107,2026-06-10,MANDI-053,Ferozepur,Cotton,6119.07,6772.25,6445.661422706133,
PR009279,2026-09-04,MANDI-021,Karnal,Cotton,0.6798,8253.56,7525.555490820452,6620.0
PR011336,2026-02-08,MANDI-046,,Maize,1805.0,1964.0,1884.0,2090.0
PR008701,2026-09-06,MANDI-006,Jalandhar,Maize,1982.2177491399561,2386.3,,0.209
PR007175,2026-02-11,MANDI-030,,Rice,2160.84,2635.34,2398.09,2183.0
PR008110,2026-03-19,MANDI-014,Ferozepur,Rice,2166.94,2522.0,2344.69,2183.0
PR002532,2026-04-19,MANDI-033,Hisar,Mustard,5621.572311157307,6480.55,6051.06,5650.0
PR011238,2026-02-14,MANDI-031,Ludhiana,Wheat,2323.02,0.2482,2402.71,2275.0
PR011967,2026-03-22,MANDI-040,Fatehabad,Rice,2164.856676455353,2602.645190693822,2384.0,2183.0
PR002663,2026-05-04,MANDI-005,Ambala,Cotton,0.6679,7653.46,7166.37,6620.0
PR007087,2026-01-08,MANDI-019,,Wheat,0.2266,2437.48,2351.68277764317,2275.0
PR003107,2026-04-30,MANDI-025,,Mustard,5687.0,6615.54,6151.28,5650.0
PR001217,2026-01-23,MANDI-053,Karnal,Maize,1977.0,2462.74,2219.8163900662234,2090.0
PR007204,2026-07-28,MANDI-046,Bathinda,Wheat,2385.0755688974145,0.2635,2510.07,2275.0
PR005706,2026-06-15,MANDI-027,Kurukshetra,Wheat,2012.0,2344.0,0.2178,2275.0
PR007845,2026-01-13,,Kurukshetra,Rice,2138.0,2506.9,2322.3,
PR003708,2026-06-21,MANDI-020,Sirsa,Sugarcane,3343.87,3627.94,3486.0,3500.0
PR000677,2026-03-27,MANDI-025,Fatehabad,Wheat,2367.0,2740.08,2553.48,0.2275
PR003430,2026-09-06,MANDI-022,Sirsa,Wheat,2016.3,2175.88,2096.0,
PR010843,2026-07-17,MANDI-045,,Sugarcane,3502.0,3704.5118220936783,3603.0,3500.0
PR002953,2026-08-28,MANDI-026,Kurukshetra,Wheat,2188.1670377897426,2502.0,,2275.0
PR008850,2026-02-06,MANDI-029,Patiala,Mustard,0.496,5964.3,5462.0,5650.0
PR000691,2026-06-09,MANDI-027,Ludhiana,Wheat,2199.14,2711.9880755088957,2455.56,
PR000347,2026-06-28,MANDI-029,Sirsa,Cotton,6144.37,7554.34,6849.36,6620.0
PR001758,2026-10-04,MANDI-021,,Cotton,5685.83,6239.0,5962.0,6620.0
PR001045,2026-05-18,,Ambala,Cotton,6544.0,7349.98,6947.0,6620.0
PR008513,2026-07-05,MANDI-020,Ferozepur,Sugarcane,3454.0,3995.9,3724.77,3500.0
PR010171,2026-05-01,MANDI-026,,Rice,2085.97,2586.97,2336.4671697602416,2183.0
PR000156,2026-05-14,,Amritsar,Rice,0.1908,0.2087,1997.8214817841942,0.2183
PR008891,2026-08-28,MANDI-005,Kurukshetra,Rice,2241.41,2438.7307790843424,2340.07,2183.0
PR009559,2026-01-15,MANDI-044,,Maize,2047.89,2256.5029086821455,0.2152,2090.0
PR008074,2026-01-08,MANDI-024,,Mustard,0.5535,6389.34,5962.0,5650.0
PR007237,2026-08-04,MANDI-022,Bathinda,Cotton,,8351.0,7562.0,6620.0
PR001439,2026-07-31,MANDI-028,Patiala,Maize,2104.2,2373.15,2238.68,2090.0
PR008422,2026-07-21,MANDI-020,Kurukshetra,Wheat,2143.0,2342.6240418122047,2243.0,2275.0
PR006928,2026-06-20,MANDI-030,Moga,Sugarcane,,4043.17,3827.24,
PR002060,2026-07-22,MANDI-051,Ludhiana,Mustard,5341.66,5880.5,5611.0,5650.0
PR006556,2026-05-10,MANDI-011,Sirsa,Cotton,6509.595216213443,7922.0,7215.88,6620.0
PR011590,2026-07-04,MANDI-044,Kurukshetra,Rice,1960.23,2273.64,2116.934434316513,2183.0
PR009362,2026-04-24,,Kurukshetra,Maize,1803.97,1969.0,1886.3411018242289,2090.0
PR009907,2026-06-17,MANDI-038,Patiala,Maize,0.1979,2206.14,2092.36,2090.0
PR007277,2026-07-02,MANDI-008,Ferozepur,Sugarcane,3019.82,0.3503,3261.0,3500.0
PR000243,2026-07-04,MANDI-020,Moga,Mustard,5363.0,6459.0,5911.12,
PR011376,2026-08-08,MANDI-012,Ambala,Cotton,5657.5,6053.0,0.5855,
PR003566,2026-02-03,MANDI-028,Jalandhar,Maize,1864.0,0.2146,2004.95,2090.0
PR005458,2026-02-20,MANDI-002,Kurukshetra,Sugarcane,3073.31,3783.37,0.3428,3500.0
PR007979,2026-07-18,MANDI-041,Karnal,Mustard,5057.22,5744.34,5400.78,5650.0
PR010024,2026-01-16,MANDI-016,Fatehabad,Rice,2202.0,2585.88,2394.0,2183.0
PR007765,2026-01-24,MANDI-046,Fatehabad,Cotton,6729.35,7830.0,0.728,
PR010479,2026-02-27,MANDI-022,Sirsa,Maize,1838.2064124033468,1931.0,0.1885,2090.0
PR007337,2026-12-01,MANDI-017,Jalandhar,Wheat,2321.794514831984,2649.68,2485.74,
PR001351,2026-06-08,MANDI-032,Amritsar,Mustard,5399.95,6624.93,6012.0,5650.0
PR008315,2026-04-18,MANDI-008,Bathinda,Mustard,5385.71,6696.91,6041.31,5650.0
PR007281,2026-02-18,MANDI-033,Bathinda,Sugarcane,,3591.16,,3500.0
PR007323,2026-03-19,MANDI-046,Ambala,Maize,2012.7023611303518,2329.25,2170.97,2090.0
PR010198,2026-06-22,MANDI-025,Ludhiana,Mustard,5301.4,5919.43,5610.0,5650.0
PR000713,2026-05-10,MANDI-008,Ambala,Cotton,5810.39,0.6886,6348.28,6620.0
PR006222,2026-07-16,MANDI-011,Moga,Wheat,2364.32,2793.44,2578.88,2275.0
PR003872,2026-02-18,MANDI-032,Ambala,Maize,2028.0,2174.0,2101.02,2090.0
PR007609,2026-04-16,MANDI-043,Ambala,Sugarcane,3070.0,3291.52,3180.59,3500.0
PR001333,2026-07-01,,Jalandhar,Maize,1939.5029409467288,2368.5831747972916,2154.04305787201,2090.0
PR003185,2026-01-28,MANDI-044,Ambala,Rice,2171.92,2317.44,2244.683762340035,2183.0
PR005476,2026-08-01,MANDI-056,,Wheat,2190.91,2352.25,2271.58,
PR007358,2026-09-05,MANDI-050,Hisar,Cotton,5968.21,6314.89,6141.55,
PR005684,2026-02-25,,,Cotton,5802.0,6960.2,6381.13,0.662
PR004699,2026-05-07,MANDI-055,Karnal,Sugarcane,3286.35,3838.0,0.3562,3500.0
PR002231,2026-05-06,MANDI-050,Ferozepur,Maize,1920.6309687137393,2049.11,1984.871717843891,
PR010561,2026-02-20,MANDI-024,Fatehabad,Wheat,0.2305,2568.83,2436.83,
PR000447,2026-08-30,MANDI-054,Hisar,Mustard,4859.38,5826.0,5342.87,5650.0
PR003794,2026-07-21,MANDI-053,,Sugarcane,3328.97,3764.98,3547.0,0.35
PR005179,2026-08-26,MANDI-006,Moga,Wheat,0.1954,2086.97,2020.26,2275.0
PR000604,2026-07-16,MANDI-039,Ferozepur,Cotton,6771.9,7800.485202236033,7286.19,
PR010913,2026-06-16,MANDI-024,,Maize,0.1824,1948.87,1886.67,2090.0
PR001887,2026-03-21,MANDI-001,Moga,Mustard,5432.63,6155.84,5794.23,
PR001557,2026-06-26,MANDI-032,Amritsar,Mustard,5486.47,0.6596,6041.1,5650.0
PR002204,2026-10-03,MANDI-051,Ludhiana,Maize,1892.07,2239.12,2065.6,
PR011905,2026-03-30,MANDI-047,Kurukshetra,Wheat,2320.8346167142913,2613.61,,2275.0
PR004322,2026-07-13,MANDI-016,Ludhiana,Sugarcane,3347.19,4176.0,3762.0,3500.0
PR006580,2026-03-11,MANDI-056,Ferozepur,Rice,2161.5,2681.43,2421.47,2183.0
PR009897,2026-12-05,MANDI-037,Jalandhar,Wheat,2087.58,2353.61,2220.5941056535466,2275.0
PR000193,2026-02-21,MANDI-021,,Maize,0.2105,2552.28,2328.506623908538,2090.0
PR004282,2026-03-29,MANDI-019,Bathinda,Maize,1956.2,2164.17,0.206,2090.0
PR011367,2026-02-20,MANDI-027,,Wheat,2287.76,2430.24,2359.0,2275.0
PR002367,2026-05-22,MANDI-029,Ferozepur,Cotton,,6871.78,0.6261,6620.0
PR009565,2026-01-17,,Kurukshetra,Rice,2098.3,0.2435,2266.69,
PR006231,2026-04-19,MANDI-020,Sirsa,Rice,2148.0,0.2332,,2183.0
PR008155,2026-08-24,MANDI-008,,Sugarcane,3470.0,0.4323,3896.68,3500.0
PR009616,2026-08-16,MANDI-026,,Rice,1869.0,2001.14,1935.25,2183.0
PR008374,2026-05-21,MANDI-053,Moga,Maize,1970.0,0.232,2145.33,0.209
PR010052,2026-03-10,MANDI-010,,Rice,2221.97,2584.53,2403.0,
PR003251,2026-03-09,MANDI-028,Amritsar,Mustard,4827.12,5668.03,,5650.0
PR006798,2026-05-15,MANDI-007,Bathinda,Cotton,6001.0,7499.97,0.675,6620.0
PR011097,2026-02-20,MANDI-011,Patiala,Sugarcane,0.3514,0.437,3942.12,0.35
PR005375,2026-01-14,MANDI-028,Ferozepur,Sugarcane,0.3175,3817.56,3496.31,3500.0
PR006492,2026-07-16,MANDI-029,Patiala,Rice,2013.0,2238.0688320223276,2125.65,2183.0
PR005486,2026-03-04,MANDI-022,Jalandhar,Wheat,2336.181999024442,2649.0,2492.59,0.2275
PR010941,2026-06-16,MANDI-009,Patiala,Mustard,5649.69,6464.81,6057.2510130042465,
PR006839,2026-04-11,MANDI-021,Patiala,Cotton,6029.03,6802.0,6415.727065764002,6620.0
PR005923,2026-04-06,MANDI-006,Kurukshetra,Cotton,0.6278,7564.63,,6620.0
PR007591,2026-09-06,MANDI-012,,Maize,,2374.78,0.221,0.209
PR007346,2026-06-20,MANDI-025,Jalandhar,Sugarcane,0.3222,3993.59,0.3608,3500.0
PR004574,2026-01-09,MANDI-022,Bathinda,Cotton,,7220.0,0.6982,6620.0
PR011711,2026-07-18,MANDI-001,Ludhiana,Rice,0.2288,0.2812,2549.89,
PR005322,2026-07-17,,Patiala,Rice,2056.0,2211.0,2133.0,2183.0
PR000183,2026-05-09,MANDI-057,,Mustard,5901.65,6988.07,6444.86,0.565
PR007127,2026-07-20,,Jalandhar,Maize,0.2113,2422.72,2267.79,
PR009872,2026-03-24,MANDI-015,Sirsa,Sugarcane,2983.2,3607.92,3295.56,3500.0
PR006468,2026-04-27,MANDI-021,Ambala,Sugarcane,3605.1,3985.89,3795.5,
PR000554,2026-04-05,MANDI-026,Kurukshetra,Sugarcane,3406.68,3964.6,3685.6386984817836,3500.0
PR008188,2026-03-25,MANDI-055,,Wheat,2101.0,2306.66,2203.9,0.2275
PR000283,2026-02-14,MANDI-034,Ferozepur,Rice,1887.89,2123.49,2005.69,
PR006717,2026-06-19,MANDI-025,Fatehabad,Rice,1983.0,2324.82,2153.93,
PR003638,2026-02-18,,Ambala,Maize,0.214,0.2672,2406.12,2090.0
PR009701,2026-02-20,MANDI-044,Sirsa,Sugarcane,0.3442,0.4009,3725.6112781956017,3500.0
PR001556,2026-05-10,MANDI-037,Amritsar,Sugarcane,3295.29,3823.0,3558.93,3500.0
PR004206,2026-12-06,MANDI-027,Patiala,Wheat,1945.0,2206.53,2076.008619826115,2275.0
PR010824,2026-12-02,MANDI-032,,Maize,2142.0,2399.92,2270.76,
PR000135,2026-04-15,MANDI-030,Jalandhar,Rice,2273.81,2690.43,2482.1199029651616,0.2183
PR005597,2026-01-06,,Amritsar,Sugarcane,3122.4195977866084,3499.14,3310.78,3500.0
PR011397,2026-05-17,,Amritsar,Rice,1977.87,2232.43,0.2105,0.2183
PR005845,2026-04-05,MANDI-023,Ferozepur,Cotton,6906.39,7314.39605341142,7110.0,6620.0
PR005729,2026-03-24,MANDI-049,Ferozepur,Mustard,5015.0,5850.0,5432.47,5650.0
PR002826,2026-06-06,MANDI-021,Jalandhar,Mustard,0.4948,6177.0,5562.77,5650.0
PR011912,2026-02-21,MANDI-039,Ludhiana,Rice,2160.0,2678.85,2419.62,2183.0
PR000551,2026-02-15,MANDI-005,Kurukshetra,Sugarcane,0.3591,4098.14,3844.46,3500.0
PR000925,2026-02-17,MANDI-043,Kurukshetra,Cotton,5781.62,6200.53,5991.0,6620.0
PR006611,2026-03-21,MANDI-057,Kurukshetra,Sugarcane,3288.5654993772423,3823.42,3555.9917799935947,3500.0
PR002570,2026-02-16,MANDI-009,Bathinda,Cotton,0.6069,6734.0,0.6401,6620.0
PR004458,2026-05-05,MANDI-055,Bathinda,Cotton,0.6308,7485.57,6896.63,
PR009357,2026-09-07,,Karnal,Sugarcane,3176.0,3819.3390463535025,3498.0,3500.0
PR003742,2026-02-14,,Moga,Rice,2015.95,2130.28,2073.11,2183.0
PR004600,2026-04-19,MANDI-008,Patiala,Rice,2084.78,2364.0,2224.22,0.2183
PR010450,2026-05-03,MANDI-028,Sirsa,Sugarcane,3144.35,3518.47,0.3331,
PR010917,2026-08-01,MANDI-017,Ferozepur,Wheat,2173.85,2714.45,2444.15,0.2275
PR003211,2026-09-04,MANDI-013,Patiala,Sugarcane,,,3687.0,3500.0
PR000381,2026-04-18,MANDI-018,,Rice,2049.73,2359.97,2204.85,2183.0
PR011424,2026-01-27,MANDI-024,Hisar,Maize,1942.54,2085.14,2013.8355828904769,0.209
PR003275,2026-05-16,MANDI-012,Amritsar,Mustard,5547.15,6298.0,5923.0,
PR011769,2026-07-22,MANDI-006,Ludhiana,Maize,1839.98,2279.8124935019305,2059.9,2090.0
PR003839,2026-08-14,,Ambala,Maize,2135.42,2616.64,2376.028398132963,0.209
PR006318,2026-08-20,MANDI-005,Karnal,Maize,1835.0,2231.021838423927,2033.12,2090.0
PR001874,2026-04-01,MANDI-007,Ambala,Sugarcane,3205.05,3664.1239901121553,3434.59,3500.0
PR008884,2026-07-08,MANDI-029,,Rice,2180.46,0.2594,2387.17,0.2183
PR011357,2026-01-28,,Ambala,Rice,2237.6,2438.74,2338.17,2183.0
PR004074,2026-02-22,MANDI-011,Sirsa,Maize,0.2069,2544.35,2306.83,0.209
PR008066,2026-04-26,MANDI-014,Ludhiana,Mustard,0.5246,5915.82,5580.84,5650.0
PR008168,2026-05-05,,Bathinda,Sugarcane,3497.61,0.4355,,
PR000648,2026-08-04,MANDI-037,Ludhiana,Sugarcane,3029.0,3354.0,3191.07,0.35
PR009238,2026-05-26,,,Mustard,5465.61,5788.8,5627.2,0.565
PR006405,2026-06-17,MANDI-033,Karnal,Mustard,5411.09,6696.222866709339,6053.66,
PR004349,2026-02-25,MANDI-031,Bathinda,Cotton,,0.7546,7213.0,6620.0
PR000905,2026-06-20,MANDI-042,Patiala,Wheat,2217.35,,,2275.0
PR006349,2026-08-11,MANDI-047,Hisar,Sugarcane,3429.36,4080.03,3754.7,3500.0
PR000190,2026-02-02,MANDI-050,Patiala,Rice,2013.92,0.2128,2070.8,2183.0
PR010431,2026-01-09,MANDI-033,Ambala,Cotton,6853.6,8230.08,7541.84,6620.0
PR004006,2026-07-25,MANDI-006,Sirsa,Rice,2230.27,2564.0,2397.36,0.2183
PR003993,2026-09-02,MANDI-025,,Sugarcane,3239.0,3447.98,3343.37,
PR011614,2026-07-13,MANDI-042,Hisar,Rice,2096.0,2226.7,2161.0,2183.0
PR004145,2026-02-22,MANDI-015,Ferozepur,Mustard,5629.2,5922.06,0.5776,
PR003311,2026-01-15,MANDI-035,Ludhiana,Mustard,5297.09,5780.24,,5650.0
PR003924,2026-01-09,MANDI-024,Amritsar,Maize,1956.0,2289.24,2122.58,2090.0
PR004483,2026-06-16,MANDI-041,Moga,Mustard,0.5121,6376.0,5748.0,5650.0
PR009603,2026-07-11,MANDI-057,Amritsar,Mustard,0.5161,6446.78,5804.08,
PR011862,2026-01-25,MANDI-046,,Sugarcane,3039.03,3582.0,3310.57,3500.0
PR006693,2026-02-04,MANDI-015,Kurukshetra,Sugarcane,3648.97,0.3981,,3500.0
PR007261,2026-06-02,MANDI-021,Ludhiana,Mustard,,0.5596,5333.29,5650.0
PR006467,2026-01-10,,Kurukshetra,Mustard,5528.39,5994.67,0.5762,5650.0
PR000662,2026-10-08,MANDI-053,,Maize,0.2075,2269.82,2172.0,2090.0
PR000304,2026-01-29,MANDI-042,Hisar,Wheat,2378.81,2677.05,2527.93,
PR006347,2026-05-31,MANDI-021,Ambala,Cotton,0.5917,6404.57,6160.81,6620.0
PR010429,2026-04-16,MANDI-015,Karnal,Wheat,2386.890139351409,2592.0,2489.32,0.2275
PR002458,2026-02-03,MANDI-028,Bathinda,Rice,,2743.11,2488.87,2183.0
PR004470,2026-05-02,MANDI-001,Karnal,Cotton,5992.0,7118.589580399599,6555.07,6620.0
PR000851,2026-03-07,MANDI-040,Ferozepur,Wheat,1950.8208370074508,2328.55,2139.6862583209445,2275.0
PR002387,2026-04-10,MANDI-045,Ferozepur,Sugarcane,3467.0,4191.61,3829.49,3500.0
PR011192,2026-11-06,MANDI-026,Fatehabad,Wheat,1969.12,2258.71,0.2114,
PR010001,2026-04-27,MANDI-024,Hisar,Maize,2074.18,2568.87,2322.0,0.209
PR001744,2026-07-23,MANDI-034,Sirsa,Wheat,,,2176.8,2275.0
PR001052,2026-07-02,MANDI-008,Amritsar,Maize,2109.76,,2263.6,0.209
PR007090,2026-07-29,MANDI-055,Fatehabad,Wheat,0.2384,2926.04,2654.96,0.2275
PR005615,2026-08-08,MANDI-014,Ferozepur,Maize,2183.36,2292.98,0.2238,
PR005938,2026-01-01,MANDI-017,Bathinda,Mustard,5912.47,6254.712913437295,6083.59,5650.0
PR001749,2026-05-01,MANDI-036,Bathinda,Cotton,,6775.0,6415.17,6620.0
PR001865,2026-03-09,MANDI-038,Moga,Wheat,2300.85,0.2637,0.2469,2275.0
PR000337,2026-02-15,MANDI-044,Kurukshetra,Rice,2041.12,0.244,2240.56,2183.0
PR008077,2026-06-03,MANDI-015,Kurukshetra,Rice,2004.92,2117.046821756811,2060.98,2183.0
PR008615,2026-01-25,MANDI-022,Fatehabad,Wheat,2201.93,,2271.95,2275.0
PR003857,2026-07-30,MANDI-034,Ambala,Cotton,6738.42,8378.0,7558.1,6620.0
PR000433,2026-04-08,MANDI-027,Ferozepur,Maize,2032.6313127569094,2253.0,2142.573384698894,2090.0
PR008191,2026-06-28,MANDI-045,,Cotton,6130.863328936619,7165.0,6647.93,6620.0
PR006828,2026-08-07,MANDI-004,,Mustard,5583.25,6766.054049256108,6174.649537423557,0.565
PR000822,2026-03-01,MANDI-007,Ferozepur,Mustard,5576.0,6735.94,0.6156,0.565
PR009106,2026-06-29,MANDI-032,Kurukshetra,Sugarcane,0.3175,3404.63,3290.0,3500.0
PR005913,2026-02-09,MANDI-016,Patiala,Cotton,6697.0,7279.29,0.6988,6620.0
PR011111,2026-01-01,MANDI-043,Ferozepur,Wheat,2207.6928598025333,,0.2287,
PR011740,2026-03-13,MANDI-042,Amritsar,Maize,1875.22,2293.88,2084.553251605842,2090.0
PR006505,2026-01-01,MANDI-013,Ferozepur,Mustard,0.4929,5885.86,,5650.0
PR010302,2026-01-04,MANDI-037,Ambala,Cotton,5704.81,7014.45,6360.0,6620.0
PR005022,2026-08-20,MANDI-028,Sirsa,Wheat,2372.488209178912,2908.88,2640.68,0.2275
PR004518,2026-02-18,MANDI-042,Ambala,Wheat,2000.395771328686,2424.11,2212.25,2275.0
PR003543,2026-04-13,MANDI-051,Karnal,Cotton,6612.0,7423.0,0.7018,6620.0
PR003711,2026-05-23,MANDI-048,Ferozepur,Rice,1906.1,2272.91,2090.0,0.2183
PR000121,2026-07-25,MANDI-003,Bathinda,Cotton,0.596,6360.4,6160.42,6620.0
PR011461,2026-07-08,MANDI-026,Bathinda,Rice,1911.74,2154.95,2033.0,2183.0
PR009705,2026-05-25,,Jalandhar,Maize,1965.87,2452.0,2209.07,2090.0
PR003181,2026-01-12,MANDI-015,Hisar,Cotton,0.6936,7998.08,,6620.0
PR011460,2026-07-13,,Jalandhar,Mustard,4850.36,5990.18,0.542,
PR008570,2026-05-03,MANDI-045,Amritsar,Rice,2032.7,,2236.7,
PR006202,2026-08-09,MANDI-036,Jalandhar,Sugarcane,0.3309,3647.35,3478.08,3500.0
PR010256,2026-07-26,MANDI-057,Patiala,Rice,2132.0,2450.11,0.2291,2183.0
PR005483,2026-03-26,MANDI-014,,Mustard,0.5859,6256.08,0.6058,
PR003063,2026-03-24,MANDI-056,Amritsar,Rice,2256.04,2416.0,2336.01,
PR008532,2026-03-06,,Fatehabad,Mustard,5584.26,6893.0,6238.83,
PR000776,2026-08-23,MANDI-037,Amritsar,Maize,1882.91,2061.0,1972.12,
PR011565,2026-10-03,MANDI-016,Ludhiana,Wheat,2092.25,2522.25,2307.25,2275.0
PR000963,2026-02-21,MANDI-038,Moga,Sugarcane,3479.4,3735.12,3607.26,0.35
PR000572,2026-08-02,MANDI-041,Karnal,Cotton,0.6305,0.7265,6785.0,6620.0
PR009531,2026-02-08,MANDI-024,Fatehabad,Rice,1921.11,2086.68,2003.89,2183.0
PR011655,2026-03-19,MANDI-015,Ludhiana,Rice,2026.88,2366.76,2196.82,
PR010166,2026-03-13,MANDI-024,Moga,Sugarcane,,0.3798,3590.57,3500.0
PR005256,2026-04-05,MANDI-045,,Sugarcane,3572.61,0.4236,3904.13,
PR003231,2026-03-01,MANDI-042,Amritsar,Wheat,2055.89,2220.3,2138.1,2275.0
PR010660,2026-06-09,MANDI-040,Sirsa,Wheat,2192.14,2729.14,2460.64,2275.0
PR001199,2026-09-01,MANDI-049,Patiala,Maize,2118.75,2316.65,2217.7,2090.0
PR008822,2026-05-26,MANDI-046,Ambala,Mustard,5627.62,0.6787,6207.42,
PR007511,2026-01-12,,Ambala,Mustard,5852.59,7242.05,,0.565
PR003870,2026-03-25,MANDI-032,Bathinda,Wheat,2338.13,2572.8,2455.47,2275.0
PR007421,2026-07-03,MANDI-018,Moga,Maize,1970.0,0.2368,0.2169,
PR004640,2026-05-15,MANDI-053,Hisar,Maize,1996.1761121542072,2319.71595235193,2158.0,2090.0
PR005797,2026-05-06,MANDI-024,Kurukshetra,Sugarcane,3485.84,4291.87,3888.85,3500.0
PR002152,2026-04-18,MANDI-045,Karnal,Wheat,2216.0,2348.7504974185927,2282.2,2275.0
PR008931,2026-04-09,MANDI-046,Fatehabad,Cotton,6605.04,7943.0,7274.09,6620.0
PR009439,2026-04-18,MANDI-050,Sirsa,Maize,2175.03,2346.9,2260.97,0.209
PR009024,2026-01-24,MANDI-006,Fatehabad,Rice,0.2096,2307.0,2201.91,2183.0
PR005808,2026-03-01,MANDI-021,Karnal,Wheat,0.214,2595.95,2367.99,2275.0
PR004623,2026-01-28,MANDI-053,Fatehabad,Wheat,1983.85,2390.0,2187.15,2275.0
PR010200,2026-07-29,MANDI-003,Ferozepur,Sugarcane,3411.48,3857.71,3634.59,3500.0
PR005864,2026-04-14,MANDI-033,,Wheat,0.203,2530.0,2279.81,2275.0
PR007933,2026-06-29,MANDI-037,Ambala,Sugarcane,3111.688919212977,3549.0,,3500.0
PR008069,2026-04-23,,Hisar,Maize,1784.0,2042.07,1912.96,
PR006214,2026-08-21,MANDI-048,Ambala,Cotton,0.6191,6594.667770865605,6392.59,
PR006087,2026-01-20,MANDI-001,Fatehabad,Mustard,5150.0,5669.0,5409.85,
PR006674,2026-06-06,MANDI-041,,Sugarcane,3213.4213432783877,3859.46,3536.0,3500.0
PR008993,2026-04-18,MANDI-047,Kurukshetra,Sugarcane,3081.1,3330.0,3205.75,3500.0
PR009994,2026-08-27,MANDI-048,,Rice,0.2105,2457.41,2280.99,2183.0
PR008749,2026-05-30,MANDI-046,Karnal,Cotton,,7982.87,,
PR004608,2026-12-08,MANDI-047,Fatehabad,Rice,,0.2549,2338.09,
PR001577,2026-09-01,MANDI-041,,Sugarcane,3538.9,3781.0,3660.12900368995,
PR003693,2026-02-05,,Ferozepur,Cotton,0.6195,7689.030206846903,6942.03,6620.0
PR011881,2026-11-01,MANDI-028,Sirsa,Cotton,0.5874,6853.43,6364.0,6620.0
PR001951,2026-07-25,,Moga,Mustard,5796.85,6984.09,6390.47,5650.0
PR006013,2026-09-04,MANDI-031,Sirsa,Mustard,0.5337,6468.28,5902.59,5650.0
PR005318,2026-06-23,MANDI-023,Amritsar,Maize,2011.74,2231.58,2121.660829881649,
PR002149,2026-04-28,MANDI-044,Kurukshetra,Cotton,5670.0,6120.0,5895.17,6620.0
PR009311,2026-03-10,MANDI-045,Moga,Mustard,0.5417,5996.79,5707.092126572588,5650.0
PR001057,2026-08-12,MANDI-049,Kurukshetra,Maize,0.1798,1974.01,1886.24,
PR003324,2026-05-13,MANDI-046,Ambala,Wheat,2331.51,2807.73,2569.615601153013,
PR003057,2026-01-21,MANDI-026,Kurukshetra,Mustard,5853.35,7216.94,6535.147348513829,
PR007314,2026-02-17,MANDI-009,Hisar,Cotton,6564.89,0.7532,7048.67,6620.0
PR006229,2026-06-23,MANDI-045,Bathinda,Maize,2032.0,2295.172131602368,2163.67,0.209
PR004306,2026-02-11,MANDI-044,Ludhiana,Wheat,2356.98,,2626.764293582477,2275.0
PR008955,2026-06-02,MANDI-037,Moga,Rice,1893.98,2032.0,1963.0,2183.0
PR001821,2026-05-15,MANDI-032,Karnal,Rice,,2234.0,2057.22,0.2183
PR000998,2026-07-06,MANDI-054,Ferozepur,Cotton,6187.0,6949.37,6568.03,0.662
PR000586,2026-06-10,MANDI-052,Hisar,Rice,2136.0,2402.62,2269.23,2183.0
PR011683,2026-07-20,MANDI-040,,Wheat,0.235,0.2486,0.2418,2275.0
PR010303,2026-08-16,MANDI-002,Hisar,Maize,2036.03,2176.35,2106.19,2090.0
PR011234,2026-02-16,MANDI-005,Moga,Mustard,,5420.0,0.5137,5650.0
PR003182,2026-01-18,MANDI-054,Patiala,Cotton,5724.0,7033.68,6378.78,6620.0
PR010254,2026-05-11,MANDI-010,Moga,Sugarcane,3112.35,,0.3329,3500.0
PR005279,2026-07-14,MANDI-004,Fatehabad,Mustard,0.494,5837.87,,5650.0
PR011959,2026-03-14,MANDI-051,Moga,Mustard,5477.280231156783,0.5931,5704.36,
PR003003,2026-07-15,MANDI-042,Ferozepur,Sugarcane,0.2999,3293.46,3146.1,3500.0
PR000351,2026-03-05,MANDI-057,Kurukshetra,Rice,1968.2,2215.0,2092.0,2183.0
PR006369,2026-03-05,MANDI-023,,Sugarcane,3279.27,3914.34,3597.0,3500.0
PR001085,2026-08-23,MANDI-043,Ludhiana,Mustard,5793.72,,0.6216,5650.0
PR000817,2026-08-17,MANDI-019,Ludhiana,Mustard,5925.0,6606.0,6265.23,
PR004719,2026-07-15,MANDI-013,Ferozepur,Sugarcane,,,3657.45,
PR002337,2026-01-17,MANDI-034,Ferozepur,Wheat,2249.34,2732.24,2491.0,
PR005838,2026-06-20,MANDI-032,Bathinda,Cotton,0.6886,7722.99,7304.63,
PR005271,2026-01-27,MANDI-045,Moga,Wheat,,2510.0,0.2417,2275.0
PR000914,2026-03-19,MANDI-014,,Mustard,5734.648115506239,0.6041,5887.7,5650.0
PR002845,2026-06-04,MANDI-057,Kurukshetra,Mustard,5914.71,0.6683,6298.831329735454,5650.0
PR006430,2026-08-13,MANDI-042,Sirsa,Wheat,2223.16,2365.0,2294.31,
PR000607,2026-01-17,MANDI-016,Moga,Wheat,2151.58,2616.0,2384.0,0.2275
PR005010,2026-07-07,MANDI-026,Bathinda,Wheat,0.2358,2745.2,2551.38,2275.0
PR002931,2026-03-15,,Patiala,Mustard,5481.649374470651,5865.540563707097,0.5674,5650.0
PR007423,2026-06-18,MANDI-041,Karnal,Mustard,5204.77,5766.27,5485.52,5650.0
PR002670,2026-04-12,MANDI-047,Ferozepur,Mustard,5624.78,5959.84,5792.0,5650.0
PR003190,2026-04-16,MANDI-034,Amritsar,Wheat,2063.03,2398.09,2230.56,0.2275
PR002987,2026-07-14,MANDI-024,Ambala,Wheat,2179.65,0.2722,2450.91,2275.0
PR007307,2026-01-02,MANDI-052,Hisar,Mustard,0.5746,0.7164,6455.36,5650.0
PR009670,2026-03-05,,Sirsa,Mustard,5631.31,6363.07,5997.0,5650.0
PR002644,2026-01-20,MANDI-038,Kurukshetra,Cotton,6614.0,7977.6,7296.0,6620.0
PR009100,2026-04-23,MANDI-002,Ferozepur,Rice,2124.54,2494.16,2309.35,2183.0
PR011624,2026-03-20,MANDI-035,Hisar,Wheat,2077.65,2264.4213505988264,2171.03,0.2275
PR010850,2026-06-13,MANDI-021,Fatehabad,Sugarcane,2980.7303488588086,3603.297971759316,,3500.0
PR005648,2026-03-05,MANDI-017,Moga,Sugarcane,3082.290002298275,0.349,3286.19,3500.0
PR004244,2026-05-14,MANDI-021,Amritsar,Wheat,2190.77,0.2566,2378.48,
PR010051,2026-10-01,MANDI-005,Amritsar,Rice,2203.86,0.2324,2264.15,2183.0
PR006080,2026-06-26,MANDI-042,Sirsa,Mustard,5333.02,6615.37,5974.19,
PR006453,2026-04-26,MANDI-027,Ludhiana,Rice,2275.12,2534.0,2404.0,
PR001262,2026-09-07,MANDI-009,Ferozepur,Sugarcane,3016.38,3730.05424526348,3373.22,
PR001891,2026-02-25,MANDI-001,Ludhiana,Maize,0.1939,0.2239,2088.91,2090.0
PR007105,2026-02-11,MANDI-005,Ambala,Wheat,2335.34,2860.1167154223463,2598.0,2275.0
PR002785,2026-09-07,MANDI-035,Kurukshetra,Wheat,,2571.89,2454.73,0.2275
PR005757,2026-03-23,MANDI-004,,Wheat,2000.9847377120202,2362.0,2181.28,2275.0
PR002268,2026-05-23,MANDI-026,Amritsar,Rice,0.2248,2642.49,2445.08,2183.0
PR003004,2026-05-09,MANDI-048,Moga,Cotton,6580.77,7060.0,6820.33,6620.0
PR002793,2026-03-01,MANDI-050,Ludhiana,Maize,,2283.86,2146.52,2090.0
PR010574,2026-05-29,MANDI-047,Ferozepur,Sugarcane,0.3013,3414.02,3213.0,3500.0
PR011044,2026-08-06,MANDI-049,Karnal,Wheat,2298.0,2497.38,2398.0,2275.0
PR000957,2026-07-25,,Jalandhar,Maize,2057.93,2289.63,2174.0,2090.0
PR007715,2026-02-27,MANDI-045,Jalandhar,Rice,2237.84,2626.94,2432.39,2183.0
PR010548,2026-03-02,MANDI-040,Moga,Wheat,2363.1,2684.5,2523.8,0.2275
PR003606,2026-05-23,MANDI-051,Sirsa,Mustard,0.5709,0.6925,6317.08,
PR005030,2026-06-24,MANDI-052,Amritsar,Wheat,2281.72,2458.13,2369.92,2275.0
PR009592,2026-02-13,MANDI-034,,Cotton,6912.502372523263,8196.55,7554.53,6620.0
PR000959,2026-06-29,MANDI-055,,Mustard,5645.04,6241.46,5943.25,5650.0
PR005561,2026-01-08,MANDI-045,Karnal,Maize,2120.64,2591.16,2355.9,0.209
PR011921,2026-07-03,MANDI-039,Ambala,Cotton,5764.89,6361.97,6063.43,
PR010272,2026-06-25,MANDI-017,Moga,Wheat,0.2168,2596.0,2382.16,2275.0
PR011761,2026-04-24,MANDI-009,Karnal,Cotton,5865.568902035627,,0.6582,6620.0
PR005519,2026-09-09,MANDI-004,Sirsa,Rice,1888.0,2269.015066738716,0.2079,2183.0
PR002285,2026-06-19,,Ambala,Wheat,2233.48,2607.99,2420.73,0.2275
PR004618,2026-08-17,MANDI-034,Kurukshetra,Sugarcane,3545.91,3886.827480758482,3716.37,3500.0
PR009107,2026-01-18,,,Wheat,0.2105,2442.21,2273.62,2275.0
PR010139,2026-02-17,MANDI-052,,Wheat,2143.25,2265.32,2204.29,0.2275
PR002095,2026-04-20,MANDI-021,Kurukshetra,Rice,2184.03,2670.8,2427.41,2183.0
PR006038,2026-01-25,MANDI-019,Ludhiana,Wheat,2379.77,2573.47,2476.62,0.2275
PR002562,2026-10-07,,Fatehabad,Maize,0.1833,2147.73,1990.19,2090.0
PR003017,2026-02-08,MANDI-011,Ludhiana,Wheat,1970.37,2295.0,2132.47,2275.0
PR005453,2026-06-18,MANDI-028,Jalandhar,Wheat,2242.3768889649614,,2503.02,2275.0
PR004980,2026-06-20,MANDI-025,Ludhiana,Mustard,0.5695,7053.41,6374.0,5650.0
PR007677,2026-04-23,MANDI-051,Fatehabad,Rice,2115.33,2573.12,0.2344,2183.0
PR004994,2026-03-07,MANDI-033,Bathinda,Rice,0.2227,,2361.0,
PR010445,2026-01-07,MANDI-050,Karnal,Cotton,6025.52,7048.34,6537.0,6620.0
PR003381,2026-04-19,MANDI-011,,Sugarcane,0.3062,3524.95,3293.32,3500.0
PR002946,2026-07-09,MANDI-017,Amritsar,Maize,1843.73,0.2293,0.2068,0.209
PR000037,2026-09-09,,Fatehabad,Sugarcane,0.3252,0.3441,3346.77,
PR001359,2026-01-05,MANDI-015,Moga,Sugarcane,3300.78,3844.0,3573.0,3500.0
PR003130,2026-03-20,MANDI-005,,Wheat,2173.27,2613.14,2393.2,2275.0
PR001989,2026-06-22,MANDI-042,Amritsar,Rice,1870.22,0.2333,2101.54,0.2183
PR009682,2026-06-29,,Jalandhar,Maize,1840.9495122708383,2150.59,1995.77,
PR003879,2026-01-17,MANDI-033,Amritsar,Sugarcane,3416.33,4170.22,3793.0,3500.0
PR005283,2026-10-04,MANDI-013,Karnal,Maize,1982.48,2250.03,2116.0,2090.0
PR002114,2026-04-25,MANDI-053,Patiala,Cotton,5764.0,,,6620.0
PR011702,2026-09-07,MANDI-009,,Mustard,0.5468,0.665,6059.46,5650.0
PR008378,2026-06-12,MANDI-029,Ambala,Maize,2037.65,2301.41,0.217,2090.0
PR006236,2026-03-04,MANDI-056,Ferozepur,Wheat,1986.23,2459.84,0.2223,0.2275
PR004553,2026-03-03,,Jalandhar,Wheat,2191.0,2505.6233615266947,2348.3748798217516,
PR010215,2026-05-07,MANDI-023,Ferozepur,Maize,0.215,2276.75,2214.0,
PR000723,2026-04-19,MANDI-018,Moga,Mustard,0.5434,6134.0,5783.93,5650.0
PR005839,2026-08-27,MANDI-019,Fatehabad,Wheat,0.2064,2281.05,2172.69,2275.0
PR009605,2026-08-24,MANDI-040,Amritsar,Maize,2133.33,2626.26,0.238,
PR004522,2026-05-30,MANDI-041,Ferozepur,Maize,2067.37,2299.69,2184.0,
PR003396,2026-01-19,MANDI-046,Kurukshetra,Sugarcane,2998.58,3715.93,3357.26,3500.0
PR006832,2026-02-01,MANDI-008,Bathinda,Rice,2240.32,,2356.29,2183.0
PR005617,2026-04-23,MANDI-012,Karnal,Sugarcane,3049.34,3577.5994161970543,0.3313,
PR002529,2026-07-30,MANDI-025,Hisar,Wheat,0.205,2197.22,2123.66,2275.0
PR006660,2026-08-30,MANDI-045,Jalandhar,Cotton,6672.25,8168.27,7420.257057043941,6620.0
PR003589,2026-03-28,MANDI-007,Kurukshetra,Rice,2223.15,0.2372,0.2298,
PR007955,2026-07-12,MANDI-024,Karnal,Sugarcane,3541.33,3780.48,0.3661,0.35
PR000434,2026-03-27,MANDI-010,Moga,Rice,2087.91,2577.52,2332.71,0.2183
PR004854,2026-09-06,MANDI-024,Amritsar,Maize,1916.93,2284.57,2100.75,0.209
PR009000,2026-02-16,MANDI-042,,Rice,2056.34,2282.57,,2183.0
PR002366,2026-05-24,MANDI-040,Kurukshetra,Mustard,5549.12,0.5965,5756.918180337378,0.565
PR001603,2026-04-17,MANDI-019,Bathinda,Maize,1819.0,2017.0,1917.9,2090.0
PR010789,2026-01-23,MANDI-017,Bathinda,Rice,2055.0,2362.41,2208.64,
PR011487,2026-05-09,MANDI-007,Jalandhar,Rice,0.2074,0.221,2141.98,
PR003809,2026-08-20,MANDI-033,Ferozepur,Cotton,5944.89,,6415.647240453627,6620.0
PR002783,2026-08-18,MANDI-033,,Sugarcane,0.344,3980.0,3709.82,3500.0
PR002251,2026-04-22,MANDI-013,,Sugarcane,3453.77,4165.37,3809.57,3500.0
PR011878,2026-08-28,MANDI-005,Fatehabad,Cotton,6107.9,7378.84,6743.37,6620.0
PR005843,2026-08-15,,Patiala,Rice,1862.0,,1920.7496704097534,2183.0
PR003961,2026-01-27,MANDI-048,Sirsa,Mustard,4823.0,5943.033734014027,5382.83,5650.0
PR006731,2026-03-07,,Kurukshetra,Wheat,2306.56,2685.0,0.2496,
PR000995,2026-07-02,MANDI-037,Ludhiana,Cotton,0.6043,7370.55,0.6707,
PR004195,2026-07-19,MANDI-019,Jalandhar,Mustard,5642.48,6948.0,6295.416120978348,
PR006740,2026-02-28,MANDI-010,Patiala,Wheat,2305.52,2724.29,2514.91,2275.0
PR005362,2026-05-11,MANDI-034,Fatehabad,Mustard,,6337.89,6033.41,0.565
PR001237,2026-06-28,MANDI-032,,Sugarcane,3408.67,3608.0,0.3508,3500.0
PR000105,2026-08-08,MANDI-004,Ferozepur,Mustard,5781.0,6780.56,6280.89,5650.0
PR008547,2026-03-14,MANDI-023,Kurukshetra,Mustard,5402.91,6022.05,5712.48,5650.0
PR008344,2026-04-19,MANDI-051,Ambala,Rice,2043.54,2498.1180738685484,2270.83,2183.0
PR011029,2026-07-27,MANDI-030,Ambala,Mustard,5250.84,6008.0,5629.33,5650.0
PR006510,2026-12-04,MANDI-039,Patiala,Maize,1802.68,2040.71,0.1922,2090.0
PR001818,2026-03-24,MANDI-043,,Wheat,2014.68,2469.01,2241.843367358935,2275.0
PR007491,2026-08-29,MANDI-003,Hisar,Rice,1927.68,2073.0,2000.18,2183.0
PR010135,2026-05-16,MANDI-025,,Rice,1998.34,0.2417,2207.71,
PR005398,2026-01-15,MANDI-013,Kurukshetra,Maize,2142.4178470021407,,2243.193687730549,2090.0
PR005848,2026-04-08,MANDI-008,,Rice,2277.06,2539.01,2408.0333673481773,0.2183
PR005991,2026-11-03,MANDI-042,Karnal,Cotton,6936.78,7878.72,7407.75,
PR002776,2026-05-20,MANDI-056,Ludhiana,Sugarcane,3431.1023878359156,4073.19,3752.1461017441306,
PR007022,2026-08-31,MANDI-045,Moga,Cotton,5860.99,6904.97,6382.98,6620.0
PR005897,2026-02-13,MANDI-028,,Maize,0.1864,,1923.26,2090.0
PR001705,2026-05-16,MANDI-017,Ferozepur,Sugarcane,0.3553,0.3939,0.3746,3500.0
PR011514,2026-02-08,MANDI-003,Sirsa,Mustard,5628.97,0.684,6234.47,5650.0
PR002541,2026-09-04,MANDI-055,Kurukshetra,Cotton,6668.65,7404.0,7036.23,0.662
PR004404,2026-09-09,MANDI-045,Kurukshetra,Wheat,2083.9,0.231,2196.73,2275.0
PR005881,2026-01-05,MANDI-003,Patiala,Cotton,6903.06,8393.82,7648.437578132193,0.662
PR006173,2026-02-07,,Moga,Rice,2104.66,2398.38,0.2252,2183.0
PR008009,2026-07-04,MANDI-047,Kurukshetra,Maize,0.2026,2167.96,0.2097,2090.0
PR008784,2026-02-28,MANDI-034,Jalandhar,Maize,2040.0,2483.0,2261.95,2090.0
PR006771,2026-03-24,MANDI-027,Fatehabad,Rice,2287.31,2442.64,2364.97,
PR011272,2026-08-22,,Ferozepur,Sugarcane,3012.55,3422.85,0.3218,
PR012000,2026-04-02,MANDI-039,Amritsar,Sugarcane,3435.73,4072.5003240618075,3754.11,
PR003544,2026-05-26,MANDI-026,Karnal,Rice,0.1993,2448.56,2220.74,2183.0
PR005692,2026-09-07,MANDI-009,Ferozepur,Sugarcane,3177.21,,3564.51,
PR000897,2026-09-06,MANDI-012,Patiala,Rice,1903.73,2243.1,2073.42,2183.0
PR006518,2026-07-09,,,Cotton,6096.0,7537.19,6816.56,
PR009451,2026-09-01,MANDI-032,Amritsar,Rice,2096.21,2345.66,2220.93,2183.0
PR006059,2026-04-16,MANDI-020,Kurukshetra,Maize,1954.0,2364.01,0.2159,0.209
PR004059,2026-01-19,MANDI-049,Sirsa,Cotton,6073.76,7274.0,6673.8,0.662
PR011414,2026-04-14,MANDI-003,Ferozepur,Maize,1912.95,2151.08,2032.01,
PR006810,2026-04-16,MANDI-051,Hisar,Rice,0.2162,2636.783426593113,2399.4972425012525,2183.0
PR006802,2026-12-08,,Ambala,Rice,2217.0,2739.0,2478.25,2183.0
PR008345,2026-08-06,MANDI-034,Ludhiana,Maize,2187.0,2419.07,2303.0,2090.0
PR005812,2026-11-02,MANDI-023,Kurukshetra,Maize,1803.73,2215.5,0.201,
PR011431,2026-05-03,MANDI-049,Hisar,Cotton,6336.534562522439,7025.77,6681.154059356706,6620.0
PR003740,2026-03-19,MANDI-049,Karnal,Sugarcane,3333.0,4155.69,3744.13,3500.0
PR000320,2026-12-06,MANDI-037,Patiala,Mustard,5267.68,6090.0,5678.89,5650.0
PR007854,2026-03-26,MANDI-003,Jalandhar,Sugarcane,3118.21,3284.82,3201.52,3500.0
PR000275,2026-04-24,MANDI-006,Bathinda,Mustard,5771.0,6891.62,0.6331,5650.0
PR008941,2026-07-31,MANDI-056,Amritsar,Wheat,2092.48,2428.39,2260.43,2275.0
PR002874,2026-03-23,,Hisar,Rice,2212.22,2538.12,2375.17,2183.0
PR010591,2026-07-27,MANDI-045,,Sugarcane,3121.69,3602.716660327613,0.3362,3500.0
PR000164,2026-01-14,MANDI-009,Ambala,Rice,0.2142,2408.31,2275.0,2183.0
PR004824,2026-01-21,MANDI-042,Jalandhar,Maize,2035.47,2419.0,2227.4,
PR002710,2026-05-19,MANDI-042,Ludhiana,Rice,1926.0,2335.17,,2183.0
PR004278,2026-07-07,MANDI-002,Fatehabad,Wheat,0.2038,0.2228,2133.05,2275.0
PR002767,2026-11-01,MANDI-054,Fatehabad,Cotton,5858.1,7206.0,6532.24,6620.0
PR007652,2026-10-07,MANDI-003,Bathinda,Rice,1919.0,0.2105,2012.0,2183.0
PR009296,2026-02-15,MANDI-039,Karnal,Wheat,2079.82,0.2465,0.2272,2275.0
PR001707,2026-12-04,MANDI-013,Karnal,Rice,2221.65,2548.2,2384.93,2183.0
PR002054,2026-03-30,MANDI-054,Patiala,Maize,1983.99,2249.83,2116.91,0.209
PR004996,2026-09-01,MANDI-005,Ludhiana,Sugarcane,0.3595,4116.37,3855.49,3500.0
PR010136,2026-08-11,MANDI-022,Amritsar,Rice,2264.45,2624.57,2445.0,2183.0
PR005498,2026-01-31,,Fatehabad,Mustard,0.5291,6537.61,5914.48,5650.0
PR011307,2026-06-21,,,Sugarcane,,3574.420905245551,3381.74,3500.0
PR000316,2026-06-23,MANDI-054,,Rice,2024.0,2202.22,2113.0,2183.0
PR005175,2026-07-23,MANDI-008,Amritsar,Rice,2232.72,2454.230791340875,2343.48,2183.0
PR001562,2026-07-26,MANDI-010,,Rice,2188.0,2516.87,0.2352,2183.0
PR002516,2026-02-01,MANDI-054,Amritsar,Sugarcane,3475.7,3824.2699953142273,3649.98,3500.0
PR009421,2026-04-24,MANDI-043,Fatehabad,Rice,1977.13,2175.56,0.2076,2183.0
PR001575,2026-03-10,MANDI-005,Fatehabad,Sugarcane,3159.0,3347.56,3253.38,3500.0
PR001504,2026-01-21,MANDI-046,Sirsa,Cotton,6237.74,0.7385,6811.202457213281,0.662
PR002278,2026-06-17,MANDI-042,Amritsar,Rice,0.1957,2156.67,2056.949793337273,2183.0
PR001517,2026-03-26,MANDI-030,,Cotton,6817.03,7516.44,7166.734306485201,
PR002115,2026-05-09,MANDI-043,Fatehabad,Mustard,5188.16,5554.93,5372.0,5650.0
PR001895,2026-01-08,MANDI-007,Fatehabad,Maize,2123.66,2573.14,2348.0,2090.0
PR011086,2026-02-24,MANDI-001,Kurukshetra,Sugarcane,3174.4,3829.75,3502.0739139938178,
PR002526,2026-02-06,MANDI-047,,Rice,2020.14,0.2431,0.2226,2183.0
PR000227,2026-08-22,MANDI-026,Amritsar,Maize,1934.43,0.2412,,2090.0
PR003028,2026-07-21,MANDI-039,Moga,Rice,0.1874,0.2204,2038.92,
PR011332,2026-02-14,MANDI-029,Bathinda,Rice,0.2237,2679.911787520148,2458.55,2183.0
PR006760,2026-05-01,MANDI-011,Ambala,Maize,2053.0,2368.56,2210.6,2090.0
PR010519,2026-05-17,MANDI-028,Ludhiana,Rice,2261.0505050614806,2573.08,2417.06,2183.0
PR007248,2026-06-26,MANDI-018,Hisar,Wheat,0.2037,2269.1,2153.28,2275.0
PR001972,2026-06-09,MANDI-001,Kurukshetra,Mustard,0.5858,7220.0,6539.37,0.565
PR001753,2026-03-27,,Kurukshetra,Sugarcane,3292.34,4095.44,3693.89,3500.0
PR011003,2026-07-05,MANDI-029,Jalandhar,Maize,1893.2,1997.51,0.1945,2090.0
PR007357,2026-08-05,MANDI-024,Hisar,Mustard,5009.0,5731.87,0.537,5650.0
PR009087,2026-03-06,MANDI-014,,Mustard,4878.02,5823.0,5350.456050363888,5650.0
PR000902,2026-04-04,MANDI-011,Patiala,Maize,2172.22,2321.0,2246.49,2090.0
PR003624,2026-03-31,MANDI-013,Ferozepur,Rice,2232.0,2447.44,2339.82,
PR007686,2026-05-21,MANDI-042,Kurukshetra,Mustard,5622.53,6163.0,5892.65,5650.0
PR000830,2026-01-09,MANDI-027,,Cotton,6168.39,6630.5,6399.44,6620.0
PR003353,2026-04-02,MANDI-011,Amritsar,Rice,1939.02,2322.34,2131.0,2183.0
PR006863,2026-04-28,MANDI-041,Kurukshetra,Sugarcane,3461.0,3835.49,3648.25,3500.0
PR007676,2026-02-06,MANDI-016,Karnal,Rice,2054.21,2529.3,2291.75,
PR000410,2026-01-18,MANDI-018,Fatehabad,Wheat,0.2066,2567.12,2317.0,2275.0
PR005346,2026-07-04,MANDI-035,Amritsar,Wheat,2074.6,2318.4155278757903,2197.0,2275.0
PR004912,2026-02-07,MANDI-053,Sirsa,Rice,,2167.34,2056.0,2183.0
PR008393,2026-01-01,MANDI-003,,Rice,,2495.95,2248.0,
PR008014,2026-03-21,MANDI-008,Ludhiana,Wheat,1987.926677634802,0.2325,2156.36,2275.0
PR001682,2026-01-08,MANDI-002,Kurukshetra,Mustard,4811.0,0.5363,5087.0,5650.0
PR003998,2026-06-29,MANDI-052,,Cotton,6530.98,7019.06,6775.02,6620.0
PR007341,2026-05-14,MANDI-005,,Maize,2194.1683371692197,2336.0,2264.98,2090.0
PR009791,2026-02-06,MANDI-050,,Sugarcane,3310.0,3944.0,3627.0,
PR006776,2026-08-21,MANDI-033,Ludhiana,Wheat,2307.97,2553.69,2430.83,2275.0
PR000642,2026-04-30,,Sirsa,Sugarcane,3188.12,3803.59,3495.86,3500.0
PR008643,2026-08-31,MANDI-015,Ludhiana,Sugarcane,0.3136,3502.0,3318.97,3500.0
PR003062,2026-05-24,MANDI-017,Fatehabad,Cotton,6344.019755226515,7736.43,7040.22,6620.0
PR003360,2026-01-23,MANDI-015,Bathinda,Wheat,,,2500.87,2275.0
PR004386,2026-05-08,MANDI-003,Ferozepur,Mustard,,6465.02,6176.19,5650.0
PR002097,2026-06-20,MANDI-025,Bathinda,Maize,2034.28,2191.5,0.2113,2090.0
PR002839,2026-11-06,MANDI-034,Fatehabad,Rice,2122.93,2283.09,2203.01,
PR001348,2026-07-14,MANDI-031,Ferozepur,Cotton,5815.0,7118.0,6466.56,6620.0
PR007364,2026-01-09,MANDI-036,Sirsa,Maize,2108.0,2278.95,0.2193,0.209
PR009484,2026-08-10,MANDI-036,Hisar,Mustard,0.5708,6493.84,6101.12,5650.0
PR005803,2026-06-18,MANDI-012,Hisar,Cotton,6661.09,7185.75,6923.42,6620.0
PR011145,2026-09-02,MANDI-030,Hisar,Wheat,2098.88,2505.0,2302.0,0.2275
PR006535,2026-01-07,MANDI-027,Ferozepur,Mustard,5066.07,5658.2,5362.14,
PR003648,2026-05-23,MANDI-038,Kurukshetra,Sugarcane,3330.9,3557.05,3443.97,3500.0
PR002635,2026-06-08,MANDI-044,Kurukshetra,Mustard,5165.704876621659,5703.0,5434.49,5650.0
PR005338,2026-02-05,MANDI-050,Ambala,Maize,1878.57,2071.0,1975.0,2090.0
PR008453,2026-01-27,MANDI-032,Jalandhar,Rice,2149.69,2320.41,0.2235,2183.0
PR006626,2026-01-15,MANDI-008,Ludhiana,Wheat,,2212.92,2076.03,
PR004827,2026-08-24,MANDI-052,Kurukshetra,Maize,1870.57,2035.0,1952.77,2090.0
PR001666,2026-04-05,MANDI-023,Moga,Sugarcane,3576.1125020882055,3994.8600367716526,3785.0,3500.0
PR008880,2026-08-03,MANDI-055,Karnal,Maize,,2657.87,2402.5,
PR005263,2026-08-23,MANDI-047,Amritsar,Maize,2176.69,2562.0,2369.0,2090.0
PR004276,2026-02-08,MANDI-028,Sirsa,Maize,1833.0,0.2063,1948.2,2090.0
PR011507,2026-08-29,MANDI-007,Amritsar,Maize,2024.0,2152.15,2087.88,
PR007706,2026-03-10,MANDI-040,Sirsa,Mustard,5569.96,6390.87,5980.42,5650.0
PR003187,2026-02-22,MANDI-045,Ambala,Mustard,4903.0,5841.0,5371.87,5650.0
PR002995,2026-07-17,MANDI-022,,Maize,2036.08,2388.0,2212.0,2090.0
PR000330,2026-01-12,,Ambala,Sugarcane,3042.46,3745.28,3393.87,3500.0
PR007206,2026-08-23,MANDI-044,Ludhiana,Sugarcane,3359.7316339386143,,0.3712,
PR010249,2026-08-30,MANDI-002,Bathinda,Cotton,6253.09,7120.31,6686.7,6620.0
PR000515,2026-09-02,MANDI-005,Ambala,Wheat,2088.0,2440.1,2263.94,2275.0
PR000638,2026-09-07,MANDI-057,Moga,Wheat,,0.2383,0.2293,2275.0
PR011309,2026-04-09,MANDI-053,Sirsa,Rice,1902.52,2077.79,0.199,
PR003665,2026-04-12,MANDI-003,,Wheat,0.2164,2405.84,2285.0,2275.0
PR005733,2026-03-15,MANDI-031,Kurukshetra,Rice,2174.14,2368.83,2271.49,0.2183
PR005545,2026-02-22,MANDI-043,Ludhiana,Maize,1850.7549000924728,2284.45,2067.6,
PR005556,2026-05-29,MANDI-029,Ferozepur,Sugarcane,3443.89,3788.01,3615.95,3500.0
PR010959,2026-03-23,MANDI-049,Amritsar,Wheat,2147.44,2360.51,2253.9749293359555,2275.0
PR008566,2026-02-05,,Kurukshetra,Maize,2145.74,2428.63705097855,2287.19,
PR003919,2026-04-17,MANDI-053,,Rice,2106.67,2269.4032142576616,2188.04,2183.0
PR010161,2026-01-07,MANDI-042,Moga,Maize,1819.6930270312753,2107.58796592664,1964.0,2090.0
PR010647,2026-04-02,MANDI-038,Sirsa,Sugarcane,3068.42,3556.29,3312.35,3500.0
PR003914,2026-06-22,MANDI-015,Kurukshetra,Mustard,5212.78,,5351.0,5650.0
PR004858,2026-06-23,MANDI-033,Ambala,Cotton,5727.33,6983.56,6355.45,0.662
PR001497,2026-03-24,MANDI-029,,Wheat,2063.0,0.2261,2162.19,0.2275
PR002803,2026-02-07,MANDI-009,Karnal,Cotton,6493.0,7509.362217556419,7001.0,
PR002170,2026-05-07,MANDI-007,Amritsar,Cotton,5850.71,6420.0,6135.142556066319,6620.0
PR007891,2026-01-23,MANDI-026,Amritsar,Mustard,5875.19,0.7125,6500.19,5650.0
PR009769,2026-01-02,MANDI-031,Kurukshetra,Wheat,2223.05,2744.3,2483.67,2275.0
PR003881,2026-11-05,MANDI-014,Jalandhar,Cotton,6431.42,7608.64,7020.03,6620.0
PR002273,2026-04-03,MANDI-043,Karnal,Cotton,5983.43,7040.34,6512.0,6620.0
PR005418,2026-05-08,MANDI-057,,Maize,,2635.3,2396.9475603359533,2090.0
PR004959,2026-03-08,MANDI-044,Karnal,Rice,2238.422659223269,2667.51,2452.97,0.2183
PR005515,2026-04-08,MANDI-054,Moga,Sugarcane,0.3568,3919.1978136269645,0.3744,0.35
PR009804,2026-02-25,MANDI-027,Sirsa,Wheat,2081.0,2421.83,2251.46,2275.0
PR009327,2026-05-04,MANDI-051,Karnal,Cotton,6311.27,6883.47,6597.0,6620.0
PR007690,2026-02-09,MANDI-040,Amritsar,Cotton,6815.87,7811.45,7313.66,0.662
PR001385,2026-02-25,MANDI-035,Bathinda,Wheat,2258.21,2484.1898793669607,2371.2,2275.0
PR007455,2026-02-23,,Bathinda,Sugarcane,3134.75,3395.0,3265.0,3500.0
PR007027,2026-03-08,MANDI-056,Fatehabad,Rice,0.2132,2386.72,2259.42,0.2183
PR009346,2026-08-06,MANDI-043,Kurukshetra,Maize,1943.75,,2161.65,2090.0
PR005669,2026-01-17,MANDI-027,Jalandhar,Wheat,2140.24,2661.41,2401.0,
PR002328,2026-05-18,MANDI-054,Bathinda,Sugarcane,3587.87,4210.0,3899.0,3500.0
PR002335,2026-09-02,MANDI-041,Ambala,Mustard,5194.37,6275.64,5735.01,5650.0
PR010189,2026-08-07,MANDI-029,,Mustard,5368.687988364988,5891.0,5629.6,5650.0
PR003918,2026-04-10,MANDI-033,Hisar,Mustard,,6029.57,0.5576,
PR005266,2026-06-05,MANDI-018,Ludhiana,Rice,2247.94,0.2794,2521.0,0.2183
PR003520,2026-06-05,MANDI-001,Fatehabad,Mustard,0.546,0.6083,5771.0,5650.0
PR001027,2026-07-21,MANDI-001,Kurukshetra,Maize,1958.0,2216.0,2087.09,2090.0
PR001750,2026-08-14,MANDI-050,Moga,Mustard,5385.7,6709.0,6047.41,
PR011415,2026-08-20,MANDI-017,Kurukshetra,Wheat,2081.0632694279675,0.2384,0.2233,2275.0
PR009985,2026-04-13,MANDI-038,Moga,Sugarcane,0.2989,3395.08,3192.27,3500.0
PR002691,2026-02-28,,Patiala,Rice,2082.75,2567.07,2324.9098857035697,2183.0
PR003327,2026-06-28,MANDI-022,,Maize,2153.64,,2258.89,2090.0
PR000192,2026-05-14,MANDI-045,Ferozepur,Wheat,2328.02,2445.52,2386.77,2275.0
PR007543,2026-05-30,MANDI-015,Ferozepur,Sugarcane,3545.4866531500375,0.4147,3846.35,3500.0
PR005484,2026-02-16,MANDI-006,Fatehabad,Maize,1879.385265591556,2173.78,0.2027,2090.0
PR001859,2026-08-22,MANDI-048,Karnal,Sugarcane,3575.69,4396.0,3985.64,3500.0
PR009550,2026-07-15,MANDI-052,Amritsar,Rice,2270.917680578782,2761.0,2515.8,2183.0
PR010468,2026-04-17,MANDI-016,Amritsar,Rice,2211.7,2346.0,2279.0,
PR002628,2026-01-09,MANDI-042,Ambala,Maize,2104.36,2359.34,2231.85,2090.0
PR006642,2026-05-10,MANDI-035,Jalandhar,Sugarcane,3091.71,3294.81,3193.26,3500.0
PR008730,2026-05-13,MANDI-040,Amritsar,Mustard,5662.38,0.6025,5844.0,5650.0
PR001213,2026-06-20,MANDI-019,Ferozepur,Cotton,5991.61,6296.0,6143.63,
PR009929,2026-03-09,MANDI-006,Hisar,Cotton,6279.0,0.7441,6859.92,6620.0
PR007424,2026-07-24,MANDI-013,Amritsar,Maize,1922.47,,2148.0,2090.0
PR001639,2026-02-26,,Jalandhar,Wheat,0.2085,2446.109852332369,2265.68,2275.0
PR003930,2026-05-25,MANDI-005,Kurukshetra,Wheat,0.2255,0.2771,2513.23,2275.0
PR002956,2026-04-12,MANDI-025,Ferozepur,Wheat,0.1936,2388.0,0.2162,2275.0
PR004542,2026-02-04,MANDI-029,,Sugarcane,3369.18,,3670.21,3500.0
PR011426,2026-06-26,MANDI-052,Ambala,Wheat,2287.79,2704.0,2495.9,0.2275
PR002262,2026-07-29,MANDI-002,Hisar,Sugarcane,3640.204953242125,4199.833116221386,3920.02,3500.0
PR001826,2026-07-25,MANDI-043,Sirsa,Rice,2276.0,2480.0,2377.81,2183.0
PR001648,2026-02-24,,Bathinda,Cotton,6567.0,7400.45,6983.54,6620.0
PR007282,2026-04-20,MANDI-051,,Cotton,6634.06,0.7412,7022.99,6620.0
PR007939,2026-06-13,MANDI-028,Jalandhar,Cotton,6452.7,7387.99,6920.35,6620.0
PR008576,2026-08-14,MANDI-016,Hisar,Maize,2036.12,2309.63,2172.88,
PR006020,2026-04-08,MANDI-032,Hisar,Wheat,0.2069,,2283.0,2275.0
PR001306,2026-11-03,MANDI-002,Ludhiana,Rice,,2263.0,2200.01,2183.0
PR001200,2026-07-25,MANDI-046,Ambala,Wheat,0.2346,0.256,2452.773202280337,2275.0
PR006651,2026-07-24,MANDI-008,,Sugarcane,3349.56,3819.29,3584.43,
PR006385,2026-08-01,MANDI-051,Karnal,Maize,1888.14,2312.81,2100.474405445487,
PR001993,2026-05-18,MANDI-020,Jalandhar,Sugarcane,3493.08,4301.27,3897.0,3500.0
PR004872,2026-01-23,MANDI-034,Moga,Rice,2232.1,2779.44,2505.767343259394,0.2183
PR003935,2026-05-08,MANDI-008,Sirsa,Rice,0.2288,,2531.1,2183.0
PR004742,2026-07-10,MANDI-031,Sirsa,Mustard,5174.68,6102.0,5638.59,5650.0
PR004029,2026-05-31,MANDI-056,Ambala,Sugarcane,3196.0,3914.95,3555.61,0.35
PR007579,2026-05-13,MANDI-041,,Sugarcane,3012.75,3388.97,3200.86,3500.0
PR004538,2026-07-08,MANDI-020,Kurukshetra,Sugarcane,3150.98,0.3938,,
PR008990,2026-05-30,MANDI-056,Ambala,Wheat,2327.0,2686.49,2507.0,2275.0
PR005433,2026-03-31,MANDI-045,Bathinda,Rice,0.2091,2295.5,2193.39,2183.0
PR001866,2026-05-15,MANDI-002,Patiala,Rice,1966.5133400930301,2248.218572370665,,2183.0
PR000353,2026-03-09,MANDI-036,Bathinda,Cotton,0.6367,7331.0,6849.0,6620.0
PR009355,2026-03-20,MANDI-053,Moga,Maize,2015.83,2162.11,2088.967273141164,
PR010235,2026-06-26,MANDI-021,Karnal,Rice,1902.0,2233.03,2067.64,
PR004001,2026-03-08,MANDI-009,Fatehabad,Wheat,2071.210526660248,2495.24,2283.22,2275.0
PR010070,2026-05-20,MANDI-050,Moga,Cotton,,6053.29,5881.96,6620.0
PR009116,2026-09-03,MANDI-020,,Mustard,5558.47,0.6048,0.5803,5650.0
PR000808,2026-03-02,MANDI-047,Ambala,Mustard,5928.87,7234.04,0.6581,5650.0
PR006929,2026-04-19,MANDI-041,,Mustard,5483.67,6045.36,5764.51,5650.0
PR000609,2026-04-03,MANDI-055,Ferozepur,Rice,2052.0,2224.0,2137.82,2183.0
PR005412,2026-01-24,,Sirsa,Rice,1896.0,2335.54,2115.53,2183.0
PR003892,2026-01-05,MANDI-016,Fatehabad,Maize,1986.0,2407.76,2196.75,2090.0
PR011295,2026-05-03,MANDI-028,Bathinda,Rice,2180.76,2588.341676748089,2385.0,2183.0
PR002256,2026-09-08,MANDI-019,Karnal,Rice,2189.5812287035283,2395.58,2292.58,2183.0
PR003663,2026-08-25,MANDI-031,,Rice,2132.0,2514.48,2323.38,0.2183
PR001393,2026-03-19,MANDI-015,Fatehabad,Wheat,1994.0,2345.1,0.2169,
PR006315,2026-02-21,MANDI-007,Ludhiana,Sugarcane,3131.74,3588.65,3360.2,3500.0
PR009020,2026-04-21,,Ludhiana,Wheat,2083.71,2523.17,2303.0,2275.0
PR000896,2026-02-24,MANDI-051,Sirsa,Rice,0.1972,2101.56,2036.87,2183.0
PR006625,2026-06-27,MANDI-051,Karnal,Sugarcane,3288.0,,3471.0,
PR008281,2026-08-14,MANDI-039,Fatehabad,Cotton,5997.05,7468.48,,0.662
PR003414,2026-08-26,MANDI-006,,Wheat,2171.89,2677.63,2424.7596209594667,2275.0
PR007246,2026-07-13,MANDI-054,Jalandhar,Wheat,2121.0,2245.22,2183.22,2275.0
PR008126,2026-06-29,MANDI-019,Fatehabad,Mustard,5296.57,6411.0,5853.76,5650.0
PR004838,2026-06-27,MANDI-024,Hisar,Maize,2019.7229338725106,2140.48,2080.1,2090.0
PR002751,2026-06-12,MANDI-015,Kurukshetra,Rice,2171.353779160763,2316.06,2243.71,2183.0
PR011482,2026-07-05,MANDI-041,Kurukshetra,Sugarcane,3110.39,3414.0,3262.29,
PR003263,2026-05-29,MANDI-048,Hisar,Wheat,2345.34,2522.12,2433.73,2275.0
PR002573,2026-08-18,MANDI-055,,Sugarcane,3478.0,3652.0,0.3565,3500.0
PR006654,2026-03-10,MANDI-034,Sirsa,Mustard,5867.84,6600.45,6234.14,5650.0
PR001120,2026-01-29,MANDI-051,,Sugarcane,0.3046,3702.565642552039,3374.3269790509717,3500.0
PR010995,2026-04-09,MANDI-032,Ambala,Maize,0.1785,0.209,1937.63,
PR007980,2026-05-07,MANDI-038,Ambala,Rice,0.2004,2231.85,2117.68,2183.0
PR005064,2026-03-23,MANDI-009,Ferozepur,Cotton,6741.0,7804.9,0.7273,
PR007889,2026-03-19,MANDI-021,Patiala,Wheat,2085.25,2270.2232196260647,2177.74,
PR006644,2026-06-08,MANDI-050,Amritsar,Maize,2192.0,2607.0,2399.52,2090.0
PR000879,2026-04-18,MANDI-008,Sirsa,Wheat,2101.58,2601.67,0.2352,2275.0
PR001681,2026-10-08,,Ferozepur,Cotton,6599.60404121283,7454.87829069874,7027.24,0.662
PR010203,2026-08-22,MANDI-054,,Rice,2044.52,2196.19,2120.36,2183.0
PR011643,2026-01-15,MANDI-014,Sirsa,Sugarcane,3138.13,3632.03,3385.0814045175466,3500.0
PR005820,2026-05-30,MANDI-034,Karnal,Rice,2096.2,2235.0,2165.36,
PR000359,2026-08-27,MANDI-029,Patiala,Rice,2229.32,2783.5811918710533,2506.4530860634595,
PR007801,2026-01-27,MANDI-023,Ferozepur,Maize,1885.0,2008.21,1946.58,2090.0
PR010627,2026-06-10,MANDI-044,Patiala,Maize,1904.08,2216.7,0.206,2090.0
PR004155,2026-08-01,MANDI-016,Amritsar,Rice,2160.6010240887235,2351.87,2256.24,0.2183
PR008000,2026-09-01,MANDI-011,Bathinda,Maize,2037.5582847866908,2360.0,2198.81,2090.0
PR011323,2026-08-15,MANDI-025,Sirsa,Cotton,0.626,7185.66,6723.0586399770955,
PR001098,2026-01-27,MANDI-004,,Maize,1999.63,2313.94,2156.78,2090.0
PR001243,2026-02-07,MANDI-054,Patiala,Maize,2130.63,,2353.81,2090.0
PR003186,2026-08-21,MANDI-019,Moga,Maize,1971.64,2395.26,2183.45,
PR011368,2026-04-28,MANDI-034,Karnal,Rice,2218.0,2696.41,2456.99,2183.0
PR003368,2026-04-06,MANDI-056,Ludhiana,Wheat,0.2213,,2450.17,2275.0
PR011774,2026-07-11,MANDI-025,Hisar,Wheat,2248.04,2754.08,2501.0599329548013,2275.0
PR001082,2026-06-03,,,Sugarcane,0.3603,4022.6173348392244,3812.71,3500.0
PR002142,2026-02-09,MANDI-029,Hisar,Cotton,0.6296,6892.46,6594.114362732349,6620.0
PR011140,2026-01-11,MANDI-014,Fatehabad,Cotton,5836.98,6415.62,6126.3,6620.0
PR001449,2026-03-18,MANDI-051,Fatehabad,Wheat,0.2246,2764.48,2505.05,
PR002277,2026-02-15,MANDI-029,Ferozepur,Sugarcane,3118.49,3842.14,0.348,3500.0
PR011589,2026-06-09,MANDI-022,Bathinda,Rice,2006.97,0.2507,2256.91,
PR005316,2026-03-22,MANDI-055,Ambala,Wheat,2090.0,2428.69,2259.32,2275.0
PR008934,2026-02-06,MANDI-052,Ambala,Maize,0.1954,0.2105,0.203,
PR008983,2026-01-21,MANDI-047,Ludhiana,Cotton,6571.31,8033.0,7302.0,6620.0
PR004745,2026-03-19,MANDI-010,Amritsar,Rice,1857.0,2210.0,2033.38,2183.0
PR004979,2026-03-16,MANDI-022,Jalandhar,Mustard,5281.73,6600.0,5940.72,
PR011179,2026-04-15,MANDI-050,Bathinda,Sugarcane,3373.16,0.3814,3593.79,0.35
PR000422,2026-06-05,MANDI-046,Patiala,Mustard,5743.85,7141.0,,5650.0
PR002962,2026-06-13,MANDI-027,Fatehabad,Wheat,2361.34,2602.7162840388105,2482.03,2275.0
PR010567,2026-06-19,MANDI-007,Kurukshetra,Wheat,1984.7,2223.8,2104.25,2275.0
PR010320,2026-04-25,MANDI-035,Patiala,Maize,1903.0,2251.02,2076.95,2090.0
PR002779,2026-06-12,MANDI-040,Jalandhar,Wheat,1941.32,2182.68,2062.0,0.2275
PR011988,2026-04-29,MANDI-034,Karnal,Cotton,6712.87,8215.82,0.7464,6620.0
PR006964,2026-05-21,MANDI-029,Fatehabad,Wheat,2083.07,2600.51,0.2342,2275.0
PR006322,2026-03-27,MANDI-010,Kurukshetra,Wheat,1983.45,2238.91,0.2111,
PR006925,2026-03-08,MANDI-038,Ferozepur,Maize,1865.0,1972.12,1918.64,
PR008762,2026-02-15,MANDI-011,Fatehabad,Sugarcane,3598.0,4191.29,3894.5,3500.0
PR003906,2026-06-22,MANDI-024,Patiala,Cotton,5627.71,5920.0,,6620.0
PR009156,2026-06-22,MANDI-039,Amritsar,Mustard,5556.53,0.646,6008.45,5650.0
PR003456,2026-07-25,MANDI-025,Ferozepur,Sugarcane,3183.0,3933.13,3558.02,3500.0
PR008109,2026-05-23,MANDI-020,Kurukshetra,Cotton,6579.283961348735,6917.5,6748.39381789961,6620.0
PR007212,2026-12-04,MANDI-057,Amritsar,Sugarcane,3599.52376980701,3789.32,3694.42,0.35
PR004816,2026-08-15,MANDI-041,Patiala,Sugarcane,3251.37,3518.754802501015,3385.06,3500.0
PR001402,2026-05-21,MANDI-031,Hisar,Wheat,1972.34,2463.11,2217.72,2275.0
PR001659,2026-12-01,MANDI-021,,Mustard,4996.05,5650.48,0.5323,5650.0
PR000529,2026-03-23,MANDI-025,,Cotton,6704.91,7347.0,7025.77,0.662
PR011439,2026-08-06,MANDI-036,Ambala,Maize,2133.03,2538.0,2335.38,0.209
PR011851,2026-08-04,MANDI-015,,Cotton,0.5731,6613.71,6172.32,0.662
PR004787,2026-02-10,MANDI-011,Sirsa,Wheat,2235.0,0.2493,2364.0,2275.0
PR009646,2026-03-20,MANDI-026,Kurukshetra,Wheat,2101.1,2236.22,2168.66,2275.0
PR003846,2026-05-29,MANDI-022,Ferozepur,Mustard,5112.0,6161.81,5636.84,5650.0
PR004650,2026-12-04,MANDI-010,Moga,Wheat,2137.0,2378.29,2257.57,2275.0
PR010974,2026-09-01,MANDI-055,,Sugarcane,0.3218,3863.51,3540.84,0.35
PR007188,2026-01-05,MANDI-039,,Mustard,5882.62,0.7139,0.6511,0.565
PR003609,2026-05-06,MANDI-015,Jalandhar,Wheat,0.2159,2515.6,0.2337,2275.0
PR011240,2026-06-09,MANDI-055,Kurukshetra,Maize,1813.0,2005.9825241631656,1909.35,2090.0
PR005085,2026-03-23,MANDI-054,Hisar,Cotton,6326.566010668464,6765.82,,
PR006415,2026-01-22,MANDI-004,Patiala,Wheat,,2507.0,0.2387,2275.0
PR009524,2026-04-04,MANDI-033,Sirsa,Rice,2044.3,,2201.0217256997257,2183.0
PR003176,2026-05-26,MANDI-023,Moga,Mustard,5613.69,6408.46,6011.08,
PR010845,2026-01-29,MANDI-027,Fatehabad,Rice,,2173.31,2021.25,2183.0
PR000209,2026-01-27,MANDI-051,Hisar,Maize,2136.39,2619.0,2378.0,2090.0
PR011491,2026-06-06,MANDI-030,,Maize,0.2008,2423.61,2215.91,2090.0
PR003669,2026-01-04,MANDI-016,Jalandhar,Wheat,2347.3,2563.36,2455.0,2275.0
PR011573,2026-06-03,MANDI-030,Ferozepur,Wheat,0.2161,0.2441,2300.8,2275.0
PR004970,2026-02-25,MANDI-040,Ferozepur,Mustard,4928.29,0.5536,0.5232,0.565
PR006021,2026-08-26,MANDI-033,Karnal,Rice,2084.72,2517.94,2301.33,2183.0
PR000386,2026-01-26,MANDI-004,Kurukshetra,Mustard,5088.31,6209.0,,5650.0
PR000493,2026-01-27,MANDI-055,Ludhiana,Cotton,6121.54,7614.86,6868.0,6620.0
PR007860,2026-01-26,MANDI-005,Ferozepur,Cotton,0.595,6490.190875686865,6220.25,6620.0
PR001506,2026-08-23,MANDI-011,Hisar,Maize,2006.74,,0.2063,2090.0
PR003325,2026-08-02,MANDI-009,,Rice,2243.774787127263,0.2506,2374.89,
PR001341,2026-08-08,MANDI-041,Fatehabad,Mustard,5120.88,6386.37,5753.62,0.565
PR001309,2026-02-24,MANDI-030,Moga,Wheat,2343.0,0.2828,2585.0,2275.0
PR010885,2026-04-19,MANDI-032,,Cotton,6641.27,7424.89,0.7033,6620.0
PR003494,2026-01-29,MANDI-003,Karnal,Rice,0.228,2754.89,2517.45,2183.0
PR006316,2026-04-27,MANDI-024,Sirsa,Mustard,5666.72,6910.07,6288.39,5650.0
PR004539,2026-09-02,MANDI-017,,Wheat,2114.25,2530.36,2322.3044849939233,2275.0
PR009208,2026-05-31,MANDI-044,Moga,Sugarcane,3450.41,,3777.3,3500.0
PR004378,2026-07-07,MANDI-045,Jalandhar,Rice,0.2159,2344.03,2251.55,2183.0
PR008354,2026-01-19,MANDI-052,Ambala,Sugarcane,3286.55,,3528.56,3500.0
PR008799,2026-07-30,,Ludhiana,Cotton,5918.0,6423.0,6170.42,
PR000001,2026-09-01,MANDI-029,Fatehabad,Mustard,5895.79,6468.71,6182.25,0.565
PR010261,2026-08-30,MANDI-012,Fatehabad,Maize,1863.68,,1995.0,0.209
PR011330,2026-09-08,MANDI-052,Jalandhar,Cotton,5687.0994643449385,6021.3,5854.2,6620.0
PR006532,2026-03-04,MANDI-048,Moga,Maize,1884.3607597778994,2254.809523146583,2069.59,0.209
PR007847,2026-05-30,MANDI-016,,Mustard,5676.78,0.6812,6244.0,5650.0
PR009151,2026-06-22,MANDI-031,Patiala,Sugarcane,3520.1,3728.52,3624.31,3500.0
PR011955,2026-01-19,MANDI-007,Ambala,Wheat,2327.3445043036386,2649.49,2488.4189085988382,2275.0
PR003864,2026-03-19,MANDI-051,Ferozepur,Rice,1866.89,2014.6,1940.7479708321332,2183.0
PR002500,2026-06-07,,Hisar,Maize,1902.3,,2068.1,2090.0
PR011924,2026-04-21,MANDI-011,Ambala,Sugarcane,3313.95,3728.0,3520.7731620419927,3500.0
PR010837,2026-07-07,MANDI-009,Jalandhar,Wheat,2247.37,2402.84,2325.101899478668,2275.0
PR008131,2026-08-24,MANDI-021,Bathinda,Maize,1904.46,2135.3746688422743,2019.9174319742565,2090.0
PR001461,2026-03-15,MANDI-042,Ambala,Maize,1865.56,0.2292,2079.0,2090.0
PR005503,2026-07-11,,Ferozepur,Wheat,2380.53,0.2567,2473.83,2275.0
PR007109,2026-06-29,MANDI-021,Jalandhar,Sugarcane,3287.57,4096.436042440337,3692.0,3500.0
PR011976,2026-04-03,MANDI-009,,Cotton,6712.98,8353.91,0.7533,6620.0
PR011707,2026-09-03,MANDI-037,Amritsar,Maize,0.2115,2493.67,0.2305,2090.0
PR010551,2026-02-14,MANDI-007,Moga,Cotton,5656.48,7028.0,6342.03,6620.0
PR011230,2026-07-24,MANDI-021,Ferozepur,Rice,2178.8,2607.08,0.2393,
PR004316,2026-02-23,MANDI-002,Patiala,Mustard,5188.254068716309,5557.68,0.5373,5650.0
PR006494,2026-07-08,MANDI-006,,Sugarcane,3042.0656372929184,3471.69,0.3257,3500.0
PR009423,2026-02-18,MANDI-007,,Rice,0.194,2403.84,2171.89,2183.0
PR006955,2026-05-19,MANDI-010,Moga,Wheat,2136.45,2598.0,2367.26,2275.0
PR006519,2026-03-08,MANDI-027,Amritsar,Rice,0.206,2481.45,,2183.0
PR009776,2026-07-03,MANDI-017,Patiala,Cotton,6029.46,6959.19,0.6494,
PR009890,2026-07-15,MANDI-033,Fatehabad,Mustard,0.4903,5290.196821061165,5096.827372979755,5650.0
PR000499,2026-01-23,MANDI-048,Bathinda,Wheat,,0.2431,2199.37,
PR000413,2026-05-22,MANDI-049,Kurukshetra,Maize,1857.55,0.2188,2022.55,2090.0
PR002323,2026-08-21,MANDI-025,Ferozepur,Wheat,1999.15,2148.17,2073.66,
PR003207,2026-03-05,,,Sugarcane,3529.0,3786.9735766678136,3658.19,
PR007925,2026-05-21,MANDI-035,Moga,Wheat,2070.41,0.2351,2210.51,
PR006790,2026-04-03,MANDI-021,Kurukshetra,Maize,2096.53,0.2213,2155.0,2090.0
PR007551,2026-03-01,MANDI-052,,Maize,2124.57,2286.47,0.2206,
PR005990,2026-04-22,MANDI-042,Ferozepur,Cotton,0.5663,0.6113,5887.65,0.662
PR008446,2026-03-18,MANDI-029,Ambala,Sugarcane,3644.0,3828.0,,
PR008618,2026-01-13,MANDI-029,Amritsar,Sugarcane,3313.89,3980.68,3647.282533754086,3500.0
PR002901,2026-05-04,MANDI-039,Moga,Wheat,2175.0,2430.8,2303.077169994178,2275.0
PR005784,2026-09-02,MANDI-052,Ferozepur,Mustard,5913.06,7129.0,6520.97,5650.0
PR010636,2026-07-09,MANDI-003,Hisar,Mustard,4992.46,6012.0,5502.03,0.565
PR010003,2026-07-25,MANDI-025,Hisar,Sugarcane,2979.62,3591.36,0.3285,3500.0
PR005381,2026-03-22,MANDI-032,Amritsar,Sugarcane,3222.0,0.3921,0.3572,3500.0
PR005902,2026-01-28,MANDI-001,Jalandhar,Mustard,5216.04,0.5953,5584.47,5650.0
PR005032,2026-04-26,MANDI-012,Jalandhar,Cotton,6568.35,6955.14,6761.75,6620.0
PR002727,2026-06-13,MANDI-011,Hisar,Cotton,6366.0,7814.0,7090.0,0.662
PR007958,2026-08-10,,Ambala,Sugarcane,3134.0,3655.09,3395.0,3500.0
PR003475,2026-05-04,MANDI-051,Jalandhar,Sugarcane,,,3722.18,0.35
PR008404,2026-04-29,MANDI-006,Amritsar,Cotton,0.6875,7840.0,7357.0,6620.0
PR009162,2026-08-06,MANDI-031,Moga,Mustard,5743.0,0.6856,6299.37,
PR010173,2026-07-01,MANDI-002,Moga,Wheat,2166.01,2441.0,,0.2275
PR011296,2026-07-18,MANDI-037,Ambala,Wheat,2148.86,2324.0,2236.47,
PR001018,2026-08-12,MANDI-023,Amritsar,Mustard,0.4864,5535.0,5199.44,
PR006114,2026-07-27,MANDI-039,Moga,Sugarcane,3007.01,3293.23,3150.0,3500.0
PR010773,2026-08-04,MANDI-034,,Rice,2111.0,2554.539814401023,2332.57,2183.0
PR007949,2026-03-29,MANDI-040,Kurukshetra,Rice,2208.97,2513.19,2361.0,2183.0
PR008628,2026-09-03,MANDI-014,Kurukshetra,Sugarcane,0.3265,3885.21492138419,3575.03,
PR009237,2026-02-24,MANDI-047,Bathinda,Maize,2172.942103028668,0.2618,2396.0,0.209
PR006862,2026-02-13,MANDI-029,Sirsa,Wheat,0.2195,0.2549,2372.09,2275.0
PR008458,2026-03-15,MANDI-043,Patiala,Mustard,5766.0,6064.0,5915.35,
PR006969,2026-06-07,MANDI-038,Amritsar,Cotton,0.6845,7563.48,7204.0,
PR007783,2026-08-15,MANDI-017,Patiala,Sugarcane,3097.01,3296.0,0.3196,3500.0
PR002402,2026-07-22,MANDI-018,Ferozepur,Cotton,6915.55,8235.48,7575.51,6620.0
PR009101,2026-05-11,MANDI-056,Sirsa,Wheat,0.2252,2547.31,2399.79,2275.0
PR005265,2026-01-03,MANDI-048,,Sugarcane,3167.0,0.3616,3391.32,3500.0
PR011538,2026-04-18,MANDI-046,Ambala,Mustard,5059.95,5729.85,5394.9,5650.0
PR004252,2026-07-24,MANDI-041,Hisar,Sugarcane,3268.0,3768.19,3518.0,0.35
PR009654,2026-05-29,,Bathinda,Maize,2098.0,2250.19,0.2174,2090.0
PR001554,2026-07-30,MANDI-004,Bathinda,Sugarcane,0.3289,3478.62,3384.0,3500.0
PR001975,2026-03-19,MANDI-022,Moga,Wheat,2095.0,2578.86,2337.08,0.2275
PR003605,2026-07-20,MANDI-052,,Cotton,6640.87,0.7045,,6620.0
PR008413,2026-03-14,MANDI-056,Fatehabad,Rice,0.2092,2482.77,2287.0,2183.0
PR003854,2026-05-31,MANDI-050,Sirsa,Cotton,6614.02,0.7187,6900.647636183542,6620.0
PR009155,2026-12-04,MANDI-029,Jalandhar,Rice,1889.51,2193.0,2041.2247864659728,2183.0
PR005750,2026-08-10,MANDI-007,Moga,Rice,2255.46,2685.0,2470.38,0.2183
PR011632,2026-07-23,MANDI-045,,Sugarcane,3064.9,0.3425,3244.86,3500.0
PR002736,2026-02-12,MANDI-046,Ambala,Cotton,5934.9928422749235,6828.91,6381.950717698559,6620.0
PR006741,2026-04-25,MANDI-024,Bathinda,Sugarcane,3506.85,3988.97,3747.91,3500.0
PR008868,2026-07-08,MANDI-006,Ambala,Maize,0.1813,2134.43,1973.51,
PR006425,2026-12-02,MANDI-043,Bathinda,Mustard,0.5189,6463.0,5825.96950521827,0.565
PR009738,2026-07-11,MANDI-026,,Sugarcane,0.3564,4325.19,3944.56,3500.0
PR003733,2026-02-23,MANDI-054,Hisar,Wheat,0.21,,2259.0,
PR000665,2026-09-02,MANDI-056,Jalandhar,Sugarcane,3460.989540236532,3766.0256734008303,0.3614,3500.0
PR006557,2026-01-13,MANDI-023,Moga,Cotton,6523.42,7486.165722978273,7004.79,6620.0
PR010855,2026-04-25,,Bathinda,Mustard,5211.42,6412.114892075553,5811.77,5650.0
PR002631,2026-06-19,MANDI-020,Ferozepur,Cotton,5998.0,6328.91,6163.48,
PR007846,2026-01-14,MANDI-046,Moga,Cotton,0.6917,,7294.38,6620.0
PR000931,2026-08-03,MANDI-034,Karnal,Wheat,2359.04,2905.31,0.2632,0.2275
PR009457,2026-06-23,MANDI-003,Karnal,Mustard,0.5735,6952.78,6343.68,5650.0
PR009312,2026-05-09,MANDI-006,Patiala,Cotton,6131.94,6709.2,6420.569653995299,6620.0
PR007048,2026-06-12,MANDI-003,,Cotton,6438.41,7655.56,7046.981700881688,
PR009879,2026-03-15,MANDI-008,Ferozepur,Maize,2127.7,,2376.93,2090.0
PR009748,2026-05-18,MANDI-023,Ferozepur,Mustard,,6358.215845695828,5946.24,5650.0
PR001701,2026-08-08,,Karnal,Mustard,0.5342,6250.3,5795.98,5650.0
PR000122,2026-04-15,MANDI-034,Ludhiana,Rice,2252.25,2472.81,,
PR009260,2026-06-08,MANDI-028,,Rice,1865.01,2193.0,2029.0,2183.0
PR009349,2026-05-28,MANDI-015,Bathinda,Rice,2289.0,2482.0,2385.711150352649,2183.0
PR009425,2026-06-27,MANDI-022,Jalandhar,Rice,,1985.24,1933.93,2183.0
PR008080,2026-07-15,MANDI-038,Ludhiana,Cotton,5751.18,0.6512,6131.81,
PR010631,2026-12-01,MANDI-036,,Cotton,6695.22,7601.78,7148.5,
PR005829,2026-08-04,MANDI-035,Patiala,Wheat,1934.0,2093.9350533189654,2014.0,2275.0
PR001712,2026-11-01,MANDI-042,Sirsa,Sugarcane,3134.09,3388.0,0.3261,0.35
PR000921,2026-01-17,,,Sugarcane,,3822.61,,3500.0
PR005134,2026-08-17,MANDI-040,Ambala,Maize,2023.88,2249.0,0.2136,
PR000077,2026-03-24,MANDI-022,Sirsa,Mustard,0.5376,,6037.7,5650.0
PR005960,2026-03-12,MANDI-021,Karnal,Wheat,0.1936,0.2296,2116.0,
PR002033,2026-05-28,MANDI-031,Amritsar,Maize,2004.31,2322.4,2163.35,2090.0
PR010747,2026-01-25,MANDI-055,Fatehabad,Rice,,2311.0,0.2185,
PR004166,2026-02-03,MANDI-012,Ambala,Sugarcane,3280.6,0.3933,3606.92,3500.0
PR001716,2026-03-04,MANDI-035,Karnal,Maize,2012.47,2372.95,0.2193,2090.0
PR010597,2026-01-02,MANDI-046,Jalandhar,Cotton,0.5773,6543.54,6158.47,
PR008353,2026-05-29,MANDI-042,Moga,Maize,1870.42,1969.27,1919.8438590009303,2090.0
PR007135,2026-07-18,MANDI-018,Moga,Wheat,1986.96,2223.62,2105.29,2275.0
PR002933,2026-05-19,MANDI-023,Hisar,Wheat,2206.94,2602.79,2404.865508286929,2275.0
PR003436,2026-06-22,MANDI-004,Hisar,Mustard,5405.439268811315,5689.210643143382,0.5547,5650.0
PR003999,2026-06-09,MANDI-047,Sirsa,Wheat,0.2091,2395.06,2243.06,2275.0
PR006200,2026-08-11,MANDI-049,Moga,Rice,2173.1,2482.13,2327.62,0.2183
PR009599,2026-02-03,MANDI-029,,Maize,1953.25,,2104.68,2090.0
PR005842,2026-04-17,MANDI-031,Bathinda,Rice,2252.85,2491.11,,2183.0
PR006450,2026-01-20,MANDI-023,Moga,Maize,1789.31,2154.675620381318,0.1972,2090.0
PR009561,2026-04-29,MANDI-005,Fatehabad,Mustard,0.5536,6259.91,5898.09,5650.0
PR000366,2026-08-09,MANDI-057,Bathinda,Cotton,6261.72,0.7777,,6620.0
PR000986,2026-07-22,,Ludhiana,Wheat,1973.82,2268.25,2121.03,2275.0
PR010133,2026-02-04,,Moga,Rice,1914.990521767328,2088.87,2001.93,2183.0
PR002488,2026-03-09,MANDI-013,Fatehabad,Maize,2077.6688038132784,0.2493,,2090.0
PR008802,2026-08-26,MANDI-053,Moga,Maize,2102.17,2213.9,2158.03,0.209
PR000692,2026-03-25,MANDI-032,Ferozepur,Wheat,0.231,2628.69,2469.53,2275.0
PR006264,2026-01-21,MANDI-034,Amritsar,Wheat,0.1948,2187.34,2068.0,2275.0
PR007729,2026-04-14,MANDI-017,Jalandhar,Sugarcane,3203.93,3818.61,3511.0,3500.0
PR010238,2026-04-29,MANDI-028,Fatehabad,Sugarcane,,3353.94,3256.589194568678,3500.0
PR008085,2026-04-16,MANDI-017,Moga,Mustard,0.5348,6436.0,5892.0,
PR003928,2026-02-26,MANDI-025,Moga,Wheat,2116.71,2442.45,2280.0,2275.0
PR006030,2026-05-19,MANDI-037,Karnal,Sugarcane,3337.37,3739.0,3538.39,3500.0
PR009829,2026-06-22,MANDI-041,Jalandhar,Mustard,5724.79,6530.99,6127.89,5650.0
PR006345,2026-05-20,MANDI-043,Jalandhar,Sugarcane,3446.89,4023.18,3735.03,3500.0
PR001696,2026-05-17,MANDI-008,Fatehabad,Mustard,5643.35,6319.84,0.5982,
PR009033,2026-04-23,MANDI-015,Ludhiana,Mustard,4927.36,0.5359,5143.0,0.565
PR008384,2026-04-21,MANDI-009,Ferozepur,Cotton,5837.91,6877.03,6357.47,
PR005451,2026-04-02,MANDI-053,,Mustard,4880.0,5565.11,5222.8,5650.0
PR007001,2026-09-07,MANDI-002,Ferozepur,Mustard,0.4946,5822.2,5384.0,5650.0
PR006466,2026-06-02,MANDI-007,Moga,Maize,1988.35,2293.87,2141.0,
PR010981,2026-05-03,MANDI-012,Patiala,Mustard,5517.14,5845.460312081852,0.5681,5650.0
PR003099,2026-02-04,MANDI-017,,Wheat,0.212,2323.2594124182983,0.2222,
PR004097,2026-03-03,MANDI-027,Moga,Maize,,2401.55,2245.31,2090.0
PR010336,2026-03-26,MANDI-036,Jalandhar,Cotton,6512.08,6956.0,6734.06,0.662
PR007210,2026-03-28,MANDI-012,Kurukshetra,Sugarcane,3274.85,4091.607264011808,,3500.0
PR000542,2026-09-03,MANDI-005,Bathinda,Cotton,6713.0,8246.96,7479.92,6620.0
PR008535,2026-08-21,MANDI-013,Ferozepur,Sugarcane,3377.46,3570.0,3473.65,3500.0
PR000178,2026-08-17,MANDI-054,Bathinda,Mustard,,6059.53,5467.873569792293,5650.0
PR004753,2026-12-03,MANDI-010,Amritsar,Rice,1863.95,2226.87,2045.0,2183.0
PR010438,2026-05-27,MANDI-034,Sirsa,Mustard,5605.63,6018.83,5812.0,
PR001761,2026-01-02,,Bathinda,Sugarcane,3016.22,3490.33,3253.27,3500.0
PR002079,2026-01-08,MANDI-036,Fatehabad,Mustard,5185.0,5981.94,5583.56,0.565
PR009762,2026-07-19,MANDI-021,Ferozepur,Cotton,0.6685,7690.0,7187.79,6620.0
PR003715,2026-06-17,MANDI-031,,Maize,2051.0,2233.53,0.2142,2090.0
PR000150,2026-01-25,MANDI-045,Bathinda,Cotton,6637.584503594281,7834.0,7235.86,0.662
PR003790,2026-05-17,MANDI-056,Ambala,Cotton,5948.377817799342,7049.95,6499.0,6620.0
PR004691,2026-04-12,,Bathinda,Wheat,2215.4,2510.28,2362.84,0.2275
PR003952,2026-06-07,MANDI-045,Ferozepur,Rice,2255.0,2534.38,0.2395,2183.0
PR009481,2026-02-16,MANDI-014,Ferozepur,Wheat,2342.79,0.2481,0.2412,2275.0
PR004710,2026-07-27,MANDI-013,Amritsar,Rice,1998.0,2212.0,2104.82,2183.0
PR004175,2026-05-21,MANDI-009,Kurukshetra,Sugarcane,3174.0763125406143,3470.22,3322.15,
PR010245,2026-01-28,MANDI-050,Hisar,Sugarcane,3352.551523696131,4072.0,3712.31,3500.0
PR011795,2026-01-08,MANDI-024,,Cotton,5842.63,6771.17,6306.9,6620.0
PR005975,2026-05-04,MANDI-006,,Rice,2050.06,2553.05,2301.554657486673,2183.0
PR002192,2026-10-04,MANDI-007,Moga,Cotton,6099.19,7585.81,6843.0,6620.0
PR009095,2026-08-28,MANDI-042,,Wheat,2235.62,2651.59,,2275.0
PR011381,2026-06-04,MANDI-041,,Cotton,6781.26,0.7901,7341.2,6620.0
PR001969,2026-01-18,MANDI-025,Amritsar,Cotton,0.6837,7653.86,7245.627812981074,6620.0
PR000293,2026-01-28,MANDI-006,Karnal,Rice,0.2046,0.2533,2289.66,2183.0
PR007427,2026-05-04,MANDI-010,Ambala,Maize,2148.96,2530.42,2339.69,2090.0
PR001352,2026-06-03,MANDI-035,Amritsar,Maize,1915.48,2264.0,2089.75,
PR008692,2026-06-25,MANDI-053,Ludhiana,Rice,2213.27,0.2656,0.2435,2183.0
PR007713,2026-01-29,MANDI-020,Ambala,Mustard,,5695.05,5402.76,5650.0
PR000142,2026-03-29,MANDI-050,,Rice,,2271.8364510556366,2184.48,
PR008712,2026-09-05,MANDI-024,Jalandhar,Wheat,2185.1809148525367,0.2586,2385.0,2275.0
PR007733,2026-08-26,MANDI-006,Ferozepur,Sugarcane,3206.61,3832.86,0.352,3500.0
PR004914,2026-10-02,MANDI-014,Karnal,Rice,2124.16,2604.782866516725,0.2364,2183.0
PR006328,2026-03-17,,Jalandhar,Rice,,0.2169,2061.15,2183.0
PR001255,2026-04-22,MANDI-039,Sirsa,Cotton,6324.54,0.6713,6518.67,0.662
PR000882,2026-08-15,MANDI-045,Ambala,Wheat,2025.69,2462.38,0.2244,2275.0
PR002655,2026-04-16,MANDI-056,Moga,Cotton,6421.07,0.8021,7221.04,0.662
PR002715,2026-05-09,MANDI-010,Amritsar,Mustard,5800.42,6455.351874311044,6127.88,5650.0
PR008081,2026-08-21,MANDI-043,Amritsar,Wheat,0.2364,2890.93,2627.0,
PR008851,2026-12-06,,,Sugarcane,0.366,4118.0,0.3889,
PR002740,2026-07-01,,Karnal,Sugarcane,3075.0,3442.77,3258.75,0.35
PR006789,2026-05-07,,Fatehabad,Wheat,2113.17,2639.3768484792363,0.2376,2275.0
PR009391,2026-01-04,MANDI-020,Ludhiana,Sugarcane,3480.63,4123.0,3802.0,3500.0
PR011100,2026-06-25,MANDI-033,Bathinda,Mustard,4879.27,5275.85,5077.56,5650.0
PR006796,2026-02-09,,Kurukshetra,Maize,2141.280111752047,2472.0,2306.0,2090.0
PR002763,2026-06-30,,Fatehabad,Mustard,5304.78,5652.64,5479.0,5650.0
PR002658,2026-02-28,MANDI-002,Patiala,Mustard,5875.3,0.6984,6429.56,5650.0
PR002614,2026-06-06,MANDI-048,,Mustard,5326.953995400174,5784.47,5555.713239685661,5650.0
PR001268,2026-06-20,MANDI-003,Hisar,Sugarcane,3183.57,3920.0,3551.784684794913,3500.0
PR009339,2026-06-25,MANDI-056,Patiala,Wheat,2308.0,2760.33,,
PR006035,2026-05-08,MANDI-033,Hisar,Maize,2145.0,2400.7960784942816,2273.06,2090.0
PR008380,2026-04-14,MANDI-056,Jalandhar,Maize,2079.93,2491.12,2285.52,2090.0
PR000196,2026-03-10,,,Cotton,6435.77,6820.02,6627.89,
PR009365,2026-04-29,MANDI-028,Jalandhar,Sugarcane,3188.93,0.3887,3538.0,
PR009553,2026-06-05,MANDI-040,Kurukshetra,Rice,1953.51,2086.43,2019.9710035852675,2183.0
PR007326,2026-09-05,MANDI-041,Moga,Wheat,2189.0,2317.89,0.2253,2275.0
PR011342,2026-04-25,MANDI-020,Moga,Cotton,6852.99,7399.81,0.7126,0.662
PR001968,2026-08-03,MANDI-039,Kurukshetra,Wheat,2235.8456936221164,2596.34,0.2416,0.2275
PR006191,2026-03-22,MANDI-008,Ferozepur,Mustard,5540.67,6234.548853452992,5887.61,5650.0
PR011581,2026-02-24,MANDI-056,Karnal,Mustard,,5491.615425250093,0.5224,5650.0
PR002075,2026-04-22,MANDI-052,Sirsa,Wheat,2309.78,0.2809,2559.57,
PR010575,2026-04-29,MANDI-032,Karnal,Cotton,,8255.7,7459.6,
PR008613,2026-11-02,MANDI-048,Sirsa,Mustard,4881.23,5879.76,5380.0,0.565
PR011791,2026-05-02,MANDI-025,Karnal,Mustard,5022.41,6025.35,5523.88,
PR009858,2026-02-20,MANDI-014,Jalandhar,Sugarcane,0.2978,3456.74,0.3218,3500.0
PR002802,2026-01-03,MANDI-042,Karnal,Sugarcane,3341.62,3969.0,3655.22,
PR008910,2026-06-13,MANDI-014,Ferozepur,Mustard,5712.3,0.7051,6381.83,5650.0
PR006312,2026-06-03,MANDI-053,Ambala,Maize,1948.28,2413.0,2180.44,2090.0
PR000134,2026-05-13,MANDI-014,Moga,Maize,1863.81,1981.97,1922.89,0.209
PR010080,2026-04-06,MANDI-020,,Maize,2182.0,2610.491552688196,2396.43,
PR006697,2026-05-10,MANDI-028,Sirsa,Cotton,,7895.74,7248.0,
PR009389,2026-01-22,,Moga,Cotton,6787.8,7344.672209057787,,0.662
PR010723,2026-04-18,MANDI-023,Hisar,Rice,1924.36,2197.0,2061.0,0.2183
PR006679,2026-07-26,,Jalandhar,Sugarcane,3418.04,3620.76,3519.4,3500.0
PR007142,2026-01-04,,Amritsar,Sugarcane,0.3673,3927.12,3799.88,
PR005162,2026-08-25,MANDI-050,,Mustard,0.5273,6243.14,5758.3,0.565
PR010986,2026-08-22,MANDI-027,Hisar,Mustard,,6935.121130010112,0.6312,5650.0
PR010469,2026-01-30,MANDI-041,Ludhiana,Sugarcane,3096.69,3447.0,3272.0,0.35
PR000895,2026-01-16,,Sirsa,Sugarcane,3524.0,3791.81,3657.8,3500.0
PR000699,2026-04-02,MANDI-012,Moga,Cotton,0.6607,8123.36,7365.29,0.662
PR007473,2026-04-05,MANDI-012,,Mustard,5917.06,6618.5324607142975,6267.8,5650.0
PR001746,2026-03-13,MANDI-026,Hisar,Sugarcane,,4247.19,3910.36,
PR002954,2026-08-25,MANDI-033,Hisar,Maize,,2254.77,2171.0,2090.0
PR009013,2026-03-29,,Fatehabad,Mustard,5290.06,5895.0,,5650.0
PR008511,2026-04-02,MANDI-037,Bathinda,Cotton,5999.56,,6608.0,6620.0
PR006883,2026-07-27,MANDI-037,Jalandhar,Maize,1866.0866947642114,0.207,0.1968,0.209
PR001673,2026-07-12,MANDI-036,Moga,Rice,2223.4,2591.0,2407.0,2183.0
PR009810,2026-06-29,MANDI-001,Kurukshetra,Cotton,6319.09,6775.73,6547.41,6620.0
PR004984,2026-05-22,MANDI-055,Ferozepur,Wheat,2037.61,2411.7,0.2225,0.2275
PR011679,2026-07-02,MANDI-041,Fatehabad,Cotton,6195.0,6989.0,6591.9,6620.0
PR009160,2026-02-19,MANDI-033,Karnal,Mustard,5429.17,5979.46,0.5704,5650.0
PR002232,2026-05-21,,Bathinda,Maize,1973.4,2257.31,0.2115,
PR009316,2026-10-07,MANDI-029,Jalandhar,Cotton,5650.84,6623.17,6137.01,
PR010169,2026-01-02,,Fatehabad,Maize,0.2112,2265.19,2188.69,2090.0
PR006550,2026-04-28,MANDI-019,Jalandhar,Rice,2070.92,2352.79,0.2212,2183.0
PR009458,2026-03-25,,Karnal,Mustard,5329.27,0.6089,5709.28,5650.0
PR006279,2026-04-15,MANDI-037,Fatehabad,Rice,1942.04,2299.2,2120.62,2183.0
PR004100,2026-09-06,MANDI-006,Ambala,Rice,2117.92,2286.88,2202.4,2183.0
PR009097,2026-05-09,MANDI-003,,Wheat,2273.47,2598.03,2435.75,2275.0
PR000191,2026-06-16,MANDI-034,,Maize,1933.74,2260.25,2096.99,
PR006913,2026-01-20,MANDI-052,Patiala,Wheat,2345.86,2536.67,2441.0,2275.0
PR003116,2026-07-24,MANDI-052,Bathinda,Maize,1939.19,2384.1212374506113,2162.0,2090.0
PR005420,2026-02-23,MANDI-045,Bathinda,Maize,1937.4066380481624,2383.74,2160.57,
PR011160,2026-04-27,MANDI-048,Hisar,Mustard,5511.95,6699.71,6105.83,5650.0
PR006017,2026-09-07,MANDI-028,Jalandhar,Wheat,1950.57,2168.0,,2275.0
PR002457,2026-07-22,,Hisar,Wheat,2166.0,2352.0,0.2259,
PR005571,2026-06-30,MANDI-001,Fatehabad,Sugarcane,0.3338,0.3843,3590.52,3500.0
PR006276,2026-06-26,MANDI-010,Hisar,Cotton,0.6592,7098.0,0.6845,
PR000331,2026-03-22,MANDI-036,Fatehabad,Wheat,2224.92,0.2497,2361.05,2275.0
PR003072,2026-04-04,,Moga,Sugarcane,3338.42,3557.992773129912,3448.21,3500.0
PR005131,2026-01-16,MANDI-033,Bathinda,Cotton,0.6891,8525.34,7708.345531386338,0.662
PR011558,2026-01-17,MANDI-017,Fatehabad,Cotton,6284.32,0.6916,6600.37,6620.0
PR005336,2026-06-10,MANDI-025,Sirsa,Cotton,6138.07,7667.82,,0.662
PR007285,2026-01-20,MANDI-030,Kurukshetra,Maize,2131.54,2495.77,2313.65,2090.0
PR007118,2026-01-26,MANDI-046,Karnal,Mustard,0.5764,6334.0,6048.77,5650.0
PR008921,2026-04-30,MANDI-010,Karnal,Rice,1921.6512471687308,2204.4088440151554,2063.0300455919432,2183.0
PR010428,2026-05-01,MANDI-039,Amritsar,Sugarcane,3289.5,3620.78,,3500.0
PR006884,2026-08-03,,,Maize,1908.98,2263.11,2086.05,0.209
PR003865,2026-08-04,MANDI-048,Moga,Rice,2007.42,2332.87,2170.1444619957565,
PR005547,2026-05-27,MANDI-011,Karnal,Wheat,2039.52,2489.31,2264.4170624568856,
PR000505,2026-02-02,MANDI-045,Moga,Wheat,2039.0,2501.55,2270.34,
PR007671,2026-01-20,MANDI-041,Sirsa,Maize,2164.51,2449.37,2306.94,
PR001816,2026-03-30,,Ferozepur,Cotton,0.5939,6433.04,6186.25,6620.0
PR007592,2026-05-14,,Ferozepur,Mustard,5513.0,6010.01,5761.51,5650.0
PR006998,2026-07-14,,Bathinda,Rice,0.228,0.2778,2529.24,
PR004260,2026-05-12,,Hisar,Wheat,2158.5110853735537,0.2473,0.2316,2275.0
PR004459,2026-01-08,MANDI-025,Ludhiana,Rice,2127.848680568482,2507.37,0.2318,2183.0
PR006203,2026-01-05,MANDI-002,Moga,Wheat,1960.11,2334.28,2147.19,2275.0
PR009159,2026-07-25,MANDI-025,Ferozepur,Sugarcane,3165.39,3474.33,0.332,3500.0
PR005497,2026-05-10,MANDI-039,Ambala,Sugarcane,0.3151,3881.86852329803,3516.51,3500.0
PR009719,2026-05-21,MANDI-001,Jalandhar,Sugarcane,0.3178,3658.0,3418.0,3500.0
PR006438,2026-06-09,,Sirsa,Sugarcane,3595.43,0.3974,3784.93,
PR003305,2026-03-31,MANDI-055,Amritsar,Cotton,0.5679,,6114.91,6620.0
PR001558,2026-07-30,MANDI-035,Hisar,Maize,1862.54,2239.8,2051.17,2090.0
PR009543,2026-04-27,MANDI-005,Kurukshetra,Sugarcane,3458.42,4188.37,3823.0,0.35
PR004703,2026-07-27,MANDI-027,Fatehabad,Mustard,5355.56,0.5995,5675.22,5650.0
PR007976,2026-06-08,MANDI-051,,Cotton,6022.52,0.7217,6619.73,6620.0
PR010188,2026-08-15,MANDI-036,Karnal,Wheat,2327.0,0.2661,2494.06,2275.0
PR006495,2026-02-18,,Kurukshetra,Cotton,5639.0,6892.86,6266.05,0.662
PR000675,2026-05-03,MANDI-044,,Mustard,5392.75,6119.86,5756.0,
PR005592,2026-01-09,MANDI-052,Karnal,Wheat,1983.0,,0.2053,2275.0
PR000842,2026-02-05,MANDI-020,Jalandhar,Rice,,2168.0,2016.0,
PR005779,2026-03-12,MANDI-044,Karnal,Maize,0.2068,2508.02,2288.0,
PR005581,2026-03-31,MANDI-020,Ferozepur,Maize,2083.85,2331.0,2207.21,
PR002131,2026-06-13,MANDI-034,Hisar,Rice,1969.0,2461.0,2214.76,2183.0
PR007123,2026-01-09,MANDI-051,Ferozepur,Mustard,5718.65,6563.92,6141.28,5650.0
PR010374,2026-02-08,MANDI-025,Fatehabad,Rice,2131.56,,2218.89,2183.0
PR008747,2026-08-05,MANDI-043,Hisar,Cotton,6640.130558802997,7293.01,6966.57,0.662
PR010687,2026-02-06,MANDI-039,Sirsa,Cotton,6252.0,0.7031,0.6642,6620.0
PR008469,2026-04-15,MANDI-022,,Maize,2016.53,2281.0,2148.76,2090.0
PR008882,2026-04-02,MANDI-033,,Rice,,0.2254,2196.11,2183.0
PR007061,2026-05-28,MANDI-016,,Mustard,5772.084908924487,6728.27,6250.18,5650.0
PR001067,2026-04-06,MANDI-056,Ambala,Cotton,5950.0,6842.8,6396.49,
PR003500,2026-04-14,MANDI-016,Ludhiana,Mustard,5880.0,6497.0,6188.4,
PR008075,2026-06-02,,Amritsar,Cotton,6929.0,0.7312,7120.57,6620.0
PR000151,2026-09-07,MANDI-015,Ambala,Cotton,6645.6,8068.58248037692,7357.09,6620.0
PR006780,2026-08-15,MANDI-007,Fatehabad,Cotton,6577.14,0.761,7093.53,0.662
PR002861,2026-05-31,MANDI-037,Ambala,Rice,0.1891,2225.99,2058.7,0.2183
PR002129,2026-06-19,MANDI-013,Hisar,Mustard,5841.44,7078.5,0.646,5650.0
PR009495,2026-04-08,MANDI-009,Patiala,Sugarcane,3235.0,3513.0436310538657,3374.09,3500.0
PR010562,2026-09-03,MANDI-041,Ambala,Wheat,1935.64,,2007.57,2275.0
PR005260,2026-08-06,MANDI-002,Patiala,Sugarcane,3608.08,4355.65,3982.0,3500.0
PR005255,2026-04-20,MANDI-027,Bathinda,Mustard,,7021.52,6423.0,5650.0
PR001236,2026-03-08,MANDI-050,Ludhiana,Maize,1982.0,2296.0,0.2139,2090.0
PR010524,2026-09-02,MANDI-001,Jalandhar,Cotton,6063.79,7177.71,6620.75,6620.0
PR004645,2026-09-03,MANDI-004,Bathinda,Sugarcane,2979.72,3401.0,3190.33,0.35
PR005116,2026-10-08,MANDI-028,Karnal,Mustard,5677.03,6307.85,5992.44,5650.0
PR006109,2026-01-24,,Moga,Mustard,0.5069,0.6243,5656.0,5650.0
PR005403,2026-07-19,MANDI-002,Kurukshetra,Wheat,2190.06,2368.55,2279.3,2275.0
PR006914,2026-06-29,MANDI-039,Bathinda,Sugarcane,3591.0,3912.38,3751.83,
PR004416,2026-06-20,MANDI-032,Karnal,Rice,2217.26,2517.96,0.2368,2183.0
PR002949,2026-01-23,,Fatehabad,Mustard,5001.04,6233.66,5617.35,5650.0
PR001127,2026-09-04,MANDI-034,Moga,Maize,2162.11,2394.17,2278.14,
PR005933,2026-06-25,MANDI-045,Kurukshetra,Cotton,6485.0,8034.38,7259.78,6620.0
PR010197,2026-08-19,,Hisar,Sugarcane,3152.83,3530.0,3341.52,3500.0
PR005282,2026-02-26,MANDI-028,Jalandhar,Rice,2238.62,0.2441,0.234,2183.0
PR004894,2026-01-26,MANDI-054,Patiala,Sugarcane,0.3214,0.3953,3583.432660856703,3500.0
PR005328,2026-04-29,MANDI-013,Hisar,Rice,1997.08,2335.28,0.2166,0.2183
PR003222,2026-02-14,MANDI-054,,Cotton,6798.74,,7303.87,6620.0
PR011243,2026-01-17,MANDI-056,Ferozepur,Wheat,0.233,2802.0,0.2566,2275.0
PR008033,2026-07-29,MANDI-014,Ferozepur,Maize,1783.0,2164.63,,2090.0
PR001794,2026-07-06,MANDI-007,,Cotton,,0.6454,6079.12,
PR002392,2026-03-23,MANDI-036,Patiala,Rice,2169.34,2356.66,2263.0,0.2183
PR005253,2026-09-07,MANDI-012,Ferozepur,Rice,2282.0,2798.68,2540.46,2183.0
PR001524,2026-03-23,MANDI-019,,Sugarcane,3202.87,3733.0,3467.97,3500.0
PR005098,2026-05-15,MANDI-046,,Maize,,2161.7055619636026,1972.3277649779109,2090.0
PR001041,2026-06-03,MANDI-014,Ferozepur,Rice,2123.3,0.2348,0.2236,2183.0
PR011500,2026-01-25,MANDI-007,Hisar,Maize,1879.85,2298.7190871804232,2089.28,2090.0
PR006384,2026-08-23,MANDI-035,Amritsar,Mustard,4881.19,5391.25,5136.22,5650.0
PR006196,2026-01-22,MANDI-018,Ferozepur,Wheat,2263.19,2805.14,2534.0,2275.0
PR002019,2026-01-27,MANDI-003,Patiala,Wheat,2347.0,2660.0,2503.84,2275.0
PR008682,2026-02-06,MANDI-051,,Cotton,6636.0,8038.75,7337.0,6620.0
PR010028,2026-03-30,MANDI-051,Fatehabad,Mustard,5253.0,0.5567,5410.05,
PR006502,2026-04-16,MANDI-054,Patiala,Cotton,5841.0,7098.06,0.647,6620.0
PR009379,2026-05-29,MANDI-047,Moga,Mustard,4865.1,6017.61,5441.0,
PR007967,2026-01-01,MANDI-030,Jalandhar,Maize,0.1896,2313.11,2104.7069006619713,2090.0
PR007643,2026-09-02,MANDI-011,Fatehabad,Sugarcane,3511.4,4140.0,3825.83,3500.0
PR010473,2026-02-05,MANDI-025,Fatehabad,Mustard,5906.045411077698,7198.0,6552.0,0.565
PR005679,2026-03-02,MANDI-020,Ambala,Wheat,0.2023,2465.37,2244.19,2275.0
PR010352,2026-03-14,MANDI-037,Hisar,Sugarcane,3254.0,4038.0,3646.0,
PR005127,2026-03-29,MANDI-007,Karnal,Sugarcane,3621.0,3991.02,0.3806,3500.0
PR011909,2026-05-27,MANDI-048,Ferozepur,Wheat,2031.02,2148.71,2089.87,2275.0
PR010323,2026-03-30,MANDI-014,Kurukshetra,Rice,0.1859,2076.0,1968.0,2183.0
PR007869,2026-03-04,MANDI-009,,Cotton,6497.0,8068.68,7282.659136141401,6620.0
PR001778,2026-07-05,MANDI-033,Ludhiana,Sugarcane,0.3108,3504.35,3306.17,3500.0
PR010984,2026-08-05,,Amritsar,Rice,2235.0,2771.0,0.2503,2183.0
PR000541,2026-04-14,MANDI-004,Patiala,Rice,0.2184,0.2566,2375.0,2183.0
PR004998,2026-09-09,MANDI-038,Ludhiana,Maize,1813.79,2219.8,2017.0,
PR011866,2026-05-01,MANDI-035,Ludhiana,Sugarcane,0.3446,0.3927,3686.11,3500.0
PR001329,2026-07-14,MANDI-016,Ludhiana,Mustard,0.5399,5911.959711828993,5655.61,
PR001586,2026-06-03,MANDI-031,,Sugarcane,3285.76,3927.8810330286733,3606.82,3500.0
PR009241,2026-07-20,MANDI-007,Patiala,Sugarcane,3455.348641393868,4296.0,3875.87,0.35
PR002669,2026-02-28,MANDI-033,Kurukshetra,Cotton,6054.6,6674.385176469426,6364.49,0.662
PR004684,2026-08-06,MANDI-024,Bathinda,Wheat,2218.35,2613.0,2415.87,2275.0
PR000616,2026-02-01,MANDI-043,,Cotton,6145.0,7597.36,6871.0,
PR010322,2026-08-07,MANDI-001,Karnal,Rice,1933.38,2226.02,2079.7,2183.0
PR007148,2026-03-09,MANDI-028,Bathinda,Cotton,6641.14,7496.0,7068.7381603261165,6620.0
PR000095,2026-08-28,MANDI-057,Sirsa,Wheat,,2311.91,2201.0,2275.0
PR000259,2026-01-19,MANDI-046,,Mustard,0.5043,6225.82,5634.48,5650.0
PR004510,2026-02-20,MANDI-010,Amritsar,Mustard,5701.56,0.7065,6383.47,5650.0
PR004392,2026-09-08,MANDI-039,Sirsa,Cotton,0.6277,7116.0,0.6697,6620.0
PR007727,2026-08-19,,Ambala,Wheat,2015.74,2244.49,0.213,2275.0
PR008456,2026-12-05,MANDI-047,Ludhiana,Maize,2100.93,2306.93,2203.93,
PR001220,2026-03-26,MANDI-057,Ambala,Wheat,2186.14,2617.34,2402.0,
PR007088,2026-08-29,MANDI-052,Hisar,Cotton,5657.0,6342.019020378286,6000.0,6620.0
PR002860,2026-05-22,MANDI-026,Fatehabad,Maize,0.213,,2214.0,2090.0
PR000384,2026-07-26,MANDI-023,Bathinda,Wheat,1946.0,2375.67,2160.83,0.2275
PR009636,2026-01-05,MANDI-011,Hisar,Sugarcane,3147.18,3594.0,3371.0,
PR003166,2026-05-03,MANDI-046,Bathinda,Maize,1973.0,2225.72,2099.33,2090.0
PR001361,2026-03-31,MANDI-057,Moga,Rice,1949.0,0.2137,2042.8642004612939,
PR000070,2026-05-11,,Hisar,Maize,1953.3,2176.76,0.2065,0.209
PR005650,2026-02-16,MANDI-008,,Rice,0.2267,2583.51,2425.41,0.2183
PR000779,2026-02-24,,Bathinda,Rice,1955.0,2178.38,0.2067,
PR007260,2026-03-11,MANDI-050,Patiala,Sugarcane,3443.6971895524566,3748.64,3596.17,3500.0
PR009110,2026-07-04,MANDI-010,Karnal,Mustard,5023.66,5294.03,5158.85,5650.0
PR002895,2026-08-30,MANDI-017,Moga,Sugarcane,3064.78,3240.1,3152.44,
PR005090,2026-06-14,,Ferozepur,Rice,2042.95,2226.0,2134.55,2183.0
PR005364,2026-04-09,MANDI-014,Ludhiana,Maize,1780.52,1939.11,0.186,2090.0
PR006108,2026-08-06,MANDI-057,Hisar,Cotton,6931.72,7534.2,7232.96,0.662
PR002728,2026-08-03,MANDI-022,Bathinda,Wheat,2104.28,,2230.58,2275.0
PR001640,2026-06-10,MANDI-039,,Maize,2107.0,2423.59,0.2265,0.209
PR008423,2026-08-08,MANDI-013,Karnal,Sugarcane,3424.94,0.4016,3720.41,3500.0
PR001020,2026-07-29,MANDI-037,Bathinda,Rice,2249.26,2386.49,2317.88,2183.0
PR006756,2026-04-19,MANDI-051,Ludhiana,Cotton,0.6548,8130.31,,6620.0
PR005815,2026-01-21,MANDI-014,Kurukshetra,Cotton,0.5957,,6491.05,6620.0
PR009964,2026-06-18,MANDI-033,Sirsa,Wheat,1975.9111198608864,2203.77,2089.84,2275.0
PR011574,2026-10-01,MANDI-037,Ludhiana,Mustard,5512.0,6033.366439648537,5772.66,5650.0
PR005957,2026-01-31,MANDI-024,Ludhiana,Rice,2085.43,2514.2061303491346,0.23,2183.0
PR004044,2026-08-03,MANDI-015,Ferozepur,Maize,1941.08,2196.95,2069.02,2090.0
PR005435,2026-07-13,,Hisar,Wheat,2217.0,2466.0,2341.52,2275.0
PR007043,2026-09-07,MANDI-017,Jalandhar,Rice,0.1961,2288.0,0.2124,2183.0
PR001373,2026-01-10,,Ludhiana,Wheat,0.2145,2566.18,2356.0,0.2275
PR002456,2026-02-21,MANDI-027,Bathinda,Maize,2089.23,0.2445,2267.25,
PR004987,2026-01-07,MANDI-010,Sirsa,Mustard,5170.79,0.5616,5393.18,5650.0
PR006177,2026-07-16,MANDI-057,,Rice,1863.01,2198.0,2030.473887974008,2183.0
PR001998,2026-03-04,MANDI-005,Karnal,Mustard,5480.516479956276,0.6282,5881.211468764498,0.565
PR001849,2026-08-06,MANDI-015,Hisar,Wheat,0.2382,2690.11,2535.99,0.2275
PR000362,2026-05-08,,Ludhiana,Sugarcane,3217.0,3609.79,3413.0,3500.0
PR002944,2026-08-21,MANDI-023,Patiala,Sugarcane,3567.4,3985.27,0.3776,3500.0
PR006548,2026-03-05,,Patiala,Sugarcane,3402.36,0.382,3611.35,
PR000989,2026-01-14,,Kurukshetra,Mustard,0.5487,6193.17,5840.16,0.565
PR006653,2026-08-24,,Fatehabad,Sugarcane,3656.84,0.4091,,3500.0
PR004237,2026-03-25,MANDI-049,Jalandhar,Sugarcane,3272.57,3438.7199097271005,3355.646762382341,3500.0
PR004793,2026-03-30,MANDI-042,Hisar,Wheat,2135.73,2275.24,2205.48,2275.0
PR001752,2026-06-18,MANDI-002,Karnal,Rice,1913.92,0.2153,2033.63,
PR001668,2026-05-23,MANDI-027,Ludhiana,Wheat,2150.34,2531.907927043497,2341.12,
PR010692,2026-06-01,,Amritsar,Sugarcane,3345.26,3837.1885652849396,,3500.0
PR000503,2026-09-03,MANDI-036,Jalandhar,Mustard,5179.17,0.5633,0.5406,5650.0
PR006827,2026-09-07,,Karnal,Wheat,2144.84,2310.4238794233643,2227.63,2275.0
PR006331,2026-05-18,MANDI-041,Hisar,Sugarcane,0.3154,,3528.66,
PR010581,2026-04-21,MANDI-014,Amritsar,Maize,1929.68,0.2345,2137.11,2090.0
PR001365,2026-06-14,MANDI-046,Ludhiana,Sugarcane,2985.22,0.3566,3275.72,3500.0
PR011292,2026-02-08,MANDI-004,,Rice,2277.820960298265,0.2444,2361.1,2183.0
PR003654,2026-08-07,MANDI-041,Ambala,Sugarcane,3214.61,0.3624,3419.07,3500.0
PR008310,2026-04-25,,Hisar,Rice,2265.73,2531.13,2398.0,2183.0
PR009772,2026-05-20,MANDI-026,Karnal,Cotton,6093.43,6563.0,6328.28,6620.0
PR010694,2026-06-15,MANDI-016,Sirsa,Rice,,,2443.97,
PR009885,2026-07-26,MANDI-011,,Mustard,5249.05,6179.0,5713.79,0.565
PR011345,2026-08-29,MANDI-037,Hisar,Maize,1940.28,2379.06,2159.67,2090.0
PR001785,2026-04-03,,Jalandhar,Rice,,2442.61,2317.85,2183.0
PR001498,2026-03-19,MANDI-054,Bathinda,Rice,1992.28,0.2401,2196.59,2183.0
PR007013,2026-07-16,,Karnal,Maize,2066.73,2409.51,2238.12,2090.0
PR009709,2026-02-03,MANDI-050,Sirsa,Maize,2088.32,2499.88,2294.1,
PR004713,2026-04-01,MANDI-024,Ferozepur,Wheat,2189.0,2381.45,2285.47,2275.0
PR003117,2026-01-22,MANDI-023,Ferozepur,Maize,0.1876,2109.47,1992.79,2090.0
PR003559,2026-02-19,MANDI-025,Kurukshetra,Wheat,2332.36,2654.24,2493.301577089794,2275.0
PR007937,2026-08-06,MANDI-015,Kurukshetra,Wheat,2324.72,2820.4,2572.56,2275.0
PR008872,2026-03-19,MANDI-041,,Maize,1841.43,2119.69,1980.5573234149642,
PR006354,2026-08-02,MANDI-028,Bathinda,Mustard,5735.38,,5954.0,5650.0
PR002139,2026-03-26,MANDI-018,Amritsar,Wheat,0.203,2171.0,0.2101,2275.0
PR009138,2026-05-29,MANDI-038,Moga,Mustard,5341.37,6252.72,5797.04,5650.0
PR006591,2026-07-23,MANDI-040,Ferozepur,Rice,0.2142,2494.96,2318.46,0.2183
PR004144,2026-01-07,MANDI-053,,Sugarcane,0.3367,3658.45,,
PR002855,2026-06-27,MANDI-045,Moga,Cotton,6258.75,7241.63,6750.190944745747,6620.0
PR008293,2026-04-21,,Karnal,Maize,,0.2178,1998.59,2090.0
PR007104,2026-03-17,MANDI-044,Bathinda,Sugarcane,3169.0,3810.81,3490.15,3500.0
PR000624,2026-06-11,MANDI-050,Patiala,Rice,2291.0,2747.53,2519.0,2183.0
PR011004,2026-01-27,MANDI-045,Patiala,Maize,2024.7470209153985,0.2471,,2090.0
PR010037,2026-05-28,MANDI-015,Kurukshetra,Rice,1861.9825158698125,0.2195,0.2029,0.2183
PR006491,2026-05-05,,Jalandhar,Mustard,0.5225,0.6308,0.5766,5650.0
PR002700,2026-08-21,MANDI-016,,Mustard,5888.1882562598985,6289.0,6088.65,0.565
PR008897,2026-01-04,MANDI-029,Patiala,Mustard,5430.88,6618.0,6024.65,
PR011696,2026-05-17,MANDI-036,,Mustard,5083.023637939953,0.6297,5690.03,5650.0
PR010780,2026-02-21,MANDI-012,Ambala,Wheat,1990.46,2090.29,2040.0,0.2275
PR010006,2026-07-14,MANDI-042,Moga,Wheat,2181.31,2691.95,2436.63,2275.0
PR005232,2026-03-23,MANDI-053,Patiala,Mustard,5798.493573316119,7030.5387424475975,6414.52,0.565
PR000983,2026-05-22,MANDI-001,Ludhiana,Rice,2078.39,2448.36,2263.372718165755,2183.0
PR002433,2026-04-04,MANDI-035,Amritsar,Wheat,1987.22,2401.0,2193.91,2275.0
PR007513,2026-03-20,MANDI-040,Patiala,Maize,2044.42,2481.96,0.2263,
PR006911,2026-01-28,MANDI-056,Amritsar,Rice,2068.53,2572.1802174072077,2320.35,
PR005551,2026-04-15,MANDI-041,Hisar,Mustard,,6231.03,0.598,0.565
PR007073,2026-06-27,MANDI-039,Ferozepur,Mustard,5641.0,6715.746603638968,6178.46,5650.0
PR007787,2026-03-28,MANDI-004,Moga,Cotton,6320.35,0.7889,,6620.0
PR008537,2026-03-09,MANDI-044,Karnal,Sugarcane,3609.1860258280685,0.4048,3828.0,3500.0
PR005114,2026-06-01,MANDI-030,Hisar,Sugarcane,3347.0,3535.592190193247,3441.12,3500.0
PR008008,2026-03-04,MANDI-019,Ludhiana,Cotton,6214.61,,0.6498,
PR009917,2026-01-23,MANDI-005,,Wheat,0.2387,2909.8834469546573,2648.29,
PR001528,2026-01-22,MANDI-015,Ludhiana,Rice,2189.56,2735.0,2462.0,2183.0
PR003336,2026-03-29,MANDI-039,Kurukshetra,Rice,1866.0,2038.83,,
PR001448,2026-04-21,MANDI-020,Fatehabad,Sugarcane,3138.91,0.3666,3402.0,
PR008967,2026-03-16,MANDI-028,Moga,Rice,,2093.42,0.1979,2183.0
PR002228,2026-02-25,MANDI-012,Ferozepur,Sugarcane,3082.41,3590.590203422884,3336.0,3500.0
PR005474,2026-08-07,MANDI-038,Kurukshetra,Maize,2048.0,2218.11,2133.0,
PR004521,2026-08-11,,Kurukshetra,Sugarcane,3396.250687337017,0.3977,3686.48,3500.0
PR000218,2026-05-12,MANDI-022,Jalandhar,Maize,1854.0,1960.19,1906.95,
PR009638,2026-08-11,MANDI-045,,Maize,1873.35,2041.23,0.1957,2090.0
PR002889,2026-01-22,MANDI-017,,Maize,1867.0,2246.0,2056.4,
PR010292,2026-02-05,MANDI-030,Jalandhar,Rice,,2321.34,2137.17,2183.0
PR006031,2026-01-27,,Bathinda,Wheat,0.2194,2438.87,2316.0,
PR006650,2026-03-07,MANDI-057,Karnal,Rice,2119.88,2438.65,2279.0,2183.0
PR002108,2026-08-11,MANDI-040,Moga,Mustard,0.5646,5998.87,5822.0,5650.0
PR000261,2026-06-14,MANDI-018,Hisar,Sugarcane,3090.288104139469,3724.5845240709264,3407.44,3500.0
PR008905,2026-01-03,MANDI-039,Ludhiana,Rice,1943.44,2131.35,2037.0,2183.0
PR008908,2026-01-15,MANDI-023,Ferozepur,Mustard,0.5484,6345.044741636517,5914.41,
PR006262,2026-06-02,MANDI-001,Bathinda,Rice,1990.58,2106.74,2048.66,2183.0
PR008680,2026-04-13,MANDI-036,Moga,Sugarcane,3452.55,4167.04,3809.794482115488,0.35
PR008104,2026-01-04,MANDI-035,Moga,Maize,,2580.28,2361.97,2090.0
PR000671,2026-04-23,MANDI-043,Hisar,Maize,2053.18,2331.0,2192.12,2090.0
PR009109,2026-08-10,MANDI-020,Karnal,Mustard,5238.64,,,5650.0
PR008932,2026-05-24,MANDI-030,Jalandhar,Rice,0.192,2026.22,1973.0,2183.0
PR011889,2026-06-15,MANDI-031,Fatehabad,Sugarcane,0.3605,3791.15,3698.29,3500.0
PR010973,2026-04-16,MANDI-015,Ludhiana,Cotton,6461.27,6836.34,6649.0,0.662
PR001358,2026-04-19,MANDI-019,Amritsar,Wheat,2273.3,2714.0,2493.4909937432076,
PR002615,2026-07-25,MANDI-002,Jalandhar,Maize,,2569.0,2362.138077628021,2090.0
PR008767,2026-07-01,MANDI-004,Sirsa,Mustard,0.5499,6419.1,5959.21,5650.0
PR002684,2026-01-05,MANDI-045,Fatehabad,Rice,1969.57,2412.08,2190.82,
PR002317,2026-06-15,MANDI-048,Ferozepur,Maize,1955.62,2178.21,2066.92,0.209
PR011557,2026-07-14,MANDI-034,Amritsar,Sugarcane,3276.51,3563.0,3419.563904768548,3500.0
PR006927,2026-05-14,MANDI-052,Ferozepur,Cotton,5908.0,6573.652393914007,0.6241,6620.0
PR003759,2026-03-10,MANDI-041,Jalandhar,Maize,1895.0,2321.0,2108.27,2090.0
PR000470,2026-09-07,MANDI-048,Sirsa,Maize,1889.0,2307.47,2098.05,2090.0
PR011658,2026-02-10,MANDI-013,Ludhiana,Maize,2088.66,2299.3522405899885,2194.01,
PR010529,2026-03-27,MANDI-040,Ferozepur,Maize,1793.91,1971.18,1882.5439351740843,2090.0
PR010784,2026-01-22,MANDI-042,,Mustard,5751.02,7032.54,6391.78,5650.0
PR008259,2026-04-22,MANDI-009,Jalandhar,Rice,2163.0,2480.55,0.2322,2183.0
PR004171,2026-01-18,MANDI-045,Fatehabad,Sugarcane,3372.06,4089.827107021061,3730.94,
PR011375,2026-09-06,MANDI-021,Jalandhar,Wheat,1959.71,2307.2,2133.0,2275.0
PR010099,2026-04-23,MANDI-033,,Maize,0.1947,2266.16,2106.57,2090.0
PR008219,2026-07-16,MANDI-041,Moga,Cotton,0.6069,0.6617,6342.71,6620.0
PR010558,2026-09-01,MANDI-006,Patiala,Maize,1965.44,2127.0,2046.0,2090.0
PR011680,2026-06-02,MANDI-013,Fatehabad,Sugarcane,3673.5,3962.09,3817.79,
PR007025,2026-08-07,MANDI-045,Moga,Mustard,5928.25,6458.5,6193.37,5650.0
PR006443,2026-04-09,MANDI-054,Karnal,Maize,1837.35,2012.71,1925.03,0.209
PR008588,2026-09-07,MANDI-022,Amritsar,Cotton,6439.28,7963.17,7201.23,6620.0
PR011546,2026-03-04,MANDI-016,Patiala,Wheat,2127.3,2485.46,0.2306,
PR010805,2026-05-28,MANDI-045,Bathinda,Sugarcane,3304.13,,3610.68,3500.0
PR000698,2026-03-26,MANDI-002,Bathinda,Mustard,5575.94,6673.0,6124.71,5650.0
PR005146,2026-11-08,MANDI-028,Amritsar,Sugarcane,0.3347,3813.24,3580.17,0.35
PR003471,2026-04-08,MANDI-028,Fatehabad,Sugarcane,3632.35,4355.35,3993.85,3500.0
PR002082,2026-01-13,MANDI-035,Ambala,Wheat,2028.35,2143.21,2085.7771355989203,0.2275
PR008847,2026-07-19,MANDI-020,Ferozepur,Sugarcane,3636.51,0.4497,4066.92,3500.0
PR010418,2026-10-05,MANDI-008,Ambala,Maize,2122.93,2367.44,2245.19,2090.0
PR006002,2026-02-06,MANDI-003,Karnal,Maize,1990.85,2424.8970249536314,2207.87,0.209
PR011103,2026-04-15,MANDI-017,Ambala,Cotton,0.6929,7337.16,0.7133,0.662
PR003277,2026-10-01,MANDI-053,Bathinda,Cotton,6147.0,6739.42,6443.01,6620.0
PR001947,2026-12-08,MANDI-019,Sirsa,Cotton,6323.0,7477.03,6900.13,6620.0
PR009122,2026-03-14,MANDI-008,Kurukshetra,Sugarcane,3337.46,,3605.44,3500.0
PR004478,2026-02-26,MANDI-051,Fatehabad,Cotton,6857.73,0.7912,7384.92,6620.0
PR004908,2026-04-30,MANDI-027,Sirsa,Sugarcane,3193.22,3735.928634775475,3464.57,0.35
PR003977,2026-01-24,MANDI-025,Moga,Maize,1881.8849899806848,1988.0,1934.83,2090.0
PR011810,2026-06-02,MANDI-020,Jalandhar,Wheat,0.2163,2606.69,2384.9320895772785,2275.0
PR000859,2026-12-05,MANDI-040,Sirsa,Cotton,6327.582796150536,7320.58,6824.0,0.662
PR007086,2026-02-23,MANDI-019,Fatehabad,Wheat,2014.42,2499.86,0.2257,0.2275
PR003330,2026-04-23,MANDI-041,Fatehabad,Rice,2161.33,2597.8093057729743,2379.5719710772973,2183.0
PR001629,2026-04-08,MANDI-028,Ludhiana,Rice,2011.31,2280.17,2145.74,0.2183
PR001788,2026-05-14,MANDI-003,Jalandhar,Rice,0.2199,2645.65,2422.26,2183.0
PR010358,2026-07-03,MANDI-050,Hisar,Maize,1962.0,2237.3,2099.47,2090.0
PR004737,2026-05-04,MANDI-055,Karnal,Maize,2069.0,2494.89,2281.94,2090.0
PR007384,2026-01-16,MANDI-015,Hisar,Maize,2117.57,2519.666533192037,0.2319,2090.0
PR009054,2026-07-25,MANDI-034,Kurukshetra,Wheat,2154.4,2293.4,2223.9,2275.0
PR001520,2026-07-17,MANDI-031,Ludhiana,Rice,1927.0,2319.0,2123.0,2183.0
PR008904,2026-05-21,MANDI-043,,Mustard,0.5805,7223.21,6514.0,5650.0
PR009388,2026-04-02,MANDI-016,Ambala,Maize,0.1784,2100.98,1942.51,2090.0
PR004617,2026-03-24,MANDI-012,Ambala,Maize,1785.93,2090.79,1938.3575059636287,2090.0
PR009021,2026-05-29,MANDI-004,Patiala,Maize,2177.28,2424.21,2301.0,0.209
PR003148,2026-05-01,,Patiala,Maize,2163.46,2283.02,0.2223,2090.0
PR011092,2026-09-09,MANDI-028,Hisar,Maize,1779.7,1897.71,1839.0,
PR007907,2026-10-08,MANDI-019,Kurukshetra,Cotton,0.6144,6768.45,6456.0,6620.0
PR011246,2026-01-25,MANDI-020,Fatehabad,Sugarcane,0.3657,4239.47,3948.02,3500.0
PR011374,2026-05-21,MANDI-037,Sirsa,Maize,1945.14,2425.52,2185.33,
PR010060,2026-03-23,MANDI-051,Kurukshetra,Cotton,5762.08,6968.87,0.6365,6620.0
PR005352,2026-08-04,MANDI-002,Amritsar,Rice,1883.29,1990.43,1936.86,2183.0
PR006989,2026-07-01,,Ludhiana,Rice,2254.3,2754.92,2505.0,2183.0
PR010637,2026-07-31,MANDI-043,Ambala,Rice,2124.66,2475.34,0.23,2183.0
PR004479,2026-03-14,MANDI-044,,Wheat,2198.41,2355.55,2276.98,0.2275
PR004801,2026-01-29,MANDI-056,Patiala,Sugarcane,3011.5779834699238,3759.4603034025936,3385.52,
PR003535,2026-05-07,MANDI-013,Bathinda,Sugarcane,3101.32,3757.87,0.343,3500.0
PR006257,2026-10-05,MANDI-039,Ambala,Maize,1910.13,,2081.67,2090.0
PR006435,2026-05-01,MANDI-003,Moga,Cotton,6113.59,0.6913,6513.0,
PR008529,2026-02-13,MANDI-037,Jalandhar,Sugarcane,3383.78,,3619.27,0.35
PR011845,2026-05-03,MANDI-041,Hisar,Wheat,,2568.84,2462.35,2275.0
PR009171,2026-11-08,,Karnal,Wheat,2095.0,2213.79,2154.25,2275.0
PR008877,2026-05-17,MANDI-037,Ferozepur,Maize,2070.85,2354.01,2212.43,2090.0
PR004735,2026-06-29,MANDI-005,Patiala,Cotton,5945.0,6862.0,6403.51,6620.0
PR008023,2026-09-06,MANDI-006,Fatehabad,Cotton,5687.73,6813.35,6251.0,
PR001698,2026-08-23,,Hisar,Mustard,5923.73,0.6587,0.6255,5650.0
PR010285,2026-05-20,MANDI-026,Ludhiana,Mustard,,5552.0,5285.68,5650.0
PR010744,2026-03-28,MANDI-023,Karnal,Cotton,6601.42,7248.67,6925.05,6620.0
PR007655,2026-04-04,,Ambala,Wheat,2266.0,0.2383,2324.36,2275.0
PR011766,2026-05-16,MANDI-048,Ferozepur,Wheat,1999.0,2493.77,2246.54,
PR004945,2026-05-18,,Sirsa,Sugarcane,,3470.48,0.3344,0.35
PR002017,2026-06-18,MANDI-007,Amritsar,Rice,1885.21,2213.37,0.2049,
PR011233,2026-03-30,MANDI-056,Moga,Sugarcane,3626.0,3922.0,3773.93,3500.0
PR004466,2026-03-04,,Amritsar,Mustard,5037.87,6014.72,5526.3,5650.0
PR008913,2026-05-03,,Ambala,Rice,2285.59,2759.3700706498107,0.2522,2183.0
PR001297,2026-02-02,MANDI-025,Patiala,Wheat,1956.67,2411.5197975417573,2184.0,2275.0
PR011453,2026-04-28,MANDI-016,Hisar,Cotton,6569.07,0.7026,6797.63,6620.0
PR011991,2026-05-03,MANDI-044,Karnal,Rice,2205.0,2659.946522976556,2432.45,2183.0
PR002827,2026-04-22,MANDI-030,Ambala,Rice,2226.92,2542.0,2384.55,0.2183
PR001360,2026-03-22,MANDI-042,Patiala,Maize,1828.37,2077.590710497598,1952.98,2090.0
PR004188,2026-06-12,MANDI-012,Kurukshetra,Cotton,,6640.0,,6620.0
PR008193,2026-08-17,MANDI-014,Ambala,Maize,1927.87,2088.7462569426198,2008.31,2090.0
PR009961,2026-02-23,MANDI-022,Sirsa,Cotton,6563.046289438372,7042.55,6802.8,
PR007508,2026-08-27,MANDI-025,Hisar,Mustard,5880.4,0.7313,6596.92,5650.0
PR010008,2026-08-20,,Kurukshetra,Sugarcane,3324.75,3625.2834963837977,3475.0,3500.0
PR009786,2026-04-18,,Sirsa,Mustard,5381.0,6434.21,,5650.0
PR002133,2026-03-03,MANDI-011,Fatehabad,Wheat,2155.55,2571.26,2363.41,2275.0
PR003744,2026-07-11,MANDI-031,Ludhiana,Cotton,5933.0,6663.1,6298.06,0.662
PR001442,2026-04-16,MANDI-042,Hisar,Rice,2271.21,0.2602,2436.0,2183.0
PR001311,2026-08-19,MANDI-055,Sirsa,Rice,1926.0,2084.01,2005.0070710352297,2183.0
PR000656,2026-02-05,MANDI-022,Sirsa,Maize,1848.0,2047.79,1947.69,2090.0
PR011674,2026-07-06,MANDI-027,Karnal,Maize,0.1856,1995.02,1925.38,2090.0
PR009246,2026-03-08,MANDI-042,,Sugarcane,3641.02,4266.736315752839,3953.8786822111456,0.35
PR011904,2026-07-07,MANDI-042,Amritsar,Cotton,5630.0,,6022.21,
PR009099,2026-02-24,MANDI-034,Sirsa,Cotton,6821.0,,7285.71,6620.0
PR000526,2026-03-05,,Jalandhar,Rice,,2310.73,2254.49,
PR003661,2026-02-25,MANDI-007,Amritsar,Mustard,5860.98,,0.6023,5650.0
PR010310,2026-06-13,MANDI-047,Hisar,Wheat,2310.91,2690.57,2500.74,2275.0
PR008011,2026-08-14,MANDI-005,Ludhiana,Maize,1878.19,1988.0,1933.08,2090.0
PR005284,2026-01-10,MANDI-009,Bathinda,Cotton,6686.44,7806.0,,6620.0
PR011122,2026-04-19,MANDI-007,Jalandhar,Mustard,5313.0,5678.9,5496.15,
PR010977,2026-04-23,MANDI-056,Ludhiana,Maize,2009.16,2245.21,2127.18,2090.0
PR004612,2026-06-27,MANDI-039,Karnal,Maize,2015.74,0.2302,2159.0,2090.0
PR011578,2026-01-30,MANDI-052,Kurukshetra,Rice,2271.86,2500.0,0.2386,
PR007137,2026-07-29,MANDI-041,Ferozepur,Rice,0.2118,2382.0,,2183.0
PR011789,2026-08-30,MANDI-019,Moga,Maize,1834.65,2129.92,1982.29,2090.0
PR008150,2026-08-20,MANDI-036,Jalandhar,Maize,2165.8,2661.15,0.2413,2090.0
PR003078,2026-08-31,MANDI-032,Kurukshetra,Wheat,2229.0,2426.32,0.2328,0.2275
PR011745,2026-10-04,,Sirsa,Maize,2006.24,2195.0,2100.0,0.209
PR001058,2026-03-29,MANDI-006,Ludhiana,Mustard,5594.213831961907,,5957.95,
PR001047,2026-02-04,MANDI-017,Fatehabad,Mustard,5381.39,5911.45,5646.419649967847,5650.0
PR002620,2026-01-21,MANDI-026,Amritsar,Cotton,5805.77,6326.74,6066.0,6620.0
PR008477,2026-03-27,MANDI-034,Kurukshetra,Sugarcane,0.3631,4462.57,4046.73,3500.0
PR008364,2026-01-01,MANDI-015,Sirsa,Wheat,2295.1400732411794,2821.13,2558.0,2275.0
PR001581,2026-09-01,MANDI-025,Fatehabad,Maize,0.1924,0.2081,2002.65,2090.0
PR000732,2026-06-24,MANDI-016,Fatehabad,Wheat,2192.3139034041087,2383.4789343709444,0.2288,
PR004807,2026-07-11,MANDI-039,Jalandhar,Mustard,5098.0,5577.0,5337.409849928096,
PR001474,2026-02-27,MANDI-057,,Mustard,4805.360479934534,5362.5,5083.930669728417,0.565
PR001601,2026-06-07,MANDI-040,,Rice,2169.0,2388.6390700672337,0.2279,2183.0
PR000169,2026-02-28,MANDI-015,Amritsar,Sugarcane,3330.01,3729.04,3529.53,3500.0
PR006362,2026-03-23,MANDI-056,Karnal,Mustard,5436.75,6707.61,6072.0,5650.0
PR004903,2026-07-06,MANDI-012,Sirsa,Rice,0.2124,2325.5277349957764,2225.01,0.2183
PR002380,2026-04-27,MANDI-006,,Mustard,0.5786,6450.12,6118.01,5650.0
PR011917,2026-07-06,MANDI-029,Kurukshetra,Rice,1995.0,2279.36,,
PR000412,2026-01-17,MANDI-017,Fatehabad,Cotton,5787.431844139467,6404.475237889326,6095.953541014396,
PR001488,2026-01-02,MANDI-007,Amritsar,Sugarcane,3108.8,3709.0,3408.92,3500.0
PR005250,2026-03-08,MANDI-020,Sirsa,Maize,2179.71,2542.96,0.2361,
PR006759,2026-06-09,MANDI-052,Sirsa,Rice,2230.16,2761.52,2495.84,
PR004634,2026-10-01,,Jalandhar,Mustard,5161.76,5499.52,5330.64,5650.0
PR005219,2026-01-02,MANDI-002,Hisar,Sugarcane,3045.86,3621.19,3333.5250622739986,3500.0
PR010728,2026-07-21,MANDI-018,Kurukshetra,Wheat,2309.52,0.2828,2568.59,2275.0
PR002519,2026-07-21,MANDI-043,Kurukshetra,Cotton,0.6095,7399.0,6746.83,6620.0
PR004556,2026-07-13,MANDI-027,,Rice,2031.6,2310.59,2171.0,
PR006166,2026-09-09,MANDI-014,Fatehabad,Mustard,4947.59,5770.0,5358.87,5650.0
PR009086,2026-02-24,MANDI-032,Karnal,Rice,0.2155,0.2535,2344.59,
PR005297,2026-06-20,MANDI-021,Bathinda,Rice,1967.99,2094.91,2031.45,0.2183
PR011196,2026-11-05,MANDI-017,Ambala,Maize,1912.62,2209.64,2061.0,2090.0
PR008268,2026-08-22,MANDI-024,Moga,Maize,1839.0,2066.81,1952.8928506308382,
PR003100,2026-09-06,MANDI-011,,Maize,1998.08,0.2224,,2090.0
PR009192,2026-05-09,MANDI-034,Bathinda,Rice,2290.79,2494.04,2392.0,2183.0
PR000076,2026-03-12,MANDI-035,Jalandhar,Mustard,5185.14,6350.27,5767.7038100475165,5650.0
PR010124,2026-03-07,MANDI-036,Ambala,Maize,2109.8444316226987,2302.98,2206.0,2090.0
PR011288,2026-03-04,MANDI-017,Amritsar,Maize,0.1819,0.2067,,2090.0
PR006119,2026-07-15,MANDI-015,Jalandhar,Wheat,2058.38,2537.76,,2275.0
PR010875,2026-07-09,MANDI-053,Moga,Wheat,2249.907479072419,2544.35222883443,2397.13,2275.0
PR011505,2026-07-30,MANDI-046,Moga,Rice,1906.0,2082.0,1993.8678056837498,0.2183
PR002416,2026-08-15,MANDI-002,Sirsa,Wheat,2199.85,2445.764653610844,2322.81,2275.0
PR011979,2026-07-22,MANDI-014,Amritsar,Mustard,0.5291,6134.43,5712.81,
PR006442,2026-03-03,MANDI-027,Jalandhar,Maize,1873.0,2151.9,,2090.0
PR002491,2026-06-15,MANDI-021,Bathinda,Maize,1857.47,2092.94,1975.0,2090.0
PR011497,2026-01-15,MANDI-030,,Mustard,4891.0,0.5367,5129.208231076435,5650.0
PR001389,2026-01-15,MANDI-043,Sirsa,Rice,,2350.59,0.2203,
PR002121,2026-07-08,MANDI-029,Hisar,Sugarcane,3447.0,3863.0,3655.19,
PR009714,2026-03-25,MANDI-001,Ambala,Sugarcane,3236.0,3735.0,3485.49,3500.0
PR004187,2026-01-15,MANDI-018,Patiala,Wheat,2208.0,2628.6871512360444,0.2418,2275.0
PR001382,2026-03-19,MANDI-055,Fatehabad,Mustard,5748.0,7087.26,6417.631030897395,0.565
PR000824,2026-08-29,MANDI-025,Ludhiana,Rice,,0.2283,2188.995525674727,2183.0
PR009154,2026-02-21,MANDI-038,Amritsar,Mustard,4841.54,5113.35,0.4977,5650.0
PR003896,2026-01-05,MANDI-003,Ambala,Maize,1992.16,,2230.27,2090.0
PR001621,2026-06-02,MANDI-038,Hisar,Sugarcane,0.3598,4069.49,3833.54,
PR009463,2026-02-07,MANDI-045,Patiala,Maize,0.1894,2230.6579046551783,2062.36,2090.0
PR010396,2026-01-08,MANDI-012,Hisar,Mustard,0.5684,6741.84,0.6213,5650.0
PR002678,2026-01-13,MANDI-030,Amritsar,Wheat,2176.47,2347.02,2261.75,0.2275
PR007289,2026-08-21,MANDI-033,Moga,Sugarcane,0.3675,0.4341,4007.82,3500.0
PR000250,2026-05-17,MANDI-036,,Cotton,6876.71,0.7243,7060.088880584394,6620.0
PR010868,2026-06-10,MANDI-023,Ludhiana,Mustard,5037.0,,5397.12,5650.0
PR011636,2026-03-30,MANDI-019,,Maize,1875.2,2157.7,0.2016,2090.0
PR008330,2026-09-03,,Moga,Maize,2159.79,2676.64,2418.2164987372216,0.209
PR008356,2026-01-17,MANDI-014,Karnal,Mustard,5685.51,6719.101201418305,6202.31,5650.0
PR004685,2026-06-01,MANDI-004,Moga,Sugarcane,3396.99,0.3798,3597.5886730294324,3500.0
PR011819,2026-04-23,MANDI-045,Ludhiana,Wheat,2013.34,2453.0,2233.28,2275.0
PR000152,2026-01-18,MANDI-044,Hisar,Cotton,5885.22,7280.63,6583.0,0.662
PR010618,2026-08-19,MANDI-022,Moga,Mustard,4992.0,5853.75,,5650.0
PR004541,2026-02-21,MANDI-021,Hisar,Rice,2182.3,2323.81,2253.054325318163,2183.0
PR000664,2026-10-06,MANDI-006,Karnal,Sugarcane,3088.63,3770.33,3429.0,3500.0
PR003741,2026-03-24,MANDI-031,Moga,Maize,2166.89,2507.68,2337.0,0.209
PR002501,2026-05-11,MANDI-032,Sirsa,Maize,2086.65,0.2608,2347.46,
PR001981,2026-01-23,MANDI-019,,Maize,2137.29,2315.15,2226.22,2090.0
PR002821,2026-06-09,MANDI-057,Kurukshetra,Mustard,,5771.0,5293.0,5650.0
PR003312,2026-02-25,MANDI-030,Patiala,Sugarcane,3494.84,4218.5,3856.67,
PR010423,2026-07-21,MANDI-046,Moga,Sugarcane,3297.0,0.3956,3626.31,0.35
PR006848,2026-01-18,MANDI-009,Sirsa,Sugarcane,3230.97,3698.0,3464.31,3500.0
PR007190,2026-03-19,,Bathinda,Wheat,,2216.1,2106.57,2275.0
PR006777,2026-08-10,MANDI-056,Hisar,Cotton,6026.45,7141.34,6583.9,6620.0
PR003023,2026-04-09,MANDI-033,Kurukshetra,Sugarcane,3124.78,3391.19,3257.98,3500.0
PR006874,2026-03-23,MANDI-032,Ludhiana,Mustard,5120.43,5694.85,5407.64,5650.0
PR001292,2026-01-03,,Patiala,Maize,1855.57,2261.14,0.2058,2090.0
PR004817,2026-02-07,MANDI-012,Patiala,Sugarcane,3040.79,3341.6501251545674,3191.22,3500.0
PR004833,2026-07-21,MANDI-034,,Wheat,1980.33,2380.0,2180.12,2275.0
PR005939,2026-01-19,MANDI-004,Karnal,Sugarcane,3499.47,3756.93,3628.2,
PR006064,2026-04-09,MANDI-052,Hisar,Cotton,5657.0,5945.0,5801.29,0.662
PR001404,2026-03-21,MANDI-030,Hisar,Maize,2034.22,2511.0,2272.44,2090.0
PR007082,2026-11-06,MANDI-010,Karnal,Sugarcane,3672.7,4432.0,0.4052,0.35
PR009056,2026-07-09,MANDI-036,Kurukshetra,Cotton,6574.031087982786,8076.46,7325.24,6620.0
PR002639,2026-08-21,,Ludhiana,Sugarcane,0.3079,3624.43,3351.4722426099065,3500.0
PR004313,2026-03-19,MANDI-033,Bathinda,Maize,1806.85,2034.45,1921.0,2090.0
PR009319,2026-05-14,MANDI-052,Amritsar,Maize,,2210.0,2068.39,2090.0
PR005716,2026-03-30,MANDI-028,,Cotton,5967.36,6761.0,6364.08,6620.0
PR004229,2026-02-17,MANDI-031,Moga,Sugarcane,3172.37,3628.45,0.34,
PR007311,2026-05-15,MANDI-013,Hisar,Maize,0.2015,2129.57,2072.33,2090.0
PR010866,2026-05-23,,Moga,Maize,2172.01,2510.7,2341.3530550805945,2090.0
PR008581,2026-02-04,,Jalandhar,Rice,2286.12,2502.69,2394.404811079956,2183.0
PR010657,2026-09-04,MANDI-051,Fatehabad,Wheat,2188.53,2451.53,2320.03,2275.0
PR003095,2026-06-09,MANDI-002,,Wheat,0.238,2532.3,2456.25,2275.0
PR000772,2026-01-14,MANDI-037,Bathinda,Wheat,0.2224,2777.8,2500.7081730012005,2275.0
PR011239,2026-05-20,,Fatehabad,Wheat,2387.08,2825.09,2606.09,
PR011994,2026-10-07,MANDI-033,Ambala,Rice,2128.98,,2221.74,2183.0
PR000508,2026-06-07,MANDI-051,Sirsa,Mustard,5203.89,6243.25,0.5724,5650.0
PR002771,2026-04-12,MANDI-038,Jalandhar,Cotton,6441.0,7657.92,7049.0,6620.0
PR006628,2026-08-06,MANDI-049,Kurukshetra,Sugarcane,3372.327948062676,3762.56,3567.44,3500.0
PR002544,2026-05-17,MANDI-042,Amritsar,Cotton,6234.0,7158.0,0.6696,
PR002002,2026-01-11,MANDI-042,Hisar,Maize,0.1881,2051.9,1967.0,2090.0
PR009272,2026-02-03,MANDI-017,Hisar,Mustard,4977.2,5400.0,5188.68,5650.0
PR002393,2026-05-17,MANDI-036,Patiala,Wheat,2026.0,2237.74,2132.11,2275.0
PR010550,2026-03-26,MANDI-006,Patiala,Cotton,6621.79,7601.0,7111.64235879425,6620.0
PR000486,2026-11-01,MANDI-039,Moga,Sugarcane,3047.451790040224,0.3318,3182.5057141706375,3500.0
PR003979,2026-06-04,MANDI-043,Bathinda,Wheat,2313.0,2446.0,2379.0,
PR007916,2026-06-09,MANDI-056,Kurukshetra,Sugarcane,3109.0,3584.12,0.3346,0.35
PR009187,2026-02-08,MANDI-056,Ludhiana,Mustard,4867.13,5237.45,5052.29,5650.0
PR005833,2026-01-01,MANDI-023,Bathinda,Mustard,4807.96,5908.4,5358.18,5650.0
PR005180,2026-06-18,,Amritsar,Maize,2106.0,0.2299,2203.0,0.209
PR010539,2026-06-07,MANDI-053,Ambala,Wheat,2243.75,0.2378,2310.94,2275.0
PR005654,2026-02-16,MANDI-011,Ferozepur,Wheat,2051.1,2258.25,0.2155,2275.0
PR008633,2026-07-06,MANDI-010,Bathinda,Cotton,6616.83,7040.0,6828.520625512403,0.662
PR002612,2026-08-05,MANDI-006,Ferozepur,Maize,2038.99,0.2535,2287.04,
PR000031,2026-08-15,MANDI-057,Hisar,Mustard,5792.76,,6451.75,5650.0
PR009945,2026-07-12,MANDI-005,,Cotton,6066.0,7419.84,6742.72,0.662
PR008523,2026-06-21,MANDI-034,Ambala,Maize,1883.37,2059.03,,
PR007083,2026-07-26,MANDI-021,Fatehabad,Mustard,5522.92,6721.24,6122.08,5650.0
PR000625,2026-01-21,MANDI-042,Kurukshetra,Sugarcane,3621.43,3950.69,3786.06,3500.0
PR011932,2026-02-18,MANDI-022,Jalandhar,Rice,0.1973,0.2187,2079.85,
PR009163,2026-12-04,,Jalandhar,Sugarcane,0.3562,0.4341,0.3952,3500.0
PR004639,2026-08-23,MANDI-001,Patiala,Wheat,2183.85,2510.0,2347.05,
PR001283,2026-10-06,MANDI-033,Fatehabad,Rice,1993.0,2153.57,2073.4,2183.0
PR001805,2026-05-10,MANDI-040,Hisar,Mustard,5591.78,6968.2,,
PR010790,2026-03-06,MANDI-053,Jalandhar,Rice,2137.0,2376.69,2257.0,
PR006302,2026-05-10,MANDI-006,Hisar,Maize,1863.67,2077.92,1970.7930670105775,0.209
PR001121,2026-01-29,MANDI-053,Amritsar,Maize,1853.0,2013.0,0.1933,2090.0
PR004630,2026-02-17,MANDI-032,,Rice,2160.63,2513.16,2337.0,
PR008700,2026-07-07,MANDI-047,Kurukshetra,Mustard,4968.76,6101.78,5535.27,5650.0
PR007992,2026-05-19,MANDI-034,Fatehabad,Sugarcane,3289.6651546596563,3651.17,3470.42,
PR007449,2026-02-04,MANDI-009,Ambala,Cotton,6430.22,6802.96,6616.59,
PR000797,2026-05-28,MANDI-019,Jalandhar,Maize,1990.6,2226.31,2108.453697948952,0.209
PR002551,2026-08-13,,Jalandhar,Mustard,5123.87162837018,5820.0,5471.83,5650.0
PR004405,2026-07-23,MANDI-024,Amritsar,Mustard,5919.06,,6619.0,5650.0
PR008748,2026-04-19,MANDI-022,Ludhiana,Wheat,2193.1,2479.19,2336.0,
PR002619,2026-04-27,MANDI-032,Moga,Wheat,2212.71,,0.2407,2275.0
PR008945,2026-09-03,MANDI-013,Moga,Maize,1878.71,2136.2,2007.45,
PR000589,2026-03-30,MANDI-015,Moga,Cotton,5627.0,,6109.02,6620.0
PR009806,2026-05-19,MANDI-019,Amritsar,Rice,2090.68,2540.15,2315.41,2183.0
PR011931,2026-02-02,MANDI-009,Patiala,Sugarcane,,0.3954,3688.06,
PR008439,2026-04-28,MANDI-008,,Cotton,5824.14,6518.95,6172.0,0.662
PR002188,2026-09-04,MANDI-054,,Mustard,5634.09,6527.24,6081.0,
PR004997,2026-08-04,MANDI-019,Jalandhar,Maize,1778.43,2189.47,0.1984,2090.0
PR002581,2026-04-03,MANDI-017,Hisar,Wheat,2277.18,2683.74,2480.46,2275.0
PR003895,2026-05-21,MANDI-023,Moga,Cotton,5758.03,6472.77,6115.0,0.662
PR001896,2026-07-18,,Hisar,Maize,1782.16,2122.0,1952.32,2090.0
PR000924,2026-06-26,MANDI-018,Hisar,Rice,2223.41,2534.0,2378.75,2183.0
PR008688,2026-03-03,MANDI-045,Sirsa,Cotton,6678.11,7865.41,,6620.0
PR009991,2026-01-22,MANDI-035,Bathinda,Mustard,0.539,6163.93,5777.0,5650.0
PR004606,2026-04-24,MANDI-049,Sirsa,Rice,,2414.0,2259.49,
PR010684,2026-04-17,MANDI-046,Karnal,Mustard,0.562,0.6281,5950.41,5650.0
PR007469,2026-05-20,MANDI-054,Kurukshetra,Wheat,2274.15,2417.27,2345.71,2275.0
PR010883,2026-10-07,MANDI-032,Ambala,Maize,2185.8,2303.0,2244.46,
PR009137,2026-07-25,MANDI-011,Kurukshetra,Wheat,1968.22,2303.65,2135.94,0.2275
PR007923,2026-03-03,MANDI-018,Kurukshetra,Sugarcane,3303.4,4007.964682400205,0.3656,3500.0
PR005409,2026-01-30,MANDI-037,Ludhiana,Cotton,6886.47,,7131.16,6620.0
PR011009,2026-06-02,MANDI-004,,Maize,2076.24,2222.6,2149.4183013856286,2090.0
PR011377,2026-03-26,MANDI-044,Hisar,Cotton,6216.9,,,
PR006877,2026-03-31,MANDI-032,Karnal,Maize,1870.64,1967.0,1919.0,2090.0
PR006758,2026-01-18,MANDI-018,Moga,Sugarcane,3446.93,,3714.0,
PR006703,2026-08-04,MANDI-013,Sirsa,Maize,2101.62,0.2264,2182.63,2090.0
PR003299,2026-09-03,MANDI-042,Bathinda,Cotton,6300.0,7563.63,6931.8,
PR006261,2026-01-21,MANDI-043,Ambala,Sugarcane,3570.0,0.4328,3949.1,3500.0
PR002652,2026-06-15,MANDI-026,Ferozepur,Wheat,1976.28,2441.75,,
PR004717,2026-03-07,MANDI-040,Jalandhar,Wheat,2262.14,2802.0,2532.12,
PR003775,2026-03-13,MANDI-007,Karnal,Cotton,6800.51,8026.98,0.7414,6620.0
PR005919,2026-08-17,MANDI-009,Hisar,Mustard,0.5601,6127.91,0.5864,
PR006855,2026-05-09,MANDI-026,Bathinda,Wheat,2042.02,2320.53,0.2181,0.2275
PR007365,2026-02-09,MANDI-017,Sirsa,Maize,2164.13,0.2274,2218.84,2090.0
PR001212,2026-03-01,MANDI-025,Hisar,Rice,2066.6,2195.75,2131.18,2183.0
PR004591,2026-01-18,MANDI-049,Ambala,Maize,2056.45,2182.11,2119.28,2090.0
PR010513,2026-05-20,MANDI-031,Ludhiana,Maize,,2139.69,0.1965,2090.0
PR008481,2026-03-15,MANDI-051,Ambala,Sugarcane,3327.0,3855.26,3591.0,
PR004558,2026-07-01,MANDI-057,Patiala,Maize,1885.32,2003.0,1943.9887905378916,2090.0
PR006113,2026-06-23,MANDI-042,Kurukshetra,Cotton,6070.0,6877.0,6473.47,
PR007053,2026-10-03,MANDI-055,Amritsar,Rice,0.1991,2399.0,2194.92,2183.0
PR005047,2026-04-14,MANDI-038,Moga,Mustard,5700.83,6896.92,6298.87,
PR002015,2026-07-16,MANDI-029,Fatehabad,Mustard,5363.9,6407.54,5885.72,0.565
PR003300,2026-03-24,MANDI-029,Hisar,Maize,1966.99,0.2271,2119.0857107342417,2090.0
PR003717,2026-05-24,MANDI-017,Jalandhar,Cotton,6074.12,7057.52,6565.82,6620.0
PR002732,2026-01-08,,Sirsa,Cotton,,0.6442,6263.68,6620.0
PR008083,2026-07-30,MANDI-005,Karnal,Maize,2170.87,2337.91,0.2254,2090.0
PR008211,2026-08-23,MANDI-010,Kurukshetra,Rice,2258.4019707614175,2458.0,2357.9578586122398,2183.0
PR001044,2026-03-22,MANDI-031,Sirsa,Maize,1856.78,2168.56,2012.67,
PR006391,2026-07-22,MANDI-034,Ludhiana,Wheat,2337.0,2873.97,2605.0,2275.0
PR000940,2026-01-28,MANDI-032,Moga,Wheat,2278.0,2771.14,2524.45,
PR003417,2026-04-07,MANDI-046,Ludhiana,Sugarcane,3181.0,3873.73,3527.0,3500.0
PR011747,2026-01-28,,Kurukshetra,Sugarcane,3104.43,3359.0,3231.83,3500.0
PR009704,2026-05-14,MANDI-035,Bathinda,Sugarcane,3244.24,3811.531570772719,3528.0,3500.0
PR005210,2026-01-20,MANDI-028,,Wheat,2058.6675788358466,2304.91,0.2182,2275.0
PR003338,2026-02-12,MANDI-003,Kurukshetra,Cotton,5762.723897732724,6239.9,6001.31,6620.0
PR001284,2026-02-17,MANDI-037,Kurukshetra,Mustard,5805.0,0.6603,6204.11,5650.0
PR001190,2026-03-07,MANDI-006,Patiala,Wheat,2170.0,2512.53,0.2341,
PR000258,2026-08-05,MANDI-033,Sirsa,Maize,1951.3598559377904,2212.34,,2090.0
PR008461,2026-06-08,,Karnal,Cotton,6226.21,7247.85,6737.03,
PR002250,2026-03-02,MANDI-054,Ferozepur,Wheat,2101.89,2376.75,2239.32,
PR003963,2026-07-08,MANDI-002,Jalandhar,Cotton,,6956.42,6370.92,6620.0
PR005083,2026-06-21,MANDI-022,Fatehabad,Mustard,5180.38,0.6248,5714.041535351371,5650.0
PR005877,2026-07-14,MANDI-051,Jalandhar,Wheat,2027.5,2249.34,,0.2275
PR008686,2026-01-01,MANDI-057,Sirsa,Maize,2134.91,2353.06,2243.98,2090.0
PR008778,2026-02-08,MANDI-032,Kurukshetra,Cotton,6459.84,,7254.587065569646,
PR011710,2026-07-27,MANDI-056,Ferozepur,Rice,2148.32,2641.15,2395.0,2183.0
PR003465,2026-03-27,MANDI-033,Patiala,Mustard,5788.0,6362.933966874856,6075.294663451856,
PR003615,2026-02-27,MANDI-049,Hisar,Cotton,6227.55,0.686,6544.0,6620.0
PR008683,2026-04-29,MANDI-036,Sirsa,Mustard,5376.0,5758.69,5567.23,
PR009214,2026-05-07,MANDI-005,Kurukshetra,Rice,2084.98,2304.38,2195.0,2183.0
PR000767,2026-07-10,MANDI-026,Patiala,Rice,2019.0,2482.61,,0.2183
PR010659,2026-05-10,MANDI-022,Hisar,Wheat,2003.97,2152.72,0.2078,2275.0
PR006700,2026-04-24,MANDI-013,Patiala,Wheat,2031.28,2222.14,,2275.0
PR011190,2026-05-04,MANDI-037,Ambala,Wheat,0.1947,2067.75,,2275.0
PR011449,2026-05-19,MANDI-032,,Wheat,2028.95,2246.06,2137.51,2275.0
PR000693,2026-07-22,,Ferozepur,Cotton,6517.48,7242.99,6880.24,
PR001008,2026-10-03,MANDI-024,Karnal,Cotton,6096.79,7231.91,,6620.0
PR002026,2026-04-04,MANDI-047,Karnal,Mustard,5163.808051078043,0.5942,5552.72,5650.0
PR001861,2026-05-06,MANDI-028,Ludhiana,Mustard,4852.73,5320.081743668737,0.5086,
PR002936,2026-03-19,MANDI-002,Jalandhar,Mustard,0.5485,5792.995396825609,5639.19,0.565
PR006269,2026-08-31,MANDI-028,Ferozepur,Cotton,0.5768,6338.3697979106,,6620.0
PR007738,2026-01-05,MANDI-016,Bathinda,Rice,2218.7005725959148,2475.69,0.2347,2183.0
PR005642,2026-06-21,,Ludhiana,Rice,1982.27,0.2372,2177.0,2183.0
PR010874,2026-02-15,,Karnal,Rice,1926.669464929388,2190.8,2059.0,
PR002242,2026-03-02,MANDI-043,,Mustard,4934.07,5403.0,5168.54,5650.0
PR008623,2026-03-15,MANDI-041,,Cotton,6506.0,7247.798130208723,0.6877,0.662
PR002209,2026-03-27,,Hisar,Mustard,5611.0,6728.763853598641,0.617,5650.0
PR009165,2026-03-03,MANDI-006,Amritsar,Mustard,5852.0,,6012.0,5650.0
PR010560,2026-09-03,MANDI-032,Karnal,Cotton,6936.95,7342.0,7139.55,6620.0
PR002143,2026-02-14,MANDI-029,Sirsa,Wheat,2052.07,2206.93,2129.5,2275.0
PR007280,2026-02-26,,Hisar,Mustard,5558.0,6267.82,5913.0,5650.0
PR002412,2026-08-17,MANDI-040,Hisar,Sugarcane,3282.47,0.3626,3454.08,0.35
PR008994,2026-07-03,MANDI-043,Bathinda,Rice,0.2101,2377.06,0.2239,2183.0
PR007885,2026-08-25,MANDI-048,Hisar,Wheat,0.205,,2122.077852337108,0.2275
PR006266,2026-02-04,MANDI-018,Jalandhar,Wheat,,2277.481108252855,2156.8,0.2275
PR008635,2026-04-16,MANDI-057,Amritsar,Mustard,5838.0,6697.43,6267.91,5650.0
PR000685,2026-04-04,MANDI-017,Patiala,Cotton,6411.69,7069.58,6740.64,6620.0
PR007600,2026-03-23,,Sirsa,Rice,0.2188,2585.36,2386.45,0.2183
PR011706,2026-02-04,MANDI-029,Bathinda,Maize,1905.86,2183.0,2044.4461675068821,
PR005145,2026-07-18,MANDI-037,Ludhiana,Sugarcane,3667.2,3874.0,3770.6,3500.0
PR003673,2026-06-07,MANDI-052,Patiala,Cotton,6327.79,6750.0,6538.95,6620.0
PR010652,2026-08-17,MANDI-041,,Sugarcane,3456.3,,3882.1227627196376,3500.0
PR002648,2026-07-28,MANDI-040,Amritsar,Cotton,6884.75,8356.12,7620.0,
PR006799,2026-01-14,MANDI-027,Patiala,Wheat,2323.73,2806.62,2565.18,2275.0
PR002468,2026-01-25,MANDI-032,Fatehabad,Sugarcane,0.3462,0.3779,3621.0,3500.0
PR010709,2026-09-04,,Amritsar,Sugarcane,2996.0,3234.56,3115.43,0.35
PR004152,2026-05-01,MANDI-048,Ambala,Wheat,2376.99,2685.29,2531.14,0.2275
PR002592,2026-07-02,MANDI-032,Karnal,Wheat,2038.67,0.2546,2292.47,
PR011279,2026-03-23,MANDI-004,Kurukshetra,Rice,2047.21,2194.55,2120.881064355186,0.2183
PR010927,2026-06-18,MANDI-043,Hisar,Cotton,6680.0,7461.93,7071.16,
PR011134,2026-08-06,MANDI-010,,Cotton,6287.0,7293.04,6790.0,6620.0
PR003464,2026-04-28,MANDI-008,,Maize,0.214,2280.97,2210.53,2090.0
PR010211,2026-04-01,,Hisar,Rice,2281.5,2651.75,2466.62,0.2183
PR010614,2026-06-24,MANDI-006,,Maize,1960.24,2357.6032887087285,0.2159,2090.0
PR003501,2026-02-24,MANDI-050,Hisar,Mustard,,7127.0,,5650.0
PR001440,2026-02-03,MANDI-020,Sirsa,Mustard,5672.368569167864,6657.41,6164.89,5650.0
PR010844,2026-02-21,MANDI-024,Bathinda,Wheat,2304.68,2746.25,2525.47,2275.0
PR005354,2026-06-09,MANDI-030,Kurukshetra,Cotton,5666.82,6797.86,6232.34,6620.0
PR001847,2026-08-26,MANDI-027,Ambala,Mustard,5729.54,6674.33,6201.93,5650.0
PR005218,2026-02-28,MANDI-010,Moga,Sugarcane,3469.14,4051.0,3760.11,
PR007262,2026-07-25,MANDI-039,Moga,Wheat,2259.68,2518.2,,0.2275
PR000257,2026-02-04,MANDI-039,Kurukshetra,Mustard,0.4954,5690.0,5322.0,5650.0
PR003965,2026-07-12,MANDI-025,,Maize,1986.1,2284.16,2135.0,2090.0
PR001653,2026-03-11,MANDI-012,Patiala,Mustard,,6194.94,0.5769,5650.0
PR008978,2026-06-17,MANDI-024,Jalandhar,Sugarcane,3335.95,0.4025,3680.64,3500.0
PR006990,2026-05-31,MANDI-048,Fatehabad,Rice,1989.88,2368.56,2179.22,
PR011271,2026-02-02,MANDI-017,Jalandhar,Maize,,2030.42,1951.57,
PR008072,2026-05-23,MANDI-034,,Rice,2107.49,2587.0,0.2347,
PR007287,2026-06-30,MANDI-047,Ambala,Wheat,2174.2,2600.0,2387.14,2275.0
PR009432,2026-03-31,MANDI-035,Sirsa,Mustard,4878.37,5683.21,5280.79,5650.0
PR001416,2026-04-06,,Fatehabad,Cotton,6388.3778312124405,6791.59,0.659,6620.0
PR007510,2026-01-14,,Ambala,Wheat,2359.26,2511.86,2435.56,0.2275
PR000640,2026-04-16,MANDI-051,Kurukshetra,Cotton,6074.64,7426.17,6750.41,6620.0
PR007534,2026-02-17,MANDI-053,,Sugarcane,3123.0,3281.18,3202.1,3500.0
PR008261,2026-03-25,,,Maize,2006.49,2301.55,2154.02,2090.0
PR008691,2026-07-09,MANDI-038,Ludhiana,Wheat,2211.75,2496.96,2354.36,2275.0
PR011539,2026-07-28,MANDI-020,Fatehabad,Wheat,2221.89,2359.06,2290.4778456931945,0.2275
PR001715,2026-04-15,MANDI-040,Fatehabad,Cotton,6475.91,7445.8,6960.86,6620.0
PR002482,2026-08-31,MANDI-035,Karnal,Mustard,0.4965,5907.0,5436.0,
PR005211,2026-04-16,MANDI-051,Kurukshetra,Wheat,2142.24,,2366.12,2275.0
PR003819,2026-05-08,MANDI-021,Amritsar,Rice,0.2159,2278.7471292769674,2219.0,2183.0
PR008631,2026-02-04,MANDI-022,Sirsa,Wheat,2260.39,2609.6,0.2435,2275.0
PR007094,2026-07-09,MANDI-025,Moga,Maize,1925.37,2077.39,2001.38,2090.0
PR009096,2026-08-16,MANDI-028,Ambala,Rice,0.2048,,2268.0,0.2183
PR003612,2026-03-07,,,Mustard,4955.6,5740.95,5348.28,5650.0
PR009149,2026-07-07,MANDI-017,Kurukshetra,Sugarcane,3176.47,0.3387,3282.0,
PR011670,2026-08-22,MANDI-049,Ferozepur,Mustard,5140.65,5672.0,5406.53,5650.0
PR004830,2026-07-02,,Ferozepur,Wheat,2376.65,2515.51,2446.0809794080237,2275.0
PR000988,2026-05-02,MANDI-018,Jalandhar,Wheat,,,2534.62,0.2275
PR009878,2026-05-17,MANDI-014,Jalandhar,Sugarcane,3329.98,3859.43,3594.71,3500.0
PR000632,2026-01-26,MANDI-021,Ferozepur,Rice,2201.15,2575.7934720110516,0.2388,2183.0
PR002868,2026-05-28,MANDI-003,Moga,Wheat,2200.25,2668.9715081435797,2434.609471021343,2275.0
PR011090,2026-09-07,MANDI-054,Bathinda,Wheat,1972.0,2123.86,2047.7,2275.0
PR009413,2026-06-10,MANDI-047,Hisar,Wheat,0.2388,2772.26,0.258,0.2275
PR001059,2026-04-18,MANDI-004,Ferozepur,Rice,2178.0,0.2509,2343.22,2183.0
PR009044,2026-01-16,MANDI-039,Ambala,Cotton,6606.700537672388,7838.0,7222.32,6620.0
PR010005,2026-08-29,MANDI-030,Ambala,Cotton,6487.859385494205,0.7201,6844.67,6620.0
PR003183,2026-03-14,MANDI-045,Amritsar,Maize,2145.87,2642.65,2394.2585118304733,2090.0
PR000652,2026-04-09,MANDI-002,Moga,Cotton,6519.430415439205,7904.29,7211.86,6620.0
PR011941,2026-01-17,MANDI-014,,Sugarcane,3592.61,3996.57,3795.0,0.35
PR008999,2026-08-24,MANDI-029,Sirsa,Mustard,5522.11,6553.78,0.6038,5650.0
PR005775,2026-07-21,MANDI-053,Patiala,Maize,2085.24,2220.12,2152.68,0.209
PR009273,2026-06-17,MANDI-015,,Rice,2141.75,2589.02,2365.39,2183.0
PR008372,2026-05-20,MANDI-019,Hisar,Mustard,,5934.66,0.5789,
PR008154,2026-02-19,,Ambala,Sugarcane,3613.0,3922.0,3767.24,3500.0
PR004544,2026-06-08,MANDI-048,Moga,Rice,1857.0,2277.96,2067.56,2183.0
PR009358,2026-07-03,MANDI-037,Moga,Wheat,2271.79,2571.65,2421.72,0.2275
PR009441,2026-07-21,MANDI-003,Bathinda,Rice,1947.46,2392.71,2170.087430629306,2183.0
PR007620,2026-01-19,MANDI-040,Amritsar,Maize,2020.34,2400.16,2210.25,2090.0
PR008029,2026-08-08,MANDI-004,Amritsar,Wheat,2304.0,2602.41,2452.99,
PR000080,2026-05-03,MANDI-052,Amritsar,Wheat,2119.46,2636.0,,0.2275
PR003602,2026-04-05,MANDI-002,Sirsa,Rice,2099.08,2275.31,2187.19,2183.0
PR005565,2026-05-23,MANDI-041,Fatehabad,Wheat,,2272.41,2184.0,0.2275
PR004901,2026-06-14,MANDI-009,Sirsa,Cotton,5850.95,7086.03,6468.49,0.662
PR009400,2026-05-04,MANDI-038,Ludhiana,Maize,2125.17,2514.28,0.232,2090.0
PR002205,2026-02-26,MANDI-044,,Wheat,,2434.79,2249.502522772993,
PR011545,2026-04-30,MANDI-011,Moga,Mustard,5038.38,5309.71,0.5174,
PR011657,2026-05-24,MANDI-002,Hisar,Maize,0.2087,2337.5755419005877,2212.4,2090.0
PR007840,2026-09-01,MANDI-016,Ludhiana,Rice,2109.53,2395.0,2252.12,2183.0
PR009150,2026-11-03,MANDI-055,,Sugarcane,2994.53,0.3161,3077.98,
PR009988,2026-04-20,MANDI-041,Ferozepur,Mustard,5426.82,5830.96,5629.0,5650.0
PR009489,2026-02-03,MANDI-006,Moga,Wheat,2259.04,0.2752,2505.66,
PR006823,2026-03-02,,Fatehabad,Wheat,2111.58,0.2256,2183.5649378615535,2275.0
PR006496,2026-05-25,MANDI-020,Ludhiana,Cotton,6920.17,8517.87,0.7719,
PR001531,2026-01-02,MANDI-008,Patiala,Mustard,,6316.0,5861.7,
PR005557,2026-05-07,MANDI-028,,Sugarcane,0.3095,3715.54,3405.09,3500.0
PR001208,2026-02-07,MANDI-003,,Sugarcane,3434.4,3715.0,3574.8,0.35
PR001168,2026-11-02,,Moga,Wheat,2145.99,2510.03,0.2328,2275.0
PR008132,2026-04-22,MANDI-035,,Wheat,,2568.4,0.2443,2275.0
PR011797,2026-08-28,MANDI-050,Karnal,Cotton,6528.0,7912.0,7220.0,6620.0
PR006569,2026-03-16,MANDI-027,Patiala,Maize,1993.15,2212.13,2102.64,0.209
PR011156,2026-05-21,MANDI-020,Sirsa,Rice,0.2081,2452.19,0.2267,0.2183
PR000992,2026-02-05,MANDI-046,Amritsar,Cotton,6798.42,7171.41,6984.91,6620.0
PR004054,2026-07-28,MANDI-021,Kurukshetra,Maize,2065.0,2552.86,0.2309,2090.0
PR006659,2026-04-23,MANDI-013,Kurukshetra,Wheat,2298.41,2829.44,2563.92,
PR008368,2026-02-02,MANDI-032,Jalandhar,Maize,2069.8010926278534,2373.58,0.2222,0.209
PR009763,2026-01-08,,Fatehabad,Rice,2180.67,2611.05,2395.86,2183.0
PR000866,2026-08-27,MANDI-049,Moga,Maize,0.1961,2191.948014083975,2076.59,2090.0
PR006956,2026-06-05,MANDI-002,Ferozepur,Mustard,5413.73,6090.34,5752.04,5650.0
PR011972,2026-07-08,,Bathinda,Rice,1993.783428216862,2325.11,0.2159,2183.0
PR006401,2026-05-31,MANDI-042,Ambala,Mustard,5667.02,6350.489568566083,6008.75,0.565
PR005491,2026-02-03,,Kurukshetra,Maize,2078.46,0.2509,2294.0,2090.0
PR007651,2026-02-08,MANDI-046,Ferozepur,Sugarcane,0.3036,3487.0,3261.0,
PR002690,2026-01-04,MANDI-008,Patiala,Mustard,0.5394,5908.49,5651.0,5650.0
PR005998,2026-01-20,MANDI-028,Hisar,Mustard,4846.36,5494.97,5170.663184856179,5650.0
PR007245,2026-07-30,MANDI-010,Kurukshetra,Sugarcane,3023.79,3223.83,3123.81,3500.0
PR005465,2026-01-03,MANDI-025,Ferozepur,Wheat,,2646.62,2425.37,0.2275
PR000176,2026-03-22,MANDI-055,Fatehabad,Sugarcane,3059.69,3576.44,3318.0651793206534,3500.0
PR003923,2026-07-30,,Amritsar,Rice,2088.0,2361.89,2224.99,2183.0
PR005360,2026-06-07,MANDI-022,Bathinda,Rice,1948.44,0.2093,2020.5850841757879,2183.0
PR002828,2026-09-08,MANDI-026,,Sugarcane,3581.0,4001.0,3791.0,
PR004918,2026-01-06,MANDI-043,,Maize,2121.64,2378.0,2249.6969137929946,2090.0
PR011405,2026-03-30,MANDI-017,Sirsa,Sugarcane,2985.64,3355.59,3170.61,3500.0
PR003377,2026-01-29,MANDI-056,Kurukshetra,Wheat,2057.55,2377.0,2217.04,2275.0
PR001481,2026-01-21,MANDI-030,Fatehabad,Wheat,2377.49,2800.4729352942986,0.2589,2275.0
PR006524,2026-08-17,MANDI-004,Kurukshetra,Sugarcane,,3753.0,3426.86,3500.0
PR009417,2026-02-05,,Kurukshetra,Mustard,5913.26,6802.11,6357.69,0.565
PR007930,2026-05-23,MANDI-045,Patiala,Wheat,2354.0,2935.002160793763,0.2644,2275.0
PR007650,2026-09-05,,Amritsar,Cotton,5964.72,0.6543,6253.86,0.662
PR004352,2026-06-29,MANDI-048,Ferozepur,Maize,2067.3,2516.602412824363,2291.9505053882594,2090.0
PR003332,2026-05-30,,Sirsa,Rice,2148.0,2333.04,2240.63,2183.0
PR009347,2026-08-06,MANDI-002,Jalandhar,Maize,0.2099,2563.03,2331.17,2090.0
PR009548,2026-05-01,MANDI-045,Amritsar,Maize,1805.56,0.2179,1992.41,2090.0
PR010528,2026-04-30,MANDI-030,Ludhiana,Sugarcane,3578.0,0.4121,3849.46,
PR009716,2026-10-02,MANDI-054,Ferozepur,Rice,0.2139,2615.94,2377.38,
PR004493,2026-01-13,MANDI-041,,Maize,1826.2120126929615,2254.25,2040.23,
PR009268,2026-06-18,MANDI-041,Hisar,Mustard,5268.34,,5739.08,
PR003883,2026-06-19,MANDI-026,Moga,Maize,2167.35,2282.67,2225.0086449951496,
PR009343,2026-07-23,MANDI-039,Jalandhar,Cotton,6517.13,7357.0,6937.0,6620.0
PR010508,2026-06-29,MANDI-040,Amritsar,Maize,1897.07,,2068.86,
PR011522,2026-04-26,MANDI-027,Patiala,Sugarcane,0.3263,3503.7,0.3384,3500.0
PR000714,2026-06-14,MANDI-009,Kurukshetra,Wheat,1935.19,2316.3380296793744,2126.0,2275.0
PR003118,2026-04-24,,,Sugarcane,3497.4,3899.0,0.3698,3500.0
PR002521,2026-02-24,MANDI-046,Ferozepur,Wheat,2024.13,2307.51,2165.82,2275.0
PR003150,2026-03-05,MANDI-053,Ferozepur,Sugarcane,0.3553,0.4022,3787.82,
PR000958,2026-01-23,MANDI-038,,Rice,2033.5,0.2317,2175.41,
PR008153,2026-07-24,,Ludhiana,Cotton,6524.0,6921.04245690587,6722.73,
PR009483,2026-06-12,,Moga,Sugarcane,3240.92,,3519.087691162079,0.35
PR008106,2026-02-13,MANDI-050,Bathinda,Wheat,2368.22,0.2523,2445.64,
PR001040,2026-08-13,MANDI-035,Patiala,Wheat,1971.0,2344.51,2157.82,2275.0
PR010259,2026-01-20,MANDI-043,Moga,Sugarcane,3297.0,3598.24,3447.43,3500.0
PR005801,2026-05-23,MANDI-049,Karnal,Cotton,6749.4,7864.53,7306.96,6620.0
PR008379,2026-05-18,MANDI-020,Ludhiana,Wheat,2312.0,2583.0,2447.241178979527,2275.0
PR011603,2026-02-08,MANDI-011,Moga,Wheat,0.2127,2604.29,2365.67,
PR011034,2026-08-07,MANDI-025,Ferozepur,Sugarcane,3334.62,,3526.0,0.35
PR003510,2026-03-14,MANDI-020,Amritsar,Mustard,5165.03,0.6418,5791.0,5650.0
PR006692,2026-01-05,MANDI-048,Moga,Mustard,4933.67,5671.57,0.5303,5650.0
PR009364,2026-03-07,MANDI-053,Amritsar,Rice,2163.88,2697.99,2430.94,2183.0
PR008992,2026-03-19,,Bathinda,Cotton,0.5777,7139.20180561022,6458.15,6620.0
PR007813,2026-08-12,,Ambala,Rice,1933.040722976496,2247.03,2090.04,2183.0
PR006186,2026-01-27,MANDI-007,Bathinda,Wheat,2173.52,2535.93,2355.0,2275.0
PR003590,2026-08-28,MANDI-024,,Wheat,0.2337,2615.9257035129076,2476.59,2275.0
PR008559,2026-08-17,MANDI-054,Ludhiana,Rice,1988.6,2480.79,0.2235,2183.0
PR002304,2026-05-25,MANDI-005,Kurukshetra,Rice,1988.979381645549,2338.2,2163.5875135019123,0.2183
PR008322,2026-01-19,MANDI-043,Patiala,Wheat,2153.85,0.2615,2384.0,2275.0
PR006817,2026-08-17,MANDI-027,Amritsar,Mustard,5388.3195956618,5767.86,5578.09,5650.0
PR005562,2026-03-07,,,Mustard,0.4991,5477.268269153556,5233.94,5650.0
PR000805,2026-08-20,MANDI-007,Ferozepur,Rice,1910.6,2078.34,0.1994,2183.0
PR006145,2026-01-03,MANDI-033,Sirsa,Cotton,6807.556325646034,7816.07,7311.81,0.662
PR011742,2026-03-29,MANDI-001,Moga,Maize,2093.0,2204.51,0.2149,0.209
PR007471,2026-03-08,MANDI-014,Kurukshetra,Maize,2051.0,2370.949478277168,2211.0,0.209
PR008652,2026-05-23,MANDI-015,Hisar,Cotton,5809.0,0.6504,6156.46,6620.0
PR003134,2026-02-26,MANDI-023,Hisar,Maize,1805.0,2116.54,1960.56,
PR010499,2026-02-11,,Ferozepur,Sugarcane,3192.69,3923.6,3558.14,3500.0
PR002299,2026-11-01,MANDI-002,Fatehabad,Maize,,,2204.36,2090.0
PR006413,2026-07-23,MANDI-022,Kurukshetra,Maize,1991.11,2428.09,2209.6,2090.0
PR002630,2026-08-29,MANDI-046,Jalandhar,Cotton,6535.89,7400.75,6968.32,6620.0
PR005148,2026-01-31,MANDI-032,Ludhiana,Maize,1923.03,2304.0,2113.0,2090.0
PR009542,2026-05-09,MANDI-009,,Cotton,6365.845852921531,7187.97,0.6777,6620.0
PR011135,2026-06-25,MANDI-050,Bathinda,Rice,0.208,2209.0,2144.8911117176913,2183.0
PR003511,2026-01-09,MANDI-025,,Rice,1897.896107543129,0.2035,1966.0,2183.0
PR007523,2026-03-31,MANDI-018,Ambala,Mustard,5155.0,6230.63,0.5693,5650.0
PR009956,2026-02-18,MANDI-042,,Maize,1994.89,2172.56,2083.73,0.209
PR011806,2026-07-13,MANDI-026,Patiala,Cotton,6570.73,7789.47,7180.1,6620.0
PR011918,2026-07-17,MANDI-018,Patiala,Rice,,2380.0,2302.0,2183.0
PR010839,2026-02-17,MANDI-026,Hisar,Cotton,6121.0,6999.0,6560.12,6620.0
PR002399,2026-04-20,MANDI-017,Bathinda,Mustard,,,5364.0,
PR011870,2026-01-21,MANDI-048,Fatehabad,Sugarcane,3048.56,3513.82,3281.19,
PR005973,2026-04-29,MANDI-043,Kurukshetra,Rice,2037.4034311823793,2268.3620367956128,2152.88,2183.0
PR001578,2026-01-05,MANDI-006,Fatehabad,Rice,1963.0,2208.06,2085.49,0.2183
PR002982,2026-03-26,MANDI-046,Ludhiana,Wheat,2033.0,2529.55,0.2281,2275.0
PR007168,2026-07-08,MANDI-006,Sirsa,Sugarcane,3023.0,3278.49,3150.73,3500.0
PR008702,2026-03-28,MANDI-045,Jalandhar,Rice,2027.95,0.2268,2148.0382950610697,0.2183
PR007410,2026-06-26,MANDI-020,Sirsa,Rice,2143.42,2282.58,2213.0,0.2183
PR003349,2026-03-20,MANDI-009,Bathinda,Rice,2277.47,2647.0,0.2462,2183.0
PR007387,2026-02-25,MANDI-028,Karnal,Wheat,2092.21,2508.0,2299.94,2275.0
PR005841,2026-06-17,MANDI-039,,Cotton,6224.8293586954,0.6807,6516.0,6620.0
PR007457,2026-01-11,MANDI-010,Patiala,Maize,0.2096,2453.649121062733,2274.89,2090.0
PR007506,2026-06-26,MANDI-055,Karnal,Maize,,2475.02,0.2314,2090.0
PR005413,2026-07-02,MANDI-040,Hisar,Mustard,5927.14,6854.07,6390.6,
PR009666,2026-01-16,MANDI-018,,Maize,2144.39,0.2619,2381.71,2090.0
PR008774,2026-07-04,MANDI-056,Amritsar,Sugarcane,3598.56,3923.04,3760.8,
PR009059,2026-07-16,MANDI-028,Amritsar,Cotton,6853.39,,7278.0,6620.0
PR008328,2026-01-24,,Ludhiana,Cotton,6320.43,,6803.46,6620.0
PR007291,2026-02-20,MANDI-006,Ambala,Cotton,0.6027,6932.58,6479.971606473403,6620.0
PR001203,2026-02-21,MANDI-045,,Wheat,0.1969,2235.11,2102.08,0.2275
PR008005,2026-04-06,,Karnal,Rice,2218.63,,2445.427503546747,2183.0
PR006447,2026-05-26,MANDI-023,Karnal,Wheat,0.2086,2526.3222576760236,2306.19,2275.0
PR010936,2026-06-10,MANDI-028,Amritsar,Mustard,5394.42,6094.8,5744.61,5650.0
PR005317,2026-05-04,MANDI-020,Kurukshetra,Sugarcane,3140.95,3383.28,3262.0,0.35
PR005319,2026-05-14,MANDI-010,Sirsa,Wheat,2158.84,2685.17,2422.0070941510457,2275.0
PR000274,2026-05-21,,Amritsar,Cotton,6830.81,8236.49,7533.65,6620.0
PR005094,2026-05-07,MANDI-050,Fatehabad,Mustard,4890.0,5452.0,5170.83,5650.0
PR002789,2026-04-28,MANDI-042,Jalandhar,Sugarcane,3239.0,0.3558,0.3398,
PR010446,2026-05-02,MANDI-039,Hisar,Cotton,6199.69,7319.56,6759.62,6620.0
PR003596,2026-09-06,MANDI-046,,Mustard,5802.156656488276,0.6646,6223.96,5650.0
PR002761,2026-03-30,MANDI-019,Amritsar,Rice,2093.99,2613.0,2353.0,0.2183
PR011543,2026-04-06,MANDI-021,Ludhiana,Sugarcane,3262.55,3615.97,3439.0,3500.0
PR009234,2026-07-15,MANDI-056,Hisar,Wheat,2201.95,2558.28,2380.12,
PR007349,2026-10-01,,Bathinda,Rice,2240.62,0.2417,2328.69,0.2183
PR008494,2026-03-16,MANDI-011,Fatehabad,Maize,1943.3040010434815,2412.52,2177.914335602605,2090.0
PR008022,2026-06-28,MANDI-032,Ferozepur,Mustard,5865.98,6852.3,0.6359,5650.0
PR004117,2026-07-21,MANDI-006,Patiala,Maize,1902.63,2128.0,2015.33,
PR003859,2026-04-01,MANDI-013,Kurukshetra,Sugarcane,3668.86,4169.0,0.3919,3500.0
PR006154,2026-01-16,MANDI-055,Moga,Sugarcane,3064.31,3229.31,0.3147,
PR008392,2026-08-16,MANDI-040,Bathinda,Wheat,2310.04,2590.46,2450.2457361436145,2275.0
PR003450,2026-03-05,MANDI-035,Moga,Wheat,,2605.54,2418.33,2275.0
PR005401,2026-05-04,MANDI-032,Jalandhar,Mustard,0.4877,5311.53,0.5094,5650.0
PR009959,2026-01-27,MANDI-002,Ferozepur,Cotton,6195.45,7300.49,6748.0,6620.0
PR007164,2026-02-11,MANDI-035,Amritsar,Wheat,0.1949,2346.3458680841177,2147.84,2275.0
PR005804,2026-02-03,MANDI-007,Ludhiana,Maize,2094.14,2382.437867942083,2238.0,2090.0
PR000610,2026-05-09,MANDI-053,Sirsa,Cotton,6083.232255080149,0.7163,6623.12,6620.0
PR005389,2026-05-14,,Fatehabad,Cotton,5858.19,7188.0,6523.1,
PR005997,2026-04-02,MANDI-012,Karnal,Mustard,0.5825,,6334.78,5650.0
PR010354,2026-03-05,MANDI-047,Karnal,Cotton,6386.43,7073.21,6729.82,6620.0
PR004772,2026-04-12,MANDI-052,,Mustard,5698.86,6360.73,,
PR008587,2026-04-24,MANDI-016,Fatehabad,Maize,1780.85,0.2127,1953.85,2090.0
PR009286,2026-06-17,MANDI-055,,Rice,2077.89,2267.87,0.2173,
PR004841,2026-11-07,MANDI-042,Kurukshetra,Mustard,5285.56,0.6173,5729.08,5650.0
PR006370,2026-06-21,MANDI-039,Patiala,Sugarcane,0.3233,3972.0,3602.6975946972784,3500.0
PR011899,2026-06-03,MANDI-038,Jalandhar,Sugarcane,3215.71,3624.04,3420.0,
PR003969,2026-07-21,MANDI-005,Ambala,Cotton,5723.26,7081.09,6402.179305683432,6620.0
PR000670,2026-02-13,MANDI-042,Ludhiana,Cotton,0.5944,7224.79,6584.4313280426095,6620.0
PR011814,2026-09-02,MANDI-055,Ludhiana,Rice,2173.91,2455.68,2314.8,2183.0
PR001909,2026-04-19,MANDI-041,Ludhiana,Wheat,2265.0,2552.01,,2275.0
PR000502,2026-07-24,MANDI-033,Amritsar,Cotton,6822.49,8032.48,7427.4807908913435,6620.0
PR002940,2026-04-25,MANDI-033,Amritsar,Rice,1874.2350742065767,2171.15,2023.0,2183.0
PR005520,2026-06-27,MANDI-023,Bathinda,Sugarcane,3451.23,3987.7,3719.47,3500.0
PR004933,2026-04-24,MANDI-010,,Wheat,2191.76,2708.41,0.245,2275.0
PR006445,2026-01-20,,Ludhiana,Sugarcane,3492.58,0.3881,3687.0,
PR011157,2026-05-24,MANDI-030,Jalandhar,Sugarcane,2998.92,0.3397,3197.74,3500.0
PR009736,2026-03-05,MANDI-056,,Mustard,5885.92,0.649,6188.13,5650.0
PR001777,2026-01-01,MANDI-001,Moga,Cotton,6314.0,7889.0,,6620.0
PR002593,2026-03-24,MANDI-002,Patiala,Mustard,5855.6,6506.69,6181.14,
PR003422,2026-04-12,MANDI-045,Ludhiana,Sugarcane,3345.04,3638.0,3491.4,
PR006905,2026-03-29,MANDI-042,,Mustard,5804.26,7078.35,,5650.0
PR011109,2026-06-20,MANDI-013,Fatehabad,Rice,2157.53,2440.649436171641,,2183.0
PR003331,2026-01-27,MANDI-015,Kurukshetra,Sugarcane,3475.0,3700.9,3587.86,3500.0
PR009918,2026-02-25,MANDI-021,Amritsar,Sugarcane,3376.82,3664.65,3520.73,3500.0
PR005016,2026-04-05,MANDI-014,Ferozepur,Maize,1958.59,0.2255,2107.02,2090.0
PR002916,2026-08-15,MANDI-001,Patiala,Sugarcane,3234.91,3854.0,3544.46,3500.0
PR007628,2026-04-03,MANDI-026,Bathinda,Mustard,5553.433344966933,6650.95,6102.19,0.565
PR002832,2026-06-15,MANDI-008,Kurukshetra,Mustard,5174.951820475355,6141.0,5658.06,
PR006553,2026-01-11,MANDI-005,Fatehabad,Rice,2091.7572279816327,2393.09,2242.4250483533633,2183.0
PR009292,2026-08-10,MANDI-002,Bathinda,Mustard,5438.54,5845.85,5642.2,
PR008890,2026-07-29,MANDI-009,Ferozepur,Rice,2017.6085748127798,2222.2788035277968,0.212,2183.0
PR003435,2026-07-16,,Sirsa,Mustard,5366.56,6694.799888839257,6030.68,
PR008255,2026-04-27,MANDI-043,,Wheat,2019.0,,2107.0,2275.0
PR009503,2026-09-04,MANDI-007,Jalandhar,Wheat,2375.54,2690.8666620419026,2533.2,2275.0
PR007247,2026-06-20,,,Rice,2014.82,0.242,2217.5198309810826,2183.0
PR007014,2026-01-03,MANDI-057,Jalandhar,Rice,2018.0,2283.01,2150.58,2183.0
PR000899,2026-04-03,MANDI-029,Moga,Mustard,5520.0,6115.98,0.5818,
PR007837,2026-05-17,MANDI-008,,Mustard,4832.13,5272.04,5052.08,5650.0
PR011800,2026-05-26,MANDI-012,,Wheat,2078.0,2434.12,2256.18,2275.0
PR000093,2026-01-07,MANDI-027,Fatehabad,Wheat,2129.0,2603.0,0.2366,2275.0
PR003696,2026-08-30,,Ambala,Wheat,2242.750071809544,2555.57,2399.16,2275.0
PR010970,2026-03-05,MANDI-033,Sirsa,Sugarcane,3462.72,4043.87,3753.0,3500.0
PR003279,2026-02-17,MANDI-036,Patiala,Cotton,5662.579444902945,6645.43,6154.0,0.662
PR000100,2026-05-13,MANDI-002,Ferozepur,Sugarcane,3290.976477130455,3517.0,0.3404,3500.0
PR011622,2026-05-25,MANDI-049,Jalandhar,Rice,2159.9783183645127,,2361.36,2183.0
PR008357,2026-03-29,MANDI-022,Ambala,Cotton,5718.024353138106,6484.47,0.6101,6620.0
PR006011,2026-02-17,MANDI-016,Amritsar,Maize,2035.48,2400.70045002037,2218.09,2090.0
PR005043,2026-01-21,MANDI-043,Amritsar,Maize,2119.79,2534.69,2327.0,0.209
PR002348,2026-05-31,MANDI-017,,Sugarcane,3054.89,,0.3285,3500.0
PR004660,2026-05-05,MANDI-047,Ferozepur,Mustard,4846.85,0.5829,5338.0,0.565
PR010004,2026-06-15,MANDI-023,Ludhiana,Mustard,5354.67,5692.79,,
PR004488,2026-05-13,MANDI-044,Ludhiana,Cotton,6614.0,7999.0,7306.465295267262,6620.0
PR009198,2026-01-12,MANDI-033,,Mustard,4806.0,5088.09,0.4947,5650.0
PR011673,2026-02-02,MANDI-019,Hisar,Rice,1859.9,2061.97,1961.0,2183.0
PR004103,2026-05-19,MANDI-052,Sirsa,Cotton,5948.171474195681,6429.13,6189.0,0.662
PR006122,2026-03-03,MANDI-054,,Mustard,5359.94,5743.87,0.5552,5650.0
PR002185,2026-02-26,MANDI-008,Ambala,Cotton,5976.95,6973.44,0.6475,6620.0
PR009510,2026-09-02,MANDI-015,Karnal,Mustard,4941.24,5785.0,5363.12,0.565
PR002897,2026-05-22,MANDI-047,Ludhiana,Rice,2038.04,2454.8,2246.42,2183.0
PR002303,2026-04-23,MANDI-047,Kurukshetra,Mustard,,,5451.0,5650.0
PR006006,2026-03-29,MANDI-052,Jalandhar,Mustard,4841.16,5127.81,4984.49,
PR008115,2026-06-14,MANDI-004,Hisar,Sugarcane,3210.8,0.3382,3296.42,3500.0
PR002259,2026-08-16,MANDI-005,Jalandhar,Mustard,,0.6623,6225.41,
PR002704,2026-02-15,MANDI-016,Patiala,Maize,,2277.19,2140.85,2090.0
PR009188,2026-01-23,MANDI-008,Fatehabad,Cotton,6339.0,7651.0,0.6995,0.662
PR007986,2026-06-07,MANDI-052,Ambala,Wheat,2115.79,2641.0,2378.47,2275.0
PR000340,2026-04-22,MANDI-045,Karnal,Rice,2209.43,2595.0,2402.21,2183.0
PR002686,2026-09-04,MANDI-008,,Mustard,4872.23,5980.0,5426.0,5650.0
PR009532,2026-08-25,MANDI-035,Ludhiana,Maize,0.2061,2219.0,2140.0,0.209
PR010831,2026-05-20,MANDI-043,Karnal,Rice,1880.32,2176.075418952437,0.2028,2183.0
PR008291,2026-07-23,MANDI-012,Bathinda,Rice,2175.21,2493.06,2334.13,2183.0
PR000475,2026-02-24,MANDI-037,Patiala,Rice,1863.15,2114.47,1988.81,2183.0
PR010478,2026-06-03,MANDI-015,Amritsar,Sugarcane,3266.7698473947175,3835.88,3551.33,3500.0
PR011576,2026-05-13,MANDI-002,Bathinda,Sugarcane,3304.71,,3459.81,0.35
PR005013,2026-06-17,MANDI-002,Fatehabad,Mustard,5015.86,6254.609227995208,0.5635,5650.0
PR000659,2026-07-08,,Sirsa,Cotton,0.6284,6746.13,0.6515,6620.0
PR009334,2026-03-24,MANDI-021,Moga,Wheat,2182.51,2697.9836731992023,2440.25,2275.0
PR009770,2026-06-03,MANDI-031,Patiala,Wheat,2136.8,2585.7311911464467,2361.27,2275.0
PR006099,2026-05-19,MANDI-039,Amritsar,Wheat,2276.013686990926,,2534.0725356537014,2275.0
PR002472,2026-03-14,MANDI-001,,Maize,1797.28,2094.4,1945.84,2090.0
PR006985,2026-04-22,MANDI-047,Ambala,Sugarcane,3265.63,3647.12,3456.38,0.35
PR007419,2026-03-04,MANDI-046,Patiala,Maize,1964.0,2067.4,2015.94,2090.0
PR011977,2026-03-18,MANDI-052,,Wheat,2373.0,,2657.0,2275.0
PR009341,2026-04-12,,Fatehabad,Mustard,4903.328077625506,5475.0,5189.364596172541,
PR008561,2026-05-17,MANDI-018,Sirsa,Cotton,5838.67,6260.395622126873,,6620.0
PR011607,2026-08-01,MANDI-010,Fatehabad,Rice,2256.37,2794.437037059227,2525.4,2183.0
PR003710,2026-07-09,MANDI-002,Sirsa,Sugarcane,3632.54,4194.97,3913.75,3500.0
PR006622,2026-07-03,MANDI-002,Fatehabad,Cotton,6233.54,7123.419849026427,6678.0,6620.0
PR011548,2026-04-14,MANDI-004,Moga,Sugarcane,0.3671,4071.65,3871.25,3500.0
PR009615,2026-08-13,MANDI-035,Bathinda,Wheat,2352.24,2760.7198730643377,2556.48,2275.0
PR000630,2026-08-31,MANDI-031,Kurukshetra,Mustard,5357.08,6109.39,5733.23,5650.0
PR000647,2026-07-11,MANDI-021,Ambala,Cotton,6232.41,7320.0,6776.31,6620.0
PR007855,2026-01-02,MANDI-003,Amritsar,Sugarcane,3397.86,3717.0,3557.0,3500.0
PR001602,2026-03-25,MANDI-008,Ludhiana,Sugarcane,3555.08,4377.47,3966.28,3500.0
PR001999,2026-08-20,MANDI-006,Kurukshetra,Wheat,2221.9599279122685,,2356.0,0.2275
PR010661,2026-05-08,MANDI-025,Fatehabad,Wheat,2212.87,0.2331,2272.0,2275.0
PR000328,2026-02-14,MANDI-053,,Maize,,2037.0,0.1918,2090.0
PR010679,2026-09-05,,Hisar,Sugarcane,3671.0,4461.03,4066.0,3500.0
PR008288,2026-02-03,MANDI-007,Hisar,Mustard,5472.05,6377.34,5924.7,0.565
PR002003,2026-08-22,MANDI-022,,Mustard,5929.95,6614.19,6272.07,5650.0
PR002586,2026-03-15,MANDI-056,Ferozepur,Cotton,6009.435476062594,7354.05,6681.74,6620.0
PR006343,2026-06-09,MANDI-044,Kurukshetra,Wheat,2086.95,2244.08,2165.52,0.2275
PR001272,2026-04-20,MANDI-033,Fatehabad,Mustard,5790.495968970728,6293.0,0.6042,5650.0
PR004974,2026-02-07,MANDI-057,Moga,Rice,,2490.116172914258,2268.32,2183.0
PR011688,2026-02-01,MANDI-007,Jalandhar,Maize,1847.06,0.2176,2011.5208982053086,2090.0
PR011886,2026-04-20,MANDI-030,Patiala,Cotton,5896.0,6855.03,6375.69,6620.0
PR007374,2026-02-12,MANDI-014,Patiala,Sugarcane,0.3224,3717.198606967075,3470.0,3500.0
PR011605,2026-02-05,MANDI-008,Ferozepur,Sugarcane,3014.45,3696.0,3355.04,3500.0
PR005861,2026-03-21,MANDI-035,Hisar,Maize,0.2035,2464.55,2250.0,2090.0
PR005790,2026-03-13,,Jalandhar,Maize,1815.06,2264.8,0.204,2090.0
PR008816,2026-11-01,MANDI-019,Kurukshetra,Mustard,5325.2,6367.69,5846.45,0.565
PR008119,2026-03-28,MANDI-040,Kurukshetra,Sugarcane,0.3219,3753.99,0.3486,0.35
PR003045,2026-08-11,MANDI-018,Sirsa,Mustard,5448.01,6575.7841627387215,6011.9,5650.0
PR011046,2026-01-13,MANDI-047,,Cotton,5659.122928951266,6211.42,5935.2706875709255,6620.0
PR008539,2026-08-15,MANDI-052,Ferozepur,Sugarcane,3255.51,3815.47,3535.49,3500.0
PR004796,2026-01-25,MANDI-050,Bathinda,Mustard,5592.0,,5995.26,5650.0
PR005788,2026-06-04,MANDI-031,Karnal,Cotton,6499.0,7228.68,,6620.0
PR004603,2026-05-25,MANDI-023,Fatehabad,Rice,,2286.53,2106.88,2183.0
PR003701,2026-04-22,MANDI-006,Fatehabad,Cotton,5869.53,6444.84,6157.0,
PR009333,2026-03-04,MANDI-041,,Rice,2031.1178762152408,0.2445,2238.0,0.2183
PR001025,2026-08-31,,Fatehabad,Wheat,2190.674534005544,2720.0,2455.47,
PR007914,2026-03-02,MANDI-009,,Sugarcane,3510.02,4228.99,3869.51,3500.0
PR006719,2026-08-08,,Sirsa,Mustard,5530.94,0.6147,5839.01,5650.0
PR008555,2026-01-07,MANDI-016,Sirsa,Cotton,6712.97,7712.08,7212.52,6620.0
PR002176,2026-07-14,MANDI-055,,Sugarcane,,,3237.16,3500.0
PR002883,2026-02-24,MANDI-040,Karnal,Cotton,6784.28,0.8208,7496.286001764193,6620.0
PR001181,2026-03-12,MANDI-034,Jalandhar,Sugarcane,3665.0,4435.0,0.405,
PR010385,2026-05-16,MANDI-015,Amritsar,Mustard,5923.51,6361.29,6142.4,
PR000481,2026-07-29,MANDI-022,Hisar,Wheat,2144.971255461115,2334.39,2239.6814679968243,2275.0
PR010726,2026-09-06,MANDI-028,Kurukshetra,Cotton,6598.61,0.746,7029.09,0.662
PR006948,2026-03-25,MANDI-003,Bathinda,Sugarcane,3425.28,3905.87,3665.57,3500.0
PR008777,2026-12-05,MANDI-020,Moga,Wheat,2033.92,2352.29,2193.11,2275.0
PR009821,2026-06-24,MANDI-022,Fatehabad,Maize,2055.912455279224,0.2538,2297.0307748090545,2090.0
PR005386,2026-03-15,MANDI-001,Ludhiana,Cotton,5866.82,6190.32,6028.57,
PR005891,2026-06-04,MANDI-034,Ambala,Sugarcane,,3936.65,3564.75,3500.0
PR009777,2026-03-06,MANDI-040,Fatehabad,Maize,1799.77,2105.42,1952.59,2090.0
PR002208,2026-06-05,MANDI-031,Jalandhar,Rice,2141.44,,2326.0,
PR000980,2026-04-23,,Patiala,Cotton,6734.94,8360.58,7547.76,6620.0
PR002985,2026-01-30,MANDI-036,Bathinda,Wheat,2295.31,,2526.7,2275.0
PR002578,2026-03-12,MANDI-039,Hisar,Sugarcane,3575.0,3991.38,3783.35,3500.0
PR008694,2026-08-11,MANDI-018,,Sugarcane,2980.3,3448.01,3214.16,0.35
PR008241,2026-08-22,MANDI-033,Hisar,Maize,1897.78405213646,2164.15,0.2031,2090.0
PR009478,2026-07-21,MANDI-026,Sirsa,Sugarcane,3633.11,4166.0,3899.54,3500.0
PR005766,2026-08-06,MANDI-017,Sirsa,Maize,1875.54,2295.79,2086.0,2090.0
PR006804,2026-08-26,,Amritsar,Mustard,5783.0,7044.73,6414.102160981689,5650.0
PR002481,2026-06-07,,Fatehabad,Sugarcane,0.3072,3705.11,3388.44,0.35
PR003785,2026-04-14,MANDI-031,Ludhiana,Wheat,2189.813411293331,2571.2,2380.51,0.2275
PR002645,2026-09-03,MANDI-056,Kurukshetra,Maize,2190.05,2433.06,0.2312,
PR006314,2026-02-25,MANDI-023,Amritsar,Cotton,6275.26,7460.54,6867.9,
PR002076,2026-02-16,MANDI-040,Patiala,Cotton,5987.29,0.6698,6342.87,6620.0
PR006649,2026-10-07,MANDI-019,,Cotton,5853.99,6791.92,6323.0,6620.0
PR007230,2026-03-29,MANDI-040,Hisar,Maize,2127.854245998692,2484.68,0.2306,2090.0
PR009792,2026-12-01,MANDI-042,Karnal,Rice,2060.25,2465.76,2263.0,2183.0
PR008070,2026-06-12,MANDI-015,,Mustard,5893.0,6485.619512737789,6189.43,5650.0
PR007221,2026-06-13,MANDI-025,Ludhiana,Wheat,0.2127,,2381.48,0.2275
PR008044,2026-05-09,MANDI-036,Kurukshetra,Wheat,2223.8,2667.18,2445.49,
PR004350,2026-03-15,MANDI-052,Jalandhar,Mustard,0.5416,6767.0,6091.56,
PR007900,2026-07-15,MANDI-032,Karnal,Wheat,2144.4666247715854,0.2388,2266.05,2275.0
PR010587,2026-04-25,MANDI-027,Ludhiana,Rice,2172.0,2343.04,2257.0,2183.0
PR007294,2026-07-29,MANDI-052,,Wheat,2271.72,2511.83,2391.77,
PR007795,2026-03-09,MANDI-030,Bathinda,Sugarcane,3587.55,4300.06,3944.0,3500.0
PR008272,2026-08-13,MANDI-013,Sirsa,Maize,1863.43,,0.1956,2090.0
PR009367,2026-03-28,MANDI-020,Sirsa,Wheat,2012.38,,2190.45,2275.0
PR002986,2026-02-18,MANDI-052,Ferozepur,Wheat,,2527.0,2424.900257694685,2275.0
PR007803,2026-07-14,,Fatehabad,Maize,2031.05,2165.33,2098.19,2090.0
PR003337,2026-06-30,MANDI-025,,Wheat,2299.79,2515.15,2407.0,2275.0
PR003378,2026-02-20,MANDI-020,Moga,Mustard,5576.95,5998.277941925932,5787.61,5650.0
PR007667,2026-09-03,MANDI-044,Karnal,Wheat,0.2146,0.2483,2314.57,2275.0
PR011949,2026-07-30,MANDI-040,Jalandhar,Maize,2106.95,2412.0,2259.31,
PR004081,2026-08-11,MANDI-031,,Mustard,5557.0,6182.8,5869.78,
PR005168,2026-04-06,MANDI-054,Karnal,Wheat,0.2022,2427.53,2224.91,2275.0
PR003167,2026-05-07,MANDI-041,Ferozepur,Maize,2056.0,2293.45,2174.68,2090.0
PR010087,2026-04-28,MANDI-029,Hisar,Rice,2154.447437624488,2491.0,2323.0,2183.0
PR011620,2026-06-16,MANDI-035,Bathinda,Wheat,2005.08,2494.8,0.225,0.2275
PR009134,2026-01-28,MANDI-014,Hisar,Cotton,5922.99,,6309.496509002236,6620.0
PR006868,2026-02-24,,Ferozepur,Cotton,6285.11,7493.554622412292,6889.33,6620.0
PR011520,2026-01-30,MANDI-038,,Rice,2131.222910670817,0.2642,2386.83,2183.0
PR002799,2026-08-06,,,Wheat,2183.81,2484.11,2333.9589685442425,2275.0
PR002759,2026-01-13,MANDI-006,Ferozepur,Cotton,0.6411,7681.79,7046.55,6620.0
PR007034,2026-06-01,MANDI-009,Patiala,Sugarcane,3448.34,3979.16,3713.75,
PR011593,2026-03-25,MANDI-041,,Cotton,6324.660647216374,6840.56,,0.662
PR001320,2026-10-03,MANDI-001,Jalandhar,Rice,2058.09,2214.18,2136.13,2183.0
PR007794,2026-01-12,MANDI-044,Patiala,Maize,1851.5,2296.71,2074.11,2090.0
PR009787,2026-05-28,MANDI-045,Moga,Cotton,5942.14,6997.5,6470.0,6620.0
PR003291,2026-08-13,MANDI-025,Patiala,Rice,2245.05,2786.07,2515.56,2183.0
PR006033,2026-01-23,MANDI-042,Kurukshetra,Maize,1857.6149693617035,2253.34,2055.48,2090.0
PR003666,2026-02-07,,,Sugarcane,3491.0,3963.87,,3500.0
PR001245,2026-01-15,MANDI-039,Amritsar,Mustard,5549.17,0.6809,6178.91,5650.0
PR007017,2026-05-12,,,Maize,0.1898,2132.313029979887,2015.1,
PR004075,2026-05-14,MANDI-019,,Wheat,1942.69,2098.37,2021.0,2275.0
PR001719,2026-01-07,MANDI-033,Ludhiana,Sugarcane,3483.0,4051.89,3768.0,3500.0
PR008507,2026-09-06,MANDI-009,Patiala,Cotton,6142.782120349761,,6652.0,
PR004712,2026-06-05,MANDI-046,,Mustard,5882.18,6527.89,,5650.0
PR000730,2026-06-10,MANDI-001,Patiala,Maize,2054.64,2545.87,2300.255386337927,2090.0
PR002227,2026-08-28,MANDI-022,Moga,Mustard,5756.8,6930.0,6343.5,5650.0
PR008971,2026-01-21,MANDI-044,Karnal,Cotton,6893.204117201567,7848.85,0.7371,6620.0
PR002688,2026-05-30,MANDI-028,Jalandhar,Mustard,5322.390413891307,5666.18,5494.0,5650.0
PR001848,2026-04-28,MANDI-042,Patiala,Rice,1968.3968531117014,2329.08,2149.0,2183.0
PR011541,2026-05-11,MANDI-002,Amritsar,Wheat,2313.98,2696.6713043111076,2505.0,0.2275
PR009753,2026-02-03,MANDI-006,Sirsa,Wheat,2318.4,,2460.47,2275.0
PR011842,2026-05-06,MANDI-032,Ludhiana,Cotton,6639.66,0.6996,6817.85,6620.0
PR001459,2026-08-29,MANDI-054,Ambala,Maize,,2571.0,2333.0,2090.0
PR005051,2026-05-25,MANDI-009,Sirsa,Mustard,5771.0,6909.74,6340.21,5650.0
PR011318,2026-04-24,,Ludhiana,Maize,2096.3,2371.9,2234.1,0.209
PR009555,2026-05-17,MANDI-034,Patiala,Wheat,0.2313,2821.95,2567.33,2275.0
PR008569,2026-07-10,MANDI-005,,Cotton,0.5683,6413.12,6048.15,6620.0
PR003335,2026-08-13,MANDI-016,Sirsa,Cotton,5871.3,6291.91,0.6082,
PR001379,2026-04-06,MANDI-019,Jalandhar,Maize,1847.0,2167.94,2007.31,2090.0
PR010793,2026-04-18,MANDI-007,Ferozepur,Maize,2062.0,2366.26,2213.99,2090.0
PR008944,2026-08-08,MANDI-045,Kurukshetra,Rice,1876.63,,1924.0,2183.0
PR002969,2026-05-02,MANDI-004,Sirsa,Sugarcane,3140.659017779662,3852.1,3496.0,3500.0
PR009944,2026-02-02,MANDI-051,Jalandhar,Sugarcane,3039.0,3781.156639326921,3410.0,3500.0
PR002943,2026-02-08,MANDI-010,Moga,Rice,2148.49,0.2676,2412.3260773005436,0.2183
PR006042,2026-05-23,MANDI-032,,Mustard,0.5911,0.732,6615.51,5650.0
PR001580,2026-05-02,MANDI-025,Jalandhar,Wheat,2334.0,2883.92,2609.01,2275.0
PR009597,2026-04-25,MANDI-027,Ferozepur,Cotton,6143.47,7289.645578134766,6716.56,
PR007982,2026-10-04,MANDI-048,Amritsar,Cotton,6774.94,7143.51,6959.23,
PR007383,2026-06-29,MANDI-008,Jalandhar,Rice,1916.24,2139.62,0.2028,2183.0
PR000654,2026-06-21,,Bathinda,Wheat,0.2321,2756.0,2539.0,0.2275
PR001949,2026-01-04,MANDI-034,Moga,Cotton,6107.45,6730.97,6419.212491353923,6620.0
PR008487,2026-09-06,,Sirsa,Cotton,0.5784,6590.7,0.6187,6620.0
PR009041,2026-07-13,MANDI-034,,Sugarcane,0.3117,0.3277,0.3197,3500.0
PR006107,2026-03-25,MANDI-056,Kurukshetra,Wheat,0.229,2404.35,2347.01,2275.0
PR002016,2026-02-19,MANDI-018,Moga,Sugarcane,0.305,3776.0,3413.14,3500.0
PR005351,2026-01-27,MANDI-055,,Wheat,2021.3465449322655,2132.5,2077.0,2275.0
PR004576,2026-07-31,MANDI-036,Ambala,Rice,,2267.0,2191.7,2183.0
PR007756,2026-06-13,,Bathinda,Maize,2018.4494115873767,2130.95,2074.7,2090.0
PR004011,2026-06-11,MANDI-017,Ferozepur,Rice,1967.27,2204.0,2085.87,2183.0
PR006367,2026-04-13,MANDI-033,Ambala,Wheat,1980.0,2107.7470121928895,0.2044,2275.0
PR009707,2026-06-09,,Kurukshetra,Sugarcane,3617.0,4219.08,3917.93,3500.0
PR009480,2026-06-07,MANDI-049,Ludhiana,Mustard,4895.348916619767,0.5741,5318.0,5650.0
PR005735,2026-04-22,MANDI-036,Kurukshetra,Mustard,5114.0,5591.36,5352.77,5650.0
PR002617,2026-02-26,MANDI-013,Sirsa,Maize,2136.86,2568.9947200402253,0.2353,2090.0
PR011897,2026-06-14,MANDI-051,Bathinda,Rice,1924.49,2270.0,2097.23,2183.0
PR002382,2026-06-01,MANDI-010,Moga,Wheat,1990.27,2171.06,2080.6657255647997,2275.0
PR003622,2026-09-08,MANDI-041,,Maize,1878.0,2022.56,1950.26,2090.0
PR002607,2026-08-21,MANDI-035,Ferozepur,Mustard,5358.22,6687.91,6023.07,5650.0
PR001936,2026-05-04,MANDI-043,Sirsa,Sugarcane,3289.43,3715.18,3502.304407357241,
PR006607,2026-03-29,MANDI-021,Bathinda,Cotton,5708.55,6241.09,5974.82,6620.0
PR005857,2026-08-29,,Moga,Sugarcane,3419.0,4140.123112694285,3779.72,
PR002212,2026-12-05,MANDI-051,Ambala,Mustard,5632.0,6922.71,6277.46,5650.0
PR003373,2026-02-03,MANDI-020,Patiala,Maize,2151.43,2642.78,0.2397,
PR005604,2026-02-20,MANDI-009,,Wheat,2306.0,0.2589,2447.5,
PR005630,2026-12-08,,Sirsa,Mustard,5127.0,0.5421,5274.0,5650.0
PR003242,2026-06-09,MANDI-047,Bathinda,Sugarcane,3652.0,4154.99,3903.0,3500.0
PR008488,2026-07-09,MANDI-008,Moga,Sugarcane,2998.0,3598.0,3297.95,3500.0
PR003978,2026-04-04,MANDI-032,,Sugarcane,3393.0,0.4153,3772.86,3500.0
PR002014,2026-01-06,MANDI-017,Amritsar,Cotton,6490.83,7607.07,7048.95,6620.0
PR008649,2026-07-05,,Amritsar,Mustard,0.523,5899.83,5564.7,5650.0
PR007265,2026-01-08,MANDI-002,Ferozepur,Wheat,2289.9910385610347,2827.0,2558.27,2275.0
PR009712,2026-08-27,MANDI-037,Amritsar,Mustard,5088.68,0.5781,5435.0,5650.0
PR005781,2026-04-06,MANDI-033,,Wheat,2149.61,2365.6477333106577,2257.63,0.2275
PR008183,2026-02-07,,Jalandhar,Mustard,5332.0,0.6267,5800.0,5650.0
PR002575,2026-06-02,MANDI-025,Patiala,Sugarcane,0.3068,3236.4320027026824,3152.26,0.35
PR007857,2026-04-10,MANDI-004,Hisar,Wheat,2337.86,2476.44,2407.0,0.2275
PR008436,2026-09-02,MANDI-054,Sirsa,Maize,2048.0,2486.03,2267.247561348595,2090.0
PR002455,2026-07-21,MANDI-035,Karnal,Maize,1896.03,2321.556464017704,2108.79,0.209
PR007723,2026-04-21,MANDI-015,Kurukshetra,Maize,2131.5948427456715,0.2459,2295.49,0.209
PR011043,2026-05-30,MANDI-006,Moga,Cotton,6910.28,8423.119572063546,,0.662
PR002787,2026-08-24,MANDI-023,Ludhiana,Cotton,5743.2,6368.01,,0.662
PR010221,2026-08-09,MANDI-049,,Maize,1972.94,2375.51,2174.23,
PR006060,2026-05-30,,Ludhiana,Rice,2063.213994665403,0.2478,0.2271,2183.0
PR003340,2026-04-14,MANDI-049,Ludhiana,Maize,2129.25,2323.41,2226.0,2090.0
PR006498,2026-03-01,MANDI-005,Hisar,Mustard,5470.0,6535.1996394942025,6003.0,5650.0
PR009653,2026-10-08,,Ludhiana,Maize,1814.9288458124756,1925.267638600847,1870.0,2090.0
PR002920,2026-07-24,MANDI-050,Karnal,Wheat,2207.56,2343.0,0.2275,2275.0
PR010854,2026-09-01,MANDI-024,Fatehabad,Maize,1861.61,2256.0,2058.56,2090.0
PR009125,2026-01-07,MANDI-011,Ambala,Sugarcane,0.3292,3568.13,3430.31,0.35
PR004940,2026-05-02,MANDI-041,Karnal,Wheat,2327.91,2456.82,0.2392,
PR011095,2026-07-28,MANDI-040,Ferozepur,Wheat,0.2189,2559.0,,
PR008229,2026-01-12,MANDI-035,Fatehabad,Maize,2069.493624595327,0.2197,2133.0,2090.0
PR001660,2026-01-25,MANDI-001,Sirsa,Maize,1929.58,2109.0,2019.0,2090.0
PR001822,2026-08-04,MANDI-026,,Maize,0.2055,2210.0,0.2133,0.209
PR001477,2026-08-31,,,Sugarcane,3305.72,3650.04,3477.88,3500.0
PR009880,2026-08-17,MANDI-009,Bathinda,Wheat,2317.86,2612.09,2464.97,2275.0
PR010760,2026-04-25,MANDI-018,,Sugarcane,3096.2331587127005,3735.51,3415.87,3500.0
PR007306,2026-02-07,MANDI-028,Sirsa,Sugarcane,3084.22,0.3297,,3500.0
PR003208,2026-03-02,MANDI-013,Sirsa,Sugarcane,3054.17,3643.62,3348.9,3500.0
PR005286,2026-06-10,MANDI-014,Ludhiana,Maize,0.189,2318.6,2104.19,0.209
PR001991,2026-03-28,MANDI-004,Bathinda,Rice,2048.8275895464185,2539.83,2294.33,2183.0
PR008169,2026-02-01,MANDI-017,,Maize,2034.1,2538.18,2286.14,2090.0
PR005485,2026-06-24,,,Sugarcane,3517.07,4143.97,3831.0,3500.0
PR005940,2026-03-21,,Ambala,Sugarcane,3671.88,4577.59,4124.732696462534,3500.0
PR005349,2026-05-27,MANDI-004,Hisar,Wheat,2332.0,2567.297864519862,2449.56,2275.0
PR008426,2026-06-21,MANDI-057,Moga,Cotton,6616.66,7161.63,6889.15,0.662
PR004381,2026-05-04,MANDI-003,Patiala,Maize,0.1947,,2053.05,0.209
PR007149,2026-06-01,,Ferozepur,Sugarcane,3538.0,4228.9,,3500.0
PR008440,2026-07-21,MANDI-022,Moga,Rice,1917.72,2283.9890308584067,2100.86,
PR005421,2026-08-27,MANDI-022,Bathinda,Cotton,6777.05,,7047.119974176496,6620.0
PR008375,2026-08-07,MANDI-017,Bathinda,Mustard,5910.05,6472.38,6191.21,5650.0
PR007532,2026-06-25,MANDI-030,Hisar,Rice,0.227,2828.57,2549.22,2183.0
PR011922,2026-07-13,MANDI-004,,Sugarcane,3022.82,3762.6468234642975,3393.0,3500.0
PR005442,2026-06-17,MANDI-033,Amritsar,Sugarcane,3176.72,3887.98,3532.35,3500.0
PR000907,2026-03-16,MANDI-048,Bathinda,Sugarcane,3526.68,0.3965,3745.93,3500.0
PR010079,2026-07-26,,Ferozepur,Sugarcane,3365.21,,0.3671,3500.0
PR002048,2026-06-16,MANDI-034,Amritsar,Maize,2070.19,2585.29,2327.74,0.209
PR007074,2026-10-04,MANDI-045,Bathinda,Rice,1944.7103850307815,2190.0,2067.33,2183.0
PR008790,2026-02-12,,Sirsa,Maize,1818.31,2220.97,2020.0,2090.0
PR009978,2026-04-21,MANDI-024,Fatehabad,Wheat,2032.28,2518.37,2275.32,2275.0
PR005334,2026-07-13,MANDI-044,,Wheat,2194.62,2312.64,2253.630751720043,2275.0
PR003525,2026-03-01,MANDI-029,Fatehabad,Rice,2069.0,2516.0,2293.0,2183.0
PR001230,2026-11-06,MANDI-049,Sirsa,Cotton,6586.83,7859.01,7222.92,6620.0
PR005158,2026-06-05,,Amritsar,Cotton,6831.13,8538.0,0.7684,0.662
PR001923,2026-04-08,MANDI-041,Ludhiana,Cotton,6263.0,7657.13,6960.1,6620.0
PR003877,2026-05-31,MANDI-024,Hisar,Wheat,0.2196,2428.0,2312.34,2275.0
PR009164,2026-07-21,MANDI-015,Ludhiana,Rice,2083.63,,2336.75,0.2183
PR000395,2026-07-31,MANDI-019,Kurukshetra,Rice,2123.1,2232.46,2177.78,
PR010935,2026-07-16,MANDI-032,Jalandhar,Mustard,,,5846.27,5650.0
PR006689,2026-08-16,MANDI-038,Karnal,Sugarcane,3436.39,4219.0,3827.84,
PR011996,2026-03-17,MANDI-018,Kurukshetra,Rice,2124.5,2424.28,2274.0,0.2183
PR007446,2026-03-27,MANDI-019,Amritsar,Mustard,5710.14,6505.52,6107.83,5650.0
PR002994,2026-02-21,,Jalandhar,Maize,1881.0,2123.28,2002.0,0.209
PR002871,2026-01-02,MANDI-022,Jalandhar,Wheat,2315.872511347835,2677.49,2496.6798718708983,2275.0
PR010645,2026-06-28,,Amritsar,Mustard,4938.75,5544.39,5241.57,5650.0
PR004536,2026-06-02,MANDI-013,Moga,Cotton,5789.52,,6265.65,6620.0
PR006699,2026-08-05,,,Mustard,5650.837471238683,6433.15,6041.99,5650.0
PR002085,2026-07-19,MANDI-056,Sirsa,Mustard,4802.73,0.59,5352.0,5650.0
PR004474,2026-05-08,MANDI-004,Karnal,Cotton,6876.44,0.8105,7490.9,6620.0
PR009323,2026-07-26,,,Maize,1991.75,2333.92,0.2163,2090.0
PR010399,2026-02-16,MANDI-034,,Wheat,2018.0,2299.1552228988476,2158.63,2275.0
PR006542,2026-05-03,MANDI-021,Jalandhar,Mustard,5450.08,6587.76,6018.92,5650.0
PR002508,2026-01-28,MANDI-012,Amritsar,Mustard,5092.12,0.5798,0.5445,5650.0
PR007257,2026-08-08,MANDI-028,,Cotton,5721.968893976612,6600.96,0.6161,0.662
PR010046,2026-08-06,MANDI-055,Kurukshetra,Sugarcane,3309.31,3766.0,0.3538,3500.0
PR010518,2026-03-05,,,Wheat,2165.18,2533.25,2349.21,2275.0
PR002910,2026-05-11,MANDI-016,Karnal,Wheat,2337.91,2738.08,2537.99,2275.0
PR002955,2026-02-22,MANDI-022,Hisar,Wheat,2226.77,2533.5,0.238,2275.0
PR008716,2026-07-06,MANDI-048,Hisar,Rice,0.1927,2278.38,2102.59,0.2183
PR006462,2026-01-20,MANDI-041,Moga,Wheat,2375.24,2615.863976732938,0.2496,
PR006366,2026-06-30,MANDI-023,Ferozepur,Mustard,4854.0,5687.46,0.5271,
PR000489,2026-05-28,MANDI-043,Kurukshetra,Wheat,2152.04,2671.03,2411.5324664121126,2275.0
PR005817,2026-03-27,MANDI-015,Ferozepur,Sugarcane,3663.0,4303.0,3983.0,3500.0
PR002666,2026-05-28,MANDI-051,Patiala,Mustard,5818.12,0.6614,6216.2,
PR009668,2026-09-02,MANDI-031,Jalandhar,Rice,0.1944,2337.43,2140.62,2183.0
PR010182,2026-09-01,MANDI-036,Fatehabad,Wheat,2119.81,2529.34,2324.57,2275.0
PR010289,2026-08-26,MANDI-046,Bathinda,Wheat,1998.0,2243.21,2120.6643422759134,2275.0
PR007809,2026-04-16,MANDI-008,Patiala,Rice,1944.89,2333.1,2139.0,2183.0
PR008876,2026-03-19,MANDI-056,Amritsar,Cotton,0.5845,0.7231,6538.3,
PR001835,2026-05-08,MANDI-009,,Maize,2039.93,2322.6135860505156,0.2181,2090.0
PR005093,2026-04-13,MANDI-028,Sirsa,Sugarcane,3403.2,3843.28,3623.0,
PR008641,2026-07-20,MANDI-047,Patiala,Wheat,2229.94,0.2397,2313.29,
PR002031,2026-09-04,MANDI-005,,Rice,0.228,2536.82,2408.35,0.2183
PR007745,2026-08-13,MANDI-030,Ferozepur,Maize,0.2065,2403.44,2234.31,2090.0
PR005406,2026-04-20,,Jalandhar,Sugarcane,3584.41,,3899.27,3500.0
PR003293,2026-05-04,MANDI-033,,Cotton,6736.0,7582.09,7158.9,6620.0
PR006623,2026-01-23,MANDI-043,Moga,Mustard,,6638.34,0.6031,5650.0
PR008940,2026-11-03,,Jalandhar,Maize,1820.09,2157.13,1989.0,2090.0
PR009363,2026-08-07,MANDI-038,Ludhiana,Cotton,5778.6,6647.31,6212.954711239272,6620.0
PR010892,2026-01-23,MANDI-049,Karnal,Cotton,6819.22,8475.63,7647.0,6620.0
PR000062,2026-02-20,MANDI-043,Karnal,Mustard,5527.21,6389.556595376062,5958.38,0.565
PR009374,2026-05-10,,Ambala,Mustard,4855.0,5674.81,5264.792370999603,5650.0
PR008267,2026-04-05,MANDI-019,,Mustard,4810.18,0.5874,,5650.0
PR003681,2026-01-28,MANDI-004,Jalandhar,Sugarcane,3633.32,3883.48,3758.4,0.35
PR000450,2026-04-30,MANDI-001,Ludhiana,Rice,2150.18,2354.91,2252.55,0.2183
PR002200,2026-01-25,MANDI-056,Ludhiana,Maize,2146.56,2367.1,0.2257,2090.0
PR007892,2026-06-21,MANDI-017,Ferozepur,Maize,1974.04,2420.38,2197.209816333458,0.209
PR001643,2026-05-15,MANDI-045,Ludhiana,Sugarcane,0.3348,3745.07,3546.67,
PR001097,2026-02-23,,Ferozepur,Wheat,0.2242,2568.15,2405.02,2275.0
PR010990,2026-01-24,MANDI-007,,Cotton,6067.27,7400.0,6733.78,6620.0
PR010317,2026-07-09,MANDI-044,Karnal,Mustard,,5801.0,5329.0,5650.0
PR003069,2026-06-21,MANDI-040,Ludhiana,Sugarcane,3442.46,4038.9625138023325,3740.71,3500.0
PR010359,2026-06-09,MANDI-014,Ludhiana,Cotton,6303.91,,6494.860772912013,6620.0
PR001238,2026-03-30,MANDI-001,Sirsa,Rice,2148.21,0.2544,2345.91,2183.0
PR007066,2026-06-16,MANDI-055,Karnal,Maize,1930.0,0.2362,2145.85,2090.0
PR005577,2026-04-28,MANDI-029,Bathinda,Cotton,6220.53,6862.0,6541.0,6620.0
PR011647,2026-05-06,MANDI-045,Jalandhar,Rice,2139.94,2492.47,2316.2,2183.0
PR007407,2026-02-08,MANDI-030,Jalandhar,Cotton,6900.621650174188,8215.038082413746,7557.83,6620.0
PR005431,2026-03-26,,,Mustard,5874.911446857766,7340.02,6607.466234609245,
PR002867,2026-01-04,MANDI-030,Kurukshetra,Maize,1939.45,2303.0,2121.0,2090.0
PR005568,2026-05-25,MANDI-025,Hisar,Cotton,5808.281755826744,,6399.3,6620.0
PR003442,2026-04-25,MANDI-048,Ambala,Maize,0.1782,2078.77,0.193,2090.0
PR001786,2026-05-06,MANDI-010,Kurukshetra,Cotton,,6580.986166407294,6306.0,6620.0
PR006067,2026-05-09,MANDI-044,Moga,Mustard,5150.86,6268.41,5709.634498959445,5650.0
PR011826,2026-01-23,MANDI-011,Ferozepur,Maize,1832.26,0.2192,,2090.0
PR002177,2026-07-14,MANDI-010,Ambala,Wheat,0.2074,2279.94,2176.77,2275.0
PR004017,2026-08-14,MANDI-001,,Maize,,2010.94,1924.14,
PR010879,2026-01-14,MANDI-039,Jalandhar,Maize,0.1888,2300.58,2094.07,2090.0
PR004040,2026-04-04,MANDI-010,Ludhiana,Rice,,2513.340247964303,2284.774327602282,2183.0
PR004902,2026-02-11,MANDI-028,Fatehabad,Rice,,2130.0,2065.0,0.2183
PR006039,2026-03-09,MANDI-045,,Wheat,2174.45,2358.25,2266.35,2275.0
PR003801,2026-05-18,,Amritsar,Sugarcane,3194.43,3932.0,3563.39,3500.0
PR011629,2026-05-12,MANDI-042,Patiala,Rice,1948.68,2118.47,2033.57,
PR001492,2026-08-08,MANDI-045,,Sugarcane,3296.026537956503,3807.11,3551.570162443291,0.35
PR007279,2026-02-02,,Fatehabad,Cotton,6048.12,6486.0,0.6267,6620.0
PR003120,2026-08-03,MANDI-050,Karnal,Rice,1922.07,2238.0,2079.88,2183.0
PR006140,2026-05-12,MANDI-011,Hisar,Mustard,5931.49,7048.460987876932,6489.98,5650.0
PR004298,2026-10-05,MANDI-025,,Sugarcane,3344.63,3690.06,0.3517,
PR005027,2026-08-24,MANDI-010,Kurukshetra,Maize,0.2131,2536.49,2334.0,0.209
PR007572,2026-01-30,MANDI-028,Amritsar,Cotton,6785.28,7851.09,7318.18,6620.0
PR006149,2026-06-29,MANDI-008,Kurukshetra,Rice,1979.0,0.217,,2183.0
PR000525,2026-03-21,,Sirsa,Wheat,,2249.67,2114.0,2275.0
PR002225,2026-07-29,MANDI-028,Ludhiana,Mustard,5419.0,5789.0,5603.736734934802,
PR005097,2026-06-25,MANDI-033,Moga,Wheat,0.2298,2491.0,2394.79,0.2275
PR000216,2026-07-05,MANDI-032,,Maize,1801.10783473866,2063.7233578245264,0.1932,
PR000326,2026-03-27,MANDI-042,Fatehabad,Sugarcane,0.3651,4056.37,3853.57,3500.0
PR000678,2026-04-03,MANDI-033,Ferozepur,Rice,2233.49,,2311.57,2183.0
PR002338,2026-01-09,MANDI-037,Karnal,Maize,2051.11,2350.0,2200.79,2090.0
PR011021,2026-06-13,MANDI-056,Kurukshetra,Cotton,6947.02,7850.0,7399.0,6620.0
PR011529,2026-03-15,MANDI-021,Ludhiana,Maize,0.1867,2295.64,0.2081,2090.0
PR005573,2026-05-04,MANDI-028,Ambala,Sugarcane,3560.32,4034.97,3798.0,3500.0
PR002236,2026-08-04,MANDI-052,,Wheat,2016.5,2490.54,2253.52,2275.0
PR003745,2026-08-26,MANDI-047,Patiala,Sugarcane,3396.04,3788.5,0.3592,3500.0
PR001162,2026-01-19,MANDI-020,,Wheat,1985.54,2441.8,2213.67,2275.0
PR004882,2026-07-06,MANDI-013,Jalandhar,Sugarcane,3257.73182959551,,3613.12,3500.0
PR003271,2026-02-21,MANDI-010,,Sugarcane,3145.83,3333.0,3239.0,
PR008437,2026-01-06,MANDI-004,,Wheat,,2366.0,2249.45,2275.0
PR011119,2026-09-01,MANDI-048,Ambala,Mustard,5378.635139189006,6036.96,5707.8,5650.0
PR010089,2026-08-31,MANDI-034,Hisar,Sugarcane,3263.9892881698993,3686.8064516066183,3475.4,
PR009407,2026-03-10,MANDI-040,Amritsar,Rice,0.2002,2328.64,2165.55,2183.0
PR002859,2026-06-04,MANDI-048,Ferozepur,Sugarcane,3296.71,3847.94,3572.32,3500.0
PR002169,2026-01-05,MANDI-038,Amritsar,Cotton,0.5988,0.6733,6360.45,
PR008964,2026-08-03,MANDI-008,Kurukshetra,Rice,1926.86,2139.25,2033.06,2183.0
PR008914,2026-08-14,MANDI-033,Bathinda,Mustard,0.5352,6164.0,5758.33,0.565
PR011759,2026-09-04,MANDI-045,Ambala,Wheat,0.214,2599.0,2369.6361614306643,2275.0
PR005209,2026-05-04,MANDI-043,Bathinda,Sugarcane,0.3214,,3562.42,3500.0
PR010129,2026-08-15,MANDI-030,Hisar,Maize,1842.73,0.2264,0.2053,2090.0
PR011258,2026-05-05,MANDI-017,,Maize,2181.39,0.2459,2320.28,2090.0
PR001084,2026-07-01,MANDI-036,Kurukshetra,Sugarcane,3390.4363467071425,3620.71,0.3506,3500.0
PR003529,2026-01-15,MANDI-025,Ambala,Cotton,6107.68,7011.6,6559.64,0.662
PR000676,2026-02-22,,,Wheat,2226.0,2481.62,2354.03,
PR009799,2026-09-05,MANDI-055,Amritsar,Maize,2100.49,2521.5949523923705,2311.04,2090.0
PR005392,2026-12-03,MANDI-057,Ferozepur,Maize,2136.99,2388.47,2263.0,0.209
PR008721,2026-05-22,MANDI-046,Jalandhar,Rice,2004.45,2277.0,2140.63,2183.0
PR000327,2026-08-11,MANDI-052,Hisar,Sugarcane,3122.38,3780.12,3451.25,3500.0
PR001480,2026-08-19,MANDI-052,Sirsa,Maize,,2072.0,1985.15,2090.0
PR000415,2026-08-13,MANDI-024,,Rice,2106.13,0.2226,2166.22,2183.0
PR002623,2026-01-31,MANDI-014,Fatehabad,Mustard,5209.51,6132.29,5670.9,5650.0
PR008230,2026-08-12,MANDI-021,Bathinda,Sugarcane,3604.66,4374.23,3989.442497823127,3500.0
PR006297,2026-02-08,MANDI-004,Ferozepur,Rice,1979.84,2239.0,2109.45,2183.0
PR000560,2026-05-02,,Ferozepur,Sugarcane,3381.14,3998.38,3689.761424833261,3500.0
PR000539,2026-03-03,MANDI-045,Moga,Wheat,2120.97,2282.6,2201.78,2275.0
PR007033,2026-06-11,MANDI-029,Ferozepur,Maize,2124.330126302599,2428.4089479672025,2276.369537134901,2090.0
PR005806,2026-09-06,,,Sugarcane,,4060.22,3829.04,0.35
PR001623,2026-02-21,MANDI-037,,Cotton,6306.15,0.7526,0.6916,6620.0
PR007163,2026-01-04,,Bathinda,Sugarcane,3583.25,0.4467,4024.8905657939736,3500.0
PR010714,2026-03-30,MANDI-024,Bathinda,Wheat,2334.68,2729.93,2532.31,2275.0
PR010549,2026-03-02,MANDI-018,Ferozepur,Sugarcane,2993.84,3647.0,,3500.0
PR000612,2026-04-09,MANDI-034,Ludhiana,Mustard,5837.3,6915.12,6376.21,5650.0
PR009963,2026-06-22,MANDI-015,Ambala,Wheat,2059.0367092846714,2535.85,2297.44,2275.0
PR008047,2026-08-28,MANDI-021,,Maize,2043.86,2372.78,2208.3192468111233,2090.0
PR010119,2026-07-20,MANDI-041,,Mustard,0.5402,5826.14,5614.18,5650.0
PR005320,2026-01-23,MANDI-047,Ambala,Cotton,6089.44,6702.39,6395.91,
PR004614,2026-03-25,MANDI-007,Amritsar,Cotton,6064.38,6950.9,6507.64,
PR000367,2026-08-10,MANDI-040,Bathinda,Wheat,1936.0,0.2216,0.2076,
PR007844,2026-04-06,MANDI-015,Patiala,Sugarcane,3355.43,3743.14,3549.28,3500.0
PR004472,2026-08-26,MANDI-018,Sirsa,Mustard,0.5887,6608.19,,5650.0
PR002846,2026-05-18,MANDI-024,Bathinda,Sugarcane,3333.0,4032.0,3682.47,3500.0
PR009818,2026-07-06,,Patiala,Maize,0.1896,0.2221,2058.68,2090.0
PR003688,2026-06-27,MANDI-014,Amritsar,Rice,2083.14,2528.0,2305.5658073282984,
PR004662,2026-08-08,MANDI-034,Amritsar,Sugarcane,3039.19,,0.3296,3500.0
PR002824,2026-09-05,,Sirsa,Maize,2083.89,0.2539,2311.6,2090.0
PR006824,2026-01-28,MANDI-008,,Rice,2175.342602184806,2330.16,2252.75,
PR002364,2026-08-04,MANDI-055,Karnal,Mustard,0.5363,0.6281,5821.83,5650.0
PR007076,2026-07-26,,Moga,Mustard,0.5653,6142.89,5897.89,5650.0
PR006616,2026-05-08,MANDI-018,Amritsar,Sugarcane,3183.87,3931.53,,
PR000245,2026-08-18,MANDI-031,Bathinda,Maize,2066.83,2269.0,2168.16,2090.0
PR010403,2026-05-23,MANDI-032,Ludhiana,Wheat,0.204,2440.41,2240.0,
PR010904,2026-01-14,MANDI-038,Fatehabad,Sugarcane,3586.476311518265,0.4392,3989.43,
PR009118,2026-03-21,MANDI-033,Kurukshetra,Rice,0.2246,2761.02,0.2503,0.2183
PR004887,2026-06-12,MANDI-013,Amritsar,Mustard,5353.32,,5770.0,5650.0
PR011337,2026-04-24,MANDI-007,Moga,Sugarcane,3296.6,4091.0,3694.0,3500.0
PR007096,2026-10-06,MANDI-044,Ambala,Sugarcane,3355.72,0.3624,3489.9432301467477,3500.0
PR004585,2026-02-14,MANDI-047,Fatehabad,Cotton,5715.14061722257,,5916.5207860996015,
PR011556,2026-04-25,MANDI-031,Bathinda,Rice,2040.23,2209.0,2124.86,2183.0
PR002040,2026-05-23,MANDI-011,Ludhiana,Maize,2109.47,2582.96,2346.2159729650166,0.209
PR005639,2026-06-12,MANDI-040,Ludhiana,Maize,1960.59,2062.0,2011.32,2090.0
PR007119,2026-04-17,MANDI-053,Sirsa,Sugarcane,3524.01,0.3823,0.3674,3500.0
PR010247,2026-08-03,MANDI-004,,Cotton,,0.7925,7306.8,6620.0
PR004656,2026-02-09,MANDI-048,Jalandhar,Sugarcane,0.3272,4068.2,3670.04,3500.0
PR010966,2026-09-03,MANDI-031,Bathinda,Sugarcane,3271.48,3460.57,3366.02,3500.0
PR002065,2026-06-07,MANDI-017,Ludhiana,Rice,,2013.68,0.1947,
PR011532,2026-06-09,MANDI-036,Kurukshetra,Cotton,6473.07,7232.41,,
PR006008,2026-09-03,MANDI-016,,Cotton,0.6746,8132.4,0.7439,
PR007719,2026-02-10,MANDI-015,Ambala,Maize,2149.81,2349.78,0.225,2090.0
PR009734,2026-04-20,MANDI-006,Patiala,Wheat,,,,2275.0
PR009201,2026-02-24,MANDI-027,Kurukshetra,Wheat,1975.0,2256.0,,0.2275
PR011380,2026-01-22,MANDI-029,,Cotton,6210.0,7161.99,6686.0,6620.0
PR009128,2026-06-29,MANDI-057,,Mustard,0.5729,6821.006742814968,6275.2,0.565
PR011434,2026-09-02,MANDI-054,Fatehabad,Rice,1920.79,2359.11,2139.95,2183.0
PR002538,2026-03-19,MANDI-043,Ferozepur,Cotton,6160.71,7023.17,6591.940674390551,6620.0
PR010920,2026-08-14,MANDI-053,Amritsar,Mustard,,6546.59,6004.15,5650.0
PR000205,2026-02-18,MANDI-042,Amritsar,Rice,2285.5463403059834,2468.07,2376.81,0.2183
PR010397,2026-08-23,MANDI-034,Ferozepur,Mustard,5120.69,5748.11,5434.4,5650.0
PR003026,2026-07-01,MANDI-027,Jalandhar,Mustard,5089.19,6245.53,5667.36,5650.0
PR004092,2026-09-09,,Ludhiana,Cotton,5916.24,6691.0,6304.0,6620.0
PR007327,2026-05-07,MANDI-056,,Sugarcane,3076.9,3629.77,3353.34,
PR011360,2026-07-14,MANDI-010,,Wheat,1949.5,2219.88,2085.0,
PR009980,2026-06-01,MANDI-017,Hisar,Cotton,5814.08,6746.46,6280.0,6620.0
PR009708,2026-05-01,MANDI-010,Moga,Rice,2086.4,,2167.41,2183.0
PR008094,2026-04-26,MANDI-055,Ferozepur,Rice,2199.0,2738.72,2468.97,2183.0
PR005926,2026-04-16,MANDI-037,Kurukshetra,Wheat,0.2165,2641.17,2402.89,2275.0
PR004637,2026-05-17,MANDI-041,Karnal,Maize,2073.2,2458.23,2265.72,2090.0
PR010662,2026-04-01,MANDI-056,Ludhiana,Maize,1989.0,2156.6808963346425,2072.66,
PR001194,2026-05-16,MANDI-006,Ludhiana,Wheat,0.2181,2517.4770910959764,2349.29,2275.0
PR001189,2026-08-06,MANDI-040,Sirsa,Sugarcane,3082.42,3728.2,3405.31,3500.0
PR003173,2026-03-19,MANDI-054,Ludhiana,Cotton,0.5659,7057.53,,6620.0
PR005907,2026-01-24,MANDI-038,Kurukshetra,Wheat,1939.0,2171.74,2056.0,2275.0
PR003592,2026-01-13,MANDI-050,Amritsar,Rice,0.1961,2068.0,0.2015,0.2183
PR000993,2026-06-02,,Moga,Wheat,2173.97,2449.53,2311.75,2275.0
PR002074,2026-04-10,MANDI-035,Bathinda,Cotton,5774.73,6117.38,0.5946,0.662
PR010476,2026-08-29,MANDI-051,,Sugarcane,3178.0079325113534,3563.692442713811,3370.85,3500.0
PR011193,2026-01-10,MANDI-044,Ambala,Maize,2045.750418301563,2264.27,2155.01,2090.0
PR008438,2026-01-05,MANDI-003,,Mustard,4882.12,0.557,5225.99,5650.0
PR011986,2026-06-11,MANDI-029,Ludhiana,Maize,1969.29,0.2452,2210.44,
PR006254,2026-06-04,MANDI-033,Jalandhar,Mustard,5801.735799809264,6299.57,0.6051,5650.0
PR006698,2026-06-13,MANDI-005,Bathinda,Mustard,4841.46,5084.43,0.4963,5650.0
PR003621,2026-03-30,MANDI-041,Ferozepur,Wheat,2036.7931472346727,2188.56,2112.68,
PR005714,2026-02-23,MANDI-046,Fatehabad,Wheat,0.2152,2288.0,2219.75,2275.0
PR009493,2026-07-17,MANDI-021,Jalandhar,Mustard,5047.86,5305.0,5176.46,5650.0
PR010798,2026-08-29,MANDI-004,Hisar,Mustard,5144.0,6154.627911456034,0.5649,5650.0
PR005264,2026-06-29,MANDI-044,Ambala,Cotton,6189.0,7578.31,6883.72,6620.0
PR003260,2026-04-27,MANDI-057,Patiala,Mustard,5664.0,6617.18,6140.77,
PR010742,2026-02-27,MANDI-055,Ferozepur,Maize,1860.9298877432864,2063.0,1961.81,2090.0
PR000101,2026-04-23,,Sirsa,Wheat,0.1998,2289.85,0.2144,2275.0
PR008817,2026-02-06,MANDI-042,Patiala,Mustard,5781.86,6693.0,0.6237,5650.0
PR005703,2026-03-11,MANDI-014,Ferozepur,Mustard,0.4859,5263.32,5060.92,
PR011432,2026-01-29,MANDI-050,Karnal,Sugarcane,3572.0,3831.2046881883994,3701.43,3500.0
PR003306,2026-03-22,MANDI-040,Ferozepur,Cotton,6326.8,7076.31,6701.56,
PR009933,2026-09-06,MANDI-019,Karnal,Sugarcane,3635.51,4484.0,4059.7427469521735,3500.0
PR003845,2026-06-15,,Ferozepur,Maize,0.199,2277.65,2134.07,2090.0
PR004138,2026-02-23,MANDI-044,,Maize,1780.0,1910.06,1845.03,2090.0
PR003154,2026-03-24,MANDI-016,Kurukshetra,Maize,1986.51,2317.157398367116,2151.83,
PR005002,2026-06-15,MANDI-031,,Wheat,2074.63,0.2444,0.2259,
PR009823,2026-06-08,MANDI-053,Moga,Sugarcane,3134.79,3543.86,3339.0,3500.0
PR007461,2026-09-06,MANDI-023,,Sugarcane,3213.94,3833.0,3524.0,3500.0
PR008819,2026-04-24,MANDI-035,,Mustard,5808.0,6493.57,6150.96,5650.0
PR011467,2026-08-21,MANDI-041,Moga,Sugarcane,3346.9857425710447,0.358,3463.0,3500.0
PR006738,2026-02-23,MANDI-032,Hisar,Cotton,5952.352399253792,6263.7,0.6108,6620.0
PR007780,2026-04-22,MANDI-032,Hisar,Cotton,6384.8,7199.688059363375,6792.24,6620.0
PR000929,2026-02-16,MANDI-032,Ludhiana,Mustard,5125.08,0.592,5522.688282965513,5650.0
PR005193,2026-02-22,MANDI-042,,Rice,1929.39,0.2204,0.2067,2183.0
PR005511,2026-06-10,,Jalandhar,Rice,2081.0,2187.15,2134.15,2183.0
PR009554,2026-05-28,MANDI-010,,Rice,1884.0,2231.97,0.2058,2183.0
PR002369,2026-08-16,MANDI-016,Sirsa,Cotton,0.6825,0.7932,0.7379,6620.0
PR009594,2026-04-08,MANDI-020,Kurukshetra,Sugarcane,3210.74,3975.0,0.3593,3500.0
PR008334,2026-02-22,MANDI-013,Ludhiana,Mustard,5569.13,5957.286109304638,5763.21,5650.0
PR001926,2026-08-13,MANDI-023,Karnal,Sugarcane,3615.58,3915.0,3765.31,3500.0
PR006793,2026-02-09,MANDI-003,Ferozepur,Mustard,,5596.52,5360.37,
PR010710,2026-06-15,MANDI-035,Karnal,Rice,1939.0,0.2291,2115.0,2183.0
PR011172,2026-05-03,MANDI-015,Ambala,Rice,2128.42,2494.21,0.2311,2183.0
PR000023,2026-05-21,MANDI-029,Moga,Cotton,6893.25,7877.065787820885,7385.16,0.662
PR002992,2026-03-02,MANDI-052,Patiala,Wheat,1949.77,,2172.83,2275.0
PR000107,2026-07-25,MANDI-052,,Mustard,5919.17,6395.78,6157.47,5650.0
PR011894,2026-02-01,MANDI-057,Ferozepur,Mustard,5269.3,0.6187,5727.96,5650.0
PR006803,2026-01-16,MANDI-006,,Cotton,6914.759235157068,7844.34,0.738,
PR007099,2026-09-03,MANDI-043,Fatehabad,Cotton,6401.0,7488.41,6944.94,6620.0
PR010021,2026-07-30,MANDI-046,Sirsa,Mustard,4861.771340767096,6010.63,5436.2,5650.0
PR002487,2026-08-05,MANDI-013,Moga,Maize,1821.65,2016.9,0.1919,2090.0
PR008839,2026-02-19,MANDI-010,Amritsar,Maize,2063.0,2538.54,2300.527665388,2090.0
PR001431,2026-08-08,MANDI-052,Ambala,Sugarcane,3110.49,0.3306,3208.33,3500.0
PR011817,2026-03-27,MANDI-031,Moga,Cotton,5974.99,0.7291,6632.84,0.662
PR004419,2026-01-08,MANDI-015,Fatehabad,Mustard,5537.82,6007.1,5772.46,
PR008051,2026-03-01,MANDI-037,Fatehabad,Maize,1792.02,2075.89,1933.955579678514,0.209
PR005149,2026-01-31,MANDI-022,Jalandhar,Maize,2005.37,2214.06,2109.72,2090.0
PR000051,2026-05-29,MANDI-017,Jalandhar,Mustard,0.5653,,5913.064611644944,5650.0
PR009261,2026-05-14,MANDI-054,Bathinda,Sugarcane,,3318.79,3231.87,3500.0
PR003982,2026-07-25,MANDI-052,Karnal,Mustard,5394.88,5716.55,5555.71,5650.0
PR006575,2026-06-05,MANDI-026,Hisar,Wheat,0.2179,2550.1614522418304,2364.48,2275.0
PR005652,2026-04-06,MANDI-027,,Wheat,2148.36,2575.71,2362.03,2275.0
PR009007,2026-05-19,MANDI-045,Ludhiana,Rice,2044.0,0.2395,0.2219,2183.0
PR008190,2026-03-30,MANDI-014,Ferozepur,Maize,2149.0,2459.04,2304.14,
PR007497,2026-12-07,MANDI-011,Fatehabad,Mustard,5130.48,5907.81,5519.15,0.565
PR000053,2026-07-24,MANDI-040,Bathinda,Sugarcane,3342.73,3861.0,3601.81,3500.0
PR005200,2026-07-21,MANDI-029,Ferozepur,Mustard,5005.15,5260.15,5132.65,5650.0
PR004885,2026-02-15,MANDI-043,Bathinda,Sugarcane,3371.448587556405,0.4105,3738.33089820915,0.35
PR002372,2026-02-15,MANDI-014,Patiala,Rice,2216.85,2583.0,2399.92,2183.0
PR004652,2026-09-02,MANDI-026,Bathinda,Wheat,2362.45,2829.470370835549,2596.0,2275.0
PR000819,2026-08-22,,Amritsar,Wheat,,2577.885707484563,2375.24,2275.0
PR005313,2026-08-11,MANDI-033,,Mustard,4944.0,5255.3886382073315,5099.6,5650.0
PR008048,2026-06-04,MANDI-013,Fatehabad,Sugarcane,0.3313,4054.0,3683.54,3500.0
PR005914,2026-06-25,MANDI-056,Hisar,Cotton,,6904.23,6595.0,6620.0
PR003000,2026-07-04,MANDI-020,Sirsa,Rice,2079.76,0.2214,2147.03,0.2183
PR004307,2026-02-02,MANDI-015,Karnal,Wheat,2175.13,2440.22,2307.67,2275.0
PR009807,2026-08-19,MANDI-056,Moga,Rice,2093.32,,2308.6243285395017,2183.0
PR001793,2026-05-04,MANDI-009,Hisar,Maize,2189.78,2661.08,2425.43,2090.0
PR008443,2026-07-04,MANDI-013,,Cotton,6766.0,7368.36,0.7067,6620.0
PR005448,2026-05-27,MANDI-037,,Wheat,0.2143,2448.33,2295.5,2275.0
PR001035,2026-08-22,MANDI-048,,Wheat,2289.63,2566.64,2428.1337131544333,
PR005539,2026-02-20,MANDI-005,Jalandhar,Mustard,0.5007,5845.58,5426.0,5650.0
PR009309,2026-07-27,MANDI-007,Ludhiana,Cotton,6022.1,0.6403,6212.0,
PR011407,2026-01-07,,Ambala,Maize,1999.77,2286.14,2142.96,2090.0
PR000425,2026-02-05,MANDI-023,,Rice,0.219,2608.76,2399.466903251863,2183.0
PR010152,2026-02-08,MANDI-004,Kurukshetra,Maize,1951.6,2084.0,2017.9,2090.0
PR002353,2026-08-29,MANDI-029,Patiala,Sugarcane,0.2979,0.3523,3250.9323940019935,
PR007968,2026-08-16,,Bathinda,Sugarcane,3167.03,0.3892,3529.43,3500.0
PR000467,2026-06-17,MANDI-048,Bathinda,Maize,2050.78,2448.0,2249.3,
PR011601,2026-08-18,MANDI-027,Patiala,Maize,2156.16,2388.34,2272.25,2090.0
PR000618,2026-06-28,MANDI-018,Ambala,Sugarcane,,3484.0,0.3366,3500.0
PR010388,2026-06-25,MANDI-033,Patiala,Maize,2033.39,2477.83,2255.61,2090.0
PR003412,2026-06-24,,Karnal,Cotton,,8039.59,7245.677295994859,6620.0
PR011763,2026-02-07,MANDI-051,Fatehabad,Rice,2165.0,2390.49,2277.72,2183.0
PR007896,2026-07-23,MANDI-056,Fatehabad,Rice,1880.12,2241.0,0.2061,0.2183
PR006028,2026-06-14,MANDI-014,Ambala,Maize,0.2043,2237.8,2140.48,2090.0
PR004077,2026-04-23,,Patiala,Mustard,5175.43,6212.28,5693.856370724351,5650.0
PR007593,2026-04-30,MANDI-016,Ambala,Cotton,6145.1,7641.838412738933,6893.47,6620.0
PR005029,2026-06-27,MANDI-013,Kurukshetra,Wheat,2204.97,2362.45,2283.71,0.2275
PR004070,2026-02-09,MANDI-017,Bathinda,Wheat,,2259.89,2117.9,2275.0
PR011057,2026-02-06,MANDI-037,Jalandhar,Rice,2145.0,2675.59,,2183.0
PR001456,2026-01-16,MANDI-041,Sirsa,Maize,2117.86,2414.33,2266.095589454159,2090.0
PR009315,2026-01-28,,Patiala,Rice,1871.18,2001.38,1936.2808981694259,
PR003890,2026-06-09,MANDI-017,Sirsa,Rice,2054.19,2372.0,2213.19,2183.0
PR007564,2026-05-31,MANDI-008,Fatehabad,Rice,2276.658881844435,2697.77,2487.214844414705,2183.0
PR007500,2026-07-22,MANDI-045,Ferozepur,Sugarcane,3228.4641809919444,3872.43,3550.0,3500.0
PR011369,2026-04-27,MANDI-011,Sirsa,Wheat,2150.97,2423.62,2287.3,2275.0
PR007361,2026-10-03,MANDI-006,Ferozepur,Maize,0.206,2537.42,2298.85,2090.0
PR001634,2026-06-13,MANDI-029,Amritsar,Mustard,5675.62,6736.0,6206.02,5650.0
PR000492,2026-05-04,MANDI-030,Kurukshetra,Cotton,6701.35,8093.090944363536,7397.22,6620.0
PR008883,2026-01-01,MANDI-044,Ludhiana,Maize,1996.47,2287.58,2142.02,2090.0
PR004594,2026-08-03,MANDI-032,Amritsar,Cotton,5861.08,6902.0,,6620.0
PR001863,2026-01-10,MANDI-034,Bathinda,Mustard,,6079.03,5707.42,5650.0
PR011081,2026-05-06,MANDI-009,Sirsa,Rice,2165.7942744651605,2308.17,0.2237,
PR005115,2026-10-01,,Ludhiana,Maize,1877.44,1984.52,1931.0,0.209
PR007036,2026-07-18,MANDI-022,Kurukshetra,Cotton,0.6826,7627.28,7226.43,6620.0
PR010094,2026-04-06,MANDI-052,Moga,Rice,0.2124,2402.91,2263.34,2183.0
PR001369,2026-03-27,MANDI-026,Jalandhar,Cotton,6589.0,,7327.088484063634,6620.0
PR005072,2026-01-19,MANDI-025,Ludhiana,Rice,2140.76,0.2425,2282.82,2183.0
PR010471,2026-08-11,MANDI-039,Kurukshetra,Cotton,5949.66,0.7194,6571.92,0.662
PR005441,2026-07-27,MANDI-029,Sirsa,Mustard,5931.0,6867.0,6398.98,5650.0
PR007507,2026-01-30,MANDI-022,Hisar,Sugarcane,3250.79,3613.37,3432.0,3500.0
PR011595,2026-02-25,MANDI-057,Bathinda,Wheat,2320.03,0.267,2494.86,2275.0
PR010376,2026-01-10,MANDI-002,Ambala,Wheat,1959.0,2148.5772075029513,,2275.0
PR010766,2026-08-22,MANDI-018,Sirsa,Sugarcane,3368.69,4183.0,0.3776,3500.0
PR001295,2026-07-15,MANDI-017,Bathinda,Maize,1901.18,2261.29,2081.23,
PR002007,2026-06-25,MANDI-036,Hisar,Sugarcane,3180.13,3726.49,3453.0,3500.0
PR007542,2026-05-07,MANDI-052,Karnal,Cotton,6468.073129323187,7659.819064043772,7063.95,6620.0
PR006053,2026-01-07,MANDI-001,Karnal,Cotton,6711.31,7473.0,7092.0,6620.0
PR002892,2026-03-31,MANDI-015,,Sugarcane,3358.5,3853.34,3605.92,3500.0
PR006926,2026-06-19,MANDI-016,Karnal,Maize,1864.67,2017.869690793163,1941.0,2090.0
PR002878,2026-04-07,MANDI-038,Bathinda,Cotton,0.5996,7003.1,6499.46103281003,6620.0
PR008773,2026-03-10,,Kurukshetra,Mustard,0.49,5678.0,0.5289,0.565
PR008663,2026-01-06,MANDI-011,Amritsar,Wheat,2139.0,2441.41076802843,2290.0,2275.0
PR010540,2026-06-07,MANDI-025,Sirsa,Wheat,2352.9,0.2536,0.2445,2275.0
PR011863,2026-01-08,MANDI-007,Ludhiana,Rice,2100.83,2494.95,2297.89,2183.0
PR007924,2026-06-30,MANDI-017,Patiala,Maize,1912.0,2328.78,2120.550394585405,
PR007165,2026-07-17,MANDI-032,Kurukshetra,Rice,1934.18,2103.22,2018.7,2183.0
PR006409,2026-04-04,MANDI-002,Ludhiana,Rice,2003.87,2270.975865141143,2137.42,2183.0
PR007899,2026-11-02,MANDI-030,Bathinda,Rice,1902.28,2332.98,0.2118,
PR000182,2026-12-08,MANDI-042,Amritsar,Sugarcane,3325.92,0.3666,0.3496,3500.0
PR004499,2026-05-22,MANDI-056,,Sugarcane,3613.39,4395.5,4004.44,3500.0
PR002864,2026-03-13,MANDI-046,Kurukshetra,Cotton,5765.861511247118,6454.79,6110.32,6620.0
PR003487,2026-05-02,MANDI-057,Amritsar,Sugarcane,3340.19,4066.06,,3500.0
PR004693,2026-03-18,MANDI-044,Bathinda,Rice,2164.26,0.2534,2349.02,
PR005082,2026-07-08,,Amritsar,Maize,1898.5,2049.38,0.1974,2090.0
PR005785,2026-08-17,MANDI-051,Karnal,Rice,0.2187,2453.29,2319.94,2183.0
PR005711,2026-06-24,MANDI-040,Patiala,Maize,2170.67,2588.25,2379.46,
PR005578,2026-06-20,MANDI-036,,Mustard,5354.0,6069.0,5711.69,5650.0
PR005715,2026-02-17,MANDI-040,Patiala,Maize,2083.0,2590.92,2337.0,
PR002975,2026-01-28,MANDI-030,Hisar,Sugarcane,3149.7,3934.19,3542.0,
PR010756,2026-06-26,MANDI-036,Jalandhar,Rice,2128.97,,2314.11,
PR006188,2026-06-18,MANDI-024,,Cotton,6651.22,0.73,6975.835624596548,6620.0
PR010846,2026-05-14,MANDI-018,,Maize,1968.8662634583009,0.2425,2196.72,
PR011468,2026-06-13,MANDI-031,Ambala,Mustard,5458.4140641017775,6818.87,6138.641068672764,5650.0
PR009745,2026-05-28,MANDI-013,Hisar,Maize,2071.92,0.2566,2319.0,2090.0
PR006772,2026-02-20,MANDI-010,,Rice,2166.27,2434.9331782053605,2300.6,2183.0
PR003460,2026-02-07,MANDI-011,,Wheat,2378.92,2970.17,2675.0,2275.0
PR003960,2026-04-14,MANDI-009,,Cotton,0.6241,7425.37,6833.0,
PR008125,2026-08-01,MANDI-010,Bathinda,Rice,2258.56,2531.69,2395.0,2183.0
PR006004,2026-01-15,MANDI-050,Ludhiana,Maize,2185.27,2628.15,0.2407,2090.0
PR009326,2026-07-27,,Kurukshetra,Cotton,6273.35559996764,7568.59,6920.97,0.662
PR009752,2026-02-26,MANDI-049,,Mustard,5071.39,5617.99,5345.0,0.565
PR003709,2026-06-12,MANDI-005,Bathinda,Maize,1979.0,2134.49,2056.87,2090.0
PR006773,2026-05-31,MANDI-010,Moga,Rice,1988.58,2429.0,2209.0,2183.0
PR004372,2026-04-09,MANDI-046,Moga,Cotton,6811.46,7650.34,7230.9,6620.0
PR004364,2026-02-12,MANDI-029,Hisar,Rice,2262.8925250891884,2664.8,2463.85,0.2183
PR001293,2026-03-26,MANDI-022,Moga,Sugarcane,0.3226,3755.0,3490.0104886641157,3500.0
PR001713,2026-02-06,MANDI-056,Ferozepur,Mustard,5162.0,,5668.0,5650.0
PR003221,2026-12-07,MANDI-025,Amritsar,Sugarcane,3122.49,,3445.09,0.35
PR002477,2026-07-16,MANDI-007,Patiala,Wheat,2111.614863223387,0.2612,2361.9445278979715,2275.0
PR006987,2026-02-23,MANDI-027,Hisar,Cotton,5837.99,6651.66,6244.83,
PR005014,2026-07-02,MANDI-017,Ambala,Wheat,2161.0,2321.4196950884557,0.2241,2275.0
PR009895,2026-05-04,MANDI-025,Kurukshetra,Rice,2228.25,2767.63,0.2498,2183.0
PR004910,2026-08-07,MANDI-029,Jalandhar,Mustard,5358.0,0.6292,5824.86,5650.0
PR000644,2026-07-16,MANDI-008,Hisar,Rice,2021.0,2230.0,2125.45,0.2183
PR003958,2026-03-28,MANDI-030,Ferozepur,Wheat,2255.04,2526.57,2391.0,0.2275
PR008902,2026-05-21,MANDI-026,Ludhiana,Rice,2026.89,2337.0,2181.87,2183.0
PR011525,2026-02-28,MANDI-039,,Mustard,5037.0,5674.25,5355.7508132854855,5650.0
PR001004,2026-05-01,,Patiala,Sugarcane,0.3662,4409.14,0.4035,0.35
PR000254,2026-07-24,MANDI-026,,Maize,2154.45,2315.0,,2090.0
PR006918,2026-05-23,MANDI-034,Patiala,Wheat,,2227.32,2146.0,2275.0
PR011189,2026-04-08,MANDI-055,Ambala,Cotton,5915.88,6549.74,6232.809097933323,6620.0
PR001179,2026-08-12,MANDI-038,Amritsar,Cotton,6739.0,7764.71,7251.857163337191,
PR011463,2026-02-10,MANDI-029,Ludhiana,Rice,1924.47,2240.3,2082.39,2183.0
PR000588,2026-02-16,MANDI-018,Ferozepur,Rice,1858.0,0.2238,2048.0,
PR003044,2026-01-26,,Ludhiana,Rice,0.1883,2010.7,1947.0,2183.0
PR006589,2026-04-27,MANDI-056,Amritsar,Wheat,2321.56,2752.36,0.2537,2275.0
PR010472,2026-03-29,MANDI-018,Fatehabad,Sugarcane,3573.29,3807.97,3690.63,3500.0
PR000872,2026-03-04,MANDI-015,Patiala,Rice,1870.15,1998.24,1934.19,2183.0
PR001512,2026-02-18,MANDI-052,Ludhiana,Sugarcane,3091.0,3665.5,3378.22,3500.0
PR006431,2026-04-18,MANDI-002,Fatehabad,Wheat,2317.911561555469,0.2876,2596.88,0.2275
PR011458,2026-08-22,MANDI-015,Kurukshetra,Rice,2087.14,2201.0,2144.1093186763346,2183.0
PR008498,2026-06-19,MANDI-044,Patiala,Mustard,5846.968162774958,6774.45,,5650.0
PR006818,2026-01-01,MANDI-012,Amritsar,Maize,2079.0,2556.57,2317.8546037501774,2090.0
PR007818,2026-06-23,MANDI-004,Jalandhar,Sugarcane,3004.82,3597.0,3300.71,3500.0
PR011847,2026-07-04,MANDI-044,Ludhiana,Wheat,2005.11,0.2174,,2275.0
PR002616,2026-08-08,MANDI-010,Karnal,Maize,1890.09,2273.0,2081.77,2090.0
PR010641,2026-07-25,MANDI-050,Amritsar,Mustard,5124.0,0.5407,,
PR006225,2026-04-19,,Ambala,Cotton,0.6422,6926.0,6673.933343382745,6620.0
PR002009,2026-05-20,MANDI-041,Fatehabad,Cotton,6938.76,7526.838043057909,,6620.0
PR007851,2026-08-31,MANDI-023,,Rice,2022.52,2375.0,2198.93,2183.0
PR002182,2026-09-07,MANDI-001,Fatehabad,Maize,2189.15,2453.87,0.2322,2090.0
PR007241,2026-12-02,MANDI-047,Moga,Maize,1782.62,1872.2,1827.41,2090.0
PR006441,2026-04-29,MANDI-020,Kurukshetra,Rice,1883.28,2309.0,2096.0,2183.0
PR004120,2026-08-21,MANDI-036,Fatehabad,Maize,2028.43,2177.29,2103.0,
PR004969,2026-01-22,MANDI-004,,Wheat,2181.2,2387.05,2284.0,2275.0
PR002436,2026-07-22,MANDI-003,Bathinda,Cotton,6553.57,8093.0,7323.05,6620.0
PR008704,2026-03-01,MANDI-049,Bathinda,Rice,2225.74,2390.3004033227157,2308.0,2183.0
PR006571,2026-06-05,MANDI-025,Ferozepur,Sugarcane,0.3137,3364.13,3250.37,3500.0
PR005012,2026-03-14,,,Cotton,0.6645,7668.0,7156.89,6620.0
PR007856,2026-06-04,MANDI-007,Patiala,Wheat,2208.96,2421.06,2315.0,
PR009659,2026-03-30,MANDI-039,Jalandhar,Rice,0.1918,2243.260362136398,,
PR009800,2026-08-08,MANDI-056,Kurukshetra,Sugarcane,0.3456,3982.1,3719.0,3500.0
PR011752,2026-02-25,MANDI-050,Patiala,Maize,0.209,2271.0,2180.3,2090.0
PR001684,2026-01-04,MANDI-031,Fatehabad,Wheat,2187.08,2638.93,2413.0,2275.0
PR000406,2026-03-19,MANDI-027,Patiala,Wheat,2146.0,2338.3417057907895,2242.0,
PR009071,2026-01-19,MANDI-020,Bathinda,Maize,1909.37,2070.0,,
PR003876,2026-11-01,,Fatehabad,Rice,1936.0,2257.0,2096.06,2183.0
PR003685,2026-09-04,MANDI-019,Ambala,Cotton,6434.44,0.6766,6600.06,6620.0
PR004114,2026-03-02,MANDI-044,Fatehabad,Wheat,0.1977,0.208,2028.84,
PR000170,2026-03-08,,Bathinda,Sugarcane,3478.14,4160.0,3819.2,
PR009826,2026-01-20,MANDI-024,Bathinda,Rice,0.2161,,0.2328,2183.0
PR004726,2026-03-11,MANDI-039,Ferozepur,Wheat,0.1967,2275.0,0.2121,2275.0
PR004028,2026-07-13,MANDI-038,Sirsa,Wheat,2191.37,2574.0,2382.62,
PR009962,2026-01-02,MANDI-035,Ludhiana,Sugarcane,3572.95,4096.59,3834.77,0.35
PR001401,2026-07-31,MANDI-037,Kurukshetra,Wheat,2036.26,2509.78,0.2273,2275.0
PR002782,2026-06-29,MANDI-036,,Sugarcane,3010.08,0.344,0.3225,3500.0
PR006406,2026-06-04,MANDI-016,Ferozepur,Wheat,2325.5,2569.0,2447.24,2275.0
PR010227,2026-04-08,MANDI-024,,Wheat,2293.77,2542.35,2418.06,
PR005345,2026-08-31,MANDI-044,Ferozepur,Maize,1830.9413948591261,2199.4,2015.1725629784892,2090.0
PR005793,2026-01-05,,Fatehabad,Wheat,2255.88,2586.65,2421.0,2275.0
PR004088,2026-05-19,MANDI-044,Moga,Mustard,5897.91,6822.92,6360.42,5650.0
PR007113,2026-01-11,MANDI-032,Ludhiana,Sugarcane,,0.4117,0.3853,3500.0
PR011304,2026-05-20,MANDI-040,Ambala,Rice,2254.85,2486.13,0.237,2183.0
PR001892,2026-07-29,MANDI-047,Patiala,Mustard,5182.290504844934,5765.0,5473.64,5650.0
PR007954,2026-01-28,MANDI-030,Jalandhar,Sugarcane,3259.0,3585.1,3422.0,
PR000565,2026-02-23,MANDI-028,Amritsar,Maize,2017.53,2370.122312878472,2193.82,2090.0
PR009937,2026-04-04,MANDI-049,Ludhiana,Mustard,5480.04,6539.0,,5650.0
PR007672,2026-01-20,MANDI-009,Jalandhar,Mustard,,6301.11,5683.0,5650.0
PR010623,2026-02-27,MANDI-030,Sirsa,Maize,1825.78,1941.0,0.1883,2090.0
PR004224,2026-05-20,,Hisar,Mustard,4923.0,5237.49,5080.24,5650.0
PR000078,2026-01-17,MANDI-052,Moga,Mustard,5760.2,6105.98,,5650.0
PR003024,2026-04-16,MANDI-015,Patiala,Wheat,2165.42,2569.57,2367.49,
PR003793,2026-03-27,MANDI-016,Sirsa,Wheat,2149.017276157358,2499.73,2324.37,2275.0
PR008486,2026-08-19,,Patiala,Mustard,5818.43,0.7075,0.6447,5650.0
PR008192,2026-06-21,MANDI-017,,Wheat,0.22,2468.49,2334.14,2275.0
PR007748,2026-07-28,MANDI-030,Sirsa,Mustard,0.5454,6487.99,5971.06,0.565
PR004765,2026-02-14,MANDI-036,Sirsa,Rice,2118.75,2408.27,2264.0,2183.0
PR009747,2026-04-28,MANDI-047,Amritsar,Rice,0.2071,2270.0,0.217,2183.0
PR003932,2026-04-26,MANDI-005,Kurukshetra,Sugarcane,3343.06,3812.3,3577.68,
PR005560,2026-01-27,MANDI-020,Amritsar,Mustard,5443.47,6285.73,5864.6,5650.0
PR004394,2026-06-08,MANDI-050,Ludhiana,Rice,,2213.89,0.2092,0.2183
PR010146,2026-08-16,MANDI-042,,Maize,2030.07,2204.9,2117.0,2090.0
PR004746,2026-08-31,MANDI-047,Amritsar,Sugarcane,3261.17,3576.4,3418.78,3500.0
PR011781,2026-01-24,,Bathinda,Wheat,1942.7611017150698,2070.97,,2275.0
PR003110,2026-08-31,MANDI-036,Ambala,Mustard,5526.02,6724.95,6125.48,0.565
PR011598,2026-08-31,MANDI-010,Ferozepur,Rice,0.1939,,,2183.0
PR003694,2026-03-26,MANDI-018,Ambala,Maize,0.1992,2291.49,2141.94,2090.0
PR009191,2026-07-26,MANDI-007,,Maize,2175.41,0.2654,2414.83,2090.0
PR004514,2026-08-23,MANDI-017,Ludhiana,Maize,2178.62,2336.0,0.2257,2090.0
PR004679,2026-07-16,MANDI-042,Fatehabad,Maize,1851.0,2082.38,1966.58,2090.0
PR007313,2026-01-19,MANDI-005,Kurukshetra,Maize,1995.16,,2213.58,
PR009690,2026-08-30,MANDI-057,Ambala,Maize,0.2043,2266.0,2154.0,2090.0
PR011682,2026-04-26,MANDI-001,Kurukshetra,Maize,1814.0,,1958.6068949349913,2090.0
PR008067,2026-01-22,MANDI-007,Hisar,Cotton,0.6429,7185.9,6807.42,
PR011890,2026-07-15,MANDI-011,Karnal,Maize,1969.02,,2194.0,2090.0
PR009251,2026-05-03,MANDI-001,Kurukshetra,Wheat,2000.96,2163.17,2082.0,
PR001933,2026-06-21,MANDI-034,Karnal,Cotton,5712.85,6458.87,6086.0,
PR000623,2026-06-04,MANDI-056,Jalandhar,Sugarcane,3611.22,3965.0,3788.0,3500.0
PR007054,2026-06-19,MANDI-030,Hisar,Maize,2073.38,2210.85,,2090.0
PR006833,2026-06-27,MANDI-019,Moga,Wheat,2295.08,2700.0,2497.29,
PR002223,2026-11-03,MANDI-041,Bathinda,Sugarcane,2991.0,3541.47,3266.38,3500.0
PR006321,2026-11-05,MANDI-017,Moga,Maize,0.1827,2275.7,2051.21,2090.0
PR005853,2026-05-26,MANDI-022,Jalandhar,Mustard,,0.6168,5754.06,5650.0
PR008246,2026-05-20,MANDI-016,Ludhiana,Maize,2123.73,2605.8338654624276,0.2365,2090.0
PR010344,2026-03-25,,Jalandhar,Sugarcane,3371.6316366350657,3655.0,0.3513,
PR000522,2026-01-29,MANDI-051,Bathinda,Sugarcane,0.3426,4074.0,3749.804557918297,3500.0
PR007505,2026-04-15,MANDI-051,Karnal,Sugarcane,3122.29,3604.75,3364.0,3500.0
PR009492,2026-07-31,MANDI-040,Fatehabad,Cotton,6286.4,7091.17,,6620.0
PR007239,2026-02-27,MANDI-055,Bathinda,Mustard,5924.71,7143.63,6534.17,
PR003585,2026-08-21,MANDI-052,Patiala,Mustard,5666.35,,6295.78,5650.0
PR003873,2026-08-07,MANDI-001,Jalandhar,Wheat,2195.12,0.2537,2366.2,
PR007258,2026-02-20,MANDI-007,Kurukshetra,Cotton,6873.72,7540.96,7207.0,6620.0
PR003282,2026-03-16,MANDI-043,Bathinda,Wheat,2327.6694723383716,2797.58,2562.62,2275.0
PR011705,2026-05-16,MANDI-029,Fatehabad,Rice,2003.15,2285.366030340653,2144.26,2183.0
PR004173,2026-08-04,MANDI-028,Kurukshetra,Wheat,0.2144,2475.32,2309.54,2275.0
PR009657,2026-03-18,MANDI-030,,Sugarcane,3285.85,3961.9925570436603,0.3624,3500.0
PR008491,2026-12-04,MANDI-037,Hisar,Maize,1824.57,2108.74,1966.66,2090.0
PR007440,2026-02-12,MANDI-041,Ludhiana,Wheat,2385.0,2866.0,2625.3,2275.0
PR008515,2026-01-09,MANDI-048,,Wheat,1960.4581069914816,2322.0,2141.0,0.2275
PR008482,2026-06-29,,Moga,Mustard,4853.1,5683.14,0.5268,
PR004820,2026-06-21,MANDI-036,Moga,Cotton,6479.46,7339.16,6909.31,6620.0
PR009121,2026-02-15,MANDI-006,Hisar,Sugarcane,3344.0,,3752.56,
PR007853,2026-01-26,MANDI-004,Karnal,Maize,1835.86,2011.7,1923.78,2090.0
PR004388,2026-08-13,MANDI-035,Moga,Cotton,6250.16,7233.38,6741.77,6620.0
PR005868,2026-09-03,MANDI-004,Fatehabad,Maize,2162.68,,2323.23,0.209
PR001819,2026-08-05,MANDI-013,Patiala,Maize,0.1955,2328.47,2141.66,0.209
PR009834,2026-11-03,MANDI-057,Bathinda,Sugarcane,0.3395,4126.75,3761.0,
PR007095,2026-06-22,MANDI-039,Karnal,Cotton,6938.0,7668.56,7303.17,0.662
PR006736,2026-02-20,,Karnal,Maize,,2232.56,2056.0,2090.0
PR004795,2026-02-09,MANDI-016,Ferozepur,Rice,1906.94,2028.7322589085868,1967.84,0.2183
PR006787,2026-01-31,,Jalandhar,Maize,1782.32,0.2216,1999.0,
PR011126,2026-01-18,MANDI-030,Bathinda,Rice,,2251.68,2073.0,
PR000112,2026-08-03,,Bathinda,Wheat,2178.85,2520.39,,2275.0
PR000272,2026-04-23,MANDI-016,,Wheat,0.2045,2233.96,2139.31,0.2275
PR002611,2026-08-29,,Ludhiana,Mustard,4876.65,5205.0,5040.916790953018,5650.0
PR003976,2026-02-10,MANDI-004,Jalandhar,Mustard,5658.69,0.6522,6090.37,
PR011223,2026-02-24,MANDI-027,Jalandhar,Maize,0.198,0.2145,2062.7,2090.0
PR011302,2026-05-08,MANDI-014,Amritsar,Wheat,2009.0,0.2275,2142.15,2275.0
PR010307,2026-04-10,,Ambala,Sugarcane,3360.5210654531647,,3776.27,3500.0
PR007298,2026-03-28,MANDI-017,Ambala,Rice,2043.44,0.2322,0.2183,2183.0
PR008058,2026-08-09,MANDI-009,Ambala,Wheat,2106.27,2213.0,2159.8305998808305,2275.0
PR004160,2026-06-12,MANDI-040,Kurukshetra,Sugarcane,0.358,0.4309,3944.36,3500.0
PR009381,2026-02-11,MANDI-001,Ludhiana,Rice,1865.52,0.1992,1928.95,2183.0
PR005402,2026-06-03,MANDI-021,,Maize,1804.39,2074.5,1939.44,
PR006327,2026-03-22,MANDI-001,Ludhiana,Sugarcane,3021.0,3379.19,3199.85,
PR008976,2026-06-23,MANDI-056,Ferozepur,Sugarcane,2985.49,0.3652,3318.57,
PR009862,2026-02-11,MANDI-052,Ludhiana,Cotton,0.5956,6533.94,6245.0,6620.0
PR003055,2026-01-30,MANDI-027,Kurukshetra,Sugarcane,2991.41,3369.92,3181.0,3500.0
PR007084,2026-02-17,MANDI-038,Ambala,Cotton,5778.87,6074.32,0.5927,
PR009735,2026-02-01,MANDI-008,Karnal,Wheat,2037.423704102989,0.2539,2288.41,0.2275
PR011007,2026-05-12,MANDI-001,Bathinda,Maize,1895.69,0.2269,2082.0,2090.0
PR004190,2026-01-03,MANDI-043,Bathinda,Rice,1989.4,2093.0,0.2041,2183.0
PR001413,2026-03-27,MANDI-026,Fatehabad,Cotton,5699.890195156439,6589.64,6144.76,6620.0
PR009983,2026-02-23,MANDI-036,Sirsa,Rice,1865.58,2011.47,1938.53,
PR004642,2026-05-06,MANDI-039,Ambala,Rice,0.2266,0.2804,2534.78,2183.0
PR007957,2026-07-02,MANDI-045,Fatehabad,Rice,0.2014,2242.08,2128.09,2183.0
PR007584,2026-07-13,MANDI-056,Kurukshetra,Maize,1928.42,2099.56,2013.99,2090.0
PR010381,2026-03-28,MANDI-016,Fatehabad,Sugarcane,3440.81,0.3899,3670.0,0.35
PR009617,2026-03-04,MANDI-029,Moga,Rice,2133.895713812686,2349.0,2241.34,2183.0
PR011245,2026-08-20,MANDI-041,Sirsa,Rice,2227.33,0.2523,2375.0,2183.0
PR002072,2026-04-01,MANDI-012,Sirsa,Cotton,6098.98,7435.45,6767.212764113795,6620.0
PR000296,2026-04-19,MANDI-033,Bathinda,Wheat,0.2167,2294.379851251788,2231.0,2275.0
PR011848,2026-01-28,MANDI-050,Ludhiana,Sugarcane,3110.69,3605.1170619386285,3358.0,0.35
PR005680,2026-01-01,MANDI-057,,Wheat,0.2057,2516.3887336464795,2286.56,
PR003383,2026-04-17,MANDI-047,Kurukshetra,Rice,2190.23,2385.0,0.2288,2183.0
PR005423,2026-02-02,MANDI-032,Karnal,Rice,2022.22,2130.07,2076.0,0.2183
PR008301,2026-08-15,,Moga,Cotton,6679.17,0.7291,6985.0,6620.0
PR000672,2026-05-05,MANDI-010,Ambala,Wheat,2167.0,0.2317,2242.04,
PR006461,2026-01-21,MANDI-017,Ludhiana,Maize,2097.83,2419.0,2259.0,2090.0
PR006338,2026-04-11,MANDI-025,,Sugarcane,3626.36,0.4147,3886.44,
PR002746,2026-01-14,MANDI-007,,Rice,1981.07,2131.93,2056.5,2183.0
PR002881,2026-03-28,MANDI-009,Amritsar,Rice,2236.44,2580.65,2408.55,2183.0
PR005753,2026-03-05,MANDI-049,,Mustard,5051.11,5823.71,5437.41,5650.0
PR008178,2026-06-05,MANDI-008,Fatehabad,Mustard,5893.0,6706.298602603891,,
PR009549,2026-12-05,MANDI-009,Jalandhar,Sugarcane,3280.0,3864.61,3572.15,3500.0
PR002866,2026-03-13,,,Sugarcane,3273.0,0.3601,3436.56,3500.0
PR003390,2026-04-02,MANDI-034,Fatehabad,Maize,2011.34,2232.84,2122.09,
PR003177,2026-02-15,MANDI-036,Karnal,Rice,,2026.3,1957.29,
PR003802,2026-06-01,MANDI-057,,Rice,2055.0,2406.06,2230.49,2183.0
PR008043,2026-12-04,MANDI-021,Sirsa,Maize,0.1821,2041.56,1931.0,
PR011038,2026-07-07,MANDI-057,Sirsa,Cotton,6753.0,0.7376,7064.44,6620.0
PR007948,2026-06-28,MANDI-050,Karnal,Cotton,5837.0,,6492.68,6620.0
PR011386,2026-08-29,MANDI-054,,Mustard,5347.9,6346.74,5847.32,5650.0
PR005789,2026-06-19,MANDI-023,Hisar,Rice,2034.35,2467.86,2251.11,2183.0
PR009161,2026-03-26,MANDI-022,Fatehabad,Cotton,,0.612,5958.51,6620.0
PR009730,2026-02-25,MANDI-034,Karnal,Wheat,0.2136,2499.78,2318.0,2275.0
PR011749,2026-04-18,MANDI-028,Sirsa,Rice,2016.08,2181.0,2098.44,0.2183
PR005207,2026-08-02,MANDI-027,,Wheat,,2290.39,2217.88,0.2275
PR000204,2026-04-15,MANDI-028,Ambala,Cotton,5682.944964495343,6920.29,6301.62,6620.0
PR006794,2026-01-09,MANDI-014,Ferozepur,Cotton,0.6531,0.7808,7169.324738259747,6620.0
PR003852,2026-03-10,MANDI-027,,Wheat,2251.0,2418.3595367479147,2334.88,2275.0
PR001142,2026-03-21,MANDI-021,Fatehabad,Sugarcane,3377.46,3648.02,3513.0,3500.0
PR011947,2026-09-08,MANDI-042,Karnal,Cotton,6465.53,6918.76,6692.148814934776,
PR002275,2026-06-03,MANDI-026,Hisar,Cotton,6488.48,7423.0,6955.96,6620.0
PR000789,2026-08-19,MANDI-035,Fatehabad,Sugarcane,0.3402,3793.19,0.3598,3500.0
PR004675,2026-05-02,,,Maize,,2086.0,1939.03,2090.0
PR006368,2026-04-01,,Karnal,Sugarcane,0.3429,4083.0,3756.0,3500.0
PR001869,2026-03-01,MANDI-045,Bathinda,Wheat,2261.0,2519.23,2390.07,2275.0
PR000281,2026-04-25,MANDI-035,,Rice,0.2235,2765.86,2500.18,0.2183
PR003844,2026-01-12,MANDI-023,Karnal,Maize,2090.42,2422.88,2256.65,2090.0
PR003161,2026-05-14,MANDI-022,Kurukshetra,Maize,0.1935,2364.96,0.215,2090.0
PR010466,2026-09-05,MANDI-034,Amritsar,Rice,0.189,0.22,2044.97,2183.0
PR000964,2026-07-27,MANDI-052,Sirsa,Sugarcane,3103.43,0.3685,3394.131752285398,3500.0
PR010271,2026-08-25,MANDI-039,Kurukshetra,Wheat,2368.0,2582.8332879050845,2475.0,2275.0
PR006428,2026-04-27,MANDI-035,Ambala,Cotton,6169.08,0.6754,6461.47,0.662
PR009585,2026-03-11,MANDI-055,Amritsar,Rice,2149.07,,0.2336,2183.0
PR001102,2026-12-07,MANDI-039,,Cotton,6569.66,8118.98,7344.32,6620.0
PR001548,2026-03-01,MANDI-027,Amritsar,Sugarcane,3558.21,3914.77,3736.490717600901,
PR003565,2026-04-15,MANDI-025,Bathinda,Rice,2067.45,2443.38,2255.4162009942806,2183.0
PR009465,2026-06-17,MANDI-003,Ambala,Rice,1864.06,2156.07,2010.0,2183.0
PR000880,2026-06-10,,,Rice,1989.49,2096.56,2043.03,2183.0
PR005698,2026-02-25,MANDI-017,Ludhiana,Sugarcane,3475.13,4234.07,3854.6,3500.0
PR010895,2026-05-11,MANDI-042,Bathinda,Mustard,0.5468,0.6336,5902.0,0.565
PR010308,2026-03-10,MANDI-057,Jalandhar,Mustard,0.5223,5621.51,5422.42,5650.0
PR006301,2026-02-23,,Ambala,Sugarcane,3569.32,4326.699595872143,3948.01,
PR002449,2026-03-12,MANDI-001,Kurukshetra,Mustard,5499.0,5957.33,5728.0,
PR005111,2026-07-22,MANDI-025,Kurukshetra,Cotton,0.5661,6298.58,0.598,0.662
PR002503,2026-09-05,MANDI-037,Kurukshetra,Mustard,5824.31,6431.84,,5650.0
PR005358,2026-05-20,MANDI-031,Moga,Wheat,0.2295,0.2823,0.2559,0.2275
PR003618,2026-07-19,MANDI-040,Amritsar,Maize,1809.69,1934.0,1871.83,2090.0
PR005791,2026-08-28,MANDI-040,Ambala,Wheat,2262.34,2558.0,2410.0,2275.0
PR008813,2026-07-27,MANDI-007,Amritsar,Maize,1801.0710703014431,2121.71,1961.3880871036304,2090.0
PR008303,2026-03-02,,Ludhiana,Rice,2217.39,0.2401,2308.97,2183.0
PR001542,2026-02-28,MANDI-049,Moga,Mustard,0.488,5430.0,0.5155,5650.0
PR007466,2026-08-08,MANDI-043,Jalandhar,Mustard,4860.31,,5263.16,
PR008958,2026-03-26,MANDI-009,Moga,Rice,2163.0,2341.0,2252.03,2183.0
PR002289,2026-06-04,MANDI-027,Ferozepur,Cotton,6550.49,0.7062,0.6806,6620.0
PR005744,2026-07-05,MANDI-001,Ferozepur,Sugarcane,0.3042,3202.0,3121.99,
PR008425,2026-09-03,MANDI-053,,Cotton,0.6943,7737.63,7340.22,6620.0
PR010432,2026-07-29,MANDI-056,Karnal,Mustard,5521.75,5952.84,5737.3,5650.0
PR009839,2026-02-25,MANDI-003,Ludhiana,Cotton,0.6465,7188.26,6826.75,
PR008311,2026-03-12,MANDI-011,Moga,Maize,1886.0,0.2121,2003.58,2090.0
PR003662,2026-04-03,MANDI-006,Hisar,Wheat,1995.91,2460.0,2228.04,2275.0
PR002595,2026-03-26,MANDI-016,Patiala,Cotton,6376.57,6784.41,0.658,6620.0
PR001465,2026-02-04,,Karnal,Mustard,5622.0,6955.322355594211,6288.45,0.565
PR011621,2026-03-10,MANDI-047,Ludhiana,Cotton,6098.16,6441.07,6269.61,6620.0
PR000700,2026-04-20,MANDI-051,Bathinda,Mustard,,,6025.888876281302,5650.0
PR008512,2026-07-06,MANDI-029,Sirsa,Mustard,5056.0,5870.26,5463.12,0.565
PR010054,2026-05-25,,Moga,Mustard,5526.95,5883.0,5705.11,5650.0
PR010603,2026-04-13,MANDI-008,Sirsa,Wheat,2037.95,0.2331,2184.25,2275.0
PR006176,2026-03-24,MANDI-009,Kurukshetra,Sugarcane,3497.0,3921.05,3708.87,0.35
PR006332,2026-02-01,MANDI-037,Ludhiana,Cotton,5935.0,6571.35,6253.28,6620.0
PR004610,2026-05-07,,Ambala,Maize,2064.22,0.2506,2285.0,2090.0
PR001193,2026-04-29,MANDI-029,Patiala,Cotton,6732.27,7988.044845778428,0.736,6620.0
PR006723,2026-06-18,MANDI-029,,Mustard,5886.87,0.7258,6572.54,5650.0
PR008895,2026-02-09,MANDI-034,,Sugarcane,2985.57,3163.35,3074.46,
PR007886,2026-07-19,MANDI-024,Hisar,Cotton,5835.15,6221.0,6027.94,6620.0
PR004527,2026-02-03,MANDI-050,Jalandhar,Rice,1924.71,2227.77,2076.24,
PR011364,2026-03-18,MANDI-003,Karnal,Maize,2077.3876055968894,2400.82,0.2239,
PR006728,2026-04-06,MANDI-019,Karnal,Sugarcane,3335.27,3593.93,3464.6,3500.0
PR010345,2026-03-14,MANDI-026,Patiala,Rice,2010.67,2256.94,,2183.0
PR008624,2026-04-26,MANDI-004,Ferozepur,Rice,2055.64,2569.02,,2183.0
PR007343,2026-04-29,MANDI-010,Karnal,Rice,2280.31,2598.37,2439.34,2183.0
PR011555,2026-05-13,MANDI-026,Fatehabad,Wheat,1956.71,2379.6609969505103,2168.18,2275.0
PR004815,2026-07-27,MANDI-016,Patiala,Mustard,4823.74,0.5403,5113.21,5650.0
PR009602,2026-02-09,MANDI-039,,Sugarcane,,,0.3449,3500.0
PR001606,2026-03-03,MANDI-020,Moga,Maize,1868.15,2060.4,1964.27,0.209
PR011030,2026-02-16,MANDI-001,Amritsar,Cotton,5648.0,6844.69,6246.15,6620.0
PR000729,2026-05-26,MANDI-007,,Mustard,0.587,6354.445842143257,0.6112,
PR009767,2026-08-24,MANDI-041,Hisar,Rice,2071.75,2496.25,0.2284,2183.0
PR001177,2026-01-30,MANDI-012,Ludhiana,Mustard,5829.1,0.6502,6165.4,5650.0
PR011128,2026-01-20,MANDI-028,Ferozepur,Mustard,5385.589368811154,5981.44,5683.52,
PR000864,2026-02-28,MANDI-015,Ambala,Cotton,5805.32,6549.84,0.6178,6620.0
PR011317,2026-02-02,MANDI-034,Sirsa,Mustard,5047.41,5613.04127108635,5330.0,5650.0
PR009038,2026-06-14,MANDI-016,Fatehabad,Cotton,6672.0,7974.88,7324.0,0.662
PR004387,2026-06-16,MANDI-056,Jalandhar,Cotton,5832.69,7079.0,6456.0,6620.0
PR003691,2026-01-07,MANDI-005,Fatehabad,Mustard,5494.74,0.5831,5663.03,5650.0
PR000558,2026-06-06,MANDI-009,Jalandhar,Mustard,5340.44,5901.92,5621.18,
PR008546,2026-03-18,MANDI-044,Fatehabad,Wheat,2215.14,2451.47,2333.31,2275.0
PR009948,2026-02-05,MANDI-020,Moga,Wheat,2164.97,0.2554,2359.53,
PR009999,2026-07-23,MANDI-056,Ludhiana,Rice,0.1931,0.2353,2142.24,2183.0
PR000932,2026-07-25,,Ambala,Cotton,5913.95,6428.81,6171.38,6620.0
PR008985,2026-03-31,MANDI-002,Jalandhar,Maize,1992.1028997296785,2165.58,2078.84,0.209
PR005275,2026-06-16,MANDI-034,Sirsa,Maize,2092.15,0.2251,0.2171,0.209
PR005699,2026-07-12,MANDI-010,Bathinda,Maize,2050.0,2562.02,,2090.0
PR007662,2026-07-29,MANDI-032,Fatehabad,Wheat,2252.0,0.2563,2407.55,0.2275
PR007858,2026-03-23,,Karnal,Maize,2122.77,2389.02,,2090.0
PR011388,2026-01-12,MANDI-031,Ludhiana,Wheat,2279.22,2490.85,2385.04,2275.0
PR005038,2026-08-25,MANDI-017,Fatehabad,Rice,0.1939,2342.29,2140.44,2183.0
PR005982,2026-05-29,MANDI-013,,Wheat,0.2139,2470.48,0.2305,2275.0
PR000451,2026-05-12,MANDI-036,Moga,Wheat,2002.85,2365.83,2184.34,2275.0
PR006299,2026-01-22,MANDI-017,Amritsar,Wheat,2334.0762764912806,,2597.27,2275.0
PR000084,2026-06-23,MANDI-029,Ambala,Rice,2269.49,2557.09,2413.0,
PR003538,2026-04-23,MANDI-025,Karnal,Maize,2127.0,2587.7286446989374,2357.37,0.209
PR005031,2026-05-01,MANDI-030,Fatehabad,Mustard,5579.77,6033.0,5806.15,5650.0
PR001916,2026-03-13,,Jalandhar,Maize,2095.05,2383.0,2239.17,0.209
PR001088,2026-08-11,MANDI-007,Amritsar,Wheat,0.2287,2800.51,2543.56,2275.0
PR004041,2026-08-15,MANDI-033,Patiala,Rice,1924.31,2074.84,2000.0,2183.0
PR011700,2026-01-12,MANDI-004,Ambala,Mustard,5340.0,5787.01,0.5564,5650.0
PR009288,2026-01-09,MANDI-043,Amritsar,Mustard,5418.555020126378,6549.39,5983.97,5650.0
PR008445,2026-04-06,MANDI-006,Moga,Wheat,2044.1669196924395,2531.24,2287.7009610793107,2275.0
PR007545,2026-01-28,MANDI-045,,Maize,2016.1545098979184,2284.03,2150.0,2090.0
PR003356,2026-11-07,MANDI-036,Moga,Mustard,5777.18,6862.0,0.632,5650.0
PR003577,2026-06-06,MANDI-032,Fatehabad,Rice,2058.711022979409,0.2168,2113.51,2183.0
PR000388,2026-02-07,MANDI-044,Bathinda,Rice,2158.55,2490.09,2324.32,
PR000474,2026-03-28,MANDI-028,Hisar,Rice,2288.54,2639.28,2463.91,
PR004149,2026-06-05,,Ludhiana,Maize,1793.88,2080.91,1937.4,
PR011793,2026-01-22,MANDI-023,Sirsa,Maize,2182.1,2372.9,2277.0,0.209
PR006085,2026-05-18,MANDI-016,Patiala,Rice,2136.0,,,
PR008166,2026-09-02,MANDI-054,Patiala,Cotton,5830.8,6751.8,6291.3,6620.0
PR008089,2026-07-13,MANDI-035,Jalandhar,Sugarcane,3193.18,3821.47,3507.33,3500.0
PR004490,2026-05-07,MANDI-026,Sirsa,Rice,1952.65,2198.0,2075.15,2183.0
PR002178,2026-02-06,MANDI-012,Kurukshetra,Cotton,6588.0,0.8136,0.7362,6620.0
PR003096,2026-05-14,MANDI-022,Karnal,Wheat,2132.515555802827,2534.16,2333.34,2275.0
PR010494,2026-02-11,,Hisar,Wheat,1988.0,2478.0,,2275.0
PR005247,2026-08-02,MANDI-052,Hisar,Cotton,6390.45,,7014.65,
PR001907,2026-06-08,MANDI-033,Patiala,Maize,1851.0,2071.0,1960.71,2090.0
PR008725,2026-09-08,MANDI-048,Ambala,Mustard,5852.0,7035.73,6443.83,5650.0
PR011540,2026-04-30,MANDI-039,Ludhiana,Maize,2092.8,2298.98,2195.89,2090.0
PR011383,2026-04-25,,,Sugarcane,3666.48,4349.0,4007.79,
PR002647,2026-09-06,,,Rice,1967.0,2117.22,0.2042,2183.0
PR011024,2026-04-19,MANDI-036,Moga,Wheat,2204.0,2362.46,0.2283,2275.0
PR000426,2026-05-12,MANDI-005,Hisar,Mustard,4900.45,5777.73,5339.093562711641,5650.0
PR008737,2026-02-19,,Jalandhar,Wheat,2129.4075808514417,2437.02,2283.2154812094777,2275.0
PR005105,2026-10-05,MANDI-028,Moga,Sugarcane,3127.84,,0.3476,3500.0
PR001687,2026-03-16,MANDI-049,Jalandhar,Mustard,4887.54,5856.52,0.5372,5650.0
PR009412,2026-01-13,MANDI-038,Bathinda,Cotton,6927.76,7402.0,7165.0,0.662
PR000738,2026-01-06,MANDI-008,,Wheat,2160.7095286155804,2360.36,2260.54,
PR004581,2026-04-19,MANDI-008,Ludhiana,Mustard,0.5201,6169.33,5685.35,5650.0
PR011577,2026-07-26,MANDI-023,Kurukshetra,Sugarcane,3021.0,3214.83,0.3118,3500.0
PR005774,2026-04-11,MANDI-043,Patiala,Wheat,2076.4724519781835,2448.0,2262.37,2275.0
PR002577,2026-10-03,MANDI-050,Ludhiana,Cotton,5870.166744250437,6974.46,0.6422,0.662
PR007694,2026-01-14,,Patiala,Rice,1939.91,0.2298,2119.0,
PR001980,2026-06-26,MANDI-009,Ambala,Wheat,,2339.66,2226.97,2275.0
PR010196,2026-02-12,,Amritsar,Sugarcane,3507.78,3925.0,3716.59,3500.0
PR002155,2026-01-11,MANDI-045,Ambala,Wheat,2309.0,2869.93,2589.37,
PR000416,2026-01-12,MANDI-001,,Mustard,0.5804,7004.0,,5650.0
PR005161,2026-04-08,,Bathinda,Wheat,2003.79,2351.72,0.2178,2275.0
PR009589,2026-02-09,MANDI-055,Kurukshetra,Wheat,2221.58,2618.88,2420.0,2275.0
PR001532,2026-08-17,MANDI-047,Kurukshetra,Cotton,5993.73,6861.8,6427.762905020935,6620.0
PR001119,2026-08-13,MANDI-001,Bathinda,Maize,0.214,0.2298,2219.0,2090.0
PR003595,2026-05-27,,Sirsa,Wheat,0.2304,2658.84,2481.0,2275.0
PR006901,2026-08-21,MANDI-057,Sirsa,Mustard,5099.221148678755,0.6025,5561.949469370068,5650.0
PR000111,2026-01-17,MANDI-049,Kurukshetra,Sugarcane,3064.84,3786.0,3425.23,3500.0
PR002206,2026-08-30,MANDI-051,Ferozepur,Maize,2184.37,2660.0,2422.0,2090.0
PR004023,2026-02-20,MANDI-005,Ferozepur,Sugarcane,3583.2063021073022,4200.0,3891.84,3500.0
PR004024,2026-02-22,MANDI-053,Ambala,Maize,1895.0,2142.86,2019.07,2090.0
PR009569,2026-06-03,MANDI-008,Jalandhar,Wheat,2016.03,0.2389,2202.0,
PR007155,2026-06-13,MANDI-016,Bathinda,Rice,2172.09,0.2351,0.2262,2183.0
PR004985,2026-01-07,MANDI-001,Amritsar,Wheat,0.2112,2621.29,2366.76,
PR003937,2026-01-25,MANDI-035,Kurukshetra,Sugarcane,3509.6879680716947,3936.36,3723.0241912497777,
PR003079,2026-02-09,MANDI-010,Kurukshetra,Maize,0.2066,2520.11,2293.0,0.209
PR011253,2026-02-06,,,Cotton,6291.93,7421.87,6856.9,
PR008952,2026-09-02,MANDI-027,Patiala,Maize,2119.0,2435.07,2276.85,2090.0
PR009091,2026-05-26,MANDI-021,Patiala,Maize,1814.28,2159.35,1987.0,0.209
PR001421,2026-04-17,MANDI-045,Jalandhar,Sugarcane,3096.85,3609.94,3353.39,
PR003122,2026-01-15,MANDI-002,Ludhiana,Sugarcane,3237.71,3730.05,3483.877420652846,
PR000199,2026-06-20,MANDI-056,Kurukshetra,Wheat,,2430.74,2308.76,2275.0
PR009387,2026-03-02,,,Rice,2251.0,2528.0,,
PR010686,2026-09-02,MANDI-008,,Mustard,5456.35,6035.44,5745.9,5650.0
PR006781,2026-03-23,MANDI-014,Bathinda,Wheat,0.2287,2451.44,,2275.0
PR007254,2026-12-05,MANDI-005,Ferozepur,Maize,1783.8,2014.52,,2090.0
PR006552,2026-08-16,,Moga,Mustard,5266.14,0.5774,5520.08,5650.0
PR004814,2026-01-31,MANDI-025,Fatehabad,Cotton,6188.13,7440.0,6813.9,6620.0
PR003159,2026-01-18,,,Rice,1922.74,2179.38,2051.06,0.2183
PR004812,2026-04-15,MANDI-036,Kurukshetra,Rice,0.205,2306.0,2178.14,0.2183
PR009042,2026-10-01,MANDI-038,Ambala,Maize,1904.0,2155.38,2029.47,2090.0
PR004832,2026-02-06,MANDI-042,Fatehabad,Maize,0.2001,0.2455,2227.91,2090.0
PR001538,2026-08-19,MANDI-024,,Rice,2040.29,0.2231,0.2136,2183.0
PR009739,2026-07-05,MANDI-025,Hisar,Cotton,6191.91,6623.94,6407.923989855025,6620.0
PR003058,2026-06-15,MANDI-056,Hisar,Wheat,2128.71,2352.66,0.2241,2275.0
PR011867,2026-08-22,MANDI-004,Karnal,Wheat,2323.41,2865.41,2594.409172125229,2275.0
PR001724,2026-02-02,MANDI-011,Bathinda,Mustard,0.5682,6770.25,,0.565
PR005798,2026-05-08,MANDI-004,Kurukshetra,Sugarcane,3627.0,3813.91,3721.0,3500.0
PR006797,2026-05-13,,Kurukshetra,Mustard,4812.26,5554.0,0.5183,5650.0
PR004500,2026-01-07,,Ludhiana,Mustard,5413.25,0.6384,,5650.0
PR004537,2026-06-21,,,Cotton,6188.0,6759.26,6473.47,6620.0
PR007640,2026-02-06,MANDI-018,Ambala,Maize,1816.76,0.2043,1929.69,2090.0
PR010568,2026-05-23,MANDI-033,Bathinda,Wheat,2218.0,2730.0,2473.7584028310966,0.2275
PR000706,2026-06-10,MANDI-039,Kurukshetra,Mustard,4920.51,5306.94,5114.0,5650.0
PR009648,2026-01-28,MANDI-021,Jalandhar,Cotton,0.6904,7284.0,0.7094,
PR011406,2026-07-08,MANDI-010,Karnal,Wheat,1998.4,0.2291,0.2145,2275.0
PR004309,2026-08-04,MANDI-015,Sirsa,Sugarcane,3267.6,3849.2,3558.0,
PR007203,2026-04-12,MANDI-012,Amritsar,Cotton,6505.0,,7176.382391045096,6620.0
PR004925,2026-03-04,,Amritsar,Maize,2137.0,2428.81,2283.02,2090.0
PR008084,2026-08-28,MANDI-041,Fatehabad,Wheat,2271.49,0.2757,2514.02,2275.0
PR005460,2026-03-29,MANDI-025,Kurukshetra,Sugarcane,3393.0,4111.97,0.3752,0.35
PR006457,2026-01-22,MANDI-031,Bathinda,Sugarcane,3514.09,3863.803641149366,3688.95,3500.0
PR005221,2026-02-04,MANDI-037,Kurukshetra,Sugarcane,3344.7774505588736,3857.15,3600.96,3500.0
PR002968,2026-06-13,MANDI-052,Amritsar,Rice,1962.49,2095.25,0.2029,0.2183
PR001023,2026-06-01,MANDI-013,Fatehabad,Wheat,2160.787508794479,2613.6,2387.2,
PR006458,2026-03-16,MANDI-023,Ambala,Sugarcane,3586.93,4248.45,3917.69,3500.0
PR008305,2026-02-23,MANDI-008,Moga,Mustard,0.5582,6311.24,5946.535713740461,0.565
PR011678,2026-01-24,MANDI-043,Amritsar,Rice,2165.2,2280.16,2222.68,
PR009420,2026-04-25,MANDI-035,Sirsa,Sugarcane,3322.77,3731.38786490194,3527.08,3500.0
PR006774,2026-08-18,MANDI-013,Fatehabad,Wheat,2380.47,2753.7,2567.0,2275.0
PR004896,2026-04-12,MANDI-054,Amritsar,Cotton,0.6877,8330.0,7603.42,6620.0
PR004266,2026-02-24,MANDI-053,Ambala,Sugarcane,3144.14,3653.0,0.3399,
PR004596,2026-06-09,MANDI-006,Moga,Mustard,0.4921,5726.51,0.5324,0.565
PR003997,2026-04-21,MANDI-036,,Sugarcane,3510.0,0.4191,3850.73,3500.0
PR007864,2026-08-31,MANDI-053,Ambala,Sugarcane,3497.0,4017.0332107323643,3757.0,
PR006412,2026-06-30,,Kurukshetra,Sugarcane,3099.03,3654.4298271849066,3376.73,
PR011788,2026-01-23,,Fatehabad,Wheat,0.2179,2698.11,2438.324179220701,2275.0
PR006658,2026-03-08,,Amritsar,Mustard,5323.0,5822.54,,5650.0
PR000806,2026-02-08,MANDI-056,Kurukshetra,Maize,2035.0,2138.24,2086.62,2090.0
PR007876,2026-09-08,MANDI-044,Sirsa,Rice,2005.01,2221.9,2113.451888094861,0.2183
PR001790,2026-04-14,MANDI-004,Moga,Cotton,5868.0,0.7225,6547.0,6620.0
PR005724,2026-02-06,MANDI-049,Amritsar,Cotton,6781.864084293178,0.7895,7338.3,6620.0
PR008918,2026-11-06,,,Rice,1948.57,2394.8,2171.69,2183.0
PR009836,2026-04-08,MANDI-015,Moga,Mustard,4919.1,6115.0,,5650.0
PR003416,2026-04-17,MANDI-016,Hisar,Sugarcane,0.3502,4025.0,3763.59,3500.0
PR004073,2026-01-26,MANDI-027,Kurukshetra,Rice,1871.86,1991.0,1931.54,
PR010488,2026-04-22,MANDI-020,Ludhiana,Cotton,0.6281,7441.29,0.6861,6620.0
PR009256,2026-02-27,MANDI-057,Ambala,Cotton,6347.0,6818.52,6583.0,0.662
PR005312,2026-02-11,MANDI-033,Bathinda,Maize,1999.6,2146.84,2073.22,
PR001374,2026-10-07,MANDI-036,,Sugarcane,,3556.83,3375.77,3500.0
PR009227,2026-08-15,MANDI-045,Sirsa,Rice,2228.5527814783995,2415.968331960953,2322.26,2183.0
PR002808,2026-03-14,MANDI-013,Ludhiana,Maize,2018.55,2502.17,2260.0,2090.0
PR007630,2026-09-06,MANDI-016,Jalandhar,Mustard,5740.528328891051,6074.05,5907.286698007651,5650.0
PR004678,2026-08-26,MANDI-055,,Maize,2104.0,0.2462,2282.91,
PR005108,2026-10-02,MANDI-026,,Wheat,2093.0,0.2247,0.217,2275.0
PR010733,2026-06-12,MANDI-003,Ambala,Maize,,,2260.25,2090.0
PR003375,2026-01-07,MANDI-018,Moga,Rice,2054.97,2386.29,2220.63,2183.0
PR007972,2026-06-28,MANDI-017,Jalandhar,Sugarcane,3038.7,3740.0,3389.0,3500.0
PR010608,2026-02-03,MANDI-011,Karnal,Mustard,,6035.44,5825.22,5650.0
PR009923,2026-01-20,MANDI-052,Patiala,Sugarcane,3027.0,3498.0,3262.0,
PR006377,2026-06-23,MANDI-040,Ambala,Cotton,0.6618,8058.49,7338.0,6620.0
PR004413,2026-08-11,MANDI-049,Patiala,Cotton,6421.0,7956.62,7188.81,
PR002055,2026-07-05,MANDI-057,Fatehabad,Rice,1971.5,2162.72,2067.11,2183.0
PR004750,2026-02-20,MANDI-002,Jalandhar,Sugarcane,3005.507192523963,,0.3193,3500.0
PR002924,2026-08-25,MANDI-036,Patiala,Sugarcane,3153.38,3373.61,3263.4971529846007,3500.0
PR011579,2026-04-04,MANDI-049,Fatehabad,Sugarcane,0.3343,3684.0,3514.0,3500.0
PR000279,2026-07-08,MANDI-029,Bathinda,Mustard,5176.99,6288.69,5732.84,5650.0
PR006643,2026-02-03,MANDI-055,Kurukshetra,Sugarcane,3424.7,3985.28,3704.9854570511116,
PR009009,2026-02-25,MANDI-037,Hisar,Wheat,2190.22,2473.04,2332.0,2275.0
PR008662,2026-02-14,MANDI-037,Ambala,Sugarcane,2994.32,3664.98,3329.65,3500.0
PR006478,2026-02-02,,Amritsar,Rice,1885.8,2155.78,2020.79,
PR002567,2026-05-21,,Patiala,Rice,1862.0,2113.62,1987.66,
PR000687,2026-05-20,MANDI-039,Ludhiana,Wheat,1992.36,2217.09,2104.72,0.2275
PR005274,2026-06-23,MANDI-018,Ferozepur,Rice,0.1983,2283.72,2133.2482918500964,0.2183
PR002334,2026-01-07,,Hisar,Cotton,5905.25,6778.0,6341.54,6620.0
PR001091,2026-02-14,MANDI-029,Karnal,Maize,2183.0,2606.0,2394.7,0.209
PR009570,2026-07-28,MANDI-050,,Cotton,6719.18829214853,7458.9,7089.05,6620.0
PR010207,2026-04-03,MANDI-010,Sirsa,Rice,2058.5,2347.5235785231157,2203.0,
PR008736,2026-01-27,MANDI-053,Ludhiana,Rice,2062.0,2432.96,2247.71,2183.0
PR008979,2026-07-06,MANDI-026,Hisar,Sugarcane,3279.6765252288624,4095.244893645126,3687.460709436994,
PR008722,2026-04-20,MANDI-009,Sirsa,Wheat,2346.23,2468.87,2407.55,
PR010717,2026-04-01,MANDI-037,Ludhiana,Cotton,,,6273.0,6620.0
PR009336,2026-04-10,MANDI-057,Patiala,Cotton,6635.8,0.8239,7437.0,6620.0
PR005033,2026-01-13,MANDI-018,Kurukshetra,Wheat,2346.19,2793.3373434971973,2569.77,2275.0
PR010218,2026-02-22,MANDI-052,Fatehabad,Maize,1822.78,2253.89,,0.209
PR011940,2026-11-08,MANDI-038,Moga,Maize,1825.98,2101.0,1963.57,0.209
PR011131,2026-03-18,MANDI-031,Karnal,Sugarcane,3358.28,4036.3,3697.2893295460813,
PR002576,2026-03-28,MANDI-051,Sirsa,Cotton,6748.44,0.7656,7202.08,0.662
PR005824,2026-07-30,MANDI-012,Bathinda,Sugarcane,3279.0,0.3844,3561.0,3500.0
PR008634,2026-01-20,MANDI-045,Kurukshetra,Cotton,0.5838,6871.66,,
PR011117,2026-01-04,MANDI-055,Bathinda,Cotton,6938.36,8021.0,,
PR011052,2026-02-14,MANDI-011,Sirsa,Rice,2101.81,2530.44,2316.13,
PR005927,2026-06-09,,Amritsar,Mustard,5606.32,6641.903973392902,6124.111279010487,5650.0
PR011040,2026-08-12,MANDI-043,,Mustard,5109.76,6043.28,5576.52,5650.0
PR001123,2026-05-09,MANDI-041,Moga,Wheat,1988.0,2217.2,2102.6339005752125,2275.0
PR006169,2026-07-27,MANDI-040,Bathinda,Mustard,4889.85,5307.655226574101,5098.75,0.565
PR006484,2026-05-30,,Patiala,Cotton,5637.876244954407,6340.381995229313,5989.13,0.662
PR000710,2026-02-01,MANDI-017,Patiala,Maize,0.1932,0.2221,2076.37,
PR000024,2026-09-04,MANDI-046,Ambala,Rice,2101.0,2319.1999611954684,2210.1,2183.0
PR010871,2026-06-02,MANDI-040,Karnal,Maize,2141.77,0.2422,,2090.0
PR002925,2026-05-03,MANDI-016,Patiala,Wheat,2312.2,,0.2396,2275.0
PR008031,2026-01-29,MANDI-032,Bathinda,Cotton,6363.19,6859.23,6611.21,6620.0
PR004921,2026-07-23,MANDI-041,,Mustard,5651.0,,0.59,5650.0
PR010332,2026-03-29,MANDI-047,Kurukshetra,Rice,2067.940341067055,2201.1378113769842,2135.0,0.2183
PR006831,2026-09-04,MANDI-016,Patiala,Maize,0.1897,2260.97,2079.0,2090.0
PR001417,2026-04-20,MANDI-048,Patiala,Mustard,5815.25,,6441.29,
PR009039,2026-04-19,MANDI-036,Kurukshetra,Cotton,6878.0,7238.8,7058.157799637411,6620.0
PR000611,2026-01-16,MANDI-011,Patiala,Cotton,6348.82,0.696,6654.49,
PR010082,2026-06-12,MANDI-035,Ferozepur,Rice,0.2174,0.2496,2335.08,2183.0
PR001124,2026-09-05,,Fatehabad,Maize,0.2167,2417.09,2291.8909173273746,
PR005653,2026-05-13,MANDI-048,Ferozepur,Mustard,,6451.74,,0.565
PR000796,2026-04-24,MANDI-010,Kurukshetra,Cotton,5702.0,6904.665104378332,6303.33,6620.0
PR003155,2026-02-20,MANDI-007,Fatehabad,Cotton,6889.0,7879.51,7384.0,
PR010794,2026-06-11,MANDI-029,Patiala,Sugarcane,3673.86,3885.36,0.378,3500.0
PR006861,2026-08-18,MANDI-056,Patiala,Wheat,1967.76,0.2178,2072.95,2275.0
PR004870,2026-06-17,MANDI-043,Fatehabad,Sugarcane,3112.12,3833.17,,3500.0
PR010416,2026-05-11,MANDI-050,Bathinda,Mustard,5481.0,6280.59,5880.79481780385,5650.0
PR002385,2026-08-04,MANDI-019,Bathinda,Mustard,0.5395,0.625,5822.77,0.565
PR008968,2026-03-02,MANDI-050,Patiala,Sugarcane,3128.93,3888.5272991811007,3508.73,0.35
PR002272,2026-01-25,,Amritsar,Rice,1877.0,2177.64,2027.23,
PR008907,2026-05-11,MANDI-046,Ambala,Wheat,1991.2771711324121,0.2109,2050.0,2275.0
PR005743,2026-02-03,MANDI-016,Hisar,Sugarcane,0.3083,3771.56,3427.46,3500.0
PR009011,2026-08-20,MANDI-008,,Maize,2034.59,2196.62,2115.607538030623,2090.0
PR008369,2026-07-11,MANDI-008,,Wheat,2294.5680663153544,2563.0,2428.99,0.2275
PR011913,2026-03-26,,,Sugarcane,0.3082,3629.61,3356.0,0.35
PR002459,2026-02-06,MANDI-016,Patiala,Maize,2159.0,2515.82,2337.2,
PR004254,2026-02-16,MANDI-014,Bathinda,Mustard,5436.77,0.6327,0.5882,5650.0
PR010482,2026-04-13,MANDI-004,Hisar,Mustard,5088.65,5507.63,5298.14,0.565
PR005886,2026-05-23,MANDI-049,Karnal,Wheat,2234.0,2539.39,2386.9,2275.0
PR002098,2026-08-09,MANDI-001,Hisar,Sugarcane,3634.2216722013945,4289.0,3961.61,
PR000439,2026-07-30,MANDI-039,Ambala,Rice,2118.4,2378.13,2248.26,2183.0
PR008603,2026-11-05,MANDI-009,Kurukshetra,Cotton,6787.727504146677,7162.23,,6620.0
PR000748,2026-06-01,MANDI-033,Ferozepur,Sugarcane,3366.08,3578.36,3472.22,0.35
PR004926,2026-01-20,MANDI-006,Karnal,Mustard,0.488,0.5821,5350.13,5650.0
PR010971,2026-01-14,MANDI-039,Moga,Mustard,5881.7,6791.48,6336.59,0.565
PR006538,2026-01-24,MANDI-001,Patiala,Sugarcane,0.3188,3414.58,3301.38,3500.0
PR000116,2026-08-23,MANDI-054,Moga,Mustard,5249.26,0.6075,5661.99,
PR010391,2026-07-09,MANDI-040,Karnal,Mustard,4991.73,0.5528,5259.89,5650.0
PR008017,2026-07-08,MANDI-007,,Rice,1867.83,2278.59,2073.21,2183.0
PR011714,2026-06-13,MANDI-011,Moga,Mustard,5134.0,5875.0,5504.39,5650.0
PR004049,2026-06-23,MANDI-013,,Sugarcane,3033.97,3773.0,3403.52,
PR011528,2026-02-20,MANDI-015,Ferozepur,Maize,2176.84,2497.6,2337.0,2090.0
PR009571,2026-05-01,MANDI-007,Ludhiana,Rice,2048.42,2211.0,2129.5911521134008,2183.0
PR003957,2026-05-30,,Ambala,Wheat,2261.87,2617.65,2439.76,2275.0
PR002730,2026-03-05,MANDI-044,Ludhiana,Cotton,6060.53,7460.48,6760.506742036079,
PR001963,2026-01-23,MANDI-019,,Rice,0.2266,2640.45,2452.9739921333194,
PR010563,2026-04-26,,Karnal,Maize,1887.22,2048.18,1967.7,2090.0
PR001614,2026-04-02,MANDI-002,Hisar,Wheat,2314.16,2461.38,0.2388,2275.0
PR005436,2026-04-26,MANDI-052,Bathinda,Mustard,0.5534,6908.97,6221.0,5650.0
PR009626,2026-09-04,MANDI-010,Karnal,Maize,2149.0,2556.0,2352.32,2090.0
PR010201,2026-03-15,MANDI-008,Hisar,Sugarcane,0.334,3930.25,3635.0,3500.0
PR006994,2026-04-12,MANDI-029,Ludhiana,Wheat,1973.2660928240234,2252.0,2112.52,
PR006230,2026-03-20,,Hisar,Sugarcane,0.33,3714.12,3506.89,0.35
PR002938,2026-06-26,MANDI-044,Ambala,Sugarcane,3197.77,0.3852,3524.65,3500.0
PR004178,2026-06-29,MANDI-033,Jalandhar,Cotton,6406.640911006633,7731.743091948263,,6620.0
PR005937,2026-06-20,MANDI-006,Ferozepur,Wheat,2241.49,,2409.72,2275.0
PR004362,2026-12-01,MANDI-023,Amritsar,Sugarcane,3022.49,3659.35,3341.0,3500.0
PR002518,2026-04-03,MANDI-057,,Mustard,5832.08,7064.61,6448.35,0.565
PR005410,2026-05-22,MANDI-049,Kurukshetra,Wheat,2026.35,0.2433,2229.77,
PR009919,2026-03-27,MANDI-034,Sirsa,Cotton,,6493.0,6337.74,
PR000509,2026-08-22,MANDI-029,Patiala,Rice,2089.476913944514,2590.85,2340.1638462993114,2183.0
PR007425,2026-03-16,,Fatehabad,Maize,1791.42,1965.61,1878.51,
PR009844,2026-09-02,MANDI-014,Fatehabad,Rice,0.2096,2443.09,2269.73,
PR003333,2026-08-13,MANDI-011,Amritsar,Cotton,6913.28,7266.15,7089.72,6620.0
PR001939,2026-07-30,MANDI-005,Patiala,Wheat,2307.0,2437.0,2372.0,0.2275
PR004622,2026-05-23,MANDI-012,Ambala,Wheat,2379.0,2565.52,2472.34,
PR004625,2026-01-26,MANDI-045,Fatehabad,Mustard,5082.51,5836.97,5460.0,
PR000129,2026-01-14,,Amritsar,Mustard,5831.8,6318.28,6075.0,5650.0
PR003910,2026-02-15,,Kurukshetra,Cotton,,0.7116,6535.74,6620.0
PR010328,2026-08-23,MANDI-040,Bathinda,Sugarcane,3434.3,4066.47,3750.39,
PR003608,2026-06-09,,Ferozepur,Wheat,2147.0,2496.0,2321.1983496855746,2275.0
PR010275,2026-08-14,MANDI-046,Ferozepur,Cotton,6027.96,7483.0,6755.43,6620.0
PR001956,2026-06-11,MANDI-021,Ambala,Cotton,0.6924,7815.65,7369.95,0.662
PR003948,2026-04-30,,Ambala,Cotton,6228.07,7613.48,6920.78,6620.0
PR001366,2026-09-02,MANDI-009,Kurukshetra,Mustard,5699.0,6757.49,6228.47,5650.0
PR009808,2026-09-03,MANDI-023,Patiala,Mustard,5352.6,5852.55,5602.57,0.565
PR010414,2026-03-12,MANDI-043,Bathinda,Mustard,5243.86,,0.5582,5650.0
PR003687,2026-03-27,MANDI-009,,Rice,1897.67,2340.71,2119.19,2183.0
PR007509,2026-08-29,MANDI-053,Fatehabad,Sugarcane,3426.41,3642.41,3534.41,
PR007531,2026-02-02,MANDI-030,Karnal,Wheat,2355.73,0.26,2477.8,2275.0
PR000083,2026-03-09,MANDI-042,Moga,Sugarcane,3671.83,4051.0,3862.0,3500.0
PR005983,2026-03-02,MANDI-004,Moga,Cotton,0.5953,6904.14,6429.0,6620.0
PR009903,2026-10-04,MANDI-025,Patiala,Sugarcane,3510.72,4344.46,3928.0,3500.0
PR002989,2026-03-31,MANDI-007,Karnal,Mustard,0.5118,6185.3,5651.64,
PR001889,2026-02-04,MANDI-049,Amritsar,Maize,,2301.6,2127.66,2090.0
PR009700,2026-04-05,MANDI-008,,Wheat,2099.0,2502.26,2301.0,2275.0
PR011962,2026-03-15,MANDI-005,Patiala,Cotton,6521.12,8073.56,7297.34,6620.0
PR006305,2026-02-04,MANDI-047,,Sugarcane,0.3458,3665.11,3561.74,3500.0
PR001688,2026-01-30,MANDI-030,,Cotton,0.6476,7025.72,6750.85,
PR009113,2026-08-02,MANDI-050,Ferozepur,Mustard,5025.73,5295.65,5160.69,5650.0
PR010138,2026-07-28,MANDI-013,Moga,Maize,0.1883,2278.34,2080.52,2090.0
PR001065,2026-01-17,MANDI-024,Sirsa,Cotton,5867.13,6669.43,6268.280239718153,
PR002739,2026-07-22,MANDI-036,Ferozepur,Sugarcane,3636.0,4360.193146341327,3997.91,3500.0
PR001185,2026-08-05,MANDI-050,Ludhiana,Cotton,6758.0,7917.0,0.7338,6620.0
PR005673,2026-04-16,MANDI-034,Ambala,Mustard,5874.72,6670.24,6272.0,0.565
PR006934,2026-08-14,MANDI-005,Ludhiana,Maize,1855.67,2183.45,2019.5594799545652,
PR003184,2026-06-06,,Patiala,Rice,2283.68,2652.07,0.2468,
PR000976,2026-01-04,,,Wheat,1953.8,2112.1,2032.95,2275.0
PR008571,2026-06-26,MANDI-044,Kurukshetra,Wheat,0.1957,0.2095,2025.98,0.2275
PR001113,2026-11-04,MANDI-032,Fatehabad,Cotton,6332.27,7408.470787683896,6870.37,0.662
PR009672,2026-06-20,MANDI-020,Moga,Wheat,2310.61,2800.42,2556.0,2275.0
PR005948,2026-04-04,MANDI-046,Sirsa,Wheat,2066.0,2311.47,0.2189,2275.0
PR011672,2026-11-05,MANDI-028,Bathinda,Cotton,0.5769,0.6778,6273.0,
PR010346,2026-08-02,MANDI-011,Hisar,Mustard,5665.9,6793.0,6229.53,5650.0
PR010891,2026-01-26,MANDI-008,Karnal,Cotton,6738.44,7279.0,0.7009,6620.0
PR002008,2026-07-20,MANDI-029,Moga,Maize,1865.31,2208.14,2036.73,2090.0
PR002505,2026-09-06,MANDI-057,,Mustard,4952.0,6113.0,0.5532,0.565
PR006748,2026-06-02,MANDI-017,Ferozepur,Sugarcane,3178.96,,3481.77,0.35
PR010163,2026-02-22,MANDI-050,Ferozepur,Wheat,2296.0,2602.94,2449.6,2275.0
PR006364,2026-05-18,MANDI-046,Patiala,Sugarcane,0.3385,3763.0,3573.99,3500.0
PR006757,2026-05-24,MANDI-026,Ferozepur,Maize,0.1922,2042.353786164122,0.1982,
PR001016,2026-03-29,MANDI-056,Jalandhar,Maize,1996.31,0.2246,2121.4,2090.0
PR008593,2026-05-02,MANDI-047,Fatehabad,Wheat,2257.81,2571.0,,2275.0
PR008386,2026-04-16,MANDI-056,Ludhiana,Mustard,5201.3,5515.0,0.5358,0.565
PR000171,2026-01-23,MANDI-006,Amritsar,Sugarcane,3123.15,3604.0,3363.79,3500.0
PR003065,2026-05-10,MANDI-037,Ambala,Rice,2159.53,2590.96,2375.24,2183.0
PR007872,2026-06-30,MANDI-022,Moga,Wheat,2214.23,2665.0,2439.49,2275.0
PR007826,2026-05-12,MANDI-039,Sirsa,Wheat,2150.21,2270.13,2210.17,2275.0
PR000533,2026-07-24,MANDI-012,Kurukshetra,Rice,,2535.0,0.2325,0.2183
PR002493,2026-06-14,MANDI-025,,Sugarcane,3004.68,3279.9,0.3142,3500.0
PR000809,2026-08-02,MANDI-025,Sirsa,Wheat,2024.88,2502.396902245285,2263.6395772458036,0.2275
PR003968,2026-08-03,MANDI-027,Ludhiana,Cotton,6847.73,7771.24,7309.48,6620.0
PR010373,2026-01-13,MANDI-014,Moga,Mustard,5100.33,5411.47,5255.90074029971,5650.0
PR009803,2026-03-02,MANDI-001,Sirsa,Sugarcane,3453.186529471029,0.3717,3585.16,0.35
PR010222,2026-04-02,MANDI-037,Patiala,Maize,1919.0,2228.9,0.2074,2090.0
PR011263,2026-02-16,MANDI-020,Ludhiana,Mustard,5145.15,5612.914340750075,5379.032972882145,
PR007721,2026-08-24,MANDI-042,Kurukshetra,Maize,0.1935,2374.4,2154.71,0.209
PR003493,2026-09-09,MANDI-016,Patiala,Maize,0.1899,2254.93,2076.99,2090.0
PR007701,2026-04-22,MANDI-034,,Cotton,6936.0,8321.0,7628.52,6620.0
PR001791,2026-03-26,MANDI-036,Ferozepur,Maize,1924.01,2278.02,0.2101,2090.0
PR005191,2026-02-26,MANDI-005,Karnal,Cotton,6804.0,7720.9,,6620.0
PR006641,2026-09-03,MANDI-031,,Rice,2233.908787310233,0.2417,2325.2810151042013,2183.0
PR008467,2026-01-19,MANDI-029,Jalandhar,Sugarcane,0.3382,3934.0,3658.17,3500.0
PR009119,2026-07-14,MANDI-019,Patiala,Maize,2067.51,2566.84,2317.17,2090.0
PR006148,2026-07-22,MANDI-047,Patiala,Cotton,6514.0,7605.62,7059.95,6620.0
PR011104,2026-08-30,MANDI-002,Hisar,Wheat,2187.93,2352.36,2270.15,2275.0
PR004898,2026-06-01,,Sirsa,Rice,2188.57,2567.57,2378.07,2183.0
PR007101,2026-05-24,MANDI-026,,Mustard,5168.0,5821.0,5494.4,5650.0
PR003755,2026-02-21,MANDI-007,Bathinda,Cotton,6093.0,7174.0,6633.56,6620.0
PR009231,2026-07-25,MANDI-006,Fatehabad,Sugarcane,,0.4066,3762.41,3500.0
PR006454,2026-02-08,MANDI-047,Jalandhar,Maize,1975.22,2265.77,2120.49,2090.0
PR007273,2026-06-24,MANDI-008,Ambala,Maize,1833.0,0.2115,1973.79,2090.0
PR002908,2026-07-14,MANDI-043,Karnal,Mustard,,6261.0,6001.0,5650.0
PR003780,2026-04-06,MANDI-023,Karnal,Cotton,6894.0,8425.35,7660.0,0.662
PR006374,2026-01-09,MANDI-027,Bathinda,Mustard,5302.68,0.6374,5838.31,5650.0
PR002160,2026-05-06,MANDI-027,Ludhiana,Wheat,1961.15,2193.09,2077.12,2275.0
PR002734,2026-02-13,MANDI-017,,Wheat,2050.1,2291.48,2170.79,
PR004184,2026-01-03,MANDI-037,Bathinda,Maize,1937.9,2369.2,2153.55,2090.0
PR000387,2026-05-08,MANDI-008,Moga,Rice,2039.67,0.2234,2136.85,
PR002039,2026-02-08,MANDI-007,Amritsar,Cotton,6712.0,7289.546795716374,7001.0,
PR010039,2026-04-04,,Ludhiana,Wheat,2018.14,2164.0,2090.8858028874997,2275.0
PR000511,2026-02-04,MANDI-056,Amritsar,Wheat,1945.0,2348.38,2147.0,2275.0
PR010398,2026-07-29,MANDI-007,Kurukshetra,Sugarcane,2978.79,3690.0,0.3335,3500.0
PR006950,2026-06-15,MANDI-009,Fatehabad,Cotton,6674.0,7953.977330508526,,
PR011261,2026-02-17,MANDI-012,,Wheat,2307.02,2881.77,2594.4,2275.0
PR003041,2026-04-22,MANDI-051,Ferozepur,Maize,1982.72,2281.05,2131.88,0.209
PR008269,2026-09-04,MANDI-006,Bathinda,Sugarcane,3321.42,3801.0,3561.3382983786732,3500.0
PR005226,2026-04-12,MANDI-002,Bathinda,Sugarcane,,3647.101667743143,3394.96,3500.0
PR005507,2026-01-27,MANDI-056,Kurukshetra,Rice,1989.0,2280.16,2134.74,0.2183
PR003600,2026-08-27,MANDI-008,Ambala,Maize,,2289.14,2210.2,2090.0
PR000468,2026-07-27,MANDI-011,Fatehabad,Mustard,5857.05,,6218.121371498172,5650.0
PR008391,2026-08-29,MANDI-033,Jalandhar,Sugarcane,3313.52,3561.27,0.3437,3500.0
PR009628,2026-06-06,,,Sugarcane,3122.87,3696.1,3409.0,3500.0
PR010750,2026-03-20,MANDI-048,Karnal,Sugarcane,0.3667,,0.3946,
PR002420,2026-01-15,MANDI-026,Kurukshetra,Mustard,0.5502,0.6773,6137.53,
PR011204,2026-04-02,MANDI-054,Bathinda,Sugarcane,2999.28,3475.01,3237.15,
PR005340,2026-04-21,MANDI-054,,Wheat,2056.3872640712407,2364.0,2210.22,0.2275
PR004262,2026-07-11,MANDI-039,Fatehabad,Mustard,5090.21332055863,6231.26,5660.734337367984,5650.0
PR004132,2026-06-18,MANDI-028,Karnal,Maize,2104.0,2330.43,2217.16,0.209
PR009697,2026-06-03,MANDI-049,Ambala,Cotton,6219.0,7602.5,6910.54684181801,6620.0
PR004762,2026-02-04,MANDI-002,,Maize,1844.65,2064.29,1954.47,2090.0
PR003902,2026-02-16,MANDI-015,Ambala,Maize,1800.62,1928.5,1864.56,2090.0
PR004503,2026-01-31,MANDI-022,Ferozepur,Wheat,2275.9329873015777,2812.8,0.2544,
PR001071,2026-08-26,MANDI-043,Patiala,Sugarcane,3451.3,4251.11,3851.21,
PR011499,2026-02-22,MANDI-052,,Wheat,2292.14,,,0.2275
PR006917,2026-06-28,MANDI-005,Ferozepur,Mustard,5551.79,6827.99,6189.89,
PR000401,2026-01-10,,Patiala,Maize,2126.4873461449106,,2231.71,2090.0
PR004339,2026-06-09,MANDI-035,Sirsa,Maize,2142.51,2376.836248178508,,0.209
PR011661,2026-05-28,MANDI-057,Amritsar,Sugarcane,,3899.86,0.3654,3500.0
PR008013,2026-01-10,MANDI-048,Jalandhar,Cotton,6072.0,0.7344,0.6708,6620.0
PR011247,2026-04-17,MANDI-013,Fatehabad,Wheat,2136.640177919967,2634.38,2385.51,2275.0
PR007920,2026-01-06,MANDI-017,Patiala,Sugarcane,3369.0,3714.28,3541.51,0.35
PR001069,2026-01-10,MANDI-006,Fatehabad,Rice,1884.7859813204566,2323.36,2104.0,0.2183
PR007501,2026-06-14,MANDI-015,Patiala,Wheat,2119.67,2368.0,2243.65,2275.0
PR010353,2026-02-20,,Sirsa,Rice,1858.28,2217.27,2038.0,2183.0
PR010826,2026-03-01,MANDI-023,,Cotton,6401.68,7029.0,6715.19,0.662
PR002330,2026-08-14,MANDI-022,Sirsa,Wheat,,0.2292,0.2126,
PR008797,2026-07-04,MANDI-030,,Cotton,6737.0,7475.13,7106.16,6620.0
PR000140,2026-02-01,MANDI-013,Fatehabad,Cotton,6251.0,6933.71,0.6592,0.662
PR009886,2026-03-05,MANDI-002,Amritsar,Mustard,,5909.37,5566.16,5650.0
PR004042,2026-04-17,MANDI-043,Fatehabad,Rice,1964.05,2132.71,2048.38,2183.0
PR003616,2026-06-02,MANDI-039,Ambala,Maize,2175.0,2575.68,0.2375,2090.0
PR001725,2026-06-16,,Fatehabad,Rice,0.1985,2184.0,2085.0,2183.0
PR000596,2026-05-24,MANDI-024,Ambala,Cotton,6255.137930299276,7216.33,0.6736,6620.0
PR011055,2026-05-04,MANDI-004,Patiala,Rice,2059.0,2200.11,,2183.0
PR010230,2026-07-19,MANDI-046,Patiala,Mustard,5368.6,5751.12,5559.86,
PR003253,2026-03-22,MANDI-019,Moga,Maize,1803.0,1899.0,1850.93,2090.0
PR003269,2026-05-26,MANDI-023,Patiala,Rice,2247.19,2794.3357584855144,2520.761665322855,2183.0
PR001056,2026-03-02,MANDI-014,Patiala,Sugarcane,3360.73,3608.6,3485.0,3500.0
PR000621,2026-09-06,MANDI-046,Hisar,Mustard,5523.665799778371,6553.5,6038.58,0.565
PR006866,2026-07-30,MANDI-056,Ferozepur,Wheat,2329.78,2683.26,2507.0,
PR002464,2026-07-26,,Hisar,Rice,2203.2081533638525,2635.8668780545777,0.242,
PR010689,2026-08-06,MANDI-029,,Maize,1892.73,2089.42,0.1991,0.209
PR011720,2026-04-03,MANDI-016,Hisar,Maize,1783.68,2219.75,2001.71,0.209
PR001495,2026-02-17,MANDI-050,Sirsa,Maize,2089.0,0.248,2284.78,2090.0
PR011757,2026-05-08,,Patiala,Rice,1899.4398563477268,2288.0,2093.69,2183.0
PR008196,2026-11-04,MANDI-049,Ambala,Maize,1958.11,2084.99,2021.55,2090.0
PR006975,2026-03-02,MANDI-046,Ludhiana,Sugarcane,3223.58,3826.2,3524.89,3500.0
PR006705,2026-01-25,MANDI-028,Sirsa,Mustard,5827.0,6258.58,6042.59,5650.0
PR005799,2026-03-11,MANDI-022,Sirsa,Cotton,6820.965247933311,0.7817,7319.13,6620.0
PR005618,2026-07-23,MANDI-021,Karnal,Cotton,6869.395683409662,0.8472,7670.0,0.662
PR003461,2026-07-29,MANDI-025,Moga,Sugarcane,3079.15,3661.63,3370.39,3500.0
PR003992,2026-12-06,MANDI-043,Fatehabad,Maize,0.2166,2293.04,2229.697247780514,2090.0
PR010547,2026-06-23,MANDI-040,Karnal,Wheat,2344.79,2541.41,2443.1,
PR004668,2026-03-01,MANDI-041,Ludhiana,Rice,2244.0,2385.34,0.2315,2183.0
PR009178,2026-02-14,,Fatehabad,Mustard,4877.0,5640.79,5259.0,0.565
PR010852,2026-04-22,MANDI-024,Jalandhar,Rice,1974.96,2366.0,2170.49,2183.0
PR001804,2026-06-03,MANDI-024,Moga,Mustard,5128.97,5546.66,5337.81,5650.0
PR003423,2026-07-24,MANDI-001,Ludhiana,Maize,2149.2496360050613,2446.6,2297.93,0.209
PR004769,2026-05-05,MANDI-004,Hisar,Mustard,5666.74,6604.65,6136.0,5650.0
PR008900,2026-06-07,,Jalandhar,Cotton,6366.0,7416.65,6891.423291690498,6620.0
PR002531,2026-07-17,MANDI-016,Moga,Rice,1880.12,2242.5648112344875,2061.34,2183.0
PR011610,2026-03-13,MANDI-047,Karnal,Mustard,5506.0,5842.86,5674.3,
PR001501,2026-01-22,MANDI-001,Amritsar,Rice,1865.63,1992.61,1929.12,2183.0
PR002879,2026-03-22,MANDI-026,Ludhiana,Sugarcane,3374.84,3584.0194595707126,3479.43,
PR011659,2026-08-18,MANDI-011,,Cotton,0.6208,7720.39,6964.255692608065,6620.0
PR008407,2026-08-05,MANDI-026,Amritsar,Cotton,,6415.0,6147.56,6620.0
PR003832,2026-03-14,MANDI-012,Fatehabad,Mustard,5864.695833285182,7037.77,6451.24,
PR005528,2026-06-16,MANDI-049,Ludhiana,Sugarcane,3562.48,4285.47,3923.98,3500.0
PR004725,2026-06-27,MANDI-037,,Sugarcane,3007.89,3516.72,3262.3,
PR007161,2026-05-25,MANDI-052,Bathinda,Rice,2066.0,2450.526747255894,2258.265217198218,2183.0
PR004705,2026-06-04,MANDI-037,Ludhiana,Wheat,2072.5,2542.4698690184123,2307.48,2275.0
PR009204,2026-01-31,MANDI-013,Hisar,Mustard,,0.6085,5689.39,5650.0
PR004676,2026-03-06,MANDI-041,Karnal,Mustard,5438.56,6289.65,5864.11,5650.0
PR010038,2026-06-05,MANDI-034,Jalandhar,Maize,2048.9725271374055,2199.93,2124.45,2090.0
PR008632,2026-06-22,MANDI-046,Amritsar,Wheat,0.2093,2213.63,2153.56,0.2275
PR010649,2026-02-18,MANDI-023,Ludhiana,Rice,1905.4,2326.36,2115.88,2183.0
PR000946,2026-02-25,MANDI-027,Jalandhar,Mustard,0.5134,5750.298406173601,5441.98,5650.0
PR000385,2026-03-22,MANDI-044,Patiala,Sugarcane,3098.533088410578,,3390.27,
PR000033,2026-08-08,MANDI-026,Jalandhar,Rice,2170.28,2338.68,2254.48,2183.0
PR006029,2026-03-23,,Amritsar,Cotton,0.6517,6874.72,6695.74,
PR007153,2026-02-01,MANDI-049,Ambala,Rice,1968.0,2159.93,2064.09,2183.0
PR009460,2026-02-02,MANDI-050,Kurukshetra,Sugarcane,0.2982,3303.84,3142.86,3500.0
PR006350,2026-07-23,MANDI-024,Jalandhar,Maize,1829.39,2169.2152420999014,1999.3,
PR007546,2026-04-02,MANDI-038,,Cotton,6459.0,7138.0,,6620.0
PR009870,2026-06-12,MANDI-045,Fatehabad,Cotton,6829.21,7915.04,7372.13,6620.0
PR000933,2026-04-23,MANDI-037,Ambala,Rice,2064.46,2476.513802985197,2270.4848000327515,2183.0
PR004168,2026-09-03,MANDI-025,Fatehabad,Mustard,5503.636882758103,0.6183,5843.17,
PR010206,2026-04-25,MANDI-015,Karnal,Maize,,2304.0,2083.06,2090.0
PR011641,2026-05-17,MANDI-001,Sirsa,Sugarcane,3269.79,,3401.77,
PR000266,2026-03-19,MANDI-056,Ludhiana,Rice,1927.99,2032.28,,2183.0
PR004130,2026-01-23,MANDI-008,Ferozepur,Rice,2083.22,2544.76,2313.99,0.2183
PR005142,2026-07-23,MANDI-035,Kurukshetra,Maize,2173.44,2396.87,2285.16,2090.0
PR003853,2026-09-03,MANDI-055,Ferozepur,Rice,2013.0,2372.0,0.2192,2183.0
PR011484,2026-12-01,MANDI-019,Bathinda,Wheat,2211.69,2332.46,2272.08,0.2275
PR007250,2026-01-19,,Ferozepur,Wheat,2381.32,2677.763569230434,0.253,
PR003631,2026-03-22,MANDI-054,Jalandhar,Maize,0.1968,2168.68,2068.0,2090.0
PR006522,2026-09-02,MANDI-012,Kurukshetra,Cotton,6934.22,7396.0,7165.0,6620.0
PR006421,2026-05-15,MANDI-018,Sirsa,Maize,2059.69,0.2412,0.2236,2090.0
PR000904,2026-06-14,MANDI-009,,Sugarcane,2975.83,3613.52,3294.67,
PR006763,2026-06-15,MANDI-018,Karnal,Cotton,6746.79,8252.22,7499.51,0.662
PR002110,2026-05-31,MANDI-014,,Sugarcane,3390.0,0.3789,3590.0,3500.0
PR011787,2026-03-15,MANDI-051,Ludhiana,Wheat,2212.0,2375.837367616242,2293.99,
PR000437,2026-04-02,MANDI-005,,Mustard,5296.0,6324.6472056827415,,5650.0
PR004505,2026-03-04,MANDI-032,,Cotton,5653.66,6545.19905657515,6099.0,6620.0
PR007380,2026-07-30,MANDI-009,,Maize,1914.0,2174.9,2044.4922378789634,2090.0
PR001594,2026-03-01,MANDI-005,Kurukshetra,Cotton,5697.98,6792.85,6245.0,
PR002589,2026-05-24,MANDI-053,,Sugarcane,3472.3,3950.9778933598864,3711.64,3500.0
PR009130,2026-01-07,MANDI-042,,Sugarcane,3186.7121331016074,3520.0,,3500.0
PR006668,2026-08-20,MANDI-050,Jalandhar,Sugarcane,3376.38,,3676.16,3500.0
PR005559,2026-06-21,MANDI-043,Hisar,Maize,0.2133,2541.13,2337.0,2090.0
PR008240,2026-01-20,MANDI-045,Ambala,Rice,,2430.0,2246.76,
PR008960,2026-06-19,MANDI-022,Jalandhar,Cotton,0.6056,,6711.61,6620.0
PR002288,2026-01-28,MANDI-051,Kurukshetra,Mustard,0.4883,5867.48,5375.19,5650.0
PR004667,2026-04-27,MANDI-042,Hisar,Rice,1914.72,2183.28,2049.0029694674663,
PR004183,2026-02-24,MANDI-027,Ambala,Cotton,6684.03,0.7944,,6620.0
PR010114,2026-04-08,MANDI-034,Amritsar,Rice,2189.53,2484.53,0.2337,2183.0
PR005416,2026-09-09,MANDI-018,Amritsar,Maize,1970.49,2268.51,2119.5037398450113,2090.0
PR007984,2026-10-04,MANDI-040,Ambala,Rice,1926.18,2394.0,2159.9,
PR002226,2026-05-29,MANDI-018,Ludhiana,Rice,1908.0103717039792,2031.85,1969.93,2183.0
PR002094,2026-02-13,MANDI-051,Jalandhar,Cotton,6305.52,7193.74,6749.63,6620.0
PR001042,2026-06-16,MANDI-008,Fatehabad,Rice,2175.75,2587.0,0.2381,2183.0
PR006117,2026-08-06,MANDI-017,Moga,Mustard,5925.0,6363.34,0.6144,5650.0
PR010644,2026-08-23,MANDI-040,Patiala,Mustard,,6244.797788768687,0.5634,
PR004665,2026-04-02,MANDI-050,Ambala,Rice,2222.521472838415,2503.75,,2183.0
PR002130,2026-08-20,,Karnal,Cotton,6322.75,7696.94,7009.841003389421,
PR005831,2026-06-26,MANDI-039,Ferozepur,Rice,2198.0,2654.26,2426.370282812431,2183.0
PR007067,2026-05-12,MANDI-053,Moga,Cotton,6078.0,6889.12,6483.71,6620.0
PR006967,2026-05-29,MANDI-012,Ferozepur,Wheat,0.2292,2778.6506481027923,0.2536,2275.0
PR010924,2026-07-23,MANDI-025,Jalandhar,Mustard,5597.0,0.6158,5877.34,5650.0
PR003831,2026-01-12,MANDI-049,Bathinda,Rice,2288.39,2722.38,2505.0,2183.0
PR007664,2026-04-22,MANDI-037,,Cotton,6599.9,7981.54,0.7291,6620.0
PR001280,2026-07-09,MANDI-004,Patiala,Maize,0.1852,2112.35,1982.02,2090.0
PR009993,2026-03-06,MANDI-007,Jalandhar,Rice,2052.58,2397.07,2224.82,
PR006922,2026-02-03,MANDI-044,,Mustard,5445.088232074023,6275.65,5860.369272887745,5650.0
PR004973,2026-02-12,MANDI-005,Moga,Sugarcane,3572.0,0.4184,0.3878,0.35
PR009580,2026-03-23,MANDI-057,Kurukshetra,Wheat,2357.81,2734.04,2545.926340138799,2275.0
PR005028,2026-10-08,MANDI-024,,Wheat,2267.23,2769.18,2518.21,2275.0
PR004460,2026-07-28,MANDI-015,Patiala,Rice,,0.2248,2083.42,2183.0
PR005736,2026-05-05,,Amritsar,Sugarcane,3555.989633217922,4327.0,3941.6910150384056,
PR006286,2026-01-23,MANDI-044,Bathinda,Maize,0.1804,2071.59,1937.7217176784588,0.209
PR006433,2026-02-13,,Ambala,Cotton,6668.0,8046.29,7357.08,6620.0
PR008572,2026-06-21,,Jalandhar,Sugarcane,3042.93,3532.0,0.3287,
PR002721,2026-05-16,MANDI-034,Kurukshetra,Cotton,6689.0,0.7402,7045.66,0.662
PR007789,2026-07-17,MANDI-048,Sirsa,Wheat,0.2338,2776.404093399205,2557.3,2275.0
PR010606,2026-08-05,MANDI-028,Patiala,Cotton,,8055.0,7307.44,6620.0
PR001118,2026-03-18,MANDI-008,Moga,Maize,2055.03,0.2211,2133.16,
PR006260,2026-04-23,MANDI-035,Ambala,Mustard,0.5835,6639.32,0.6237,5650.0
PR011479,2026-07-31,MANDI-018,,Cotton,5894.33,7200.12,6547.23,6620.0
PR010112,2026-06-08,,Amritsar,Maize,2086.0,2372.95,2230.0,2090.0
PR009830,2026-03-26,MANDI-038,Ambala,Cotton,5826.53,6604.38,6215.46,0.662
PR008550,2026-05-04,MANDI-030,,Rice,0.2119,2612.92,2366.16,2183.0
PR002582,2026-06-26,MANDI-036,Karnal,Wheat,2145.67,2322.64,2234.0,2275.0
PR002401,2026-01-13,MANDI-002,Jalandhar,Wheat,0.1993,2163.96,2078.672030697876,2275.0
PR008473,2026-07-30,MANDI-046,Ferozepur,Rice,2245.66,2557.52,2401.5862518850836,0.2183
PR008885,2026-04-28,MANDI-018,Moga,Sugarcane,3127.06,3821.93,3474.0,3500.0
PR002202,2026-05-06,MANDI-029,Bathinda,Cotton,0.575,6620.73,6185.396468427567,
PR002325,2026-07-08,MANDI-012,Moga,Maize,0.1861,2249.27,2055.1535742010938,0.209
PR004397,2026-07-07,MANDI-011,,Cotton,,0.7511,6781.51,
PR002439,2026-07-20,,Jalandhar,Wheat,2154.72,2617.27,2385.99,0.2275
PR009386,2026-03-25,MANDI-007,Jalandhar,Mustard,0.5525,6749.0,6136.58,
PR006472,2026-07-18,MANDI-031,,Sugarcane,0.3523,4354.67,,3500.0
PR006071,2026-06-17,MANDI-019,Ludhiana,Rice,2214.054235732272,2529.91,2371.98,
PR003516,2026-06-01,MANDI-005,Karnal,Maize,1936.0,,2029.67,
PR000429,2026-05-04,MANDI-056,Hisar,Wheat,2144.29,2328.81,2237.0,2275.0
PR010991,2026-06-11,MANDI-024,Kurukshetra,Cotton,6334.32,6750.43,,6620.0
PR007669,2026-08-25,MANDI-053,Ferozepur,Sugarcane,3560.7,3767.6,3664.15,
PR007139,2026-01-24,MANDI-034,Ludhiana,Maize,1860.0,2172.0,0.2016,2090.0
PR006221,2026-03-08,MANDI-046,Karnal,Rice,0.2059,2185.69,2122.47,2183.0
PR004809,2026-04-13,MANDI-014,Sirsa,Mustard,5427.054878156567,0.5958,5692.724554367788,5650.0
PR007242,2026-02-21,MANDI-040,Hisar,Mustard,5599.88,0.6851,6225.295243169459,5650.0
PR001732,2026-02-03,MANDI-050,Fatehabad,Mustard,5206.78,5761.32,0.5484,5650.0
PR001133,2026-10-05,MANDI-017,Amritsar,Wheat,2203.07,2503.9851843962624,2353.53,2275.0
PR006168,2026-02-18,MANDI-031,Hisar,Wheat,0.2052,2399.24,2225.5,2275.0
PR010921,2026-06-12,MANDI-039,Patiala,Sugarcane,0.3104,3512.0,3307.91,
PR005819,2026-03-16,MANDI-022,Ludhiana,Maize,1928.0,2046.0,1987.0,0.209
PR011494,2026-07-07,MANDI-043,Ambala,Mustard,4929.33,5969.0,0.5449,5650.0
PR009182,2026-06-17,MANDI-053,,Rice,2243.56,2485.0,0.2364,0.2183
PR004441,2026-01-10,,Ambala,Cotton,5940.61,7017.9549193049725,6479.28,6620.0
PR009012,2026-01-23,,Bathinda,Sugarcane,3663.0,0.403,3846.29,3500.0
PR010994,2026-08-17,MANDI-029,Patiala,Maize,0.2066,2428.57,,
PR010781,2026-03-30,MANDI-021,Karnal,Mustard,5893.84,7251.79,0.6573,5650.0
PR009283,2026-01-17,MANDI-044,,Sugarcane,3482.21,0.3989,3736.0,3500.0
PR011544,2026-08-14,MANDI-015,Bathinda,Rice,2247.0,2557.34,2402.34,2183.0
PR001618,2026-05-23,MANDI-040,Moga,Wheat,2117.11102485868,2284.63,0.2201,0.2275
PR011365,2026-07-14,,Hisar,Sugarcane,3351.46,4100.148447411353,3725.8,0.35
PR004304,2026-01-01,MANDI-034,Amritsar,Mustard,0.5923,6789.25,6356.0,5650.0
PR003946,2026-03-01,MANDI-036,Hisar,Wheat,2314.7,0.2825,2570.0923619943524,2275.0
PR005934,2026-07-12,MANDI-050,Moga,Mustard,5830.76,6522.62,6177.0,5650.0
PR011152,2026-03-04,,Ambala,Cotton,0.6646,7101.322359908536,6873.48,6620.0
PR001563,2026-07-23,MANDI-023,Ferozepur,Rice,0.2179,2562.74,0.2371,
PR008827,2026-01-15,MANDI-037,Sirsa,Rice,2123.72,2443.02,0.2283,2183.0
PR009957,2026-03-20,MANDI-032,Bathinda,Wheat,2090.58,2580.61,0.2336,0.2275
PR006734,2026-03-25,MANDI-008,,Rice,0.1883,2121.0,2002.2,2183.0
PR004935,2026-12-02,MANDI-029,,Sugarcane,3429.113584119377,4178.7,3803.91,3500.0
PR009511,2026-07-03,MANDI-012,,Cotton,6261.97,7587.04,0.6925,6620.0
PR011121,2026-08-07,MANDI-010,Amritsar,Maize,2051.82,,2259.0,2090.0
PR002858,2026-07-16,MANDI-018,Bathinda,Mustard,5909.34,6337.15,6123.0,0.565
PR004847,2026-01-29,MANDI-056,Hisar,Rice,2213.0,2550.65,0.2382,2183.0
PR005229,2026-10-06,MANDI-010,Karnal,Mustard,5327.15,5604.74,5465.94,5650.0
PR001842,2026-02-25,MANDI-054,,Sugarcane,,3331.0,3163.0,
PR010195,2026-05-09,MANDI-049,Bathinda,Mustard,5094.77,5725.0,0.541,0.565
PR007377,2026-07-10,MANDI-032,Fatehabad,Sugarcane,3089.82,3752.65,3421.24,3500.0
PR003126,2026-03-17,,Amritsar,Mustard,0.5181,5821.24,5501.1,5650.0
PR010982,2026-04-21,MANDI-002,Moga,Maize,2109.0,2363.4186269794313,2235.977276828525,2090.0
PR007502,2026-11-08,MANDI-018,Hisar,Wheat,1955.31,2352.7,,2275.0
PR011495,2026-08-30,MANDI-018,Hisar,Sugarcane,3118.72,3849.14,3483.93,3500.0
PR010219,2026-04-17,MANDI-011,Patiala,Sugarcane,3492.0,0.3973,3732.54,
PR004361,2026-06-20,MANDI-017,,Wheat,2103.43,2494.05,2299.0,2275.0
PR000020,2026-05-27,MANDI-052,,Mustard,5841.58,0.7008,0.6425,5650.0
PR002377,2026-02-04,MANDI-047,,Cotton,6028.66,6420.0,6224.33,6620.0
PR008448,2026-02-16,MANDI-053,Amritsar,Mustard,4812.93,5495.17,5154.05,
PR003380,2026-04-18,MANDI-022,Sirsa,Cotton,6830.55,7607.752189034369,7219.0,0.662
PR007763,2026-01-16,MANDI-022,Fatehabad,Rice,2286.87,2661.0,2473.82,2183.0
PR005526,2026-04-09,MANDI-009,Sirsa,Mustard,0.5122,5417.52,,5650.0
PR007830,2026-01-25,MANDI-014,Bathinda,Mustard,5731.0,6483.22,0.6107,0.565
PR007683,2026-08-08,MANDI-042,Bathinda,Sugarcane,3612.2,4307.900319456291,3960.05,3500.0
PR007102,2026-08-02,MANDI-032,Bathinda,Maize,1978.81,2177.0,2078.0,
PR007441,2026-06-09,MANDI-009,,Maize,1825.6,1949.91,1887.76,
PR002811,2026-01-20,MANDI-017,Ludhiana,Rice,,0.2284,2196.0,2183.0
PR008220,2026-06-16,MANDI-012,Amritsar,Cotton,6184.46,7523.44666065958,0.6854,6620.0
PR011177,2026-06-30,MANDI-028,Sirsa,Rice,1927.94,2316.96,2122.0,2183.0
PR001165,2026-04-19,,Ludhiana,Cotton,5853.94,6605.57,6229.75,6620.0
PR006509,2026-02-01,MANDI-030,Jalandhar,Cotton,6588.46,7894.41,0.7241,
PR007295,2026-02-12,MANDI-051,,Wheat,2112.6,2431.0,2271.61,2275.0
PR005969,2026-06-24,MANDI-048,Amritsar,Sugarcane,3672.45,4410.0,4041.24,
PR000146,2026-01-03,,Karnal,Sugarcane,3486.08,4190.85,0.3838,3500.0
PR011609,2026-01-07,MANDI-003,Moga,Rice,,2374.67,2139.59,2183.0
PR005373,2026-07-17,MANDI-033,Jalandhar,Cotton,0.6381,7202.81,6791.8,6620.0
PR003856,2026-12-08,MANDI-055,Karnal,Wheat,0.2251,2424.29,2337.68,
PR001137,2026-05-23,MANDI-051,Ferozepur,Mustard,5385.38,6664.59,6025.0,
PR011413,2026-03-18,MANDI-046,Amritsar,Sugarcane,3172.307276263996,0.3476,3324.2290346228497,3500.0
PR003765,2026-06-04,MANDI-044,Ludhiana,Cotton,0.5787,6768.07,6278.0,
PR004089,2026-08-21,MANDI-007,Patiala,Sugarcane,3267.33,3898.0,3582.84,3500.0
PR002413,2026-03-07,MANDI-029,,Wheat,1957.26,2116.0,2036.48,2275.0
PR001596,2026-03-24,MANDI-049,Hisar,Sugarcane,0.312,3682.59,3401.0,3500.0
PR003884,2026-04-16,MANDI-036,Sirsa,Maize,1821.22,2178.0,1999.0,2090.0
PR004476,2026-02-26,MANDI-013,Hisar,Maize,2054.49,2264.04,2159.27,2090.0
PR010589,2026-04-21,MANDI-050,Moga,Maize,1797.4863953547494,1965.5,0.1881,
PR011830,2026-07-16,MANDI-054,Kurukshetra,Wheat,2179.51,2448.1,2313.81,
PR003627,2026-01-08,MANDI-014,,Sugarcane,0.3006,0.334,3173.0,3500.0
PR002552,2026-08-27,MANDI-053,Kurukshetra,Rice,2027.3237721128817,2478.9212825020627,2253.0,2183.0
PR000820,2026-08-14,MANDI-032,Sirsa,Sugarcane,3591.28,4381.52,3986.0,0.35
PR000975,2026-02-16,MANDI-027,,Maize,1918.67,0.2279,2099.0,2090.0
PR005678,2026-06-22,MANDI-027,Patiala,Wheat,2025.11,2257.72,2141.413507699786,2275.0
PR001037,2026-05-26,MANDI-010,Hisar,Maize,2124.32,0.2299,2211.62,2090.0
PR007893,2026-05-08,MANDI-049,Hisar,Sugarcane,3240.58,0.3663,3452.03,3500.0
PR004909,2026-03-19,,Ludhiana,Mustard,4838.08,5101.08,0.497,0.565
PR011301,2026-04-19,MANDI-014,Moga,Rice,2070.24,2266.47,2168.36,2183.0
PR010392,2026-01-18,MANDI-052,Kurukshetra,Sugarcane,3066.0,3382.83,3224.26,3500.0
PR004008,2026-08-12,MANDI-054,,Cotton,6666.92,7577.66,7122.29,6620.0
PR001205,2026-01-12,,Ludhiana,Sugarcane,,4148.48,3754.9,3500.0
PR000098,2026-05-22,MANDI-037,Ambala,Sugarcane,3183.0,,3432.21,3500.0
PR009267,2026-03-17,MANDI-038,,Rice,2274.06,2563.4665833361187,2418.76,2183.0
PR006179,2026-02-06,MANDI-056,Ludhiana,Maize,1854.0,2187.0154013154834,2021.0,2090.0
PR008253,2026-03-04,,Ferozepur,Sugarcane,3204.98,3598.0,3402.0,3500.0
PR001186,2026-03-14,MANDI-026,,Sugarcane,0.323,3950.487256784075,3590.15,3500.0
PR010969,2026-06-09,,Kurukshetra,Rice,1905.0,0.2039,1971.68,2183.0
PR010049,2026-01-19,MANDI-034,Ludhiana,Sugarcane,3062.43,3227.087943301656,3144.76,3500.0
PR007453,2026-08-31,MANDI-042,Ambala,Maize,2013.0,2386.2,2199.62,2090.0
PR010706,2026-07-07,MANDI-048,Moga,Rice,1962.84,2149.0,2056.0,2183.0
PR003348,2026-03-20,MANDI-055,,Maize,2029.04,2483.19,2256.0,
PR000149,2026-04-22,MANDI-044,Fatehabad,Sugarcane,3089.07,3785.19,3437.13,
PR003898,2026-08-07,MANDI-017,Ferozepur,Rice,1860.0802234327048,1955.33,1907.71,2183.0
PR001419,2026-12-05,MANDI-029,Ambala,Mustard,5812.0,7182.265009333524,6496.9,5650.0
PR007229,2026-01-18,,Amritsar,Wheat,0.2347,2487.4,,2275.0
PR005771,2026-08-05,MANDI-001,Kurukshetra,Sugarcane,3311.81,0.3847,3579.47,3500.0
PR003191,2026-07-24,MANDI-053,Patiala,Rice,1873.0,1996.1,1935.0,
PR009321,2026-04-17,MANDI-040,Amritsar,Rice,,2376.28,2171.33,2183.0
PR011320,2026-04-07,MANDI-011,Karnal,Sugarcane,3650.44,3904.38,3777.41,
PR002233,2026-06-24,MANDI-005,Karnal,Wheat,2125.3165479520208,2446.05,0.2286,
PR003476,2026-03-21,MANDI-020,,Sugarcane,3351.38,4151.71,3751.54,0.35
PR005622,2026-06-29,MANDI-018,Fatehabad,Maize,2059.0,2250.2027837993674,0.2154,2090.0
PR001180,2026-03-26,MANDI-029,Amritsar,Cotton,0.6789,7896.67,7342.63,
PR002309,2026-03-22,MANDI-030,Bathinda,Mustard,5846.0,6796.89,6321.0,5650.0
PR003351,2026-08-22,,Hisar,Sugarcane,0.3369,3698.82,3533.93,3500.0
PR001796,2026-06-09,MANDI-001,Fatehabad,Wheat,1997.99,0.2264,2131.05,2275.0
PR009301,2026-02-18,MANDI-047,Ambala,Rice,,2641.920893429544,2457.88,
PR007565,2026-04-18,MANDI-054,Patiala,Maize,1876.7525878999263,2202.27,2039.51,
PR010527,2026-05-27,MANDI-009,Amritsar,Cotton,6280.1,0.6713,6496.49,0.662
PR010266,2026-07-31,MANDI-021,Karnal,Wheat,0.2355,2526.29,2440.56,2275.0
PR010451,2026-04-22,,Bathinda,Maize,1865.0,0.2327,2096.32,2090.0
PR009863,2026-03-26,MANDI-046,Ambala,Maize,0.1979,0.2081,0.203,2090.0
PR011433,2026-03-20,MANDI-037,Patiala,Sugarcane,3277.84,0.3519,,
PR003575,2026-04-27,MANDI-038,Sirsa,Mustard,5442.588623354801,6649.24,0.6046,
PR008434,2026-03-16,MANDI-031,Jalandhar,Sugarcane,0.3601,3984.0867436025765,3792.0,3500.0
PR003567,2026-02-02,MANDI-037,Ferozepur,Maize,0.21,0.2602,2351.11,2090.0
PR003716,2026-12-06,MANDI-043,Hisar,Sugarcane,3475.47,4129.0,3802.07,3500.0
PR002315,2026-07-31,MANDI-019,Ludhiana,Maize,1933.14,2339.19,2136.0,2090.0
PR006228,2026-04-26,,,Maize,2058.93,2230.57,2144.75,
PR006346,2026-02-08,MANDI-037,Karnal,Rice,2259.76,2731.65,2495.7021680762264,2183.0
PR005979,2026-03-08,MANDI-026,,Maize,1940.9987815092215,2089.4710082873935,2015.2348948983076,
PR000131,2026-03-18,,Patiala,Rice,0.2077,2209.33,2143.33,0.2183
PR000855,2026-08-23,MANDI-006,Jalandhar,Sugarcane,3636.08,4236.85,3936.47,0.35
PR006600,2026-05-13,MANDI-014,Ambala,Mustard,5436.28,6759.69,6097.98,0.565
PR000115,2026-01-04,MANDI-038,Ludhiana,Maize,1882.5,2202.0,2042.27,0.209
PR000962,2026-06-03,MANDI-039,Moga,Cotton,,7778.0,7240.33,0.662
PR009271,2026-04-24,MANDI-020,Jalandhar,Rice,1895.36,2046.5511787007465,0.1971,2183.0
PR003817,2026-08-25,MANDI-020,Hisar,Mustard,5653.39,6995.62,6325.0,5650.0
PR008789,2026-03-27,MANDI-045,Sirsa,Cotton,6469.72,7527.57,0.6999,6620.0
PR010617,2026-02-12,MANDI-052,,Cotton,6212.09,7545.41,6879.0,
PR004995,2026-04-26,MANDI-020,Jalandhar,Maize,0.2025,2148.75,2086.889270365044,2090.0
PR000790,2026-05-26,MANDI-006,Ludhiana,Mustard,5639.96,6218.18,5929.0,0.565
PR002905,2026-03-26,MANDI-042,Ludhiana,Sugarcane,3210.0,3424.81,3317.49,3500.0
PR009124,2026-04-02,MANDI-008,Karnal,Rice,0.2217,2669.7,2443.3,2183.0
PR000594,2026-06-07,,Ludhiana,Wheat,2252.28,,2442.1,2275.0
PR008037,2026-07-27,,Fatehabad,Sugarcane,3133.24,3862.0,0.3497,3500.0
PR006052,2026-07-18,,Kurukshetra,Wheat,2170.22,2520.26,2345.0,2275.0
PR010084,2026-04-07,MANDI-056,Jalandhar,Wheat,2135.45,2387.45,2261.45,2275.0
PR008949,2026-03-15,MANDI-025,Kurukshetra,Rice,2231.34,2349.4,2290.0,2183.0
PR000291,2026-08-27,MANDI-016,Karnal,Wheat,2256.46,2464.56,0.2361,
PR005619,2026-04-06,MANDI-024,Bathinda,Maize,1837.8,2235.64,0.2037,2090.0
PR005769,2026-03-25,MANDI-053,Fatehabad,Sugarcane,3495.74,4123.89,3809.81,3500.0
PR006123,2026-06-22,MANDI-055,Sirsa,Mustard,5465.57,6406.62,,5650.0
PR011084,2026-11-04,MANDI-045,Ambala,Cotton,6263.41,6695.73,6479.57,0.662
PR011148,2026-08-20,MANDI-018,Fatehabad,Sugarcane,0.3509,,3719.7,3500.0
PR008200,2026-08-27,MANDI-052,,Cotton,5798.0,0.6441,6119.0,6620.0
PR008954,2026-06-25,,Jalandhar,Maize,1859.24,0.2251,2055.26,2090.0
PR005326,2026-08-05,MANDI-030,Moga,Wheat,2060.26,,2311.79,0.2275
PR010491,2026-08-16,MANDI-037,Moga,Wheat,2348.871823361314,0.2779,2564.11,2275.0
PR006175,2026-06-21,MANDI-035,Moga,Rice,2198.3,2637.9,2418.1,2183.0
PR011784,2026-08-19,MANDI-051,Ferozepur,Maize,1928.81,2219.02,2073.91,2090.0
PR004688,2026-06-03,MANDI-004,Ambala,Maize,2020.0,2187.0,2103.63,2090.0
PR006744,2026-05-14,MANDI-005,,Wheat,1950.45,2237.0,2093.58,2275.0
PR011053,2026-01-10,MANDI-026,Hisar,Cotton,0.6645,7817.0,0.7231,6620.0
PR006712,2026-08-18,MANDI-031,Hisar,Maize,2182.603942949582,2368.492642089972,2276.0,
PR008775,2026-06-06,MANDI-038,Karnal,Sugarcane,0.3051,3699.14,3374.82,3500.0
PR002682,2026-05-05,MANDI-049,,Cotton,6109.0,6620.2,6364.75,6620.0
PR005612,2026-11-02,MANDI-014,Sirsa,Mustard,5427.63,6470.19,5948.91,5650.0
PR001765,2026-02-14,MANDI-052,Kurukshetra,Mustard,5331.77,,5707.0,
PR008751,2026-06-15,MANDI-048,Fatehabad,Mustard,4838.0,5792.52,5315.46,
PR011989,2026-05-03,MANDI-001,Sirsa,Rice,2239.0,2724.0,2481.41,2183.0
PR008728,2026-07-06,MANDI-046,,Sugarcane,3325.0,3640.77,3483.0,3500.0
PR010480,2026-01-21,MANDI-036,Kurukshetra,Mustard,5453.01,6484.99,5969.0,5650.0
PR010817,2026-06-27,MANDI-012,Jalandhar,Wheat,1988.57,2398.12,2193.0,2275.0
PR004462,2026-05-19,MANDI-023,Moga,Maize,2163.49,2583.72,0.2374,2090.0
PR000835,2026-03-24,MANDI-025,,Sugarcane,3275.56,3595.0,,3500.0
PR008263,2026-05-16,MANDI-002,,Mustard,0.5651,0.6562,6106.463993392803,5650.0
PR002585,2026-02-07,MANDI-009,Kurukshetra,Wheat,2132.7938775171806,2515.84,2324.317543223826,
PR000172,2026-07-05,MANDI-005,Ludhiana,Rice,2204.7,2542.98,2374.0,2183.0
PR004648,2026-04-03,MANDI-056,,Maize,1986.52,0.2145,2065.56,2090.0
PR007336,2026-04-28,MANDI-022,Hisar,Sugarcane,3364.88,4058.899828907237,3712.0,3500.0
PR001502,2026-07-04,MANDI-056,Jalandhar,Mustard,,6614.98,5968.58,5650.0
PR006704,2026-05-14,MANDI-003,Fatehabad,Mustard,0.4905,5908.54,5406.912270305746,5650.0
PR008534,2026-03-16,MANDI-041,Jalandhar,Maize,1897.71,2029.07,1963.39,2090.0
PR007556,2026-01-03,MANDI-029,Amritsar,Mustard,5174.0,5851.79,5513.0,
PR008795,2026-04-03,MANDI-009,,Wheat,,0.2618,2372.77,2275.0
PR005728,2026-02-13,MANDI-010,Ludhiana,Sugarcane,3581.0,4025.28,3803.0,
PR005529,2026-08-04,,Sirsa,Sugarcane,3426.7,,3695.704540103659,
PR004572,2026-01-14,MANDI-055,,Mustard,0.5425,6588.0739926494325,0.6007,5650.0
PR000913,2026-01-11,MANDI-041,,Sugarcane,3426.0,4282.06,3854.11,3500.0
PR009486,2026-04-05,MANDI-024,Jalandhar,Rice,1889.99,2026.2959165730883,,
PR009656,2026-04-13,MANDI-023,Moga,Sugarcane,0.3335,3572.0,0.3454,3500.0
PR002394,2026-06-16,MANDI-018,Ferozepur,Cotton,0.6579,8190.82,7384.81,6620.0
PR006844,2026-01-01,MANDI-055,,Wheat,,2392.64,2257.69,2275.0
PR003050,2026-06-20,MANDI-001,Ambala,Rice,1932.1867746070477,2280.27,2106.0,
PR011268,2026-05-25,MANDI-004,,Rice,1973.71,2201.7,2088.0,2183.0
PR009996,2026-07-09,MANDI-041,Amritsar,Rice,2024.56,2189.72,0.2107,2183.0
PR005049,2026-06-09,,,Sugarcane,3239.97,3517.0,3378.49,3500.0
PR009090,2026-06-07,MANDI-019,Ludhiana,Maize,1837.49,0.2257,2047.23,2090.0
PR010061,2026-08-08,MANDI-013,Jalandhar,Sugarcane,3155.36,3841.08,3498.22,3500.0
PR001184,2026-05-18,MANDI-034,Jalandhar,Mustard,5555.86,6273.0,5914.603509205751,
PR004027,2026-09-03,MANDI-044,Fatehabad,Mustard,4944.41,5904.41,5424.0,
PR006497,2026-05-19,MANDI-053,,Cotton,6838.37,7456.26,7147.32,6620.0
PR000198,2026-04-13,MANDI-031,Karnal,Maize,,2070.09,1937.0,2090.0
PR006961,2026-05-01,MANDI-051,Ferozepur,Mustard,5084.38,5611.33,,
PR001624,2026-06-03,,Hisar,Rice,2115.45,2235.52,2175.485318873417,2183.0
PR005641,2026-07-26,MANDI-032,,Wheat,,2224.92,2168.0,2275.0
PR009516,2026-11-03,MANDI-002,Fatehabad,Rice,1994.0,2407.8,2201.0,2183.0
PR001117,2026-09-05,MANDI-012,Ambala,Sugarcane,3299.63,3908.36,3604.0,
PR007458,2026-02-17,MANDI-010,Patiala,Wheat,2041.2,0.2384,2213.0,2275.0
PR001566,2026-08-17,MANDI-003,Patiala,Wheat,2345.67,0.2772,2559.05,
PR007838,2026-05-18,MANDI-048,Patiala,Mustard,5573.580521890245,6479.67,6026.63,5650.0
PR006407,2026-04-09,MANDI-016,,Sugarcane,3424.16,0.4062,3743.17,
PR003128,2026-04-23,MANDI-056,Ferozepur,Sugarcane,2985.89,3206.31,3096.1,3500.0
PR000302,2026-04-14,MANDI-047,Patiala,Maize,1886.39,2119.63,2003.01,2090.0
PR000317,2026-01-03,MANDI-021,Jalandhar,Cotton,0.595,0.7178,6564.0,6620.0
PR010442,2026-05-29,MANDI-029,Patiala,Rice,1888.31,,2068.0,2183.0
PR003597,2026-06-09,,Kurukshetra,Cotton,6391.87,0.7489,6940.61,
PR007571,2026-02-28,MANDI-047,Sirsa,Rice,2232.93,2456.38,,2183.0
PR011037,2026-03-22,MANDI-018,Ferozepur,Maize,0.2108,2524.46,2316.0,
PR010734,2026-08-27,MANDI-027,,Rice,2134.8691126250783,2652.53,2394.0,2183.0
PR004050,2026-05-24,MANDI-006,Hisar,Sugarcane,0.3549,0.3892,3720.54,3500.0
PR001817,2026-03-05,MANDI-003,Hisar,Cotton,6056.77,7446.68,6751.72,
PR010290,2026-07-07,MANDI-015,Amritsar,Sugarcane,3201.0,0.3884,0.3542,3500.0
PR008314,2026-03-16,MANDI-006,Moga,Mustard,0.5792,0.6663,,5650.0
PR007646,2026-01-31,MANDI-027,Karnal,Rice,1962.691832744818,0.2421,0.2192,2183.0
PR004601,2026-08-09,MANDI-052,,Wheat,0.211,2322.45,2216.0,2275.0
PR005658,2026-04-12,MANDI-040,Ludhiana,Maize,1810.0,,1972.47,2090.0
PR009647,2026-08-20,MANDI-018,Ferozepur,Cotton,6287.0,6719.8,6503.29,
PR000364,2026-06-15,MANDI-015,Hisar,Wheat,2264.37,0.2687,2475.59,
PR011916,2026-06-30,MANDI-016,Fatehabad,Sugarcane,3288.98,4019.75,0.3654,3500.0
PR002527,2026-01-08,MANDI-011,Moga,Cotton,6042.73,6540.25,6291.0,
PR007931,2026-05-17,MANDI-012,,Mustard,0.5637,0.5935,5786.0,0.565
PR004058,2026-01-16,MANDI-029,Ludhiana,Sugarcane,,,0.3529,3500.0
PR004277,2026-04-22,MANDI-020,Ambala,Mustard,5391.0,5978.249193942843,5684.63,5650.0
PR006593,2026-06-01,MANDI-018,Kurukshetra,Rice,2177.1,2293.0,2235.22,
PR011280,2026-09-03,MANDI-041,Kurukshetra,Sugarcane,3011.6733297980963,3371.26,3191.46,0.35
PR008928,2026-09-05,MANDI-004,Ferozepur,Rice,1998.5255404803129,2435.17426488289,2216.8499026816016,2183.0
PR002120,2026-03-01,MANDI-027,Ambala,Maize,0.209,0.2477,2284.0,2090.0
PR011372,2026-06-29,MANDI-041,Jalandhar,Mustard,5007.28,5779.6,0.5393,5650.0
PR009743,2026-05-27,MANDI-027,Fatehabad,Sugarcane,3227.41,3657.2,3442.31,3500.0
PR003981,2026-05-04,MANDI-011,,Maize,,2054.98,1984.74,2090.0
PR009295,2026-08-22,MANDI-034,Kurukshetra,Wheat,2022.2217674028807,2473.32,2247.77,2275.0
PR002354,2026-06-14,MANDI-006,Ambala,Mustard,5089.49,5620.24,0.5355,5650.0
PR005701,2026-04-27,MANDI-026,Ferozepur,Maize,1864.19,2167.0,,
PR011608,2026-03-24,MANDI-055,Moga,Mustard,4881.45,0.5489,5185.18,5650.0
PR003766,2026-07-20,MANDI-002,,Maize,2019.0,0.2223,0.2121,2090.0
PR006878,2026-05-23,MANDI-031,Fatehabad,Sugarcane,3672.28,3869.0,3770.77,3500.0
PR009444,2026-05-28,MANDI-048,Hisar,Rice,2183.14,2569.59,2376.36,2183.0
PR007467,2026-06-01,MANDI-036,Fatehabad,Mustard,5578.22,6886.97,6232.6,5650.0
PR001436,2026-06-09,MANDI-020,Hisar,Sugarcane,3598.11,4438.558764548336,4018.34,3500.0
PR000535,2026-08-04,MANDI-050,Patiala,Sugarcane,3154.88,0.3586,0.337,3500.0
PR003087,2026-03-09,MANDI-026,Ambala,Maize,1788.82,2034.0,1911.5457910325074,2090.0
PR010485,2026-07-28,MANDI-045,Sirsa,Mustard,5315.24,,5684.0,5650.0
PR007011,2026-05-24,MANDI-036,Jalandhar,Rice,1991.0,2099.03,2044.87,2183.0
PR001710,2026-01-27,MANDI-003,Kurukshetra,Sugarcane,3476.93,3952.17,3714.55,3500.0
PR011273,2026-08-31,MANDI-008,Ferozepur,Maize,1843.9732416916916,2046.05,0.1945,2090.0
PR006361,2026-08-01,,Karnal,Mustard,,6327.76,6113.75,5650.0
PR000097,2026-01-29,MANDI-053,Sirsa,Rice,2051.7125764828206,2190.12,2120.92,
PR010267,2026-03-25,MANDI-055,Ferozepur,Wheat,2136.7280892164117,2367.93,,
PR006727,2026-08-01,MANDI-004,Ludhiana,Mustard,4808.11,5538.0,5173.0,5650.0
PR007044,2026-02-05,MANDI-005,Karnal,Maize,2149.85,2640.68,2395.27,2090.0
PR009476,2026-08-07,MANDI-054,Patiala,Wheat,2209.56,2640.42,0.2425,2275.0
PR007031,2026-04-09,MANDI-046,Ludhiana,Maize,2136.01,2508.0,2322.2,2090.0
PR006908,2026-04-22,MANDI-007,Sirsa,Cotton,6787.89,8184.54,7486.22,6620.0
PR011722,2026-03-05,,Ferozepur,Mustard,5835.0,0.7291,6563.0,5650.0
PR010405,2026-08-02,MANDI-013,,Maize,0.1779,1897.25,1838.36,
PR005407,2026-07-27,MANDI-031,,Wheat,0.2317,2836.0,2577.0,
PR005805,2026-01-23,MANDI-022,,Maize,1890.884929382527,2173.23,2032.06,
PR008279,2026-02-17,MANDI-032,Kurukshetra,Sugarcane,3652.8905059395966,3935.7,3794.3,3500.0
PR001734,2026-06-04,,Karnal,Cotton,6210.39,6803.3,6507.0,6620.0
PR009665,2026-08-07,MANDI-043,Karnal,Rice,2238.57,0.2692,2465.0651889329843,0.2183
PR007700,2026-07-22,MANDI-028,Karnal,Mustard,5854.771642972928,6585.0,6220.02,5650.0
PR003054,2026-06-24,MANDI-002,Moga,Rice,2106.22,2489.9,0.2298,2183.0
PR002850,2026-02-14,MANDI-056,,Wheat,1973.3081158012303,2187.34,2080.32,
PR002044,2026-04-20,MANDI-034,Ferozepur,Mustard,5249.12,6513.19,0.5881,5650.0
PR001630,2026-06-25,MANDI-022,Ferozepur,Cotton,0.5931,0.6646,6289.0,
PR002888,2026-01-09,MANDI-005,Patiala,Mustard,5411.01,5907.35,5659.18,5650.0
PR000114,2026-07-23,MANDI-030,Ferozepur,Sugarcane,0.3086,3659.4702012952102,0.3373,3500.0
PR002109,2026-08-30,MANDI-038,Jalandhar,Maize,1881.65,2241.48,2061.56,2090.0
PR002637,2026-03-25,MANDI-048,Fatehabad,Wheat,,2498.07,2267.33,2275.0
PR005585,2026-04-10,MANDI-030,Karnal,Rice,1865.0,2050.62,1957.92,2183.0
PR006255,2026-12-01,MANDI-054,Fatehabad,Rice,2250.0,2791.0,2521.0,0.2183
PR008232,2026-01-29,MANDI-029,Fatehabad,Wheat,2281.34,2546.0,2413.63,2275.0
PR002425,2026-03-19,MANDI-004,Jalandhar,Sugarcane,0.3225,3854.07,3539.59,
PR008640,2026-07-20,MANDI-050,Jalandhar,Rice,2254.0,,2342.25,2183.0
PR009372,2026-03-22,MANDI-050,Kurukshetra,Cotton,5954.31,6338.81,0.6147,6620.0
PR008395,2026-04-11,MANDI-049,,Cotton,,7376.347275835584,6884.49,6620.0
PR003066,2026-03-24,MANDI-024,Sirsa,Sugarcane,3062.29,3477.0,3269.5,3500.0
PR007674,2026-11-05,MANDI-029,Jalandhar,Maize,2047.47,2232.27,2139.87,
PR010192,2026-05-21,MANDI-009,Amritsar,Maize,1975.13,2451.94,2213.54,2090.0
PR002381,2026-07-08,,Jalandhar,Maize,1854.88,1959.9429979124384,1907.4132111645667,
PR009661,2026-06-16,MANDI-011,Ambala,Wheat,2153.0419952156385,2668.7415262668774,2410.89,2275.0
PR002742,2026-03-05,MANDI-005,Ambala,Sugarcane,0.3619,4201.27224323002,3909.99,3500.0
PR007268,2026-12-05,MANDI-048,Fatehabad,Sugarcane,3259.77,3513.0,,3500.0
PR003320,2026-12-02,MANDI-017,Sirsa,Mustard,5187.0,6354.14,0.577,5650.0
PR011106,2026-05-27,MANDI-029,Ludhiana,Maize,1784.95,2216.898969668145,2000.93,2090.0
PR000827,2026-02-02,MANDI-010,,Cotton,0.676,0.7253,7006.0,6620.0
PR006105,2026-07-27,MANDI-055,Amritsar,Rice,1900.79,2258.05,,
PR011725,2026-05-31,MANDI-005,,Wheat,2025.51,2156.11,2090.81,0.2275
PR008912,2026-08-13,MANDI-049,Amritsar,Maize,1994.0,2336.853434111947,0.2165,2090.0
PR009218,2026-02-18,MANDI-043,Ludhiana,Sugarcane,3650.34,4276.32302375786,3963.33,
PR004122,2026-08-14,MANDI-054,Kurukshetra,Cotton,6011.12,6968.75,6489.94,6620.0
PR005321,2026-07-02,MANDI-035,Ambala,Mustard,5392.05,6068.679044223683,5730.36,5650.0
PR006842,2026-03-31,MANDI-039,Patiala,Cotton,5684.07,6070.94,0.5878,6620.0
PR010704,2026-07-18,MANDI-055,Hisar,Sugarcane,0.3242,3574.0,3407.96,0.35
PR004270,2026-01-18,MANDI-011,Ferozepur,Cotton,,7639.88,0.7277,
PR005478,2026-03-24,MANDI-004,Sirsa,Cotton,6047.82,6884.04,6466.0,6620.0
PR008503,2026-05-15,MANDI-026,Kurukshetra,Maize,2139.28,2295.87,2218.0,2090.0
PR002870,2026-02-03,MANDI-041,Amritsar,Sugarcane,3006.54,3740.94,0.3374,3500.0
PR007518,2026-03-25,,,Cotton,,7114.25,6735.0,6620.0
PR004511,2026-07-30,MANDI-027,Ambala,Maize,1879.77,2107.61,1993.69,2090.0
PR009681,2026-07-17,MANDI-006,Bathinda,Maize,2177.42,2345.97,2261.7,
PR010545,2026-07-14,,Amritsar,Sugarcane,3668.0,4572.0,4120.305897636121,3500.0
PR005621,2026-05-29,MANDI-007,,Sugarcane,3118.0,3551.35,0.3335,
PR011596,2026-04-01,MANDI-022,Moga,Mustard,5912.51,7056.2,6484.0,0.565
PR001499,2026-04-30,MANDI-014,Ferozepur,Maize,2017.26,2366.77,2192.02,2090.0
PR007742,2026-11-05,,Amritsar,Sugarcane,3576.0,4282.21,3929.2,3500.0
PR008533,2026-02-23,MANDI-026,Hisar,Rice,1902.39,2217.43,2059.9096233346145,
PR000915,2026-04-29,MANDI-033,Bathinda,Rice,2201.01,0.2491,2346.0,2183.0
PR002321,2026-03-14,MANDI-003,Ludhiana,Maize,2031.43,2507.52,2269.48,
PR001472,2026-03-06,MANDI-032,Fatehabad,Sugarcane,3185.0,3398.25,0.3292,
PR000030,2026-08-13,MANDI-021,,Wheat,1995.4994129989489,2129.76,2062.63,
PR010535,2026-04-16,MANDI-040,Bathinda,Sugarcane,3235.0,3658.95,3447.0,
PR003015,2026-06-08,MANDI-003,Moga,Mustard,5163.73,5937.65,5550.69,5650.0
PR003777,2026-01-24,MANDI-042,Karnal,Maize,2076.33,2572.09,2324.0,2090.0
PR001260,2026-08-02,MANDI-038,Moga,Mustard,4924.12,5690.58,5307.353404135047,5650.0
PR002361,2026-05-03,MANDI-026,Patiala,Wheat,2260.0,2474.31,0.2367,2275.0
PR011734,2026-02-10,MANDI-001,Moga,Rice,1878.98,2047.5,1963.2396028722278,2183.0
PR005814,2026-07-09,MANDI-050,,Wheat,0.2246,2732.38,2489.0,2275.0
PR011396,2026-08-21,MANDI-012,Karnal,Mustard,0.5073,6274.44,5674.0,5650.0
PR002506,2026-03-17,MANDI-043,Jalandhar,Mustard,,0.628,5936.81,0.565
PR002843,2026-06-06,MANDI-005,Bathinda,Rice,1976.1,2126.72,2051.41,2183.0
PR000850,2026-02-23,MANDI-013,Ludhiana,Wheat,,2291.326396053292,2128.0,2275.0
PR007670,2026-05-30,MANDI-018,Kurukshetra,Rice,1960.26,,0.2077,2183.0
PR010204,2026-08-07,MANDI-039,Jalandhar,Maize,1836.0,2114.0,0.1975,
PR006752,2026-01-28,MANDI-051,Hisar,Maize,2091.4,2574.2,2332.8,0.209
PR006545,2026-02-18,MANDI-001,Bathinda,Wheat,0.2104,0.2522,2312.89,2275.0
PR003121,2026-01-03,MANDI-004,Ferozepur,Cotton,6713.61,7482.19,7097.9009173510385,6620.0
PR001697,2026-03-04,MANDI-005,Kurukshetra,Cotton,6068.3,7253.160365701385,6660.73,
PR002626,2026-03-27,MANDI-003,Karnal,Wheat,2269.91,,2442.71,2275.0
PR008260,2026-03-28,MANDI-029,,Cotton,6294.47,7468.6,0.6882,6620.0
PR010802,2026-06-03,MANDI-041,,Sugarcane,3364.82,4165.36,3765.09,3500.0
PR011385,2026-03-19,MANDI-038,Moga,Cotton,0.6884,8019.0,7451.428782160714,
PR001378,2026-07-01,MANDI-014,Bathinda,Rice,2221.49,2449.82,2336.0,2183.0
PR000800,2026-08-28,MANDI-053,Kurukshetra,Maize,,2237.55,2128.0,2090.0
PR003289,2026-08-25,MANDI-020,Patiala,Rice,1910.99,2281.48,2096.23,2183.0
PR010246,2026-06-13,MANDI-011,Fatehabad,Wheat,2336.48,2821.99,2579.24,
PR003328,2026-10-05,MANDI-042,Ferozepur,Maize,2090.86,2494.19,2292.52,0.209
PR011325,2026-07-01,MANDI-001,Karnal,Rice,1976.0,2453.0,2214.47,
PR002559,2026-07-11,MANDI-020,Fatehabad,Mustard,4837.61,5687.0,5262.28,5650.0
PR001585,2026-01-17,MANDI-023,Amritsar,Mustard,5441.72,5813.31,5627.52,5650.0
PR011561,2026-01-07,MANDI-027,Patiala,Maize,1926.3061573217162,2110.19,2018.25,2090.0
PR001616,2026-06-13,MANDI-049,Bathinda,Maize,1881.99,2319.97,0.2101,2090.0
PR010361,2026-06-24,MANDI-014,Sirsa,Cotton,6603.17,7340.98,0.6972,6620.0
PR008765,2026-01-31,MANDI-026,Jalandhar,Wheat,2386.5,2546.72,2466.61,0.2275
PR005397,2026-05-09,MANDI-004,Moga,Rice,2271.47,2708.15,0.249,2183.0
PR002164,2026-04-07,,Ambala,Mustard,,6306.8,5708.03,5650.0
PR007233,2026-05-23,MANDI-031,,Rice,0.1952,0.217,2060.9,2183.0
PR009622,2026-01-15,MANDI-015,Amritsar,Sugarcane,3400.71,0.3601,0.3501,3500.0
PR011026,2026-03-25,MANDI-054,Amritsar,Sugarcane,0.3426,4209.06,3817.45,3500.0
PR007194,2026-04-05,MANDI-056,Ferozepur,Wheat,2013.82,0.2368,2191.0,2275.0
PR003010,2026-07-17,MANDI-052,Kurukshetra,Wheat,2158.472316425245,0.2681,2419.66,0.2275
PR005915,2026-03-29,MANDI-001,Patiala,Maize,2138.23,,2363.0,0.209
PR003042,2026-06-25,MANDI-025,Patiala,Sugarcane,2975.23,3173.08,0.3074,3500.0
PR008510,2026-06-07,MANDI-017,Ludhiana,Rice,2281.0,2518.46,2399.76,2183.0
PR006424,2026-03-27,,Moga,Rice,2216.98,2512.0,2364.69,2183.0
PR000972,2026-01-18,,Kurukshetra,Sugarcane,3142.91,3822.07,3482.0,3500.0
PR009406,2026-05-23,MANDI-011,Ludhiana,Sugarcane,3153.24,3672.97,3413.11,3500.0
PR006621,2026-05-05,MANDI-019,Sirsa,Maize,2164.49,0.2425,2294.53,
PR007774,2026-09-05,MANDI-055,Karnal,Sugarcane,0.3628,4050.37,3839.41,0.35
PR005074,2026-02-09,,Kurukshetra,Sugarcane,0.3048,3719.22,3383.65,3500.0
PR002831,2026-06-02,MANDI-034,Ferozepur,Sugarcane,3625.24,4114.1,,3500.0
PR005910,2026-07-28,MANDI-028,Ferozepur,Wheat,2354.0,2498.478739347425,0.2426,2275.0
PR011686,2026-05-23,MANDI-054,Ferozepur,Sugarcane,0.3189,3378.66,3283.97,0.35
PR011771,2026-04-22,MANDI-040,Hisar,Sugarcane,3414.21,4171.56,3792.88,3500.0
PR003153,2026-04-10,MANDI-051,Amritsar,Mustard,5803.06,7139.32,6471.19,5650.0
PR005067,2026-08-21,MANDI-027,Bathinda,Cotton,6407.0,7258.97,6833.09,6620.0
PR004609,2026-03-06,MANDI-021,Karnal,Cotton,6135.0,6524.79,6330.14,6620.0
PR008972,2026-04-21,MANDI-015,Fatehabad,Sugarcane,3609.55,4117.45,3863.5,3500.0
PR009606,2026-02-27,MANDI-047,Ludhiana,Wheat,2372.37,0.2932,2652.1,
PR004134,2026-12-03,MANDI-046,Jalandhar,Maize,0.1896,2021.65,0.1959,2090.0
PR000910,2026-08-07,MANDI-006,Karnal,Rice,1919.43,2071.89,1995.66,2183.0
PR007354,2026-02-27,MANDI-049,Karnal,Sugarcane,3224.0,3493.72,3358.69,
PR004989,2026-08-29,,Jalandhar,Wheat,1945.84,2397.86,2171.85,0.2275
PR010664,2026-02-17,MANDI-023,Moga,Wheat,2364.99,2876.0,0.2621,0.2275
PR005087,2026-06-07,MANDI-039,Hisar,Cotton,5871.0,0.6368,6119.25,
PR000791,2026-09-04,MANDI-030,Kurukshetra,Maize,,2195.41,0.2134,2090.0
PR004315,2026-07-15,MANDI-008,Amritsar,Mustard,5905.97,6561.32,0.6234,0.565
PR004292,2026-06-20,MANDI-045,Patiala,Mustard,5164.0,5549.457964847705,5356.66,0.565
PR002768,2026-03-31,,,Sugarcane,3361.9737848229693,3646.6713256904754,0.3504,
PR011438,2026-02-18,MANDI-039,Fatehabad,Maize,1790.86,,0.1929,2090.0
PR008479,2026-01-08,MANDI-048,Fatehabad,Sugarcane,3345.04,0.3846,3595.35,3500.0
PR008055,2026-05-18,MANDI-020,Fatehabad,Maize,1795.34,2223.089899004863,2009.0,2090.0
PR000247,2026-05-06,MANDI-029,Ferozepur,Maize,2004.5,2253.78,2129.14,2090.0
PR007583,2026-05-16,MANDI-011,Sirsa,Maize,2149.88,2566.7,2358.29,0.209
PR001948,2026-04-15,MANDI-003,Patiala,Cotton,5985.0,7138.63,0.6562,0.662
PR000815,2026-08-22,MANDI-010,Amritsar,Wheat,2341.6,2836.08,2588.84,2275.0
PR004384,2026-05-08,MANDI-023,Amritsar,Mustard,5825.32,7254.73,6540.03,5650.0
PR001931,2026-02-17,MANDI-030,Moga,Sugarcane,3357.0,3607.93,3482.43,3500.0
PR005967,2026-02-03,,Jalandhar,Mustard,5838.65,7168.18,6503.42,5650.0
PR005155,2026-05-15,MANDI-026,Moga,Sugarcane,3530.78,4027.12,3779.0,0.35
PR002725,2026-03-08,MANDI-032,,Cotton,5731.06,7112.16,0.6422,
PR005731,2026-03-07,MANDI-043,Ambala,Cotton,5636.05,0.6961,6298.71,6620.0
PR010841,2026-08-26,MANDI-011,Sirsa,Wheat,2320.03,2629.0,0.2475,2275.0
PR006097,2026-04-30,MANDI-028,Hisar,Wheat,0.2152,2386.15,2268.866198822103,2275.0
PR004843,2026-05-28,MANDI-029,Moga,Maize,,2247.75,0.2149,2090.0
PR010810,2026-04-07,,Ludhiana,Cotton,6565.05914296281,6949.0,6757.262361354196,6620.0
PR002081,2026-05-01,MANDI-011,Jalandhar,Wheat,0.2347,0.2743,0.2545,2275.0
PR010830,2026-04-28,MANDI-057,,Cotton,0.6169,7628.0,,0.662
PR001259,2026-07-13,MANDI-041,Bathinda,Maize,0.2073,2353.74,2213.32,2090.0
PR002466,2026-06-26,MANDI-026,Ludhiana,Wheat,2269.98,2522.35,2396.0,0.2275
PR001422,2026-05-02,MANDI-039,Ferozepur,Cotton,6784.69,7150.05,6967.37,0.662
PR005995,2026-07-04,MANDI-053,Bathinda,Wheat,2013.0,2275.71,0.2144,2275.0
PR006133,2026-01-11,MANDI-051,Ludhiana,Cotton,0.6107,6743.0,6424.548942494392,
PR004401,2026-04-25,MANDI-037,Amritsar,Mustard,5144.41,6167.14,5655.772330737962,5650.0
PR011611,2026-01-25,,Hisar,Sugarcane,,0.3762,0.345,3500.0
PR000016,2026-09-01,MANDI-009,Hisar,Wheat,2221.995506739816,2365.54,2293.77,2275.0
PR010349,2026-05-13,MANDI-023,Kurukshetra,Wheat,0.2097,,2296.53,2275.0
PR007432,2026-02-07,MANDI-048,Karnal,Rice,1940.73,2084.04,2012.38,
PR010455,2026-04-24,MANDI-001,Ferozepur,Wheat,0.2126,2449.04,2287.46,0.2275
PR004239,2026-06-11,MANDI-046,,Wheat,2067.54,2226.24,2146.89,2275.0
PR011314,2026-10-08,MANDI-024,Jalandhar,Maize,1951.1,0.2195,0.2073,2090.0
PR002608,2026-07-25,MANDI-053,Ambala,Cotton,6207.57,,6593.0,
PR008666,2026-04-30,MANDI-003,Ambala,Cotton,0.6239,7340.810199387431,6790.0,6620.0
PR001590,2026-07-10,MANDI-036,Jalandhar,Maize,0.1956,2291.44,2123.697583117697,2090.0
PR007777,2026-03-02,,Sirsa,Rice,2038.82,2544.36,2291.59,
PR009805,2026-06-15,MANDI-002,Ambala,Rice,2203.87,2559.98,2381.92,
PR009172,2026-02-09,MANDI-052,Patiala,Mustard,0.58,0.6547,6173.69,5650.0
PR011619,2026-04-01,MANDI-022,Patiala,Maize,2123.51,2250.79,,
PR001028,2026-09-04,MANDI-040,Moga,Maize,2181.9,2602.28,2392.09,
PR008295,2026-08-25,MANDI-052,Karnal,Mustard,4919.306306574968,6003.93,5461.617826194579,5650.0
PR010858,2026-08-27,MANDI-043,Sirsa,Sugarcane,3452.01,3780.0,3616.21,3500.0
PR005761,2026-07-17,MANDI-046,Sirsa,Wheat,2129.21,2587.0,2357.9810643487926,0.2275
PR003138,2026-03-01,MANDI-032,Amritsar,Rice,2172.35,2707.25,,
PR001468,2026-06-21,MANDI-005,Ambala,Sugarcane,3216.81,3772.840630210539,3494.83,3500.0
PR004020,2026-03-03,MANDI-057,Ambala,Sugarcane,3237.0,3512.8452848436655,3374.76,3500.0
PR005738,2026-02-09,MANDI-032,Sirsa,Mustard,4912.211364811524,5713.14,5312.68,0.565
PR003440,2026-01-04,MANDI-052,Bathinda,Mustard,5211.47,5933.0,5572.020515082537,5650.0
PR003572,2026-04-28,MANDI-038,Sirsa,Maize,1843.16959269967,2215.0,,2090.0
PR009600,2026-08-26,MANDI-056,Karnal,Wheat,0.204,,0.2254,2275.0
PR008180,2026-05-02,MANDI-037,Ferozepur,Wheat,2229.3801505973647,2677.9453530737874,2454.0,
PR000032,2026-05-26,MANDI-045,Fatehabad,Cotton,6705.8,8315.69,0.7511,6620.0
PR009696,2026-06-24,,,Wheat,2359.88,2945.0,0.2653,2275.0
PR011281,2026-05-01,MANDI-048,Ambala,Sugarcane,3274.0,3978.15,,
PR009949,2026-02-14,MANDI-005,Kurukshetra,Wheat,2156.49,2659.29,,
PR001799,2026-05-09,MANDI-006,Patiala,Mustard,5375.83,6078.0,0.5727,5650.0
PR005099,2026-01-31,MANDI-009,Ludhiana,Mustard,5727.22,6906.401646078588,,0.565
PR003760,2026-03-16,,Sirsa,Rice,2038.86,2155.0,2097.04,2183.0
PR001703,2026-04-18,,Amritsar,Cotton,6048.33,7431.74,6740.04,6620.0
PR003303,2026-01-17,MANDI-009,Moga,Wheat,2137.743723186983,2256.35,2197.04,2275.0
PR007938,2026-06-28,MANDI-049,Kurukshetra,Cotton,5940.0,0.7066,6502.82,
PR007402,2026-06-02,MANDI-016,Jalandhar,Rice,2288.83,2801.0,2544.97,2183.0
PR008899,2026-06-22,MANDI-005,Kurukshetra,Rice,,2216.0,2135.0,2183.0
PR010543,2026-09-02,MANDI-039,Sirsa,Sugarcane,0.358,3776.32,3678.18,
PR011287,2026-03-24,MANDI-055,Ferozepur,Wheat,2305.7957187662673,2801.32,2553.56,2275.0
PR001529,2026-03-28,,,Sugarcane,0.3402,0.4153,3777.31,3500.0
PR011236,2026-05-09,MANDI-032,Moga,Wheat,2336.06,2635.16,2486.0,
PR004256,2026-05-30,MANDI-010,Amritsar,Mustard,5661.0,6958.0,6309.55,5650.0
PR011441,2026-03-01,MANDI-051,Fatehabad,Mustard,5660.0,7039.0,6349.51,0.565
PR009906,2026-05-13,MANDI-028,,Sugarcane,3281.42,0.3463,,3500.0
PR003651,2026-08-31,MANDI-038,,Mustard,4946.7,5950.52,,5650.0
PR007811,2026-08-07,MANDI-051,Ludhiana,Rice,2258.78,2794.31,2526.54,2183.0
PR011404,2026-03-26,MANDI-033,Patiala,Rice,0.2288,2845.0,2566.68,2183.0
PR010404,2026-05-30,MANDI-010,Sirsa,Cotton,,7790.66,7161.03,
PR008753,2026-08-11,MANDI-028,,Mustard,0.5446,5810.75,5629.0,0.565
PR007133,2026-06-28,MANDI-010,Amritsar,Sugarcane,3393.09,3797.42,3595.25,0.35
PR008685,2026-05-27,MANDI-010,Karnal,Maize,1945.76,2392.472130585776,2169.12,2090.0
PR009403,2026-03-22,MANDI-013,Kurukshetra,Cotton,0.5638,6425.85,6032.12,6620.0
PR009129,2026-04-11,MANDI-026,Amritsar,Rice,1927.08,2344.0,2135.69,
PR007611,2026-02-25,MANDI-014,Patiala,Rice,0.2156,0.2501,2328.98,2183.0
PR010715,2026-02-07,MANDI-018,Jalandhar,Mustard,5343.78,5806.581477251141,5575.18,5650.0
PR008092,2026-07-25,MANDI-004,Patiala,Wheat,1941.93,0.2317,,2275.0
PR005068,2026-02-15,MANDI-004,Bathinda,Wheat,2241.0,2532.21,2386.56,
PR001988,2026-01-02,MANDI-042,Ambala,Sugarcane,0.341,4251.57,3830.61,3500.0
PR001350,2026-04-26,MANDI-006,Jalandhar,Wheat,0.2264,2482.9233852544276,0.2374,2275.0
PR003290,2026-01-24,MANDI-007,Kurukshetra,Maize,,2072.915753568092,1995.0,2090.0
PR001918,2026-04-20,MANDI-008,,Rice,2138.0,2469.84,2304.140502020905,0.2183
PR002452,2026-07-04,MANDI-040,Amritsar,Cotton,6944.0,8331.081903078966,7637.63,6620.0
PR010722,2026-04-03,,Amritsar,Maize,2080.55,0.2227,2153.88,2090.0
PR005011,2026-03-18,MANDI-048,,Wheat,2310.06,2538.15,2424.0,2275.0
PR000984,2026-08-09,MANDI-037,Ferozepur,Maize,2036.96,0.2267,2152.0,0.209
PR005399,2026-08-11,MANDI-043,Fatehabad,Sugarcane,3327.02,3538.42,3432.72,0.35
PR010214,2026-04-20,MANDI-057,,Cotton,6450.8,7198.0,6824.0,6620.0
PR011169,2026-04-15,MANDI-026,Hisar,Rice,1885.34,2207.37,0.2046,
PR011395,2026-08-21,MANDI-039,Jalandhar,Mustard,5506.04,0.63,5902.843068688719,5650.0
PR008205,2026-08-02,MANDI-020,,Rice,2162.48,2608.82,0.2386,2183.0
PR006181,2026-06-25,MANDI-053,Amritsar,Sugarcane,0.3236,3882.0,3559.04,3500.0
PR007141,2026-01-30,MANDI-052,Ferozepur,Mustard,5556.66,6606.606822216666,6081.63,5650.0
PR010538,2026-05-24,MANDI-039,Amritsar,Maize,0.2126,2406.0,,
PR009679,2026-04-01,MANDI-032,Ambala,Sugarcane,3398.0,3814.0,3605.87,3500.0
PR006809,2026-04-20,MANDI-056,Moga,Mustard,5869.8,7148.34,6509.07,5650.0
PR002175,2026-07-08,MANDI-001,Kurukshetra,Rice,0.2186,2321.44,2253.6,2183.0
PR002156,2026-06-24,MANDI-027,Kurukshetra,Maize,0.214,2391.96,2265.81,2090.0
PR010980,2026-06-27,MANDI-007,Fatehabad,Mustard,,5776.48,,5650.0
PR000514,2026-05-24,MANDI-056,Ambala,Sugarcane,3590.0,4312.402028241359,3951.25,3500.0
PR009677,2026-07-18,,Moga,Rice,2015.04,2387.38,2201.21,2183.0
PR004302,2026-06-08,MANDI-047,Jalandhar,Mustard,0.5584,6765.46,0.6175,
PR007870,2026-05-25,MANDI-015,Fatehabad,Mustard,5277.51,5912.0,5594.75,5650.0
PR001357,2026-04-28,MANDI-030,Amritsar,Mustard,0.5605,6969.18,6287.04,5650.0
PR001080,2026-09-03,MANDI-039,Kurukshetra,Rice,0.2166,2380.56,2273.21,2183.0
PR001843,2026-05-26,,Fatehabad,Sugarcane,3488.0,4241.0,3864.47,3500.0
PR003463,2026-09-09,,Ferozepur,Mustard,5079.69,,5220.249129317423,5650.0
PR004942,2026-06-05,,Moga,Mustard,4835.31,0.5146,4991.0,0.565
PR010368,2026-08-02,MANDI-030,Ambala,Sugarcane,3354.1,3578.49,3466.0,3500.0
PR004127,2026-09-03,MANDI-045,Ludhiana,Rice,2233.26,2781.0,0.2507,
PR008522,2026-09-07,,Patiala,Cotton,6679.27,7250.54,6964.9,6620.0
PR009620,2026-06-26,MANDI-045,Ludhiana,Cotton,0.6826,,7645.0,
PR000968,2026-07-24,MANDI-055,Sirsa,Maize,0.1985,,2225.15,2090.0
PR007138,2026-05-01,MANDI-001,Karnal,Maize,1936.54,2333.34,0.2135,2090.0
PR004501,2026-01-09,MANDI-014,Kurukshetra,Cotton,6601.6,0.7403,7002.0,
PR007536,2026-07-29,MANDI-033,Ferozepur,Mustard,5603.22,0.6731,6167.0,5650.0
PR005705,2026-05-30,MANDI-025,Moga,Maize,2118.22,,2288.0,2090.0
PR000329,2026-09-09,MANDI-034,Jalandhar,Sugarcane,3444.0,4007.87,3726.02,
PR002651,2026-08-20,MANDI-023,Kurukshetra,Wheat,2267.7562802001466,2447.0,0.2357,2275.0
PR001671,2026-05-03,MANDI-049,Jalandhar,Cotton,6807.23,7817.5821984177865,7312.0,6620.0
PR002221,2026-02-28,MANDI-007,Jalandhar,Mustard,5310.527655502195,6038.57,,
PR003132,2026-06-29,MANDI-046,,Mustard,0.5581,5994.37,5787.8,5650.0
PR008105,2026-08-24,MANDI-003,Bathinda,Rice,,2512.79,2340.0,2183.0
PR010384,2026-06-04,MANDI-022,Ambala,Mustard,0.4838,0.5283,5060.86,0.565
PR008898,2026-08-22,MANDI-005,Jalandhar,Rice,0.2037,2473.5900011608874,2255.37,2183.0
PR010877,2026-05-25,MANDI-024,Bathinda,Sugarcane,3613.25,,3967.43,3500.0
PR003927,2026-04-07,,Jalandhar,Cotton,5799.78,6315.07,6057.43,
PR006821,2026-04-07,MANDI-039,Karnal,Sugarcane,0.3661,4551.21,4105.85,3500.0
PR002410,2026-01-06,MANDI-021,Patiala,Maize,0.2116,2376.0,0.2246,2090.0
PR000597,2026-03-26,MANDI-020,Moga,Cotton,6251.63,7501.72,6876.68,6620.0
PR010514,2026-08-28,MANDI-014,,Maize,1811.39,2011.37,1911.38,2090.0
PR010748,2026-07-08,MANDI-045,Karnal,Cotton,6511.21,7649.85,7080.53,0.662
PR010932,2026-11-07,MANDI-047,Sirsa,Rice,2239.57,2572.96,2406.2619588337416,2183.0
PR005611,2026-03-25,MANDI-056,,Sugarcane,3546.7,3829.12,3687.91,3500.0
PR001014,2026-09-06,MANDI-055,Patiala,Wheat,2184.09,2611.22,2397.6521348662636,2275.0
PR002790,2026-03-02,MANDI-025,Sirsa,Mustard,5660.253911861362,6765.94,6213.1,5650.0
PR000286,2026-03-04,MANDI-039,Hisar,Wheat,2334.21,0.2568,2450.94,2275.0
PR005063,2026-03-07,MANDI-056,Ludhiana,Wheat,0.1975,,2098.67,0.2275
PR001321,2026-02-06,MANDI-003,Bathinda,Rice,1909.91,2121.71,2015.81,2183.0
PR002993,2026-06-20,MANDI-056,Bathinda,Maize,1943.14,2163.92,0.2054,2090.0
PR011471,2026-01-27,MANDI-014,Kurukshetra,Cotton,5811.0,6807.89,6309.57,6620.0
PR004905,2026-09-08,MANDI-033,Ambala,Sugarcane,0.336,3826.0,3592.93,3500.0
PR005691,2026-01-05,MANDI-033,Patiala,Sugarcane,3483.51,0.4224,3853.95,
PR002800,2026-07-24,MANDI-049,Amritsar,Maize,1817.73,2038.0,1927.98,2090.0
PR005572,2026-05-20,MANDI-048,,Sugarcane,0.3549,4021.02,0.3785,3500.0
PR006816,2026-07-05,MANDI-027,Karnal,Rice,1974.55,0.2434,2204.36,2183.0
PR007624,2026-05-25,MANDI-028,Ludhiana,Sugarcane,3397.76,3864.05,3630.9045053008913,0.35
PR007963,2026-01-24,MANDI-034,Fatehabad,Sugarcane,3379.06,3927.30090937163,3653.18,
PR000128,2026-07-27,MANDI-044,,Cotton,,7883.47,7315.92,0.662
PR002598,2026-09-05,MANDI-055,Fatehabad,Rice,2155.49,2296.95,2226.22,2183.0
PR000220,2026-10-01,MANDI-041,Ferozepur,Rice,1907.8871936751802,0.2163,0.2035,2183.0
PR001214,2026-04-24,,,Wheat,2198.0,2689.4,2443.84,2275.0
PR006578,2026-06-16,MANDI-026,Ferozepur,Mustard,5133.0,6397.1263275128285,5765.159883447208,5650.0
PR010023,2026-04-28,MANDI-048,Moga,Rice,2209.13,2394.54,2302.0,2183.0
PR002255,2026-08-10,MANDI-030,Bathinda,Maize,0.1858,2205.0,2031.58,2090.0
PR010590,2026-05-31,MANDI-035,,Rice,2123.94,2427.0,2275.0,2183.0
PR010122,2026-03-06,MANDI-033,Jalandhar,Sugarcane,3654.90728058506,4457.543222445619,4056.23,3500.0
PR010236,2026-07-24,MANDI-012,Jalandhar,Mustard,5709.14,6988.46,6348.8,5650.0
PR004780,2026-05-13,,Karnal,Maize,0.2135,2307.2,2221.14,2090.0
PR002478,2026-01-23,MANDI-039,Bathinda,Rice,1919.0,,2030.1705849471618,2183.0
PR011843,2026-02-05,MANDI-025,Karnal,Maize,2116.97,2591.27,,2090.0
PR006320,2026-01-04,MANDI-041,Moga,Rice,0.2198,2732.68,2465.39,2183.0
PR007463,2026-07-27,MANDI-006,Kurukshetra,Rice,0.1887,,2042.36,
PR002952,2026-03-27,MANDI-015,Fatehabad,Sugarcane,3224.0,0.3683,3453.0,0.35
PR001695,2026-08-30,MANDI-030,Fatehabad,Wheat,2130.46,,2280.127551552917,2275.0
PR005660,2026-03-08,,Patiala,Wheat,2110.1996451616424,2572.0,2341.12,
PR004374,2026-06-06,MANDI-030,Ambala,Maize,2003.14,0.2301,0.2152,
PR006791,2026-02-25,MANDI-015,Hisar,Cotton,5699.58,6857.64,6278.61,
PR002921,2026-05-13,MANDI-042,Fatehabad,Cotton,6012.69,0.6983,6498.07,0.662
PR006938,2026-03-24,MANDI-035,Ludhiana,Mustard,0.4896,,5453.0,0.565
PR000878,2026-05-29,MANDI-011,Ludhiana,Cotton,6811.26,7310.39,7061.0,6620.0
PR005892,2026-03-17,MANDI-037,,Sugarcane,0.3264,3812.92,3538.6675339982885,
PR003486,2026-05-14,MANDI-018,,Cotton,6738.6,,0.7478,6620.0
PR011987,2026-01-02,MANDI-007,,Maize,1799.0,1980.19,0.1889,2090.0
PR007023,2026-02-02,MANDI-005,Moga,Rice,2096.7568714133986,,2151.71,
PR010342,2026-07-14,MANDI-016,Jalandhar,Wheat,0.2349,2502.167950202599,2425.65,
PR003321,2026-07-02,MANDI-030,Bathinda,Mustard,5293.89,0.6183,5738.58,0.565
PR001561,2026-10-01,MANDI-053,Moga,Cotton,6424.238381391029,7587.7,7006.0,6620.0
PR000360,2026-02-27,MANDI-055,Ferozepur,Mustard,5783.52,0.722,6501.62,5650.0
PR009751,2026-04-02,MANDI-054,Kurukshetra,Rice,2232.22,2539.69,2385.955611883418,
PR007199,2026-06-29,MANDI-034,Fatehabad,Wheat,2003.1821144125518,2227.74,2115.460790860877,2275.0
PR010386,2026-06-07,MANDI-002,Ludhiana,Rice,2009.14,2394.7667067696334,,2183.0
PR009497,2026-08-02,MANDI-001,Jalandhar,Sugarcane,0.3436,0.3659,3547.7685253549425,3500.0
PR000967,2026-08-13,MANDI-022,Bathinda,Wheat,2046.92,2167.82,2107.37,
PR011741,2026-07-09,MANDI-036,Ferozepur,Maize,1792.26,1973.52,1883.0,2090.0
PR006337,2026-03-15,MANDI-052,Sirsa,Sugarcane,3253.13,3580.83,3416.98,3500.0
PR005461,2026-07-08,MANDI-055,,Rice,2246.0,2780.19,2513.1,2183.0
PR011604,2026-04-06,MANDI-031,Sirsa,Maize,0.1862,0.1967,1914.23,2090.0
PR011130,2026-02-03,MANDI-008,Ludhiana,Mustard,5339.68,6549.31,5944.5,5650.0
PR011960,2026-06-19,MANDI-020,,Mustard,5019.76,5762.35,0.5391,5650.0
PR001021,2026-08-30,MANDI-041,Ludhiana,Sugarcane,0.3023,3655.0,3339.37,3500.0
PR008639,2026-06-19,MANDI-047,Ambala,Cotton,6936.41,0.7741,7338.76,
PR000562,2026-06-03,MANDI-028,Hisar,Sugarcane,3427.421194148446,3711.0,0.3569,0.35
PR000253,2026-01-31,MANDI-022,Kurukshetra,Wheat,1957.0,2286.0,2121.09,2275.0
PR002196,2026-03-04,MANDI-020,Ambala,Wheat,1954.432368462563,2058.9,2006.66,2275.0
PR006648,2026-04-02,MANDI-031,Ambala,Mustard,5190.94,0.5512,5351.44,5650.0
PR005245,2026-12-07,MANDI-044,,Wheat,1956.43,2417.640392872623,2187.03,2275.0
PR003280,2026-07-04,MANDI-013,,Wheat,1965.85,0.2078,0.2022,2275.0
PR002606,2026-04-25,MANDI-002,Ambala,Cotton,5769.657315883504,0.6341,6055.19,6620.0
PR000512,2026-05-01,MANDI-040,Kurukshetra,Rice,0.2144,2537.9,0.2341,2183.0
PR004592,2026-05-13,MANDI-024,Patiala,Maize,1801.63,2116.76,1959.19,0.209
PR010989,2026-06-17,MANDI-004,Kurukshetra,Maize,1969.364466642875,2432.46,2200.91,0.209
PR005921,2026-01-16,,Amritsar,Sugarcane,3458.4850657173088,4094.52,0.3777,3500.0
PR002475,2026-03-18,MANDI-017,Jalandhar,Sugarcane,0.3603,3907.0,3755.31,3500.0
PR003527,2026-07-10,MANDI-036,Patiala,Wheat,1986.0,2117.64,2051.98,2275.0
PR001677,2026-03-24,MANDI-049,Ambala,Rice,2138.4418750483374,2547.0,2342.84,
PR009035,2026-05-10,MANDI-044,,Maize,2044.24,2444.84,0.2245,
PR009076,2026-03-30,MANDI-004,,Sugarcane,3469.0,4141.16,3805.0,3500.0
PR009175,2026-06-07,MANDI-033,Jalandhar,Maize,0.2184,2454.64,2319.0,2090.0
PR006610,2026-09-03,MANDI-006,Sirsa,Cotton,5885.424424208297,6512.83,6199.13,
PR000733,2026-08-16,MANDI-029,Jalandhar,Maize,2005.61,2132.0,,
PR010042,2026-07-03,MANDI-036,,Mustard,5706.642978685218,6371.0,6038.64,5650.0
PR005123,2026-01-21,MANDI-002,Jalandhar,Maize,1990.19,2439.69,2214.94,2090.0
PR000244,2026-08-01,MANDI-018,,Mustard,5789.39,6935.2388266561475,0.6362,5650.0
PR007544,2026-02-23,MANDI-048,Ludhiana,Rice,2136.2,2402.43,0.2269,
PR010371,2026-03-18,MANDI-024,Ambala,Wheat,0.1948,2421.0743532222955,2184.66,2275.0
PR004463,2026-05-18,MANDI-039,Patiala,Rice,0.2012,,2176.0,2183.0
PR005052,2026-06-16,,Ludhiana,Rice,1911.9647273974783,2103.62,2008.0,2183.0
PR003084,2026-07-06,MANDI-057,Ludhiana,Mustard,5387.683659671887,6593.0,5990.3,5650.0
PR009449,2026-02-03,MANDI-010,Patiala,Mustard,4850.74,5798.0,5324.0,0.565
PR011709,2026-08-29,MANDI-056,Bathinda,Wheat,2311.173806093636,2721.32,2516.24,2275.0
PR010296,2026-07-06,MANDI-020,Amritsar,Sugarcane,3181.38,0.3399,3290.21,3500.0
PR009051,2026-01-15,MANDI-006,Ambala,Rice,2048.85,0.2292,2170.2706915572244,2183.0
PR006404,2026-01-15,MANDI-018,Hisar,Rice,1955.74,2066.0,2010.81,2183.0
PR008214,2026-03-09,MANDI-020,Bathinda,Wheat,2241.82,0.2574,2408.1,2275.0
PR008606,2026-04-13,MANDI-029,Jalandhar,Rice,1975.91,2315.79,2146.0,0.2183
PR004916,2026-05-13,MANDI-056,Ferozepur,Mustard,0.5781,6840.55,6310.93,0.565
PR007642,2026-02-10,MANDI-048,Hisar,Sugarcane,3621.5210105138317,4415.37,4018.45,3500.0
PR000592,2026-04-13,MANDI-045,Ludhiana,Maize,1905.0,2268.0,0.2087,
PR000088,2026-01-28,MANDI-023,Fatehabad,Sugarcane,3098.74,3762.77,3431.0,3500.0
PR007641,2026-03-21,MANDI-048,Karnal,Mustard,4810.98,5408.23,5110.0,
PR004082,2026-01-04,MANDI-024,Kurukshetra,Sugarcane,0.3302,3861.31,,3500.0
PR008906,2026-04-12,,Ferozepur,Maize,2163.4,2638.0,2400.46,
PR002446,2026-09-07,MANDI-018,Amritsar,Maize,2022.94,2524.56,2274.0,2090.0
PR011270,2026-03-02,MANDI-007,Ferozepur,Maize,1873.2912647442288,2048.53,1961.0,2090.0
PR010382,2026-08-20,MANDI-012,Patiala,Mustard,5647.52,0.7013,6330.433784624478,5650.0
PR007989,2026-08-25,,Patiala,Wheat,2374.02,2699.02,2536.52,2275.0
PR001867,2026-02-23,MANDI-022,Amritsar,Sugarcane,0.3064,3474.90307337875,,
PR002027,2026-03-28,MANDI-057,Jalandhar,Mustard,5417.0,6366.1,5892.0,5650.0
PR009356,2026-02-20,,Ferozepur,Wheat,2251.09,2529.51,2390.302667403896,2275.0
PR005242,2026-06-18,MANDI-003,,Maize,1950.23,2374.97,0.2163,
PR011568,2026-01-06,MANDI-012,Kurukshetra,Wheat,2301.73,2857.0,2579.27,2275.0
PR004128,2026-06-28,MANDI-057,Ludhiana,Maize,2091.28,2512.0,2302.0,0.209
PR001346,2026-07-18,,Fatehabad,Maize,1867.0,1995.19,1931.26,2090.0
PR009860,2026-11-05,MANDI-043,Sirsa,Cotton,0.6436,8015.0,,6620.0
PR001513,2026-06-23,MANDI-004,Patiala,Mustard,5472.0,6722.03,6096.92,
PR009176,2026-02-03,MANDI-005,,Maize,2126.42,2572.68,2349.55,0.209
PR010593,2026-05-29,MANDI-043,Ferozepur,Maize,1938.48,2309.59,2124.035288268348,2090.0
PR004577,2026-09-04,,Ludhiana,Cotton,6365.07,0.7592,0.6978,6620.0
PR006735,2026-08-15,,Amritsar,Mustard,0.5799,6981.53,6390.13,
PR000187,2026-10-06,MANDI-016,Moga,Wheat,2023.0,2214.88,2119.0,2275.0
PR000235,2026-07-20,,Patiala,Cotton,5698.0,0.6527,6112.28,6620.0
PR006247,2026-07-30,MANDI-004,Karnal,Wheat,2040.9550570954666,2422.74,2231.85,2275.0
PR001483,2026-04-01,MANDI-049,Jalandhar,Cotton,6734.09,7617.93,7176.01,6620.0
PR003835,2026-02-12,MANDI-047,Moga,Rice,1901.99,2305.96,2103.97,
PR008665,2026-05-04,MANDI-029,,Sugarcane,3154.07,3531.69,0.3343,
PR005646,2026-01-01,MANDI-015,Bathinda,Mustard,5421.05,0.6348,0.5885,5650.0
PR011138,2026-01-14,MANDI-009,,Rice,1888.3423766221763,2219.87,2054.11,0.2183
PR005157,2026-02-06,MANDI-031,Patiala,Maize,2129.049870713397,2659.39,2394.22,2090.0
PR010556,2026-02-02,MANDI-016,Hisar,Mustard,5689.63,6554.222824961714,0.6122,5650.0
PR008582,2026-01-09,MANDI-028,Moga,Rice,,0.2686,2443.96,2183.0
PR008821,2026-03-25,MANDI-001,Sirsa,Maize,1835.23,2274.0,2054.84,
PR011875,2026-02-03,MANDI-055,Karnal,Cotton,6325.03,7364.82,0.6845,6620.0
PR011217,2026-03-21,MANDI-017,Bathinda,Cotton,6236.63,7317.18,6777.0,0.662
PR008611,2026-07-22,,Fatehabad,Maize,2046.2156263540128,2399.57,2222.89,2090.0
PR010803,2026-04-28,MANDI-045,Ludhiana,Maize,2173.66,2386.36,,0.209
PR000392,2026-06-29,MANDI-016,Kurukshetra,Maize,1825.82,0.2255,2040.0,
PR006024,2026-12-02,MANDI-008,Hisar,Wheat,2356.0,2527.0,2441.2,
PR003288,2026-02-06,MANDI-033,,Sugarcane,3351.31,3638.89,0.3495,3500.0
PR006786,2026-08-04,MANDI-036,Bathinda,Maize,2106.0,2362.3,2234.26,2090.0
PR007185,2026-02-28,MANDI-015,Kurukshetra,Maize,1889.0,0.2005,,2090.0
PR001264,2026-06-29,MANDI-038,Sirsa,Mustard,5720.0,6866.0,6293.0,5650.0
PR002077,2026-03-21,MANDI-020,,Cotton,6551.54,0.8121,7336.270257145445,6620.0
PR008235,2026-07-02,MANDI-030,Hisar,Rice,2208.0,2375.46,,2183.0
PR011906,2026-03-16,MANDI-022,Amritsar,Rice,2215.268162067079,2396.0,2305.79,2183.0
PR001814,2026-05-15,MANDI-038,Patiala,Maize,0.1833,1965.31,0.1899,0.209
PR008825,2026-01-25,MANDI-030,Amritsar,Wheat,,2452.59,2269.0730427856033,2275.0
PR005365,2026-09-03,,Ludhiana,Rice,1926.66,2088.7745611936516,0.2008,0.2183
PR002801,2026-03-19,MANDI-042,Moga,Cotton,5719.42,6995.67,6357.54,
PR001797,2026-07-04,MANDI-043,Fatehabad,Mustard,5176.43,5909.008555773925,5542.72,5650.0
PR011801,2026-03-04,MANDI-010,Fatehabad,Wheat,2199.24,2542.5,2370.87,2275.0
PR001434,2026-02-09,MANDI-036,Karnal,Maize,0.1857,2238.4,2047.61,0.209
PR007822,2026-09-02,MANDI-007,Moga,Wheat,2363.0,0.2534,2448.9120558584546,2275.0
PR001384,2026-06-29,MANDI-017,Moga,Rice,2191.0,0.2661,0.2426,2183.0
PR002004,2026-07-20,MANDI-008,Patiala,Rice,0.2013,2298.37,2155.8,2183.0
PR001206,2026-07-14,MANDI-055,Sirsa,Mustard,0.5587,6608.81,6097.72,5650.0
PR010923,2026-06-22,MANDI-003,Bathinda,Mustard,5209.51,,5367.56,5650.0
PR004852,2026-05-03,MANDI-038,Ludhiana,Cotton,6190.34,7245.82,6718.081797531991,6620.0
PR006380,2026-03-09,,Karnal,Maize,1934.59,2369.3,2151.94,2090.0
PR000901,2026-05-08,MANDI-019,Ambala,Sugarcane,3138.27,3635.16,3386.71,0.35
PR001166,2026-07-03,MANDI-049,Fatehabad,Wheat,1944.48,2360.3096321592952,2152.3953130585405,2275.0
PR010343,2026-02-15,,Bathinda,Wheat,0.2342,2748.5,2545.3821400349184,2275.0
PR002102,2026-03-25,MANDI-047,Bathinda,Cotton,6445.58,7101.0,6773.16,6620.0
PR001914,2026-01-31,MANDI-008,Ludhiana,Mustard,5145.96,5796.0,5471.03,5650.0
PR006399,2026-06-20,MANDI-022,Ludhiana,Rice,2116.54,2280.01,2198.27,2183.0
PR006981,2026-10-07,MANDI-007,Ambala,Rice,2083.01,2513.736901157972,2298.0,2183.0
PR002572,2026-01-10,MANDI-012,Ludhiana,Maize,1824.0,2132.79,1978.0,
PR007021,2026-02-02,MANDI-025,,Sugarcane,3326.0,4134.383964160437,3730.41,3500.0
PR006912,2026-06-08,,,Rice,1975.28,0.2281,0.2128,0.2183
PR000399,2026-05-28,,Ludhiana,Maize,2061.09,2324.0,2192.44,
PR006451,2026-05-31,,Ambala,Mustard,5502.89,6529.16,6016.03,5650.0
PR009513,2026-07-16,MANDI-010,Kurukshetra,Mustard,5633.67,,,5650.0
PR011868,2026-04-07,MANDI-022,Fatehabad,Wheat,2115.03,2436.77,2275.9,
PR008670,2026-04-28,MANDI-037,Moga,Cotton,5877.0,6529.522099459984,0.6203,6620.0
PR005890,2026-03-12,MANDI-017,Kurukshetra,Rice,2133.33,2456.79,2295.0582685988043,2183.0
PR001500,2026-07-30,MANDI-048,Karnal,Wheat,2076.89,2292.35,2184.62,2275.0
PR002345,2026-04-24,MANDI-034,Moga,Rice,2054.856215507935,2279.55,2167.2,2183.0
PR001363,2026-08-17,MANDI-032,Ferozepur,Rice,2041.24,0.2313,,2183.0
PR002216,2026-06-23,MANDI-003,Ambala,Rice,2153.81,2428.0,2291.11,2183.0
PR005961,2026-10-01,MANDI-039,Ludhiana,Wheat,2335.7,2762.0,,2275.0
PR002306,2026-03-01,MANDI-009,Fatehabad,Rice,2270.88,0.2813,2541.73,2183.0
PR009989,2026-02-02,MANDI-002,Sirsa,Wheat,2363.23,0.2588,2475.79,2275.0
PR001514,2026-07-26,MANDI-026,Ludhiana,Wheat,1986.49,2151.14,2068.82,0.2275
PR007859,2026-07-04,MANDI-049,Moga,Maize,1882.13,2342.76,2112.0,
PR001083,2026-01-04,MANDI-057,Sirsa,Cotton,5698.42,0.6941,6319.76,
PR011216,2026-06-23,MANDI-042,,Mustard,5007.0,0.5453,5229.58,
PR011893,2026-01-07,MANDI-040,Patiala,Rice,1860.0,2322.05,2090.85,2183.0
PR000018,2026-06-02,MANDI-022,Amritsar,Sugarcane,0.3361,3801.87,3581.5174689977093,3500.0
PR005278,2026-08-29,MANDI-025,Moga,Cotton,0.6662,6998.0,6829.99,
PR010255,2026-01-04,MANDI-045,Patiala,Rice,0.1862,2051.85,1956.9225828071546,2183.0
PR000019,2026-04-22,MANDI-026,Ferozepur,Rice,1890.13,2025.1,1957.61,2183.0
PR001476,2026-03-23,MANDI-005,Sirsa,Wheat,2197.02,,2369.21,2275.0
PR010422,2026-06-23,MANDI-014,Amritsar,Mustard,4804.27,5258.76,0.5032,5650.0
PR009060,2026-03-17,MANDI-049,,Cotton,,6887.5,6453.37,6620.0
PR003144,2026-06-16,MANDI-019,Sirsa,Maize,2104.4,2431.58,2268.0,2090.0
PR010670,2026-03-12,MANDI-018,,Maize,2044.73,2398.91,0.2222,2090.0
PR007793,2026-02-25,,Ludhiana,Maize,1965.53,2329.68,2147.6,2090.0
PR009729,2026-07-24,MANDI-053,Ferozepur,Wheat,2115.85,2456.5435953950064,2286.2,2275.0
PR004635,2026-08-04,MANDI-003,Amritsar,Maize,1923.85,2033.51,1978.68,2090.0
PR008489,2026-07-30,MANDI-016,Amritsar,Sugarcane,3519.62,3906.64,3713.0,
PR003534,2026-04-12,MANDI-002,Ludhiana,Maize,2097.85,2482.0,2289.85,2090.0
PR011631,2026-03-22,,Karnal,Maize,2132.03,2406.42,0.2269,2090.0
PR003454,2026-07-20,MANDI-023,Sirsa,Mustard,5355.84,0.661,5982.84,5650.0
PR006183,2026-01-30,MANDI-033,Fatehabad,Maize,2188.0,2539.59,2364.0,0.209
PR002025,2026-03-26,,Moga,Cotton,,,0.7483,6620.0
PR008078,2026-05-31,MANDI-044,Sirsa,Maize,0.1977,2348.67,2162.64,2090.0
PR007707,2026-02-16,MANDI-029,Sirsa,Sugarcane,3216.0,3533.0,0.3374,3500.0
PR001140,2026-04-27,MANDI-020,Patiala,Mustard,5726.77,0.6069,5898.0,5650.0
PR010669,2026-04-16,MANDI-044,Amritsar,Maize,1970.0335107676171,,2046.03,2090.0
PR000563,2026-07-24,MANDI-021,Fatehabad,Sugarcane,3635.4,4398.4268672894095,4017.0,
PR009746,2026-01-16,MANDI-029,,Cotton,6672.0,8263.48,7467.56,6620.0
PR011850,2026-08-21,MANDI-053,Patiala,Wheat,2350.65,2737.35,2544.0,2275.0
PR007610,2026-07-24,MANDI-048,,Cotton,5838.03,6650.0,6244.132687669546,6620.0
PR004673,2026-03-23,MANDI-052,,Cotton,0.6248,6932.79,,6620.0
PR002295,2026-08-21,MANDI-024,Ferozepur,Wheat,2253.74,,2456.24,0.2275
PR004881,2026-05-03,MANDI-014,Hisar,Rice,1858.81,2135.28,1997.05,2183.0
PR004246,2026-08-06,MANDI-012,Jalandhar,Maize,,2270.9,2049.75,2090.0
PR001619,2026-06-21,MANDI-040,Fatehabad,Maize,2143.8,2629.61,2386.7,0.209
PR003934,2026-01-31,,,Mustard,0.5575,5982.54,0.5779,5650.0
PR010915,2026-05-14,,Fatehabad,Cotton,6777.610372633796,8312.77,7545.19,0.662
PR011392,2026-03-20,MANDI-007,Moga,Cotton,6693.28,7179.848827861622,6936.565449385815,6620.0
PR010111,2026-05-23,MANDI-054,Karnal,Wheat,2059.71,2478.76,2269.24,2275.0
PR005422,2026-07-29,MANDI-036,,Maize,2032.0,2450.39,2240.96,2090.0
PR009567,2026-04-26,MANDI-036,Fatehabad,Maize,2035.86,2526.14,2281.0,0.209
PR010674,2026-03-10,MANDI-053,Hisar,Cotton,6181.277679099288,7411.540025387543,6796.41,6620.0
PR000570,2026-03-30,MANDI-039,Jalandhar,Wheat,0.1979,2459.08,0.2219,
PR009450,2026-07-20,MANDI-047,Ambala,Maize,1794.8881876728267,2009.23,1902.06,2090.0
PR003909,2026-07-03,MANDI-045,Ferozepur,Rice,1867.0,2257.13,2061.91,2183.0
PR001019,2026-08-14,MANDI-007,Moga,Cotton,,0.7233,6988.32,6620.0
PR007947,2026-01-07,MANDI-003,Fatehabad,Rice,2002.8708079453338,0.2155,2078.7577253532404,2183.0
PR010832,2026-01-14,MANDI-016,,Mustard,5324.41,6103.84,0.5714,0.565
PR006480,2026-01-13,MANDI-017,Fatehabad,Rice,2048.0,2222.19,2135.0,2183.0
PR008509,2026-07-04,MANDI-037,Jalandhar,Rice,2286.7415845145783,2477.778137504113,2382.2598610093455,2183.0
PR009706,2026-08-20,MANDI-026,Bathinda,Sugarcane,3266.16,3522.93043983934,3394.54,0.35
PR007648,2026-07-28,MANDI-021,Sirsa,Rice,1967.32,2193.0,0.208,2183.0
PR010825,2026-05-10,MANDI-012,Karnal,Rice,2133.37,0.2252,2192.0,2183.0
PR004655,2026-09-05,MANDI-039,Ambala,Rice,2164.825142579416,0.2542,2353.45,2183.0
PR006980,2026-04-29,MANDI-036,Ferozepur,Rice,0.2253,2601.6715636822755,2427.45,2183.0
PR000807,2026-06-18,MANDI-031,Amritsar,Mustard,5889.0,6323.63,6106.0,0.565
PR005828,2026-08-10,MANDI-041,Ludhiana,Sugarcane,3435.7189128769,3901.105766515403,3668.41,
PR005467,2026-03-16,,Fatehabad,Sugarcane,0.3449,3893.76,0.3671,3500.0
PR008360,2026-04-01,MANDI-019,Sirsa,Wheat,2191.71,2377.01,0.2284,2275.0
PR001387,2026-04-20,MANDI-031,Amritsar,Cotton,6607.39,8255.06,7431.220459855121,
PR002696,2026-08-04,MANDI-018,Moga,Cotton,6540.68,7115.09,0.6828,6620.0
PR003509,2026-03-29,MANDI-038,Amritsar,Mustard,0.486,5673.998762843678,0.5267,
PR009235,2026-04-15,MANDI-028,Hisar,Sugarcane,3261.0,3486.7,3373.84,3500.0
PR002135,2026-01-27,,Kurukshetra,Mustard,,0.5938,0.563,5650.0
PR000580,2026-06-20,MANDI-023,Amritsar,Sugarcane,3107.647644181837,3654.0,3380.94,3500.0
PR005830,2026-06-25,MANDI-045,Sirsa,Sugarcane,3264.36,3991.52,3628.0,3500.0
PR009032,2026-08-30,MANDI-052,,Cotton,6305.05,,0.6777,6620.0
PR003359,2026-02-21,MANDI-023,Ludhiana,Rice,2032.25,2141.0,2086.38,2183.0
PR002486,2026-05-22,MANDI-040,Hisar,Mustard,,6387.0,5985.7491353216865,5650.0
PR007213,2026-03-15,MANDI-025,Karnal,Mustard,5836.085118284538,6271.78,0.6054,5650.0
PR006036,2026-01-28,MANDI-031,Jalandhar,Cotton,6721.0,0.7311,7015.957047571515,6620.0
PR004482,2026-01-31,MANDI-032,Ambala,Cotton,0.5867,6492.62,6179.87,6620.0
PR003967,2026-08-22,MANDI-042,Hisar,Rice,2257.71,2703.0,2480.4603668014665,2183.0
PR007888,2026-07-01,MANDI-029,Kurukshetra,Wheat,,2660.11,2502.0,2275.0
PR011748,2026-07-06,MANDI-046,Amritsar,Rice,2231.92,2359.45,0.2296,0.2183
PR009069,2026-03-23,MANDI-002,Amritsar,Maize,1860.1267295224088,2140.63,2000.38,2090.0
PR000839,2026-08-02,MANDI-055,Kurukshetra,Cotton,6571.28,7313.0,6942.14,6620.0
PR002724,2026-01-04,MANDI-030,Ferozepur,Sugarcane,3342.0,3766.0,3554.0,3500.0
PR008187,2026-08-14,MANDI-014,,Maize,1814.02,2237.6,2025.8133373743578,2090.0
PR001525,2026-09-07,MANDI-028,Amritsar,Mustard,5512.24,6626.52,6069.38,0.565
PR000991,2026-02-23,MANDI-050,,Sugarcane,2998.0,3526.83,3262.58,3500.0
PR001182,2026-04-06,MANDI-043,Amritsar,Maize,2031.61,2200.92,2116.26,0.209
PR002777,2026-08-14,MANDI-013,Ferozepur,Sugarcane,3563.95,4068.08,3816.02,3500.0
PR000352,2026-04-23,MANDI-023,Bathinda,Rice,2291.69,0.2838,2565.09,0.2183
PR000073,2026-08-28,MANDI-033,,Sugarcane,3516.4,3734.16,3625.28,3500.0
PR006275,2026-06-23,MANDI-056,,Rice,1887.62,2340.22,2113.92,2183.0
PR004570,2026-05-05,MANDI-027,Fatehabad,Maize,1902.31,2288.0,0.2095,
PR000584,2026-04-30,MANDI-055,Sirsa,Sugarcane,3183.0,0.3433,3308.0,3500.0
PR005707,2026-10-05,,,Wheat,2334.92,2752.0,2543.46,2275.0
PR006801,2026-12-05,MANDI-010,,Mustard,5508.08,6426.75,0.5967,5650.0
PR005600,2026-04-02,MANDI-020,,Sugarcane,3630.0,,3851.3,3500.0
PR008919,2026-01-27,MANDI-048,Karnal,Mustard,5027.45,5507.968690958795,5267.71,5650.0
PR006419,2026-02-06,,,Mustard,4849.63,0.5539,5194.492175496374,5650.0
PR005276,2026-12-07,MANDI-043,Sirsa,Maize,2050.39,2232.52,2141.46,0.209
PR009135,2026-01-27,MANDI-023,Amritsar,Rice,2015.53,2419.0,2217.18,2183.0
PR002418,2026-02-27,MANDI-055,Patiala,Maize,0.2161,0.2546,2353.04,2090.0
PR001904,2026-02-07,MANDI-031,Hisar,Wheat,2242.97,2574.53,2408.75,2275.0
PR000852,2026-03-03,MANDI-034,Amritsar,Maize,1861.07,2208.0478168584564,2034.5607889961518,0.209
PR007562,2026-01-20,MANDI-005,Jalandhar,Mustard,5229.64,5922.0,5575.99,
PR004317,2026-06-19,MANDI-045,Sirsa,Sugarcane,3013.76,3748.65,3381.2,3500.0
PR001722,2026-04-25,MANDI-016,Fatehabad,Sugarcane,3411.52,3854.93,3633.0,3500.0
PR010370,2026-02-18,MANDI-006,Bathinda,Rice,0.2017,,2212.62,2183.0
PR005591,2026-02-14,MANDI-049,Bathinda,Sugarcane,3145.49,3319.0,3232.0,3500.0
PR009290,2026-05-11,MANDI-003,Kurukshetra,Rice,1993.85,2275.85,2135.0,
PR005046,2026-07-26,MANDI-040,Jalandhar,Sugarcane,3050.258417729545,3283.24,,0.35
PR000203,2026-03-19,MANDI-027,Amritsar,Maize,1878.2288741324253,2283.19,2080.71,2090.0
PR009414,2026-01-04,MANDI-047,Kurukshetra,Mustard,5078.74,,5660.33,
PR005009,2026-02-28,MANDI-048,Ambala,Cotton,5719.57,6323.25,6021.41,6620.0
PR009213,2026-05-30,MANDI-005,Ferozepur,Mustard,5822.0,7075.38,6448.62,
PR004811,2026-03-23,MANDI-051,Jalandhar,Mustard,0.5827,0.7062,6444.361079104825,5650.0
PR005888,2026-03-13,MANDI-048,Ambala,Rice,0.2115,2407.98,0.2261,2183.0
PR002157,2026-06-03,MANDI-022,Sirsa,Sugarcane,3627.25,4266.75,3947.0,3500.0
PR011502,2026-05-11,MANDI-031,Ambala,Wheat,2108.51,2318.95737602564,2213.73,
PR001239,2026-04-18,MANDI-057,Jalandhar,Rice,2201.93,2503.39,2352.66,
PR010047,2026-06-17,MANDI-049,Jalandhar,Cotton,6167.65,0.7025,6596.29,6620.0
PR004636,2026-04-17,MANDI-007,Bathinda,Maize,,2135.0,2065.2472369714933,2090.0
PR001872,2026-12-07,MANDI-010,Ludhiana,Maize,2151.89,,2283.85,0.209
PR010407,2026-02-16,MANDI-029,Hisar,Rice,0.1921,2195.47,2058.06,2183.0
PR005153,2026-03-07,MANDI-033,Ludhiana,Maize,2009.71,2335.43,2172.57,
PR002643,2026-03-29,MANDI-024,Bathinda,Sugarcane,3000.649350670254,3705.56,3353.11,
PR004588,2026-05-18,MANDI-051,Amritsar,Cotton,5954.77,7181.07,6568.0,6620.0
PR005533,2026-05-09,MANDI-032,Kurukshetra,Rice,2142.67,0.2283,,2183.0
PR007578,2026-01-20,MANDI-012,Ferozepur,Cotton,6812.23,7663.53,7237.88,6620.0
PR004440,2026-02-05,MANDI-012,Moga,Wheat,2386.52,0.2568,2477.1,
PR007019,2026-01-26,,Sirsa,Mustard,5858.955055420387,6359.0,6108.976638828047,
PR010044,2026-04-30,MANDI-048,,Wheat,2082.0,2320.36,2201.2376574353766,2275.0
PR011554,2026-06-02,MANDI-016,Ludhiana,Rice,2030.05,2272.0,2151.0,
PR001031,2026-07-30,MANDI-045,Sirsa,Sugarcane,3059.46,3385.33,0.3222,
PR006075,2026-08-05,MANDI-015,Hisar,Maize,0.1939,0.2211,2074.87,2090.0
PR006267,2026-08-31,MANDI-009,Patiala,Sugarcane,3590.03,3938.44,3764.24,3500.0
PR000631,2026-08-16,MANDI-020,Hisar,Mustard,5076.68,5565.38,5321.03,5650.0
PR006529,2026-01-08,MANDI-023,Kurukshetra,Sugarcane,3662.41,0.4244,3953.0,3500.0
PR009846,2026-05-01,,Amritsar,Maize,0.2018,2285.89,0.2152,2090.0
PR011675,2026-04-04,MANDI-039,Moga,Cotton,6723.16,8058.89,7391.0,6620.0
PR009353,2026-12-06,MANDI-042,Ambala,Rice,1871.19,2113.68,1992.44,2183.0
PR009058,2026-01-10,MANDI-025,Ferozepur,Wheat,2345.72,0.2898,2622.02,2275.0
PR010677,2026-08-15,MANDI-002,Moga,Rice,2114.14,2270.0,0.2192,2183.0
PR002848,2026-12-04,MANDI-014,Jalandhar,Sugarcane,3325.93,3885.7816006758885,0.3606,
PR004022,2026-05-23,MANDI-028,Jalandhar,Wheat,2038.98,2246.56,2142.77,
PR007100,2026-06-01,MANDI-047,Fatehabad,Maize,1844.21,2141.05,1992.63,0.209
PR000728,2026-03-07,MANDI-020,Hisar,Wheat,2377.0,2806.88,2592.09,2275.0
PR005879,2026-02-18,MANDI-030,Kurukshetra,Cotton,6435.714706161267,7611.25,0.7023,6620.0
PR000549,2026-01-28,MANDI-001,Moga,Rice,1884.0,2223.77,0.2054,2183.0
PR007912,2026-01-05,MANDI-030,Ferozepur,Sugarcane,3229.8,3946.84,3588.32,3500.0
PR008349,2026-05-04,MANDI-010,Ludhiana,Cotton,0.6285,0.6969,6627.08,0.662
PR011143,2026-10-08,MANDI-012,Moga,Rice,0.192,2384.74,2152.0,2183.0
PR003157,2026-02-23,MANDI-013,Jalandhar,Rice,2197.28,2419.14,2308.0,2183.0
PR003067,2026-01-15,,,Cotton,5873.43,6810.0,0.6342,6620.0
PR003929,2026-02-11,MANDI-009,Jalandhar,Mustard,5439.06,5894.232283814705,5667.0,5650.0
PR008179,2026-04-07,MANDI-027,Jalandhar,Cotton,0.6626,7831.7,0.7229,6620.0
PR006317,2026-06-13,MANDI-013,Fatehabad,Sugarcane,3636.0,4261.27,3948.52,3500.0
PR003791,2026-02-05,MANDI-034,Fatehabad,Mustard,5019.94,5875.44,5448.0,
PR004982,2026-04-18,MANDI-025,,Mustard,4876.66,5808.37,5342.51,5650.0
PR010293,2026-06-06,MANDI-013,Hisar,Wheat,2184.0,2416.72,2300.27,2275.0
PR001927,2026-01-01,,Ludhiana,Sugarcane,3218.47,3418.85,3318.66,3500.0
PR008028,2026-04-05,MANDI-032,Ambala,Cotton,6525.28,0.7741,7133.31,6620.0
PR003119,2026-07-11,,Amritsar,Mustard,5369.62,6538.78,5954.2,5650.0
PR004185,2026-06-07,MANDI-046,Jalandhar,Wheat,2286.0,2686.44,2486.45,2275.0
PR011902,2026-04-21,,Patiala,Rice,1993.73,2240.0,2116.93,2183.0
PR006355,2026-01-10,MANDI-038,Moga,Mustard,0.5165,5740.001989427188,5452.27,5650.0
PR004475,2026-08-30,MANDI-021,Kurukshetra,Rice,1893.4412071063646,2183.2619371764094,2038.35,2183.0
PR010778,2026-05-27,MANDI-015,Moga,Maize,1980.14,2422.74,,2090.0
PR009430,2026-01-09,MANDI-023,Amritsar,Sugarcane,3468.18,3943.5501244882535,3705.87,0.35
PR011666,2026-01-31,,Amritsar,Sugarcane,3293.91,3768.5,0.3531,3500.0
PR000707,2026-04-24,MANDI-017,Ludhiana,Wheat,2219.56,2613.95,2417.0,0.2275
PR010086,2026-02-24,MANDI-049,Ferozepur,Maize,2170.55,2652.99,2411.77,
PR003021,2026-02-18,MANDI-038,Sirsa,Mustard,5783.44369713165,0.6822,6302.7,5650.0
PR006951,2026-08-07,MANDI-025,Kurukshetra,Sugarcane,3448.53,3921.81,3685.17,3500.0
PR001277,2026-08-20,MANDI-033,Kurukshetra,Rice,2110.0,0.2496,2303.21,0.2183
PR007159,2026-03-27,MANDI-054,,Sugarcane,3617.84,4106.35,3862.09,3500.0
PR000068,2026-04-08,MANDI-035,Kurukshetra,Mustard,5306.52,,0.5473,5650.0
PR002764,2026-05-08,MANDI-024,Fatehabad,Rice,0.2113,2487.38,0.23,2183.0
PR004111,2026-02-22,MANDI-049,Patiala,Rice,2082.81,2437.0,2259.9,2183.0
PR003108,2026-06-04,MANDI-022,Ludhiana,Rice,2029.36,2278.0,2153.72,
PR011549,2026-01-10,MANDI-044,Ferozepur,Rice,2045.84,2376.541772699132,2211.1910632976833,2183.0
PR001683,2026-08-21,MANDI-053,Moga,Mustard,5601.22,,5889.857900618043,5650.0
PR005059,2026-08-27,,Karnal,Cotton,5812.314432704397,7062.78,6437.55,
PR010761,2026-06-12,MANDI-029,,Rice,2063.32,2405.23,2234.27,2183.0
PR005629,2026-02-20,,Karnal,Sugarcane,3393.0,4064.0,3728.17,3500.0
PR004774,2026-09-02,MANDI-014,Moga,Rice,0.2287,,2572.4,0.2183
PR007201,2026-01-05,MANDI-025,Karnal,Wheat,2155.0,2312.0,2233.62,2275.0
PR008462,2026-05-02,MANDI-053,Fatehabad,Mustard,5482.48,5777.7,5630.0,
PR002195,2026-06-16,MANDI-023,Amritsar,Rice,1906.43,0.2335,2121.0,2183.0
PR006423,2026-07-19,MANDI-008,Amritsar,Sugarcane,3022.9,3566.895327987109,3294.9,3500.0
PR006630,2026-04-08,MANDI-037,Jalandhar,Maize,1860.01,2313.0,2086.3,2090.0
PR009275,2026-07-19,,Ambala,Wheat,2064.42,2580.47,2322.4443795204843,2275.0
PR007684,2026-08-02,MANDI-020,,Rice,2252.69,0.2459,2356.0,2183.0
PR007908,2026-03-04,MANDI-030,Jalandhar,Maize,1929.0,2249.781927639306,2089.26,0.209
PR009304,2026-03-31,MANDI-032,Karnal,Wheat,2030.0,2490.42,2260.0,
PR008144,2026-08-01,MANDI-049,Ambala,Sugarcane,3579.93,0.4153,3866.31,0.35
PR005314,2026-03-23,MANDI-008,Ferozepur,Wheat,,2322.82,2223.0,2275.0
PR006916,2026-01-13,MANDI-037,Hisar,Cotton,5648.27,6504.9,6076.58,6620.0
PR004371,2026-07-14,MANDI-054,,Cotton,6307.98,6900.71,6604.35,6620.0
PR003557,2026-08-08,MANDI-032,Ambala,Rice,2059.0,2193.0,,0.2183
PR003880,2026-08-09,MANDI-043,Karnal,Rice,0.2264,,2485.84,
PR000591,2026-05-29,MANDI-001,Kurukshetra,Sugarcane,3146.58,3354.33,3250.45,
PR011266,2026-01-09,,Patiala,Sugarcane,3619.16,4320.931398125422,3970.04,0.35
PR007665,2026-02-24,MANDI-013,Moga,Maize,1800.9935367570843,2150.35,1975.67,2090.0
PR008783,2026-01-26,MANDI-027,Patiala,Maize,1949.0,0.2213,2080.6,2090.0
PR007178,2026-02-06,,,Wheat,2137.95,2275.66,2207.0,2275.0
PR002829,2026-06-27,MANDI-022,Sirsa,Maize,2183.27,2699.75,2441.51,2090.0
PR009496,2026-01-27,MANDI-021,Amritsar,Wheat,2251.66,,2308.45,0.2275
PR000074,2026-02-25,MANDI-024,Bathinda,Maize,2173.14,,2330.82,2090.0
PR001756,2026-04-11,MANDI-015,,Wheat,0.2142,2316.0,2229.03,2275.0
PR003227,2026-05-14,MANDI-029,Jalandhar,Rice,,2264.0,2166.92,2183.0
PR006219,2026-05-05,MANDI-006,Sirsa,Sugarcane,3659.17,,3791.7831096325262,3500.0
PR006954,2026-04-19,MANDI-053,,Wheat,2302.32,,2452.53,2275.0
PR002884,2026-02-28,,Amritsar,Sugarcane,3060.0,3240.94,3150.47,
PR003521,2026-01-01,,Ambala,Cotton,5647.19,0.6898,0.6272,6620.0
PR000232,2026-04-16,MANDI-001,Hisar,Mustard,5238.43,5821.0,5529.66,
PR004060,2026-07-06,,Ferozepur,Maize,0.202,2428.3947393109615,0.2224,2090.0
PR006010,2026-06-24,MANDI-055,Jalandhar,Mustard,5203.37,6299.66,5751.52,5650.0
PR005376,2026-05-11,MANDI-034,,Rice,2225.07,0.2495,0.236,2183.0
PR011326,2026-02-16,MANDI-015,Hisar,Mustard,5253.94,6511.3,5882.62,0.565
PR003080,2026-11-04,MANDI-052,Amritsar,Cotton,6592.09,0.7611,7101.33,6620.0
PR010329,2026-07-12,MANDI-007,Bathinda,Mustard,5074.55,5628.46,5351.51,5650.0
PR011032,2026-08-04,MANDI-030,Amritsar,Cotton,6910.632835300223,7682.03,0.7296,6620.0
PR006843,2026-02-04,MANDI-037,Ambala,Wheat,1939.97,2339.8,2140.0,2275.0
PR000971,2026-02-12,MANDI-021,Bathinda,Sugarcane,3427.72,3750.25,3588.98,3500.0
PR005883,2026-04-12,MANDI-007,Moga,Rice,1892.97,2150.0,2021.26,2183.0
PR004030,2026-08-08,MANDI-008,Ludhiana,Rice,2118.55,2469.27,2293.9114188293956,2183.0
PR010487,2026-03-05,MANDI-029,Hisar,Rice,2268.76,0.2807,2537.72,2183.0
PR004129,2026-01-15,MANDI-038,Hisar,Wheat,,2391.41,2245.7957222542923,2275.0
PR002161,2026-02-17,MANDI-030,Bathinda,Mustard,0.582,6683.47,,0.565
PR008201,2026-04-09,MANDI-036,Bathinda,Sugarcane,3486.895868456026,4120.115359593268,3803.51,3500.0
PR007417,2026-05-22,MANDI-053,Patiala,Wheat,2047.37,2542.12,2294.74,
PR004055,2026-03-22,MANDI-051,Ambala,Mustard,5493.91,6574.225192881048,6034.07,5650.0
PR009293,2026-07-26,MANDI-001,,Maize,,2210.19,2076.86,2090.0
PR008431,2026-08-19,MANDI-056,,Maize,2009.48,,2132.94,2090.0
PR003724,2026-05-01,MANDI-052,Kurukshetra,Wheat,2379.73,0.257,,
PR006429,2026-06-11,MANDI-054,Fatehabad,Sugarcane,3357.63,0.3717,3537.08,
PR008772,2026-01-03,MANDI-057,Karnal,Rice,2156.50320294969,2467.42,2311.96,2183.0
PR009795,2026-03-18,MANDI-038,Karnal,Sugarcane,3354.38,3701.0,3527.65,3500.0
PR005893,2026-02-15,MANDI-031,Ferozepur,Rice,2150.08,2517.74,2333.91,2183.0
PR009490,2026-04-18,MANDI-024,Bathinda,Cotton,6894.0,7524.0,7209.113981942091,
PR006371,2026-04-09,MANDI-050,Bathinda,Cotton,6009.2,6424.0,6217.0,6620.0
PR009217,2026-04-29,MANDI-054,Patiala,Cotton,6563.0,7504.42,7033.873426177075,6620.0
PR007758,2026-07-27,MANDI-033,Jalandhar,Maize,2179.86,2361.0,2270.613984197238,0.209
PR008889,2026-08-31,MANDI-040,Ambala,Sugarcane,0.3551,4148.98,3849.99,0.35
PR010334,2026-08-31,MANDI-007,Patiala,Sugarcane,3175.44,3690.15,3433.0,0.35
PR010338,2026-08-01,MANDI-027,Moga,Maize,0.2037,2241.62,2139.43,2090.0
PR002692,2026-07-15,MANDI-047,Patiala,Mustard,0.4876,5769.934515172622,0.5323,
PR011353,2026-07-21,MANDI-041,Jalandhar,Wheat,2214.27,2550.38,2382.3271352306497,2275.0
PR003386,2026-02-04,MANDI-057,Ludhiana,Maize,2088.16,2357.54,2223.0,2090.0
PR009851,2026-08-09,MANDI-045,Ambala,Sugarcane,3184.06,3734.81,3459.43,
PR009437,2026-05-29,MANDI-036,Jalandhar,Cotton,6179.29,0.7062,6620.56,6620.0
PR008041,2026-07-22,,Moga,Maize,2086.42,2480.9479417295906,2283.68,
PR002766,2026-07-31,MANDI-057,Fatehabad,Mustard,5053.0,6050.55,5551.71,5650.0
PR001702,2026-03-06,MANDI-056,Amritsar,Wheat,1978.0,0.2302,,2275.0
PR005304,2026-08-25,MANDI-031,Amritsar,Cotton,6624.75,7946.72,7285.73,6620.0
PR010441,2026-08-31,MANDI-056,Amritsar,Mustard,5147.0,6280.94,0.5714,5650.0
PR006646,2026-02-01,MANDI-036,Ambala,Cotton,,7163.0,6689.31,6620.0
PR009526,2026-08-22,MANDI-003,Ambala,Wheat,2035.01,2158.0,2096.55,
PR010400,2026-07-31,MANDI-033,Karnal,Wheat,0.1983,2313.0,0.2148,2275.0
PR007681,2026-05-20,MANDI-032,Fatehabad,Sugarcane,2997.68,3672.0,3335.0,3500.0
PR005694,2026-03-06,,Karnal,Mustard,5540.28,6552.88,6046.58,
PR008843,2026-08-05,MANDI-018,Ludhiana,Sugarcane,3501.0,0.4095,3798.06529553856,3500.0
PR006638,2026-08-30,MANDI-024,Bathinda,Mustard,5654.9,0.6033,5843.97,5650.0
PR008258,2026-03-13,MANDI-037,Karnal,Maize,0.1971,2347.74,2159.47,2090.0
PR002479,2026-09-09,MANDI-054,,Cotton,6379.0,0.705,6714.0,0.662
PR010360,2026-01-26,MANDI-039,Jalandhar,Rice,2096.17,0.2551,2323.4,0.2183
PR001081,2026-07-19,MANDI-028,Amritsar,Maize,2189.83,2511.0,2350.52,2090.0
PR008610,2026-05-12,MANDI-001,Ferozepur,Mustard,5220.01,6250.57,5735.293118888574,5650.0
PR010014,2026-01-17,,Ferozepur,Sugarcane,3576.76,4326.0,3951.2,3500.0
PR001096,2026-02-19,MANDI-049,Fatehabad,Sugarcane,3326.0,3619.56,3472.56,0.35
PR000877,2026-05-27,MANDI-029,Karnal,Maize,2158.63,2614.64,2386.64,2090.0
PR007529,2026-08-08,MANDI-012,,Mustard,4876.95,0.5292,5084.606482259234,5650.0
PR010187,2026-07-07,,Moga,Rice,1933.33,0.224,2086.72,2183.0
PR011398,2026-06-08,MANDI-009,Ludhiana,Maize,1788.7,2046.0,1917.25,
PR000223,2026-08-17,MANDI-040,Amritsar,Mustard,0.5549,6242.78,5895.72,5650.0
PR010782,2026-02-26,MANDI-041,Amritsar,Maize,2168.18,2307.16,0.2238,2090.0
PR005078,2026-05-04,MANDI-054,,Cotton,5893.0,6841.63,0.6367,
PR003346,2026-05-15,MANDI-013,Karnal,Cotton,6391.76,0.6798,,6620.0
PR007755,2026-06-04,MANDI-038,Amritsar,Maize,1944.07,2110.82,2027.0,2090.0
PR002758,2026-01-29,MANDI-004,Fatehabad,Rice,2186.61,2485.97,2336.29,
PR004567,2026-08-30,MANDI-054,Jalandhar,Mustard,5367.72,5762.0,0.5565,5650.0
PR009801,2026-08-15,MANDI-032,,Mustard,0.5303,6257.41,5780.0,5650.0
PR002247,2026-08-14,,Moga,Wheat,2379.15,2552.51,2465.83,2275.0
PR010849,2026-04-27,MANDI-042,Hisar,Maize,1861.37,1958.04,1909.71,2090.0
PR008304,2026-06-13,MANDI-022,Fatehabad,Cotton,6635.15,8059.34,0.7347,6620.0
PR005113,2026-01-22,MANDI-001,Ludhiana,Rice,2051.58,0.2221,2136.07,
PR010634,2026-03-21,MANDI-049,Amritsar,Sugarcane,3358.48,0.3563,0.3461,
PR010666,2026-05-09,MANDI-005,Fatehabad,Rice,2174.93,2697.34,2436.14,2183.0
PR010117,2026-04-29,MANDI-036,Amritsar,Rice,0.1922,2209.6,2065.87,2183.0
PR009914,2026-08-09,MANDI-002,Sirsa,Mustard,5333.1,5741.16,,5650.0
PR006300,2026-05-18,MANDI-043,Patiala,Wheat,0.2123,2620.73,2372.07,2275.0
PR006875,2026-04-03,MANDI-056,Ferozepur,Rice,2203.76,2395.83,2299.79,
PR007363,2026-06-25,MANDI-019,Fatehabad,Maize,1908.252689354952,2281.0,0.2094,
PR010788,2026-05-07,MANDI-051,,Sugarcane,0.3296,3898.81,3597.58,0.35
PR009850,2026-01-30,MANDI-010,Moga,Rice,,2755.52,2521.1,2183.0
PR011939,2026-07-25,MANDI-010,Fatehabad,Rice,1976.89,2457.9706584918367,2217.43,0.2183
PR010592,2026-08-29,MANDI-044,Hisar,Sugarcane,3214.72,3665.64,,3500.0
PR011315,2026-04-13,MANDI-056,Amritsar,Mustard,5400.44,0.6677,6039.0,5650.0
PR000221,2026-04-15,MANDI-050,Ambala,Wheat,2039.97,2224.77,2132.37,2275.0
PR005586,2026-01-18,MANDI-025,Ludhiana,Rice,0.1928,2125.56,2026.74,2183.0
PR004468,2026-05-26,MANDI-028,Bathinda,Mustard,5188.762894609587,5861.79079845866,5525.28,5650.0
PR009607,2026-03-02,,Fatehabad,Rice,1872.06,0.2007,1939.42,2183.0
PR008782,2026-04-13,MANDI-019,Ambala,Mustard,5459.37,6096.64,5778.0,5650.0
PR000173,2026-12-08,MANDI-046,Sirsa,Mustard,5047.98,5919.49,5483.73,5650.0
PR004241,2026-06-17,MANDI-005,Sirsa,Maize,2100.57,2620.0,2360.0,2090.0
PR005383,2026-07-25,MANDI-009,Ferozepur,Maize,1879.35,2160.6804189964905,2020.01,2090.0
PR004247,2026-05-01,,,Wheat,2261.31,2628.0,2444.61,
PR007906,2026-05-25,MANDI-023,Ferozepur,Maize,1956.26,2433.62,2194.938154697901,0.209
PR002426,2026-06-08,MANDI-052,Karnal,Sugarcane,3358.0,3573.0,3465.51,3500.0
PR005405,2026-04-13,MANDI-057,Karnal,Wheat,2148.38,2440.93,,2275.0
PR007103,2026-03-17,MANDI-018,Sirsa,Mustard,5687.94,6358.0827222737535,6023.01,5650.0
PR007408,2026-07-04,,Sirsa,Sugarcane,3220.01,3905.0,3562.37,3500.0
PR003319,2026-03-20,,Sirsa,Wheat,2377.0,0.2749,2562.99,2275.0
PR002047,2026-05-12,MANDI-033,Sirsa,Cotton,6328.89,7607.0,0.6968,
PR009487,2026-08-05,MANDI-045,Ambala,Maize,2003.5,2272.23,2137.87,2090.0
PR003307,2026-04-07,MANDI-006,Sirsa,Maize,2114.93,2432.0,2273.55,2090.0
PR007498,2026-06-03,MANDI-014,,Cotton,5744.784016909934,6123.01,0.5934,6620.0
PR001748,2026-07-30,,Bathinda,Mustard,5716.77,6961.15,6338.96,
PR011028,2026-08-07,MANDI-036,Ambala,Cotton,0.6879,7229.27,0.7054,0.662
PR002134,2026-02-25,,,Wheat,1936.0,2144.45,2040.0,2275.0
PR001344,2026-04-27,MANDI-034,Sirsa,Maize,1819.0,2081.98,1950.24,0.209
PR004810,2026-06-28,MANDI-030,Hisar,Rice,2287.63,2607.9026351672946,,2183.0
PR005787,2026-12-07,MANDI-044,Ambala,Maize,2023.53,2203.19,2113.36,2090.0
PR006007,2026-03-15,MANDI-037,Hisar,Cotton,5804.0,6914.42,,6620.0
PR003743,2026-05-02,MANDI-014,Karnal,Maize,,2329.0,2235.05,2090.0
PR004265,2026-07-11,,Hisar,Mustard,5398.49,6062.0,5730.34,5650.0
PR006163,2026-01-25,MANDI-029,,Sugarcane,0.3361,4037.0,3698.96,3500.0
PR002241,2026-06-13,MANDI-038,Patiala,Wheat,2272.01,2412.77,2342.39,2275.0
PR000231,2026-02-15,MANDI-029,Jalandhar,Rice,2115.0,2484.9218373182953,2300.0,2183.0
PR003519,2026-05-15,MANDI-022,Amritsar,Wheat,2129.41,2497.1,2313.2571307272865,2275.0
PR003808,2026-03-06,,Ludhiana,Wheat,2046.61,2429.03,2237.82,
PR003434,2026-08-02,,Ludhiana,Wheat,2171.55,2442.73,2307.14,2275.0
PR011402,2026-02-01,MANDI-009,Patiala,Cotton,6495.36,6966.16,6730.76,6620.0
PR010283,2026-02-19,MANDI-056,,Cotton,6838.8,8519.0,0.7679,6620.0
PR009004,2026-03-31,MANDI-020,Karnal,Cotton,6666.92,8215.0,7440.950799836379,6620.0
PR000015,2026-07-16,MANDI-026,Hisar,Sugarcane,3546.36,4230.76,3888.56,3500.0
PR009017,2026-04-15,MANDI-010,Jalandhar,Sugarcane,3659.76,4534.88,4097.321782324898,0.35
PR010064,2026-05-13,MANDI-051,Fatehabad,Maize,0.2168,2513.07,2341.0,2090.0
PR006486,2026-07-21,,Bathinda,Sugarcane,3132.14,,,3500.0
PR011926,2026-07-19,MANDI-031,Hisar,Mustard,4840.0,0.5968,5404.0,5650.0
PR009943,2026-04-05,MANDI-052,Jalandhar,Wheat,0.1934,2352.4,0.2143,
PR008838,2026-02-15,MANDI-014,Karnal,Maize,0.1887,2299.58,0.2093,0.209
PR000363,2026-09-04,MANDI-005,Amritsar,Rice,2287.96,2752.27,0.252,2183.0
PR009835,2026-02-13,MANDI-019,,Maize,2071.76,2562.0,2317.0,2090.0
PR001279,2026-10-07,MANDI-036,Hisar,Wheat,,2611.85,2467.01,
PR000703,2026-02-15,MANDI-037,Bathinda,Wheat,2108.59,2628.88,2368.74,
PR002775,2026-04-25,MANDI-012,Kurukshetra,Maize,2019.59,2194.0437147074217,2106.81,2090.0
PR007015,2026-01-18,,Fatehabad,Cotton,0.5917,0.6726,6321.92,6620.0
PR001553,2026-02-22,MANDI-026,Karnal,Cotton,5777.0,0.7194,6485.42,0.662
PR005204,2026-06-09,MANDI-023,Kurukshetra,Rice,0.2048,2295.11,2171.33,2183.0
PR009845,2026-01-18,MANDI-002,Moga,Wheat,2316.1,2747.28,2531.69,
PR000325,2026-06-16,,Fatehabad,Mustard,0.5435,6574.59,6005.0,0.565
PR008277,2026-03-18,MANDI-043,,Rice,2089.21,2202.88,2146.04,2183.0
PR008965,2026-05-19,MANDI-024,Sirsa,Cotton,6396.58,0.7864,7130.24,6620.0
PR000752,2026-03-10,MANDI-008,Amritsar,Maize,1970.0,2154.6306185391327,2062.33,2090.0
PR003797,2026-06-10,MANDI-055,Ludhiana,Wheat,1960.53,0.2272,2116.04,2275.0
PR011599,2026-02-25,MANDI-017,Ferozepur,Wheat,1959.59,2230.56,0.2095,2275.0
PR002403,2026-07-21,MANDI-010,Amritsar,Cotton,6704.0,7910.0,7307.0,6620.0
PR000761,2026-06-19,MANDI-034,Karnal,Maize,1912.6,2332.2,2122.0,2090.0
PR002165,2026-01-27,MANDI-057,Fatehabad,Wheat,2221.49,2394.66,2308.07,2275.0
PR000138,2026-05-26,,Patiala,Wheat,1941.95,2289.0,2115.37,2275.0
PR001977,2026-08-17,MANDI-041,Karnal,Mustard,5612.384380080262,6366.0,5989.19,
PR002877,2026-03-18,MANDI-006,Jalandhar,Maize,2006.23,2161.65,2083.94,2090.0
PR010772,2026-07-24,MANDI-035,Amritsar,Cotton,6448.0,7316.61,6882.148859221341,6620.0
PR002398,2026-05-17,MANDI-047,Fatehabad,Maize,0.1854,2144.0,1998.79,
PR006344,2026-03-29,MANDI-006,Ferozepur,Maize,0.2124,0.2522,,2090.0
PR010321,2026-05-03,MANDI-055,Patiala,Rice,1959.72,2354.0,2157.0,2183.0
PR003473,2026-01-05,MANDI-012,,Mustard,5622.0,6242.0,0.5932,5650.0
PR003747,2026-07-13,MANDI-007,Amritsar,Cotton,6558.0,7111.58,6835.01,
PR001572,2026-07-30,MANDI-029,Kurukshetra,Rice,1974.42,0.2259,2116.64,0.2183
PR010263,2026-02-09,MANDI-007,Bathinda,Mustard,5858.653970972104,7250.6,6555.0,5650.0
PR001518,2026-01-26,MANDI-003,Jalandhar,Maize,2064.04,2453.0,2258.52,2090.0
PR007902,2026-05-18,MANDI-035,Karnal,Mustard,,6167.69554798326,5716.14,5650.0
PR011677,2026-01-17,,Bathinda,Cotton,6350.23,6738.24,,6620.0
PR001962,2026-06-22,MANDI-004,Moga,Maize,2028.14,2344.59,0.2186,2090.0
PR000906,2026-04-13,MANDI-023,Ambala,Cotton,0.6012,7496.0,6754.23,6620.0
PR010997,2026-06-05,MANDI-007,Hisar,Wheat,,2536.51,2289.61,2275.0
PR000751,2026-01-26,MANDI-019,Moga,Mustard,5561.59,5850.43,5706.01,
PR011058,2026-09-08,,Hisar,Sugarcane,3298.0,3635.0,3467.0,3500.0
PR001003,2026-06-26,MANDI-045,Hisar,Maize,1805.18,,1917.8,2090.0
PR005986,2026-04-05,MANDI-009,Moga,Cotton,5906.23,7370.8,6639.0,6620.0
PR003310,2026-04-20,MANDI-055,Ambala,Mustard,0.5276,6330.0,5802.9,0.565
PR004296,2026-05-11,MANDI-007,Bathinda,Rice,1902.5,0.2075,1988.59,0.2183
PR006086,2026-05-07,MANDI-026,Karnal,Cotton,5827.71,7006.8,6417.252366033952,
PR005281,2026-03-07,MANDI-041,Amritsar,Rice,2087.11,2494.66,,2183.0
PR011455,2026-05-23,MANDI-056,Ludhiana,Cotton,5655.7,6200.19,5927.945782553126,6620.0
PR009287,2026-08-04,MANDI-026,Ferozepur,Sugarcane,3279.51,3521.0558621912487,0.34,0.35
PR000197,2026-07-10,,Sirsa,Mustard,4844.49,5781.76,5313.13,
PR005205,2026-08-31,MANDI-004,Hisar,Rice,1952.9,2231.13,0.2092,2183.0
PR004455,2026-08-18,MANDI-041,Ambala,Wheat,2116.6,2433.0,2274.94,2275.0
PR000999,2026-01-24,MANDI-048,Ferozepur,Sugarcane,3220.0892311235853,3383.29,3301.6905648535494,3500.0
PR003272,2026-03-05,,Hisar,Sugarcane,3484.0,3794.36,3639.29,0.35
PR008036,2026-05-12,MANDI-053,Fatehabad,Rice,2029.609543636111,2283.4,2156.5,
PR009436,2026-08-04,MANDI-008,Hisar,Maize,0.1781,2012.0,0.1896,2090.0
PR010811,2026-07-22,MANDI-055,Moga,Sugarcane,3049.0,3790.7456993439673,3419.87,3500.0
PR004749,2026-07-12,MANDI-011,Ambala,Cotton,6234.69,7216.52,6725.61,6620.0
PR002162,2026-08-03,MANDI-031,Kurukshetra,Cotton,6546.67,0.718,6863.44,6620.0
PR008946,2026-01-10,MANDI-027,Moga,Rice,2163.17,2629.91,2396.54,2183.0
PR006974,2026-04-04,MANDI-034,Jalandhar,Rice,2230.6184803660635,0.2747,2488.92,2183.0
PR001288,2026-02-04,MANDI-027,Moga,Mustard,5084.0,6075.34,5579.56,
PR000876,2026-01-21,MANDI-022,Moga,Maize,1826.21,1937.9,1882.05,2090.0
PR011699,2026-05-24,MANDI-045,Ludhiana,Sugarcane,3071.06,3573.1329942002412,0.3322,3500.0
PR001737,2026-08-17,MANDI-048,Ludhiana,Mustard,,6312.66,5851.97,5650.0
PR010456,2026-08-22,,Ferozepur,Wheat,2024.6,0.2344,2184.38,0.2275
PR005918,2026-03-08,MANDI-040,Sirsa,Mustard,5918.412743854689,6222.0,0.607,5650.0
PR002281,2026-08-16,MANDI-027,Ludhiana,Maize,1935.0,2304.0,2119.25,2090.0
PR003579,2026-07-20,MANDI-036,Amritsar,Mustard,0.5173,0.6101,0.5637,
PR002180,2026-03-01,MANDI-003,Patiala,Maize,1959.99,0.2075,2017.0,2090.0
PR000201,2026-08-08,MANDI-018,,Cotton,6927.688032978091,,0.7514,
PR009082,2026-08-23,MANDI-025,Fatehabad,Rice,1871.72,,2028.98,2183.0
PR004271,2026-03-14,MANDI-048,Hisar,Sugarcane,0.3238,3623.18,3430.59,3500.0
PR003070,2026-05-01,MANDI-036,Hisar,Cotton,6007.29,6693.89,6350.59,
PR006894,2026-07-19,MANDI-045,Amritsar,Cotton,5786.0,7115.88,6451.1,6620.0
PR006473,2026-01-01,MANDI-033,,Rice,2237.53,0.2634,2436.0,2183.0
PR009443,2026-09-03,MANDI-002,Ludhiana,Sugarcane,3358.77,3698.09,3528.43,3500.0
PR003188,2026-07-23,MANDI-043,Sirsa,Wheat,2123.22,2279.56,2201.39,
PR006306,2026-05-10,MANDI-046,Karnal,Maize,1794.819485387538,1971.15,1882.98,2090.0
PR011504,2026-06-08,MANDI-046,Moga,Wheat,1970.0,2103.05,2036.55,2275.0
PR004583,2026-01-01,MANDI-031,Ambala,Cotton,5820.0,6907.0,6363.590957735823,6620.0
PR004866,2026-08-10,MANDI-047,,Wheat,,2419.47,2185.08,2275.0
PR004272,2026-06-01,MANDI-030,Ambala,Rice,2230.85,0.2666,2448.23,2183.0
PR002583,2026-04-07,,Kurukshetra,Sugarcane,3033.84,3643.82,0.3339,3500.0
PR006820,2026-01-25,MANDI-047,Ludhiana,Maize,2076.494878568384,2576.0,2326.4877217832945,
PR008176,2026-06-26,MANDI-011,Bathinda,Mustard,,0.6511,6083.174695800135,5650.0
PR001832,2026-02-04,MANDI-023,Ludhiana,Mustard,5704.558419191112,6579.99,6142.27,5650.0
PR011412,2026-07-09,MANDI-039,Sirsa,Mustard,4862.87,0.5635,5249.18,5650.0
PR003697,2026-05-05,MANDI-031,Ferozepur,Sugarcane,3443.4568813561123,4188.75,3816.1,3500.0
PR011612,2026-02-06,MANDI-016,,Cotton,5866.0,6338.8,6102.0,6620.0
PR011118,2026-06-09,MANDI-046,Moga,Wheat,1992.33,,0.2121,2275.0
PR007653,2026-06-02,MANDI-014,Patiala,Sugarcane,3259.7,0.3608,3434.07,3500.0
PR002100,2026-05-02,MANDI-031,Jalandhar,Sugarcane,3205.49,3530.7,3368.09465081738,
PR004593,2026-06-21,MANDI-029,,Cotton,0.6484,7774.69,7129.11,6620.0
PR010035,2026-08-26,MANDI-038,Hisar,Mustard,5379.0,6324.534044906474,5851.53,5650.0
PR002111,2026-04-25,MANDI-028,Karnal,Wheat,0.2388,0.2534,2460.91,2275.0
PR003996,2026-09-03,MANDI-034,Hisar,Sugarcane,3612.24,3795.0,3703.82,3500.0
PR002569,2026-08-08,MANDI-025,Jalandhar,Sugarcane,0.2991,0.335,3170.73,3500.0
PR007962,2026-12-05,,,Rice,0.2164,2564.103837931817,2364.141139195077,0.2183
PR011566,2026-07-17,MANDI-002,Ferozepur,Wheat,2292.65,2432.99,2362.82,
PR009434,2026-02-02,MANDI-051,Ambala,Cotton,6485.0,7908.0,7196.642329402614,6620.0
PR009887,2026-06-20,MANDI-032,Karnal,Mustard,,6735.5891847015055,6234.0,
PR006663,2026-06-06,MANDI-011,Karnal,Sugarcane,,3458.04,3371.92,3500.0
PR007903,2026-02-24,MANDI-028,Ambala,Rice,2046.342848751974,2405.25,,
PR002282,2026-07-04,MANDI-002,Amritsar,Maize,1944.62,2155.0,2049.79,2090.0
PR001613,2026-06-22,MANDI-023,,Mustard,4848.36,6043.75,0.5446,5650.0
PR009629,2026-03-19,MANDI-010,Jalandhar,Wheat,2275.17,2443.0,2359.34,2275.0
PR004390,2026-06-15,MANDI-020,Ludhiana,Cotton,5910.75,6613.6,6262.17,6620.0
PR006958,2026-01-06,MANDI-010,Karnal,Wheat,2145.446199315263,2668.36,2406.9,2275.0
PR000627,2026-05-12,MANDI-021,Bathinda,Maize,2044.75,0.2275,2159.64,2090.0
PR005659,2026-03-18,MANDI-052,Amritsar,Cotton,6657.88,7040.0,6849.0,6620.0
PR010315,2026-03-06,MANDI-043,Moga,Mustard,5257.58,5886.0,0.5572,5650.0
PR005867,2026-04-14,MANDI-041,Karnal,Sugarcane,2985.74,3247.4,3117.0,3500.0
PR002625,2026-01-14,MANDI-025,Jalandhar,Sugarcane,3587.6508194454123,,0.3929,
PR009930,2026-08-16,MANDI-018,Bathinda,Sugarcane,,3858.7,3753.0,3500.0
PR006187,2026-05-02,MANDI-053,Bathinda,Wheat,2010.63,2169.1416547313806,2090.0,0.2275
PR000802,2026-01-31,,Ambala,Wheat,,2310.28,0.2143,0.2275
PR005464,2026-04-18,MANDI-009,Patiala,Wheat,0.1994,2458.92,2226.61,2275.0
PR001878,2026-08-01,MANDI-023,Ferozepur,Sugarcane,0.3078,3687.89,3383.0,
PR007131,2026-04-02,MANDI-014,Jalandhar,Maize,0.1935,,2091.71,0.209
PR006520,2026-01-26,MANDI-028,Moga,Mustard,5365.01,5671.22,5518.111724822183,5650.0
PR004235,2026-04-18,MANDI-021,,Maize,2153.1,2416.0,2285.0,2090.0
PR005234,2026-04-26,MANDI-030,Kurukshetra,Rice,2006.72,2410.94,,
PR001030,2026-05-09,MANDI-049,,Sugarcane,0.3516,3945.41,3730.670720243421,3500.0
PR005341,2026-02-02,MANDI-024,Moga,Cotton,0.6225,0.7652,6938.61,
PR003554,2026-06-05,MANDI-006,Sirsa,Cotton,5707.0,6055.42,0.5881,0.662
PR009882,2026-04-26,MANDI-057,Ambala,Sugarcane,3442.0,3918.1315647179345,3680.0,3500.0
PR009940,2026-04-01,MANDI-040,Amritsar,Cotton,5742.31,6719.41,,6620.0
PR007894,2026-06-13,MANDI-042,Karnal,Mustard,4832.53,,,
PR001210,2026-06-15,MANDI-049,Ludhiana,Wheat,0.218,2428.0,0.2304,2275.0
PR008142,2026-02-07,MANDI-054,Amritsar,Sugarcane,3429.0,4010.0,3719.85,
PR005384,2026-06-27,MANDI-031,Bathinda,Wheat,2381.35,2917.78,0.265,2275.0
PR003001,2026-05-25,MANDI-020,Jalandhar,Sugarcane,3014.16,0.349,3252.06,3500.0
PR010625,2026-04-25,,Fatehabad,Cotton,6871.0,7630.62,7251.0,6620.0
PR002823,2026-01-13,MANDI-048,Fatehabad,Cotton,0.6312,7367.36,6840.0,6620.0
PR003851,2026-02-26,,,Mustard,0.5887,6533.0,6209.835991024867,0.565
PR004289,2026-06-22,MANDI-029,Kurukshetra,Rice,1949.34,2202.37,2075.85,2183.0
PR000887,2026-01-04,,Ludhiana,Wheat,0.2046,0.221,2128.13,2275.0
PR000238,2026-08-09,MANDI-013,Ludhiana,Rice,0.1911,2314.0,0.2113,2183.0
PR001784,2026-06-16,MANDI-001,Patiala,Rice,2262.24,2414.42,0.2338,2183.0
PR004647,2026-06-21,MANDI-038,Karnal,Cotton,5753.29,7143.36,6448.33,6620.0
PR001769,2026-09-08,MANDI-037,Ambala,Rice,2222.195344817821,2602.01,0.2412,2183.0
PR000702,2026-04-11,,Hisar,Rice,0.1891,2135.0,2013.05,2183.0
PR006308,2026-07-31,MANDI-025,,Mustard,5210.47,6427.49,5818.981669039014,5650.0
PR003404,2026-01-01,MANDI-025,Ambala,Rice,2181.78,2649.0,2415.5947738451696,2183.0
PR010737,2026-03-27,MANDI-021,Ambala,Cotton,5768.39,7071.0,6419.9,0.662
PR006898,2026-03-11,MANDI-030,Amritsar,Maize,2097.1092009264485,2373.36,2235.23,2090.0
PR010521,2026-06-21,MANDI-035,Ludhiana,Cotton,5673.79,6274.37,5974.080768471116,6620.0
PR007595,2026-02-15,MANDI-040,Ferozepur,Rice,,2340.0,2115.0,
PR005007,2026-04-23,MANDI-053,Bathinda,Sugarcane,3668.85,4023.63,3846.2401066512393,3500.0
PR007301,2026-03-21,MANDI-032,Ludhiana,Rice,2281.0,,2399.43,0.2183
PR007796,2026-12-08,MANDI-004,Karnal,Rice,1999.21,2312.69,2155.95,2183.0
PR009655,2026-08-04,MANDI-014,Patiala,Mustard,5632.583396245737,6347.25,5989.91680396172,5650.0
PR003842,2026-07-25,,Jalandhar,Maize,1794.49,0.2039,1917.0,2090.0
PR011213,2026-05-25,MANDI-030,Fatehabad,Mustard,4843.0,5400.98,5122.0,5650.0
